Downloading Villiers RSS...
Saved 98 flights.
Output: /root/onyx/data/flights.json
python: can't open file '/root/onyx/telegram/vtelegram.py': [Errno 2] No such file or directory
[main c09e4bc] Auto-update flights data from server
 2 files changed, 103 insertions(+), 99 deletions(-)
 create mode 100644 cron.log
remote: This repository moved. Please use the new location:        
remote:   https://github.com/Yedidiwah/onyx.git        
To https://github.com/yedidiwah/onyx.git
   4f34b55..c09e4bc  main -> main
==================================================
ONYX Radar Full Update
==================================================
[1/4] Downloading current Villiers flights...
טוען את מאגר שדות התעופה...
נטענו 28291 שדות תעופה.

מוריד את נתוני ה-RSS...
הפיד זוהה כפיד Empty Legs.
נמצאו 98 פריטים בפיד.

טיסה ראשונה לדוגמה:
מוצא: KACY / ACY - Atlantic City International Airport
יעד: KTEB / TEB - Teterboro Airport
תאריך מקורי: 05 August 2026
תאריך ISO: 2026-08-05
שעת יציאה: 12:00
מחיר: $8,600
מחיר מנורמל: 8600 USD
מטוס: Cessna Citation X
מושבים: 12
סטטוס שינוי: unchanged

שם הפיד: Villiers Empty Legs - Affiliate ADHUHR
טיסות פעילות בפיד: 98
כל הטיסות שנשמרו בהיסטוריה: 98
שינויים בהרצה הנוכחית: 0

פירוט שינויים:
  חדשות: 0
  עודכנו: 0
  חזרו לפיד: 0
  ללא שינוי: 98
  נעלמו מהפיד: 0

קבצים שנוצרו:
  טיסות פעילות: /root/onyx/exports/villiers_empty_legs_current_2026-08-05_22-47-01.csv
  כל ההיסטוריה: /root/onyx/exports/villiers_empty_legs_all_2026-08-05_22-47-01.csv
  שינויים בלבד: /root/onyx/exports/villiers_empty_legs_changes_2026-08-05_22-47-01.csv
  קובץ מצב: /root/onyx/data/villiers_state.json
[2/4] Creating website flights.json...
No local CSV was found. Falling back to RSS.
Downloading Villiers RSS...
Saved 98 flights.
Output: /root/onyx/data/flights.json
[3/4] Creating global airports.json...
Loading global airport database...
Prepared 28291 airports in 234 countries.
Airport catalogue saved to: /root/onyx/data/airports.json
[4/4] Sending current flights to Telegram...
Connected to Telegram bot: @OnyxAirRadar_bot (bot ID: 8816902667)
Reading flights from: /root/onyx/exports/villiers_empty_legs_current_2026-08-05_22-47-01.csv
Loaded 98 active Empty Leg flights.
Processing 2 users.
Sent 1 of 1 flights in 1 messages to yedidya (1049883799)
Sent 98 of 98 flights in 15 messages to Yedidya (7445310755)

Telegram processing complete.
Users who received flights: 2
Users with delivery errors: 0
Total flight entries delivered: 99
==================================================
ONYX Radar update completed successfully.
==================================================
[main 48604e6] Auto-update flights data and telegram alerts from server
 8 files changed, 1353 insertions(+), 395 deletions(-)
 create mode 100644 exports/villiers_empty_legs_all_2026-08-05_22-47-01.csv
 create mode 100644 exports/villiers_empty_legs_changes_2026-08-05_22-47-01.csv
 create mode 100644 exports/villiers_empty_legs_current_2026-08-05_22-47-01.csv
 create mode 100644 vlisten.py
remote: This repository moved. Please use the new location:        
remote:   https://github.com/Yedidiwah/onyx.git        
To https://github.com/yedidiwah/onyx.git
   bd27d84..48604e6  main -> main
==================================================
ONYX Radar Full Update
==================================================
[1/4] Downloading current Villiers flights...
טוען את מאגר שדות התעופה...
נטענו 28291 שדות תעופה.

מוריד את נתוני ה-RSS...
הפיד זוהה כפיד Empty Legs.
נמצאו 98 פריטים בפיד.

טיסה ראשונה לדוגמה:
מוצא: KACY / ACY - Atlantic City International Airport
יעד: KTEB / TEB - Teterboro Airport
תאריך מקורי: 05 August 2026
תאריך ISO: 2026-08-05
שעת יציאה: 12:00
מחיר: $8,600
מחיר מנורמל: 8600 USD
מטוס: Cessna Citation X
מושבים: 12
סטטוס שינוי: unchanged

שם הפיד: Villiers Empty Legs - Affiliate ADHUHR
טיסות פעילות בפיד: 98
כל הטיסות שנשמרו בהיסטוריה: 98
שינויים בהרצה הנוכחית: 0

פירוט שינויים:
  חדשות: 0
  עודכנו: 0
  חזרו לפיד: 0
  ללא שינוי: 98
  נעלמו מהפיד: 0

קבצים שנוצרו:
  טיסות פעילות: /root/onyx/exports/villiers_empty_legs_current_2026-08-05_23-17-02.csv
  כל ההיסטוריה: /root/onyx/exports/villiers_empty_legs_all_2026-08-05_23-17-02.csv
  שינויים בלבד: /root/onyx/exports/villiers_empty_legs_changes_2026-08-05_23-17-02.csv
  קובץ מצב: /root/onyx/data/villiers_state.json
[2/4] Creating website flights.json...
No local CSV was found. Falling back to RSS.
Downloading Villiers RSS...
Saved 98 flights.
Output: /root/onyx/data/flights.json
[3/4] Creating global airports.json...
Loading global airport database...
Prepared 28291 airports in 234 countries.
Airport catalogue saved to: /root/onyx/data/airports.json
[4/4] Sending current flights to Telegram...
Connected to Telegram bot: @OnyxAirRadar_bot (bot ID: 8816902667)
Reading flights from: /root/onyx/exports/villiers_empty_legs_current_2026-08-05_23-17-02.csv
Loaded 98 active Empty Leg flights.
Processing 2 users.
Sent 1 of 1 flights in 1 messages to yedidya (1049883799)
Sent 98 of 98 flights in 15 messages to Yedidya (7445310755)

Telegram processing complete.
Users who received flights: 2
Users with delivery errors: 0
Total flight entries delivered: 99
==================================================
ONYX Radar update completed successfully.
==================================================
[main 52b918b] Auto-update flights data and telegram alerts from server
 7 files changed, 560 insertions(+), 297 deletions(-)
 create mode 100644 exports/villiers_empty_legs_all_2026-08-05_23-17-02.csv
 create mode 100644 exports/villiers_empty_legs_changes_2026-08-05_23-17-02.csv
 create mode 100644 exports/villiers_empty_legs_current_2026-08-05_23-17-02.csv
remote: This repository moved. Please use the new location:        
remote:   https://github.com/Yedidiwah/onyx.git        
To https://github.com/yedidiwah/onyx.git
   f8dd409..52b918b  main -> main
==================================================
ONYX Radar Full Update
==================================================
[1/4] Downloading current Villiers flights...
טוען את מאגר שדות התעופה...
נטענו 28291 שדות תעופה.

מוריד את נתוני ה-RSS...
הפיד זוהה כפיד Empty Legs.
נמצאו 98 פריטים בפיד.

טיסה ראשונה לדוגמה:
מוצא: KACY / ACY - Atlantic City International Airport
יעד: KTEB / TEB - Teterboro Airport
תאריך מקורי: 05 August 2026
תאריך ISO: 2026-08-05
שעת יציאה: 12:00
מחיר: $8,600
מחיר מנורמל: 8600 USD
מטוס: Cessna Citation X
מושבים: 12
סטטוס שינוי: unchanged

שם הפיד: Villiers Empty Legs - Affiliate ADHUHR
טיסות פעילות בפיד: 98
כל הטיסות שנשמרו בהיסטוריה: 98
שינויים בהרצה הנוכחית: 0

פירוט שינויים:
  חדשות: 0
  עודכנו: 0
  חזרו לפיד: 0
  ללא שינוי: 98
  נעלמו מהפיד: 0

קבצים שנוצרו:
  טיסות פעילות: /root/onyx/exports/villiers_empty_legs_current_2026-08-05_23-47-01.csv
  כל ההיסטוריה: /root/onyx/exports/villiers_empty_legs_all_2026-08-05_23-47-01.csv
  שינויים בלבד: /root/onyx/exports/villiers_empty_legs_changes_2026-08-05_23-47-01.csv
  קובץ מצב: /root/onyx/data/villiers_state.json
[2/4] Creating website flights.json...
No local CSV was found. Falling back to RSS.
Downloading Villiers RSS...
Saved 98 flights.
Output: /root/onyx/data/flights.json
[3/4] Creating global airports.json...
Loading global airport database...
Prepared 28291 airports in 234 countries.
Airport catalogue saved to: /root/onyx/data/airports.json
[4/4] Sending current flights to Telegram...
Connected to Telegram bot: @OnyxAirRadar_bot (bot ID: 8816902667)
Reading flights from: /root/onyx/exports/villiers_empty_legs_current_2026-08-05_23-47-01.csv
Loaded 98 active Empty Leg flights.
Processing 2 users.
Sent 1 of 1 flights in 1 messages to yedidya (1049883799)
Sent 98 of 98 flights in 15 messages to Yedidya (7445310755)

Telegram processing complete.
Users who received flights: 2
Users with delivery errors: 0
Total flight entries delivered: 99
==================================================
ONYX Radar update completed successfully.
==================================================
[main 3b34c9e] Auto-update flights data and telegram alerts from server
 7 files changed, 569 insertions(+), 297 deletions(-)
 create mode 100644 exports/villiers_empty_legs_all_2026-08-05_23-47-01.csv
 create mode 100644 exports/villiers_empty_legs_changes_2026-08-05_23-47-01.csv
 create mode 100644 exports/villiers_empty_legs_current_2026-08-05_23-47-01.csv
remote: This repository moved. Please use the new location:        
remote:   https://github.com/Yedidiwah/onyx.git        
To https://github.com/yedidiwah/onyx.git
   52b918b..3b34c9e  main -> main
==================================================
ONYX Radar Full Update
==================================================
[1/4] Downloading current Villiers flights...
טוען את מאגר שדות התעופה...
נטענו 28291 שדות תעופה.

מוריד את נתוני ה-RSS...
הפיד זוהה כפיד Empty Legs.
נמצאו 69 פריטים בפיד.

טיסה ראשונה לדוגמה:
מוצא: KIWS / IWS - West Houston Airport
יעד: KSBM / SBM - Sheboygan County Memorial International Airport
תאריך מקורי: 06 August 2026
תאריך ISO: 2026-08-06
שעת יציאה: 12:00
מחיר: $8,385
מחיר מנורמל: 8385 USD
מטוס: Pilatus PC 12 NG
מושבים: 7
סטטוס שינוי: unchanged

שם הפיד: Villiers Empty Legs - Affiliate ADHUHR
טיסות פעילות בפיד: 69
כל הטיסות שנשמרו בהיסטוריה: 98
שינויים בהרצה הנוכחית: 29

פירוט שינויים:
  חדשות: 0
  עודכנו: 0
  חזרו לפיד: 0
  ללא שינוי: 69
  נעלמו מהפיד: 29

קבצים שנוצרו:
  טיסות פעילות: /root/onyx/exports/villiers_empty_legs_current_2026-08-06_00-17-01.csv
  כל ההיסטוריה: /root/onyx/exports/villiers_empty_legs_all_2026-08-06_00-17-01.csv
  שינויים בלבד: /root/onyx/exports/villiers_empty_legs_changes_2026-08-06_00-17-01.csv
  קובץ מצב: /root/onyx/data/villiers_state.json
[2/4] Creating website flights.json...
No local CSV was found. Falling back to RSS.
Downloading Villiers RSS...
Saved 69 flights.
Output: /root/onyx/data/flights.json
[3/4] Creating global airports.json...
Loading global airport database...
Prepared 28291 airports in 234 countries.
Airport catalogue saved to: /root/onyx/data/airports.json
[4/4] Sending current flights to Telegram...
Connected to Telegram bot: @OnyxAirRadar_bot (bot ID: 8816902667)
Reading flights from: /root/onyx/exports/villiers_empty_legs_current_2026-08-06_00-17-01.csv
Loaded 69 active Empty Leg flights.
Processing 2 users.
Sent 1 of 1 flights in 1 messages to yedidya (1049883799)
Sent 69 of 69 flights in 10 messages to Yedidya (7445310755)

Telegram processing complete.
Users who received flights: 2
Users with delivery errors: 0
Total flight entries delivered: 70
==================================================
ONYX Radar update completed successfully.
==================================================
[main fed773c] Auto-update flights data and telegram alerts from server
 7 files changed, 3142 insertions(+), 3856 deletions(-)
 create mode 100644 exports/villiers_empty_legs_all_2026-08-06_00-17-01.csv
 create mode 100644 exports/villiers_empty_legs_changes_2026-08-06_00-17-01.csv
 create mode 100644 exports/villiers_empty_legs_current_2026-08-06_00-17-01.csv
remote: This repository moved. Please use the new location:        
remote:   https://github.com/Yedidiwah/onyx.git        
To https://github.com/yedidiwah/onyx.git
   3b34c9e..fed773c  main -> main
==================================================
ONYX Radar Full Update
==================================================
[1/4] Downloading current Villiers flights...
טוען את מאגר שדות התעופה...
נטענו 28291 שדות תעופה.

מוריד את נתוני ה-RSS...
הפיד זוהה כפיד Empty Legs.
נמצאו 69 פריטים בפיד.

טיסה ראשונה לדוגמה:
מוצא: KIWS / IWS - West Houston Airport
יעד: KSBM / SBM - Sheboygan County Memorial International Airport
תאריך מקורי: 06 August 2026
תאריך ISO: 2026-08-06
שעת יציאה: 12:00
מחיר: $8,385
מחיר מנורמל: 8385 USD
מטוס: Pilatus PC 12 NG
מושבים: 7
סטטוס שינוי: unchanged

שם הפיד: Villiers Empty Legs - Affiliate ADHUHR
טיסות פעילות בפיד: 69
כל הטיסות שנשמרו בהיסטוריה: 98
שינויים בהרצה הנוכחית: 0

פירוט שינויים:
  חדשות: 0
  עודכנו: 0
  חזרו לפיד: 0
  ללא שינוי: 69
  נעלמו מהפיד: 0

קבצים שנוצרו:
  טיסות פעילות: /root/onyx/exports/villiers_empty_legs_current_2026-08-06_00-47-01.csv
  כל ההיסטוריה: /root/onyx/exports/villiers_empty_legs_all_2026-08-06_00-47-01.csv
  שינויים בלבד: /root/onyx/exports/villiers_empty_legs_changes_2026-08-06_00-47-01.csv
  קובץ מצב: /root/onyx/data/villiers_state.json
[2/4] Creating website flights.json...
No local CSV was found. Falling back to RSS.
Downloading Villiers RSS...
Saved 69 flights.
Output: /root/onyx/data/flights.json
[3/4] Creating global airports.json...
Loading global airport database...
Prepared 28291 airports in 234 countries.
Airport catalogue saved to: /root/onyx/data/airports.json
[4/4] Sending current flights to Telegram...
Connected to Telegram bot: @OnyxAirRadar_bot (bot ID: 8816902667)
Reading flights from: /root/onyx/exports/villiers_empty_legs_current_2026-08-06_00-47-01.csv
Loaded 69 active Empty Leg flights.
Processing 2 users.
Sent 1 of 1 flights in 1 messages to yedidya (1049883799)
Sent 69 of 69 flights in 10 messages to Yedidya (7445310755)

Telegram processing complete.
Users who received flights: 2
Users with delivery errors: 0
Total flight entries delivered: 70
==================================================
ONYX Radar update completed successfully.
==================================================
[main fa86f84] Auto-update flights data and telegram alerts from server
 7 files changed, 482 insertions(+), 239 deletions(-)
 create mode 100644 exports/villiers_empty_legs_all_2026-08-06_00-47-01.csv
 create mode 100644 exports/villiers_empty_legs_changes_2026-08-06_00-47-01.csv
 create mode 100644 exports/villiers_empty_legs_current_2026-08-06_00-47-01.csv
remote: This repository moved. Please use the new location:        
remote:   https://github.com/Yedidiwah/onyx.git        
To https://github.com/yedidiwah/onyx.git
   fed773c..fa86f84  main -> main
==================================================
ONYX Radar Full Update
==================================================
[1/4] Downloading current Villiers flights...
טוען את מאגר שדות התעופה...
נטענו 28291 שדות תעופה.

מוריד את נתוני ה-RSS...
הפיד זוהה כפיד Empty Legs.
נמצאו 69 פריטים בפיד.

טיסה ראשונה לדוגמה:
מוצא: KIWS / IWS - West Houston Airport
יעד: KSBM / SBM - Sheboygan County Memorial International Airport
תאריך מקורי: 06 August 2026
תאריך ISO: 2026-08-06
שעת יציאה: 12:00
מחיר: $8,385
מחיר מנורמל: 8385 USD
מטוס: Pilatus PC 12 NG
מושבים: 7
סטטוס שינוי: unchanged

שם הפיד: Villiers Empty Legs - Affiliate ADHUHR
טיסות פעילות בפיד: 69
כל הטיסות שנשמרו בהיסטוריה: 98
שינויים בהרצה הנוכחית: 0

פירוט שינויים:
  חדשות: 0
  עודכנו: 0
  חזרו לפיד: 0
  ללא שינוי: 69
  נעלמו מהפיד: 0

קבצים שנוצרו:
  טיסות פעילות: /root/onyx/exports/villiers_empty_legs_current_2026-08-06_01-17-01.csv
  כל ההיסטוריה: /root/onyx/exports/villiers_empty_legs_all_2026-08-06_01-17-01.csv
  שינויים בלבד: /root/onyx/exports/villiers_empty_legs_changes_2026-08-06_01-17-01.csv
  קובץ מצב: /root/onyx/data/villiers_state.json
[2/4] Creating website flights.json...
No local CSV was found. Falling back to RSS.
Downloading Villiers RSS...
Saved 69 flights.
Output: /root/onyx/data/flights.json
[3/4] Creating global airports.json...
Loading global airport database...
Prepared 28291 airports in 234 countries.
Airport catalogue saved to: /root/onyx/data/airports.json
[4/4] Sending current flights to Telegram...
Connected to Telegram bot: @OnyxAirRadar_bot (bot ID: 8816902667)
Reading flights from: /root/onyx/exports/villiers_empty_legs_current_2026-08-06_01-17-01.csv
Loaded 69 active Empty Leg flights.
Processing 2 users.
Sent 1 of 1 flights in 1 messages to yedidya (1049883799)
Sent 69 of 69 flights in 10 messages to Yedidya (7445310755)

Telegram processing complete.
Users who received flights: 2
Users with delivery errors: 0
Total flight entries delivered: 70
==================================================
ONYX Radar update completed successfully.
==================================================
[main 54a0c12] Auto-update flights data and telegram alerts from server
 7 files changed, 453 insertions(+), 210 deletions(-)
 create mode 100644 exports/villiers_empty_legs_all_2026-08-06_01-17-01.csv
 create mode 100644 exports/villiers_empty_legs_changes_2026-08-06_01-17-01.csv
 create mode 100644 exports/villiers_empty_legs_current_2026-08-06_01-17-01.csv
remote: This repository moved. Please use the new location:        
remote:   https://github.com/Yedidiwah/onyx.git        
To https://github.com/yedidiwah/onyx.git
   fa86f84..54a0c12  main -> main
==================================================
ONYX Radar Full Update
==================================================
[1/4] Downloading current Villiers flights...
טוען את מאגר שדות התעופה...
נטענו 28291 שדות תעופה.

מוריד את נתוני ה-RSS...
הפיד זוהה כפיד Empty Legs.
נמצאו 69 פריטים בפיד.

טיסה ראשונה לדוגמה:
מוצא: KIWS / IWS - West Houston Airport
יעד: KSBM / SBM - Sheboygan County Memorial International Airport
תאריך מקורי: 06 August 2026
תאריך ISO: 2026-08-06
שעת יציאה: 12:00
מחיר: $8,385
מחיר מנורמל: 8385 USD
מטוס: Pilatus PC 12 NG
מושבים: 7
סטטוס שינוי: unchanged

שם הפיד: Villiers Empty Legs - Affiliate ADHUHR
טיסות פעילות בפיד: 69
כל הטיסות שנשמרו בהיסטוריה: 98
שינויים בהרצה הנוכחית: 0

פירוט שינויים:
  חדשות: 0
  עודכנו: 0
  חזרו לפיד: 0
  ללא שינוי: 69
  נעלמו מהפיד: 0

קבצים שנוצרו:
  טיסות פעילות: /root/onyx/exports/villiers_empty_legs_current_2026-08-06_01-47-01.csv
  כל ההיסטוריה: /root/onyx/exports/villiers_empty_legs_all_2026-08-06_01-47-01.csv
  שינויים בלבד: /root/onyx/exports/villiers_empty_legs_changes_2026-08-06_01-47-01.csv
  קובץ מצב: /root/onyx/data/villiers_state.json
[2/4] Creating website flights.json...
No local CSV was found. Falling back to RSS.
Downloading Villiers RSS...
Saved 69 flights.
Output: /root/onyx/data/flights.json
[3/4] Creating global airports.json...
Loading global airport database...
Prepared 28291 airports in 234 countries.
Airport catalogue saved to: /root/onyx/data/airports.json
[4/4] Sending current flights to Telegram...
Connected to Telegram bot: @OnyxAirRadar_bot (bot ID: 8816902667)
Reading flights from: /root/onyx/exports/villiers_empty_legs_current_2026-08-06_01-47-01.csv
Loaded 69 active Empty Leg flights.
Processing 2 users.
Sent 1 of 1 flights in 1 messages to yedidya (1049883799)
Sent 69 of 69 flights in 10 messages to Yedidya (7445310755)

Telegram processing complete.
Users who received flights: 2
Users with delivery errors: 0
Total flight entries delivered: 70
==================================================
ONYX Radar update completed successfully.
==================================================
[main 51e49bf] Auto-update flights data and telegram alerts from server
 7 files changed, 453 insertions(+), 210 deletions(-)
 create mode 100644 exports/villiers_empty_legs_all_2026-08-06_01-47-01.csv
 create mode 100644 exports/villiers_empty_legs_changes_2026-08-06_01-47-01.csv
 create mode 100644 exports/villiers_empty_legs_current_2026-08-06_01-47-01.csv
remote: This repository moved. Please use the new location:        
remote:   https://github.com/Yedidiwah/onyx.git        
To https://github.com/yedidiwah/onyx.git
   54a0c12..51e49bf  main -> main
==================================================
ONYX Radar Full Update
==================================================
[1/4] Downloading current Villiers flights...
טוען את מאגר שדות התעופה...
נטענו 28291 שדות תעופה.

מוריד את נתוני ה-RSS...
הפיד זוהה כפיד Empty Legs.
נמצאו 69 פריטים בפיד.

טיסה ראשונה לדוגמה:
מוצא: KIWS / IWS - West Houston Airport
יעד: KSBM / SBM - Sheboygan County Memorial International Airport
תאריך מקורי: 06 August 2026
תאריך ISO: 2026-08-06
שעת יציאה: 12:00
מחיר: $8,385
מחיר מנורמל: 8385 USD
מטוס: Pilatus PC 12 NG
מושבים: 7
סטטוס שינוי: unchanged

שם הפיד: Villiers Empty Legs - Affiliate ADHUHR
טיסות פעילות בפיד: 69
כל הטיסות שנשמרו בהיסטוריה: 98
שינויים בהרצה הנוכחית: 0

פירוט שינויים:
  חדשות: 0
  עודכנו: 0
  חזרו לפיד: 0
  ללא שינוי: 69
  נעלמו מהפיד: 0

קבצים שנוצרו:
  טיסות פעילות: /root/onyx/exports/villiers_empty_legs_current_2026-08-06_02-17-01.csv
  כל ההיסטוריה: /root/onyx/exports/villiers_empty_legs_all_2026-08-06_02-17-01.csv
  שינויים בלבד: /root/onyx/exports/villiers_empty_legs_changes_2026-08-06_02-17-01.csv
  קובץ מצב: /root/onyx/data/villiers_state.json
[2/4] Creating website flights.json...
No local CSV was found. Falling back to RSS.
Downloading Villiers RSS...
Saved 69 flights.
Output: /root/onyx/data/flights.json
[3/4] Creating global airports.json...
Loading global airport database...
Prepared 28291 airports in 234 countries.
Airport catalogue saved to: /root/onyx/data/airports.json
[4/4] Sending current flights to Telegram...
Connected to Telegram bot: @OnyxAirRadar_bot (bot ID: 8816902667)
Reading flights from: /root/onyx/exports/villiers_empty_legs_current_2026-08-06_02-17-01.csv
Loaded 69 active Empty Leg flights.
Processing 2 users.
Sent 1 of 1 flights in 1 messages to yedidya (1049883799)
Sent 69 of 69 flights in 10 messages to Yedidya (7445310755)

Telegram processing complete.
Users who received flights: 2
Users with delivery errors: 0
Total flight entries delivered: 70
==================================================
ONYX Radar update completed successfully.
==================================================
[main 8fbe225] Auto-update flights data and telegram alerts from server
 7 files changed, 453 insertions(+), 210 deletions(-)
 create mode 100644 exports/villiers_empty_legs_all_2026-08-06_02-17-01.csv
 create mode 100644 exports/villiers_empty_legs_changes_2026-08-06_02-17-01.csv
 create mode 100644 exports/villiers_empty_legs_current_2026-08-06_02-17-01.csv
remote: This repository moved. Please use the new location:        
remote:   https://github.com/Yedidiwah/onyx.git        
To https://github.com/yedidiwah/onyx.git
   51e49bf..8fbe225  main -> main
==================================================
ONYX Radar Full Update
==================================================
[1/4] Downloading current Villiers flights...
טוען את מאגר שדות התעופה...
נטענו 28291 שדות תעופה.

מוריד את נתוני ה-RSS...
הפיד זוהה כפיד Empty Legs.
נמצאו 69 פריטים בפיד.

טיסה ראשונה לדוגמה:
מוצא: KIWS / IWS - West Houston Airport
יעד: KSBM / SBM - Sheboygan County Memorial International Airport
תאריך מקורי: 06 August 2026
תאריך ISO: 2026-08-06
שעת יציאה: 12:00
מחיר: $8,385
מחיר מנורמל: 8385 USD
מטוס: Pilatus PC 12 NG
מושבים: 7
סטטוס שינוי: unchanged

שם הפיד: Villiers Empty Legs - Affiliate ADHUHR
טיסות פעילות בפיד: 69
כל הטיסות שנשמרו בהיסטוריה: 98
שינויים בהרצה הנוכחית: 0

פירוט שינויים:
  חדשות: 0
  עודכנו: 0
  חזרו לפיד: 0
  ללא שינוי: 69
  נעלמו מהפיד: 0

קבצים שנוצרו:
  טיסות פעילות: /root/onyx/exports/villiers_empty_legs_current_2026-08-06_02-47-01.csv
  כל ההיסטוריה: /root/onyx/exports/villiers_empty_legs_all_2026-08-06_02-47-01.csv
  שינויים בלבד: /root/onyx/exports/villiers_empty_legs_changes_2026-08-06_02-47-01.csv
  קובץ מצב: /root/onyx/data/villiers_state.json
[2/4] Creating website flights.json...
No local CSV was found. Falling back to RSS.
Downloading Villiers RSS...
Saved 69 flights.
Output: /root/onyx/data/flights.json
[3/4] Creating global airports.json...
Loading global airport database...
Prepared 28291 airports in 234 countries.
Airport catalogue saved to: /root/onyx/data/airports.json
[4/4] Sending current flights to Telegram...
Connected to Telegram bot: @OnyxAirRadar_bot (bot ID: 8816902667)
Reading flights from: /root/onyx/exports/villiers_empty_legs_current_2026-08-06_02-47-01.csv
Loaded 69 active Empty Leg flights.
Processing 2 users.
Sent 1 of 1 flights in 1 messages to yedidya (1049883799)
Sent 69 of 69 flights in 10 messages to Yedidya (7445310755)

Telegram processing complete.
Users who received flights: 2
Users with delivery errors: 0
Total flight entries delivered: 70
==================================================
ONYX Radar update completed successfully.
==================================================
[main d61cf92] Auto-update flights data and telegram alerts from server
 7 files changed, 453 insertions(+), 210 deletions(-)
 create mode 100644 exports/villiers_empty_legs_all_2026-08-06_02-47-01.csv
 create mode 100644 exports/villiers_empty_legs_changes_2026-08-06_02-47-01.csv
 create mode 100644 exports/villiers_empty_legs_current_2026-08-06_02-47-01.csv
remote: This repository moved. Please use the new location:        
remote:   https://github.com/Yedidiwah/onyx.git        
To https://github.com/yedidiwah/onyx.git
   8fbe225..d61cf92  main -> main
==================================================
ONYX Radar Full Update
==================================================
[1/4] Downloading current Villiers flights...
טוען את מאגר שדות התעופה...
נטענו 28291 שדות תעופה.

מוריד את נתוני ה-RSS...
הפיד זוהה כפיד Empty Legs.
נמצאו 69 פריטים בפיד.

טיסה ראשונה לדוגמה:
מוצא: KIWS / IWS - West Houston Airport
יעד: KSBM / SBM - Sheboygan County Memorial International Airport
תאריך מקורי: 06 August 2026
תאריך ISO: 2026-08-06
שעת יציאה: 12:00
מחיר: $8,385
מחיר מנורמל: 8385 USD
מטוס: Pilatus PC 12 NG
מושבים: 7
סטטוס שינוי: unchanged

שם הפיד: Villiers Empty Legs - Affiliate ADHUHR
טיסות פעילות בפיד: 69
כל הטיסות שנשמרו בהיסטוריה: 98
שינויים בהרצה הנוכחית: 0

פירוט שינויים:
  חדשות: 0
  עודכנו: 0
  חזרו לפיד: 0
  ללא שינוי: 69
  נעלמו מהפיד: 0

קבצים שנוצרו:
  טיסות פעילות: /root/onyx/exports/villiers_empty_legs_current_2026-08-06_03-17-01.csv
  כל ההיסטוריה: /root/onyx/exports/villiers_empty_legs_all_2026-08-06_03-17-01.csv
  שינויים בלבד: /root/onyx/exports/villiers_empty_legs_changes_2026-08-06_03-17-01.csv
  קובץ מצב: /root/onyx/data/villiers_state.json
[2/4] Creating website flights.json...
No local CSV was found. Falling back to RSS.
Downloading Villiers RSS...
Saved 69 flights.
Output: /root/onyx/data/flights.json
[3/4] Creating global airports.json...
Loading global airport database...
Prepared 28291 airports in 234 countries.
Airport catalogue saved to: /root/onyx/data/airports.json
[4/4] Sending current flights to Telegram...
Connected to Telegram bot: @OnyxAirRadar_bot (bot ID: 8816902667)
Reading flights from: /root/onyx/exports/villiers_empty_legs_current_2026-08-06_03-17-01.csv
Loaded 69 active Empty Leg flights.
Processing 2 users.
Sent 1 of 1 flights in 1 messages to yedidya (1049883799)
Sent 69 of 69 flights in 10 messages to Yedidya (7445310755)

Telegram processing complete.
Users who received flights: 2
Users with delivery errors: 0
Total flight entries delivered: 70
==================================================
ONYX Radar update completed successfully.
==================================================
[main 005d2c6] Auto-update flights data and telegram alerts from server
 7 files changed, 453 insertions(+), 210 deletions(-)
 create mode 100644 exports/villiers_empty_legs_all_2026-08-06_03-17-01.csv
 create mode 100644 exports/villiers_empty_legs_changes_2026-08-06_03-17-01.csv
 create mode 100644 exports/villiers_empty_legs_current_2026-08-06_03-17-01.csv
remote: This repository moved. Please use the new location:        
remote:   https://github.com/Yedidiwah/onyx.git        
To https://github.com/yedidiwah/onyx.git
   d61cf92..005d2c6  main -> main
==================================================
ONYX Radar Full Update
==================================================
[1/4] Downloading current Villiers flights...
טוען את מאגר שדות התעופה...
נטענו 28291 שדות תעופה.

מוריד את נתוני ה-RSS...
הפיד זוהה כפיד Empty Legs.
נמצאו 69 פריטים בפיד.

טיסה ראשונה לדוגמה:
מוצא: KIWS / IWS - West Houston Airport
יעד: KSBM / SBM - Sheboygan County Memorial International Airport
תאריך מקורי: 06 August 2026
תאריך ISO: 2026-08-06
שעת יציאה: 12:00
מחיר: $8,385
מחיר מנורמל: 8385 USD
מטוס: Pilatus PC 12 NG
מושבים: 7
סטטוס שינוי: unchanged

שם הפיד: Villiers Empty Legs - Affiliate ADHUHR
טיסות פעילות בפיד: 69
כל הטיסות שנשמרו בהיסטוריה: 98
שינויים בהרצה הנוכחית: 0

פירוט שינויים:
  חדשות: 0
  עודכנו: 0
  חזרו לפיד: 0
  ללא שינוי: 69
  נעלמו מהפיד: 0

קבצים שנוצרו:
  טיסות פעילות: /root/onyx/exports/villiers_empty_legs_current_2026-08-06_03-47-01.csv
  כל ההיסטוריה: /root/onyx/exports/villiers_empty_legs_all_2026-08-06_03-47-01.csv
  שינויים בלבד: /root/onyx/exports/villiers_empty_legs_changes_2026-08-06_03-47-01.csv
  קובץ מצב: /root/onyx/data/villiers_state.json
[2/4] Creating website flights.json...
No local CSV was found. Falling back to RSS.
Downloading Villiers RSS...
Saved 69 flights.
Output: /root/onyx/data/flights.json
[3/4] Creating global airports.json...
Loading global airport database...
Prepared 28291 airports in 234 countries.
Airport catalogue saved to: /root/onyx/data/airports.json
[4/4] Sending current flights to Telegram...
Connected to Telegram bot: @OnyxAirRadar_bot (bot ID: 8816902667)
Reading flights from: /root/onyx/exports/villiers_empty_legs_current_2026-08-06_03-47-01.csv
Loaded 69 active Empty Leg flights.
Processing 2 users.
Sent 1 of 1 flights in 1 messages to yedidya (1049883799)
Sent 69 of 69 flights in 10 messages to Yedidya (7445310755)

Telegram processing complete.
Users who received flights: 2
Users with delivery errors: 0
Total flight entries delivered: 70
==================================================
ONYX Radar update completed successfully.
==================================================
[main b2e2dee] Auto-update flights data and telegram alerts from server
 7 files changed, 453 insertions(+), 210 deletions(-)
 create mode 100644 exports/villiers_empty_legs_all_2026-08-06_03-47-01.csv
 create mode 100644 exports/villiers_empty_legs_changes_2026-08-06_03-47-01.csv
 create mode 100644 exports/villiers_empty_legs_current_2026-08-06_03-47-01.csv
remote: This repository moved. Please use the new location:        
remote:   https://github.com/Yedidiwah/onyx.git        
To https://github.com/yedidiwah/onyx.git
   005d2c6..b2e2dee  main -> main
==================================================
ONYX Radar Full Update
==================================================
[1/4] Downloading current Villiers flights...
טוען את מאגר שדות התעופה...
נטענו 28291 שדות תעופה.

מוריד את נתוני ה-RSS...
הפיד זוהה כפיד Empty Legs.
נמצאו 73 פריטים בפיד.

טיסה ראשונה לדוגמה:
מוצא: KBFI / BFI - Boeing Field/King County International Airport
יעד: KCRQ / CLD - Mc Clellan-Palomar Airport
תאריך מקורי: 06 August 2026
תאריך ISO: 2026-08-06
שעת יציאה: 12:00
מחיר: $10,213
מחיר מנורמל: 10213 USD
מטוס: Citation CJ3
מושבים: 7
סטטוס שינוי: new

שם הפיד: Villiers Empty Legs - Affiliate ADHUHR
טיסות פעילות בפיד: 73
כל הטיסות שנשמרו בהיסטוריה: 102
שינויים בהרצה הנוכחית: 4

פירוט שינויים:
  חדשות: 4
  עודכנו: 0
  חזרו לפיד: 0
  ללא שינוי: 69
  נעלמו מהפיד: 0

קבצים שנוצרו:
  טיסות פעילות: /root/onyx/exports/villiers_empty_legs_current_2026-08-06_04-17-02.csv
  כל ההיסטוריה: /root/onyx/exports/villiers_empty_legs_all_2026-08-06_04-17-02.csv
  שינויים בלבד: /root/onyx/exports/villiers_empty_legs_changes_2026-08-06_04-17-02.csv
  קובץ מצב: /root/onyx/data/villiers_state.json
[2/4] Creating website flights.json...
No local CSV was found. Falling back to RSS.
Downloading Villiers RSS...
Saved 73 flights.
Output: /root/onyx/data/flights.json
[3/4] Creating global airports.json...
Loading global airport database...
Prepared 28291 airports in 234 countries.
Airport catalogue saved to: /root/onyx/data/airports.json
[4/4] Sending current flights to Telegram...
Connected to Telegram bot: @OnyxAirRadar_bot (bot ID: 8816902667)
Reading flights from: /root/onyx/exports/villiers_empty_legs_current_2026-08-06_04-17-02.csv
Loaded 73 active Empty Leg flights.
Processing 2 users.
Sent 1 of 1 flights in 1 messages to yedidya (1049883799)
Sent 73 of 73 flights in 11 messages to Yedidya (7445310755)

Telegram processing complete.
Users who received flights: 2
Users with delivery errors: 0
Total flight entries delivered: 74
==================================================
ONYX Radar update completed successfully.
==================================================
[main db118c6] Auto-update flights data and telegram alerts from server
 7 files changed, 766 insertions(+), 211 deletions(-)
 create mode 100644 exports/villiers_empty_legs_all_2026-08-06_04-17-02.csv
 create mode 100644 exports/villiers_empty_legs_changes_2026-08-06_04-17-02.csv
 create mode 100644 exports/villiers_empty_legs_current_2026-08-06_04-17-02.csv
remote: This repository moved. Please use the new location:        
remote:   https://github.com/Yedidiwah/onyx.git        
To https://github.com/yedidiwah/onyx.git
   b2e2dee..db118c6  main -> main
==================================================
ONYX Radar Full Update
==================================================
[1/4] Downloading current Villiers flights...
טוען את מאגר שדות התעופה...
נטענו 28291 שדות תעופה.

מוריד את נתוני ה-RSS...
הפיד זוהה כפיד Empty Legs.
נמצאו 73 פריטים בפיד.

טיסה ראשונה לדוגמה:
מוצא: KBFI / BFI - Boeing Field/King County International Airport
יעד: KCRQ / CLD - Mc Clellan-Palomar Airport
תאריך מקורי: 06 August 2026
תאריך ISO: 2026-08-06
שעת יציאה: 12:00
מחיר: $10,213
מחיר מנורמל: 10213 USD
מטוס: Citation CJ3
מושבים: 7
סטטוס שינוי: unchanged

שם הפיד: Villiers Empty Legs - Affiliate ADHUHR
טיסות פעילות בפיד: 73
כל הטיסות שנשמרו בהיסטוריה: 102
שינויים בהרצה הנוכחית: 0

פירוט שינויים:
  חדשות: 0
  עודכנו: 0
  חזרו לפיד: 0
  ללא שינוי: 73
  נעלמו מהפיד: 0

קבצים שנוצרו:
  טיסות פעילות: /root/onyx/exports/villiers_empty_legs_current_2026-08-06_04-47-01.csv
  כל ההיסטוריה: /root/onyx/exports/villiers_empty_legs_all_2026-08-06_04-47-01.csv
  שינויים בלבד: /root/onyx/exports/villiers_empty_legs_changes_2026-08-06_04-47-01.csv
  קובץ מצב: /root/onyx/data/villiers_state.json
[2/4] Creating website flights.json...
No local CSV was found. Falling back to RSS.
Downloading Villiers RSS...
Saved 73 flights.
Output: /root/onyx/data/flights.json
[3/4] Creating global airports.json...
Loading global airport database...
Prepared 28291 airports in 234 countries.
Airport catalogue saved to: /root/onyx/data/airports.json
[4/4] Sending current flights to Telegram...
Connected to Telegram bot: @OnyxAirRadar_bot (bot ID: 8816902667)
Reading flights from: /root/onyx/exports/villiers_empty_legs_current_2026-08-06_04-47-01.csv
Loaded 73 active Empty Leg flights.
Processing 2 users.
Sent 1 of 1 flights in 1 messages to yedidya (1049883799)
Sent 73 of 73 flights in 11 messages to Yedidya (7445310755)

Telegram processing complete.
Users who received flights: 2
Users with delivery errors: 0
Total flight entries delivered: 74
==================================================
ONYX Radar update completed successfully.
==================================================
[main 0356722] Auto-update flights data and telegram alerts from server
 7 files changed, 477 insertions(+), 226 deletions(-)
 create mode 100644 exports/villiers_empty_legs_all_2026-08-06_04-47-01.csv
 create mode 100644 exports/villiers_empty_legs_changes_2026-08-06_04-47-01.csv
 create mode 100644 exports/villiers_empty_legs_current_2026-08-06_04-47-01.csv
remote: This repository moved. Please use the new location:        
remote:   https://github.com/Yedidiwah/onyx.git        
To https://github.com/yedidiwah/onyx.git
   db118c6..0356722  main -> main
==================================================
ONYX Radar Full Update
==================================================
[1/4] Downloading current Villiers flights...
טוען את מאגר שדות התעופה...
נטענו 28291 שדות תעופה.

מוריד את נתוני ה-RSS...
הפיד זוהה כפיד Empty Legs.
נמצאו 73 פריטים בפיד.

טיסה ראשונה לדוגמה:
מוצא: KBFI / BFI - Boeing Field/King County International Airport
יעד: KCRQ / CLD - Mc Clellan-Palomar Airport
תאריך מקורי: 06 August 2026
תאריך ISO: 2026-08-06
שעת יציאה: 12:00
מחיר: $10,213
מחיר מנורמל: 10213 USD
מטוס: Citation CJ3
מושבים: 7
סטטוס שינוי: unchanged

שם הפיד: Villiers Empty Legs - Affiliate ADHUHR
טיסות פעילות בפיד: 73
כל הטיסות שנשמרו בהיסטוריה: 102
שינויים בהרצה הנוכחית: 0

פירוט שינויים:
  חדשות: 0
  עודכנו: 0
  חזרו לפיד: 0
  ללא שינוי: 73
  נעלמו מהפיד: 0

קבצים שנוצרו:
  טיסות פעילות: /root/onyx/exports/villiers_empty_legs_current_2026-08-06_05-17-01.csv
  כל ההיסטוריה: /root/onyx/exports/villiers_empty_legs_all_2026-08-06_05-17-01.csv
  שינויים בלבד: /root/onyx/exports/villiers_empty_legs_changes_2026-08-06_05-17-01.csv
  קובץ מצב: /root/onyx/data/villiers_state.json
[2/4] Creating website flights.json...
No local CSV was found. Falling back to RSS.
Downloading Villiers RSS...
Saved 73 flights.
Output: /root/onyx/data/flights.json
[3/4] Creating global airports.json...
Loading global airport database...
Prepared 28291 airports in 234 countries.
Airport catalogue saved to: /root/onyx/data/airports.json
[4/4] Sending current flights to Telegram...
Connected to Telegram bot: @OnyxAirRadar_bot (bot ID: 8816902667)
Reading flights from: /root/onyx/exports/villiers_empty_legs_current_2026-08-06_05-17-01.csv
Loaded 73 active Empty Leg flights.
Processing 2 users.
Sent 1 of 1 flights in 1 messages to yedidya (1049883799)
Failed to send to 7445310755: A request to the Telegram API was unsuccessful. Error code: 403. Description: Forbidden: bot was blocked by the user
Sent 0 of 73 flights in 0 messages to Yedidya (7445310755)

Telegram processing complete.
Users who received flights: 1
Users with delivery errors: 1
Total flight entries delivered: 1
==================================================
ONYX Radar update completed successfully.
==================================================
[main 5ebeafb] Auto-update flights data and telegram alerts from server
 7 files changed, 474 insertions(+), 222 deletions(-)
 create mode 100644 exports/villiers_empty_legs_all_2026-08-06_05-17-01.csv
 create mode 100644 exports/villiers_empty_legs_changes_2026-08-06_05-17-01.csv
 create mode 100644 exports/villiers_empty_legs_current_2026-08-06_05-17-01.csv
remote: This repository moved. Please use the new location:        
remote:   https://github.com/Yedidiwah/onyx.git        
To https://github.com/yedidiwah/onyx.git
   0356722..5ebeafb  main -> main
==================================================
ONYX Radar Full Update
==================================================
[1/4] Downloading current Villiers flights...
טוען את מאגר שדות התעופה...
נטענו 28291 שדות תעופה.

מוריד את נתוני ה-RSS...
הפיד זוהה כפיד Empty Legs.
נמצאו 73 פריטים בפיד.

טיסה ראשונה לדוגמה:
מוצא: KBFI / BFI - Boeing Field/King County International Airport
יעד: KCRQ / CLD - Mc Clellan-Palomar Airport
תאריך מקורי: 06 August 2026
תאריך ISO: 2026-08-06
שעת יציאה: 12:00
מחיר: $10,213
מחיר מנורמל: 10213 USD
מטוס: Citation CJ3
מושבים: 7
סטטוס שינוי: unchanged

שם הפיד: Villiers Empty Legs - Affiliate ADHUHR
טיסות פעילות בפיד: 73
כל הטיסות שנשמרו בהיסטוריה: 102
שינויים בהרצה הנוכחית: 0

פירוט שינויים:
  חדשות: 0
  עודכנו: 0
  חזרו לפיד: 0
  ללא שינוי: 73
  נעלמו מהפיד: 0

קבצים שנוצרו:
  טיסות פעילות: /root/onyx/exports/villiers_empty_legs_current_2026-08-06_05-47-01.csv
  כל ההיסטוריה: /root/onyx/exports/villiers_empty_legs_all_2026-08-06_05-47-01.csv
  שינויים בלבד: /root/onyx/exports/villiers_empty_legs_changes_2026-08-06_05-47-01.csv
  קובץ מצב: /root/onyx/data/villiers_state.json
[2/4] Creating website flights.json...
No local CSV was found. Falling back to RSS.
Downloading Villiers RSS...
Saved 73 flights.
Output: /root/onyx/data/flights.json
[3/4] Creating global airports.json...
Loading global airport database...
Prepared 28291 airports in 234 countries.
Airport catalogue saved to: /root/onyx/data/airports.json
[4/4] Sending current flights to Telegram...
Connected to Telegram bot: @OnyxAirRadar_bot (bot ID: 8816902667)
Reading flights from: /root/onyx/exports/villiers_empty_legs_current_2026-08-06_05-47-01.csv
Loaded 73 active Empty Leg flights.
Processing 2 users.
Sent 1 of 1 flights in 1 messages to yedidya (1049883799)
Failed to send to 7445310755: A request to the Telegram API was unsuccessful. Error code: 403. Description: Forbidden: bot was blocked by the user
Sent 0 of 73 flights in 0 messages to Yedidya (7445310755)

Telegram processing complete.
Users who received flights: 1
Users with delivery errors: 1
Total flight entries delivered: 1
==================================================
ONYX Radar update completed successfully.
==================================================
[main 66b9827] Auto-update flights data and telegram alerts from server
 7 files changed, 474 insertions(+), 222 deletions(-)
 create mode 100644 exports/villiers_empty_legs_all_2026-08-06_05-47-01.csv
 create mode 100644 exports/villiers_empty_legs_changes_2026-08-06_05-47-01.csv
 create mode 100644 exports/villiers_empty_legs_current_2026-08-06_05-47-01.csv
remote: This repository moved. Please use the new location:        
remote:   https://github.com/Yedidiwah/onyx.git        
To https://github.com/yedidiwah/onyx.git
   5ebeafb..66b9827  main -> main
==================================================
ONYX Radar Full Update
==================================================
[1/4] Downloading current Villiers flights...
טוען את מאגר שדות התעופה...
נטענו 28291 שדות תעופה.

מוריד את נתוני ה-RSS...
הפיד זוהה כפיד Empty Legs.
נמצאו 73 פריטים בפיד.

טיסה ראשונה לדוגמה:
מוצא: KBFI / BFI - Boeing Field/King County International Airport
יעד: KCRQ / CLD - Mc Clellan-Palomar Airport
תאריך מקורי: 06 August 2026
תאריך ISO: 2026-08-06
שעת יציאה: 12:00
מחיר: $10,213
מחיר מנורמל: 10213 USD
מטוס: Citation CJ3
מושבים: 7
סטטוס שינוי: unchanged

שם הפיד: Villiers Empty Legs - Affiliate ADHUHR
טיסות פעילות בפיד: 73
כל הטיסות שנשמרו בהיסטוריה: 102
שינויים בהרצה הנוכחית: 0

פירוט שינויים:
  חדשות: 0
  עודכנו: 0
  חזרו לפיד: 0
  ללא שינוי: 73
  נעלמו מהפיד: 0

קבצים שנוצרו:
  טיסות פעילות: /root/onyx/exports/villiers_empty_legs_current_2026-08-06_06-17-01.csv
  כל ההיסטוריה: /root/onyx/exports/villiers_empty_legs_all_2026-08-06_06-17-01.csv
  שינויים בלבד: /root/onyx/exports/villiers_empty_legs_changes_2026-08-06_06-17-01.csv
  קובץ מצב: /root/onyx/data/villiers_state.json
[2/4] Creating website flights.json...
No local CSV was found. Falling back to RSS.
Downloading Villiers RSS...
Saved 73 flights.
Output: /root/onyx/data/flights.json
[3/4] Creating global airports.json...
Loading global airport database...
Prepared 28291 airports in 234 countries.
Airport catalogue saved to: /root/onyx/data/airports.json
[4/4] Sending current flights to Telegram...
Connected to Telegram bot: @OnyxAirRadar_bot (bot ID: 8816902667)
Reading flights from: /root/onyx/exports/villiers_empty_legs_current_2026-08-06_06-17-01.csv
Loaded 73 active Empty Leg flights.
Processing 2 users.
Sent 1 of 1 flights in 1 messages to yedidya (1049883799)
Failed to send to 7445310755: A request to the Telegram API was unsuccessful. Error code: 403. Description: Forbidden: bot was blocked by the user
Sent 0 of 73 flights in 0 messages to Yedidya (7445310755)

Telegram processing complete.
Users who received flights: 1
Users with delivery errors: 1
Total flight entries delivered: 1
==================================================
ONYX Radar update completed successfully.
==================================================
[main 39b9302] Auto-update flights data and telegram alerts from server
 7 files changed, 474 insertions(+), 222 deletions(-)
 create mode 100644 exports/villiers_empty_legs_all_2026-08-06_06-17-01.csv
 create mode 100644 exports/villiers_empty_legs_changes_2026-08-06_06-17-01.csv
 create mode 100644 exports/villiers_empty_legs_current_2026-08-06_06-17-01.csv
remote: This repository moved. Please use the new location:        
remote:   https://github.com/Yedidiwah/onyx.git        
To https://github.com/yedidiwah/onyx.git
   66b9827..39b9302  main -> main
==================================================
ONYX Radar Full Update
==================================================
[1/4] Downloading current Villiers flights...
טוען את מאגר שדות התעופה...
נטענו 28291 שדות תעופה.

מוריד את נתוני ה-RSS...
הפיד זוהה כפיד Empty Legs.
נמצאו 73 פריטים בפיד.

טיסה ראשונה לדוגמה:
מוצא: KBFI / BFI - Boeing Field/King County International Airport
יעד: KCRQ / CLD - Mc Clellan-Palomar Airport
תאריך מקורי: 06 August 2026
תאריך ISO: 2026-08-06
שעת יציאה: 12:00
מחיר: $10,213
מחיר מנורמל: 10213 USD
מטוס: Citation CJ3
מושבים: 7
סטטוס שינוי: unchanged

שם הפיד: Villiers Empty Legs - Affiliate ADHUHR
טיסות פעילות בפיד: 73
כל הטיסות שנשמרו בהיסטוריה: 102
שינויים בהרצה הנוכחית: 0

פירוט שינויים:
  חדשות: 0
  עודכנו: 0
  חזרו לפיד: 0
  ללא שינוי: 73
  נעלמו מהפיד: 0

קבצים שנוצרו:
  טיסות פעילות: /root/onyx/exports/villiers_empty_legs_current_2026-08-06_06-47-01.csv
  כל ההיסטוריה: /root/onyx/exports/villiers_empty_legs_all_2026-08-06_06-47-01.csv
  שינויים בלבד: /root/onyx/exports/villiers_empty_legs_changes_2026-08-06_06-47-01.csv
  קובץ מצב: /root/onyx/data/villiers_state.json
[2/4] Creating website flights.json...
No local CSV was found. Falling back to RSS.
Downloading Villiers RSS...
Saved 73 flights.
Output: /root/onyx/data/flights.json
[3/4] Creating global airports.json...
Loading global airport database...
Prepared 28291 airports in 234 countries.
Airport catalogue saved to: /root/onyx/data/airports.json
[4/4] Sending current flights to Telegram...
Connected to Telegram bot: @OnyxAirRadar_bot (bot ID: 8816902667)
Reading flights from: /root/onyx/exports/villiers_empty_legs_current_2026-08-06_06-47-01.csv
Loaded 73 active Empty Leg flights.
Processing 2 users.
Sent 1 of 1 flights in 1 messages to yedidya (1049883799)
Failed to send to 7445310755: A request to the Telegram API was unsuccessful. Error code: 403. Description: Forbidden: bot was blocked by the user
Sent 0 of 73 flights in 0 messages to Yedidya (7445310755)

Telegram processing complete.
Users who received flights: 1
Users with delivery errors: 1
Total flight entries delivered: 1
==================================================
ONYX Radar update completed successfully.
==================================================
[main 4d42115] Auto-update flights data and telegram alerts from server
 7 files changed, 474 insertions(+), 222 deletions(-)
 create mode 100644 exports/villiers_empty_legs_all_2026-08-06_06-47-01.csv
 create mode 100644 exports/villiers_empty_legs_changes_2026-08-06_06-47-01.csv
 create mode 100644 exports/villiers_empty_legs_current_2026-08-06_06-47-01.csv
remote: This repository moved. Please use the new location:        
remote:   https://github.com/Yedidiwah/onyx.git        
To https://github.com/yedidiwah/onyx.git
   39b9302..4d42115  main -> main
==================================================
ONYX Radar Full Update
==================================================
[1/4] Downloading current Villiers flights...
טוען את מאגר שדות התעופה...
נטענו 28291 שדות תעופה.

מוריד את נתוני ה-RSS...
הפיד זוהה כפיד Empty Legs.
נמצאו 73 פריטים בפיד.

טיסה ראשונה לדוגמה:
מוצא: KBFI / BFI - Boeing Field/King County International Airport
יעד: KCRQ / CLD - Mc Clellan-Palomar Airport
תאריך מקורי: 06 August 2026
תאריך ISO: 2026-08-06
שעת יציאה: 12:00
מחיר: $10,213
מחיר מנורמל: 10213 USD
מטוס: Citation CJ3
מושבים: 7
סטטוס שינוי: unchanged

שם הפיד: Villiers Empty Legs - Affiliate ADHUHR
טיסות פעילות בפיד: 73
כל הטיסות שנשמרו בהיסטוריה: 102
שינויים בהרצה הנוכחית: 0

פירוט שינויים:
  חדשות: 0
  עודכנו: 0
  חזרו לפיד: 0
  ללא שינוי: 73
  נעלמו מהפיד: 0

קבצים שנוצרו:
  טיסות פעילות: /root/onyx/exports/villiers_empty_legs_current_2026-08-06_07-17-02.csv
  כל ההיסטוריה: /root/onyx/exports/villiers_empty_legs_all_2026-08-06_07-17-02.csv
  שינויים בלבד: /root/onyx/exports/villiers_empty_legs_changes_2026-08-06_07-17-02.csv
  קובץ מצב: /root/onyx/data/villiers_state.json
[2/4] Creating website flights.json...
No local CSV was found. Falling back to RSS.
Downloading Villiers RSS...
Saved 73 flights.
Output: /root/onyx/data/flights.json
[3/4] Creating global airports.json...
Loading global airport database...
Prepared 28291 airports in 234 countries.
Airport catalogue saved to: /root/onyx/data/airports.json
[4/4] Sending current flights to Telegram...
Connected to Telegram bot: @OnyxAirRadar_bot (bot ID: 8816902667)
Reading flights from: /root/onyx/exports/villiers_empty_legs_current_2026-08-06_07-17-02.csv
Loaded 73 active Empty Leg flights.
Processing 2 users.
Sent 1 of 1 flights in 1 messages to yedidya (1049883799)
Failed to send to 7445310755: A request to the Telegram API was unsuccessful. Error code: 403. Description: Forbidden: bot was blocked by the user
Sent 0 of 73 flights in 0 messages to Yedidya (7445310755)

Telegram processing complete.
Users who received flights: 1
Users with delivery errors: 1
Total flight entries delivered: 1
==================================================
ONYX Radar update completed successfully.
==================================================
[main 6fd7f1e] Auto-update flights data and telegram alerts from server
 8 files changed, 475 insertions(+), 223 deletions(-)
 create mode 100644 exports/villiers_empty_legs_all_2026-08-06_07-17-02.csv
 create mode 100644 exports/villiers_empty_legs_changes_2026-08-06_07-17-02.csv
 create mode 100644 exports/villiers_empty_legs_current_2026-08-06_07-17-02.csv
To https://github.com/yedidiwah/onyx.git
 ! [rejected]        main -> main (fetch first)
error: failed to push some refs to 'https://github.com/yedidiwah/onyx.git'
hint: Updates were rejected because the remote contains work that you do not
hint: have locally. This is usually caused by another repository pushing to
hint: the same ref. If you want to integrate the remote changes, use
hint: 'git pull' before pushing again.
hint: See the 'Note about fast-forwards' in 'git push --help' for details.
==================================================
ONYX Radar Full Update
==================================================
[1/4] Downloading current Villiers flights...
טוען את מאגר שדות התעופה...
נטענו 28291 שדות תעופה.

מוריד את נתוני ה-RSS...
הפיד זוהה כפיד Empty Legs.
נמצאו 73 פריטים בפיד.

טיסה ראשונה לדוגמה:
מוצא: KBFI / BFI - Boeing Field/King County International Airport
יעד: KCRQ / CLD - Mc Clellan-Palomar Airport
תאריך מקורי: 06 August 2026
תאריך ISO: 2026-08-06
שעת יציאה: 12:00
מחיר: $10,213
מחיר מנורמל: 10213 USD
מטוס: Citation CJ3
מושבים: 7
סטטוס שינוי: unchanged

שם הפיד: Villiers Empty Legs - Affiliate ADHUHR
טיסות פעילות בפיד: 73
כל הטיסות שנשמרו בהיסטוריה: 102
שינויים בהרצה הנוכחית: 0

פירוט שינויים:
  חדשות: 0
  עודכנו: 0
  חזרו לפיד: 0
  ללא שינוי: 73
  נעלמו מהפיד: 0

קבצים שנוצרו:
  טיסות פעילות: /root/onyx/exports/villiers_empty_legs_current_2026-08-06_07-47-01.csv
  כל ההיסטוריה: /root/onyx/exports/villiers_empty_legs_all_2026-08-06_07-47-01.csv
  שינויים בלבד: /root/onyx/exports/villiers_empty_legs_changes_2026-08-06_07-47-01.csv
  קובץ מצב: /root/onyx/data/villiers_state.json
[2/4] Creating website flights.json...
No local CSV was found. Falling back to RSS.
Downloading Villiers RSS...
Saved 73 flights.
Output: /root/onyx/data/flights.json
[3/4] Creating global airports.json...
Loading global airport database...
Prepared 28291 airports in 234 countries.
Airport catalogue saved to: /root/onyx/data/airports.json
[4/4] Sending current flights to Telegram...
Connected to Telegram bot: @OnyxAirRadar_bot (bot ID: 8816902667)
Reading flights from: /root/onyx/exports/villiers_empty_legs_current_2026-08-06_07-47-01.csv
Loaded 73 active Empty Leg flights.
Processing 2 users.
Sent 1 of 1 flights in 1 messages to yedidya (1049883799)
Failed to send to 7445310755: A request to the Telegram API was unsuccessful. Error code: 403. Description: Forbidden: bot was blocked by the user
Sent 0 of 73 flights in 0 messages to Yedidya (7445310755)

Telegram processing complete.
Users who received flights: 1
Users with delivery errors: 1
Total flight entries delivered: 1
==================================================
ONYX Radar update completed successfully.
==================================================
[main 53a1cc4] Auto-update flights data and telegram alerts from server
 7 files changed, 478 insertions(+), 222 deletions(-)
 create mode 100644 exports/villiers_empty_legs_all_2026-08-06_07-47-01.csv
 create mode 100644 exports/villiers_empty_legs_changes_2026-08-06_07-47-01.csv
 create mode 100644 exports/villiers_empty_legs_current_2026-08-06_07-47-01.csv
To https://github.com/yedidiwah/onyx.git
 ! [rejected]        main -> main (fetch first)
error: failed to push some refs to 'https://github.com/yedidiwah/onyx.git'
hint: Updates were rejected because the remote contains work that you do not
hint: have locally. This is usually caused by another repository pushing to
hint: the same ref. If you want to integrate the remote changes, use
hint: 'git pull' before pushing again.
hint: See the 'Note about fast-forwards' in 'git push --help' for details.
==================================================
ONYX Radar Full Update
==================================================
[1/4] Downloading current Villiers flights...
טוען את מאגר שדות התעופה...
נטענו 28291 שדות תעופה.

מוריד את נתוני ה-RSS...
הפיד זוהה כפיד Empty Legs.
נמצאו 73 פריטים בפיד.

טיסה ראשונה לדוגמה:
מוצא: KBFI / BFI - Boeing Field/King County International Airport
יעד: KCRQ / CLD - Mc Clellan-Palomar Airport
תאריך מקורי: 06 August 2026
תאריך ISO: 2026-08-06
שעת יציאה: 12:00
מחיר: $10,213
מחיר מנורמל: 10213 USD
מטוס: Citation CJ3
מושבים: 7
סטטוס שינוי: unchanged

שם הפיד: Villiers Empty Legs - Affiliate ADHUHR
טיסות פעילות בפיד: 73
כל הטיסות שנשמרו בהיסטוריה: 102
שינויים בהרצה הנוכחית: 0

פירוט שינויים:
  חדשות: 0
  עודכנו: 0
  חזרו לפיד: 0
  ללא שינוי: 73
  נעלמו מהפיד: 0

קבצים שנוצרו:
  טיסות פעילות: /root/onyx/exports/villiers_empty_legs_current_2026-08-06_08-17-01.csv
  כל ההיסטוריה: /root/onyx/exports/villiers_empty_legs_all_2026-08-06_08-17-01.csv
  שינויים בלבד: /root/onyx/exports/villiers_empty_legs_changes_2026-08-06_08-17-01.csv
  קובץ מצב: /root/onyx/data/villiers_state.json
[2/4] Creating website flights.json...
No local CSV was found. Falling back to RSS.
Downloading Villiers RSS...
Saved 73 flights.
Output: /root/onyx/data/flights.json
[3/4] Creating global airports.json...
Loading global airport database...
Prepared 28291 airports in 234 countries.
Airport catalogue saved to: /root/onyx/data/airports.json
[4/4] Sending current flights to Telegram...
  File "/root/onyx/vtelegram.py", line 133
    def save_users(users):
TabError: inconsistent use of tabs and spaces in indentation
ERROR: Telegram processing failed.
==================================================
ONYX Radar Full Update
==================================================
[1/4] Downloading current Villiers flights...
טוען את מאגר שדות התעופה...
נטענו 28291 שדות תעופה.

מוריד את נתוני ה-RSS...
הפיד זוהה כפיד Empty Legs.
נמצאו 73 פריטים בפיד.

טיסה ראשונה לדוגמה:
מוצא: KBFI / BFI - Boeing Field/King County International Airport
יעד: KCRQ / CLD - Mc Clellan-Palomar Airport
תאריך מקורי: 06 August 2026
תאריך ISO: 2026-08-06
שעת יציאה: 12:00
מחיר: $10,213
מחיר מנורמל: 10213 USD
מטוס: Citation CJ3
מושבים: 7
סטטוס שינוי: unchanged

שם הפיד: Villiers Empty Legs - Affiliate ADHUHR
טיסות פעילות בפיד: 73
כל הטיסות שנשמרו בהיסטוריה: 102
שינויים בהרצה הנוכחית: 0

פירוט שינויים:
  חדשות: 0
  עודכנו: 0
  חזרו לפיד: 0
  ללא שינוי: 73
  נעלמו מהפיד: 0

קבצים שנוצרו:
  טיסות פעילות: /root/onyx/exports/villiers_empty_legs_current_2026-08-06_08-47-01.csv
  כל ההיסטוריה: /root/onyx/exports/villiers_empty_legs_all_2026-08-06_08-47-01.csv
  שינויים בלבד: /root/onyx/exports/villiers_empty_legs_changes_2026-08-06_08-47-01.csv
  קובץ מצב: /root/onyx/data/villiers_state.json
[2/4] Creating website flights.json...
No local CSV was found. Falling back to RSS.
Downloading Villiers RSS...
Saved 73 flights.
Output: /root/onyx/data/flights.json
[3/4] Creating global airports.json...
Loading global airport database...
Prepared 28291 airports in 234 countries.
Airport catalogue saved to: /root/onyx/data/airports.json
[4/4] Sending current flights to Telegram...
Connected to Telegram bot: @OnyxAirRadar_bot (bot ID: 8816902667)
Reading flights from: /root/onyx/exports/villiers_empty_legs_current_2026-08-06_08-47-01.csv
Loaded 73 active Empty Leg flights.
Processing 2 users.
Skipping 1049883799 (Frequency: 1h, hours passed: 0.48h)
Failed to send to 7445310755: A request to the Telegram API was unsuccessful. Error code: 403. Description: Forbidden: bot was blocked by the user
Sent 0 of 73 flights in 0 messages to Yedidya (7445310755)

Telegram processing complete.
Users who received flights: 0
Users with delivery errors: 1
Total flight entries delivered: 0
==================================================
ONYX Radar update completed successfully.
==================================================
[main 32b3a99] Auto-update flights data and telegram alerts from server
 13 files changed, 757 insertions(+), 278 deletions(-)
 create mode 100644 exports/villiers_empty_legs_all_2026-08-06_08-17-01.csv
 create mode 100644 exports/villiers_empty_legs_all_2026-08-06_08-47-01.csv
 create mode 100644 exports/villiers_empty_legs_changes_2026-08-06_08-17-01.csv
 create mode 100644 exports/villiers_empty_legs_changes_2026-08-06_08-47-01.csv
 create mode 100644 exports/villiers_empty_legs_current_2026-08-06_08-17-01.csv
 create mode 100644 exports/villiers_empty_legs_current_2026-08-06_08-47-01.csv
To https://github.com/yedidiwah/onyx.git
 ! [rejected]        main -> main (fetch first)
error: failed to push some refs to 'https://github.com/yedidiwah/onyx.git'
hint: Updates were rejected because the remote contains work that you do not
hint: have locally. This is usually caused by another repository pushing to
hint: the same ref. If you want to integrate the remote changes, use
hint: 'git pull' before pushing again.
hint: See the 'Note about fast-forwards' in 'git push --help' for details.
==================================================
ONYX Radar Full Update
==================================================
[1/4] Downloading current Villiers flights...
טוען את מאגר שדות התעופה...
נטענו 28291 שדות תעופה.

מוריד את נתוני ה-RSS...
הפיד זוהה כפיד Empty Legs.
נמצאו 73 פריטים בפיד.

טיסה ראשונה לדוגמה:
מוצא: KBFI / BFI - Boeing Field/King County International Airport
יעד: KCRQ / CLD - Mc Clellan-Palomar Airport
תאריך מקורי: 06 August 2026
תאריך ISO: 2026-08-06
שעת יציאה: 12:00
מחיר: $10,213
מחיר מנורמל: 10213 USD
מטוס: Citation CJ3
מושבים: 7
סטטוס שינוי: unchanged

שם הפיד: Villiers Empty Legs - Affiliate ADHUHR
טיסות פעילות בפיד: 73
כל הטיסות שנשמרו בהיסטוריה: 102
שינויים בהרצה הנוכחית: 0

פירוט שינויים:
  חדשות: 0
  עודכנו: 0
  חזרו לפיד: 0
  ללא שינוי: 73
  נעלמו מהפיד: 0

קבצים שנוצרו:
  טיסות פעילות: /root/onyx/exports/villiers_empty_legs_current_2026-08-06_09-17-02.csv
  כל ההיסטוריה: /root/onyx/exports/villiers_empty_legs_all_2026-08-06_09-17-02.csv
  שינויים בלבד: /root/onyx/exports/villiers_empty_legs_changes_2026-08-06_09-17-02.csv
  קובץ מצב: /root/onyx/data/villiers_state.json
[2/4] Creating website flights.json...
No local CSV was found. Falling back to RSS.
Downloading Villiers RSS...
Saved 73 flights.
Output: /root/onyx/data/flights.json
[3/4] Creating global airports.json...
Loading global airport database...
Prepared 28291 airports in 234 countries.
Airport catalogue saved to: /root/onyx/data/airports.json
[4/4] Sending current flights to Telegram...
Connected to Telegram bot: @OnyxAirRadar_bot (bot ID: 8816902667)
Reading flights from: /root/onyx/exports/villiers_empty_legs_current_2026-08-06_09-17-02.csv
Loaded 73 active Empty Leg flights.
Processing 2 users.
Skipping 1049883799 (Frequency: 1h, hours passed: 0.98h)
Failed to send to 7445310755: A request to the Telegram API was unsuccessful. Error code: 403. Description: Forbidden: bot was blocked by the user
Sent 0 of 73 flights in 0 messages to Yedidya (7445310755)

Telegram processing complete.
Users who received flights: 0
Users with delivery errors: 1
Total flight entries delivered: 0
==================================================
ONYX Radar update completed successfully.
==================================================
[main 3548da2] Auto-update flights data and telegram alerts from server
 7 files changed, 481 insertions(+), 222 deletions(-)
 create mode 100644 exports/villiers_empty_legs_all_2026-08-06_09-17-02.csv
 create mode 100644 exports/villiers_empty_legs_changes_2026-08-06_09-17-02.csv
 create mode 100644 exports/villiers_empty_legs_current_2026-08-06_09-17-02.csv
To https://github.com/yedidiwah/onyx.git
 ! [rejected]        main -> main (fetch first)
error: failed to push some refs to 'https://github.com/yedidiwah/onyx.git'
hint: Updates were rejected because the remote contains work that you do not
hint: have locally. This is usually caused by another repository pushing to
hint: the same ref. If you want to integrate the remote changes, use
hint: 'git pull' before pushing again.
hint: See the 'Note about fast-forwards' in 'git push --help' for details.
==================================================
ONYX Radar Full Update
==================================================
[1/4] Downloading current Villiers flights...
טוען את מאגר שדות התעופה...
נטענו 28291 שדות תעופה.

מוריד את נתוני ה-RSS...
הפיד זוהה כפיד Empty Legs.
נמצאו 73 פריטים בפיד.

טיסה ראשונה לדוגמה:
מוצא: KBFI / BFI - Boeing Field/King County International Airport
יעד: KCRQ / CLD - Mc Clellan-Palomar Airport
תאריך מקורי: 06 August 2026
תאריך ISO: 2026-08-06
שעת יציאה: 12:00
מחיר: $10,213
מחיר מנורמל: 10213 USD
מטוס: Citation CJ3
מושבים: 7
סטטוס שינוי: unchanged

שם הפיד: Villiers Empty Legs - Affiliate ADHUHR
טיסות פעילות בפיד: 73
כל הטיסות שנשמרו בהיסטוריה: 102
שינויים בהרצה הנוכחית: 0

פירוט שינויים:
  חדשות: 0
  עודכנו: 0
  חזרו לפיד: 0
  ללא שינוי: 73
  נעלמו מהפיד: 0

קבצים שנוצרו:
  טיסות פעילות: /root/onyx/exports/villiers_empty_legs_current_2026-08-06_09-47-02.csv
  כל ההיסטוריה: /root/onyx/exports/villiers_empty_legs_all_2026-08-06_09-47-02.csv
  שינויים בלבד: /root/onyx/exports/villiers_empty_legs_changes_2026-08-06_09-47-02.csv
  קובץ מצב: /root/onyx/data/villiers_state.json
[2/4] Creating website flights.json...
No local CSV was found. Falling back to RSS.
Downloading Villiers RSS...
Saved 73 flights.
Output: /root/onyx/data/flights.json
[3/4] Creating global airports.json...
Loading global airport database...
Prepared 28291 airports in 234 countries.
Airport catalogue saved to: /root/onyx/data/airports.json
[4/4] Sending current flights to Telegram...
Connected to Telegram bot: @OnyxAirRadar_bot (bot ID: 8816902667)
Reading flights from: /root/onyx/exports/villiers_empty_legs_current_2026-08-06_09-47-02.csv
Loaded 73 active Empty Leg flights.
Processing 2 users.
Sent 1 of 1 flights in 1 messages to yedidya (1049883799)
Failed to send to 7445310755: A request to the Telegram API was unsuccessful. Error code: 403. Description: Forbidden: bot was blocked by the user
Sent 0 of 73 flights in 0 messages to Yedidya (7445310755)
Users database updated with new timestamps.

Telegram processing complete.
Users who received flights: 1
Users with delivery errors: 1
Total flight entries delivered: 1
==================================================
ONYX Radar update completed successfully.
==================================================
[main 1cf0768] Auto-update flights data and telegram alerts from server
 8 files changed, 480 insertions(+), 223 deletions(-)
 create mode 100644 exports/villiers_empty_legs_all_2026-08-06_09-47-02.csv
 create mode 100644 exports/villiers_empty_legs_changes_2026-08-06_09-47-02.csv
 create mode 100644 exports/villiers_empty_legs_current_2026-08-06_09-47-02.csv
To https://github.com/yedidiwah/onyx.git
 ! [rejected]        main -> main (fetch first)
error: failed to push some refs to 'https://github.com/yedidiwah/onyx.git'
hint: Updates were rejected because the remote contains work that you do not
hint: have locally. This is usually caused by another repository pushing to
hint: the same ref. If you want to integrate the remote changes, use
hint: 'git pull' before pushing again.
hint: See the 'Note about fast-forwards' in 'git push --help' for details.
==================================================
ONYX Radar Full Update
==================================================
[1/4] Downloading current Villiers flights...
טוען את מאגר שדות התעופה...
נטענו 28291 שדות תעופה.

מוריד את נתוני ה-RSS...
הפיד זוהה כפיד Empty Legs.
נמצאו 73 פריטים בפיד.

טיסה ראשונה לדוגמה:
מוצא: KBFI / BFI - Boeing Field/King County International Airport
יעד: KCRQ / CLD - Mc Clellan-Palomar Airport
תאריך מקורי: 06 August 2026
תאריך ISO: 2026-08-06
שעת יציאה: 12:00
מחיר: $10,213
מחיר מנורמל: 10213 USD
מטוס: Citation CJ3
מושבים: 7
סטטוס שינוי: unchanged

שם הפיד: Villiers Empty Legs - Affiliate ADHUHR
טיסות פעילות בפיד: 73
כל הטיסות שנשמרו בהיסטוריה: 102
שינויים בהרצה הנוכחית: 0

פירוט שינויים:
  חדשות: 0
  עודכנו: 0
  חזרו לפיד: 0
  ללא שינוי: 73
  נעלמו מהפיד: 0

קבצים שנוצרו:
  טיסות פעילות: /root/onyx/exports/villiers_empty_legs_current_2026-08-06_10-17-01.csv
  כל ההיסטוריה: /root/onyx/exports/villiers_empty_legs_all_2026-08-06_10-17-01.csv
  שינויים בלבד: /root/onyx/exports/villiers_empty_legs_changes_2026-08-06_10-17-01.csv
  קובץ מצב: /root/onyx/data/villiers_state.json
[2/4] Creating website flights.json...
No local CSV was found. Falling back to RSS.
Downloading Villiers RSS...
Saved 73 flights.
Output: /root/onyx/data/flights.json
[3/4] Creating global airports.json...
Loading global airport database...
Prepared 28291 airports in 234 countries.
Airport catalogue saved to: /root/onyx/data/airports.json
[4/4] Sending current flights to Telegram...
Connected to Telegram bot: @OnyxAirRadar_bot (bot ID: 8816902667)
Reading flights from: /root/onyx/exports/villiers_empty_legs_current_2026-08-06_10-17-01.csv
Loaded 73 active Empty Leg flights.
Processing 2 users.
Skipping 1049883799 (Frequency: 1h, hours passed: 0.50h)
Failed to send to 7445310755: A request to the Telegram API was unsuccessful. Error code: 403. Description: Forbidden: bot was blocked by the user
Sent 0 of 73 flights in 0 messages to Yedidya (7445310755)

Telegram processing complete.
Users who received flights: 0
Users with delivery errors: 1
Total flight entries delivered: 0
==================================================
ONYX Radar update completed successfully.
==================================================
[main 620fcaf] Auto-update flights data and telegram alerts from server
 9 files changed, 517 insertions(+), 231 deletions(-)
 create mode 100644 exports/villiers_empty_legs_all_2026-08-06_10-17-01.csv
 create mode 100644 exports/villiers_empty_legs_changes_2026-08-06_10-17-01.csv
 create mode 100644 exports/villiers_empty_legs_current_2026-08-06_10-17-01.csv
To https://github.com/yedidiwah/onyx.git
 ! [rejected]        main -> main (fetch first)
error: failed to push some refs to 'https://github.com/yedidiwah/onyx.git'
hint: Updates were rejected because the remote contains work that you do not
hint: have locally. This is usually caused by another repository pushing to
hint: the same ref. If you want to integrate the remote changes, use
hint: 'git pull' before pushing again.
hint: See the 'Note about fast-forwards' in 'git push --help' for details.
==================================================
ONYX Radar Full Update
==================================================
[1/4] Downloading current Villiers flights...
טוען את מאגר שדות התעופה...
נטענו 28291 שדות תעופה.

מוריד את נתוני ה-RSS...
הפיד זוהה כפיד Empty Legs.
נמצאו 73 פריטים בפיד.

טיסה ראשונה לדוגמה:
מוצא: KBFI / BFI - Boeing Field/King County International Airport
יעד: KCRQ / CLD - Mc Clellan-Palomar Airport
תאריך מקורי: 06 August 2026
תאריך ISO: 2026-08-06
שעת יציאה: 12:00
מחיר: $10,213
מחיר מנורמל: 10213 USD
מטוס: Citation CJ3
מושבים: 7
סטטוס שינוי: unchanged

שם הפיד: Villiers Empty Legs - Affiliate ADHUHR
טיסות פעילות בפיד: 73
כל הטיסות שנשמרו בהיסטוריה: 102
שינויים בהרצה הנוכחית: 0

פירוט שינויים:
  חדשות: 0
  עודכנו: 0
  חזרו לפיד: 0
  ללא שינוי: 73
  נעלמו מהפיד: 0

קבצים שנוצרו:
  טיסות פעילות: /root/onyx/exports/villiers_empty_legs_current_2026-08-06_10-47-02.csv
  כל ההיסטוריה: /root/onyx/exports/villiers_empty_legs_all_2026-08-06_10-47-02.csv
  שינויים בלבד: /root/onyx/exports/villiers_empty_legs_changes_2026-08-06_10-47-02.csv
  קובץ מצב: /root/onyx/data/villiers_state.json
[2/4] Creating website flights.json...
No local CSV was found. Falling back to RSS.
Downloading Villiers RSS...
Saved 73 flights.
Output: /root/onyx/data/flights.json
[3/4] Creating global airports.json...
Loading global airport database...
Prepared 28291 airports in 234 countries.
Airport catalogue saved to: /root/onyx/data/airports.json
[4/4] Sending current flights to Telegram...
Connected to Telegram bot: @OnyxAirRadar_bot (bot ID: 8816902667)
Reading flights from: /root/onyx/exports/villiers_empty_legs_current_2026-08-06_10-47-02.csv
Loaded 73 active Empty Leg flights.
Processing 2 users.
Sent 1 of 1 flights in 1 messages to yedidya (1049883799)
Failed to send to 7445310755: A request to the Telegram API was unsuccessful. Error code: 403. Description: Forbidden: bot was blocked by the user
Sent 0 of 73 flights in 0 messages to Yedidya (7445310755)
Users database updated with new timestamps.

Telegram processing complete.
Users who received flights: 1
Users with delivery errors: 1
Total flight entries delivered: 1
==================================================
ONYX Radar update completed successfully.
==================================================
[main df1dbcd] Auto-update flights data and telegram alerts from server
 8 files changed, 480 insertions(+), 223 deletions(-)
 create mode 100644 exports/villiers_empty_legs_all_2026-08-06_10-47-02.csv
 create mode 100644 exports/villiers_empty_legs_changes_2026-08-06_10-47-02.csv
 create mode 100644 exports/villiers_empty_legs_current_2026-08-06_10-47-02.csv
To https://github.com/yedidiwah/onyx.git
 ! [rejected]        main -> main (fetch first)
error: failed to push some refs to 'https://github.com/yedidiwah/onyx.git'
hint: Updates were rejected because the remote contains work that you do not
hint: have locally. This is usually caused by another repository pushing to
hint: the same ref. If you want to integrate the remote changes, use
hint: 'git pull' before pushing again.
hint: See the 'Note about fast-forwards' in 'git push --help' for details.
==================================================
ONYX Radar Full Update
==================================================
[1/4] Downloading current Villiers flights...
טוען את מאגר שדות התעופה...
נטענו 28291 שדות תעופה.

מוריד את נתוני ה-RSS...
הפיד זוהה כפיד Empty Legs.
נמצאו 73 פריטים בפיד.

טיסה ראשונה לדוגמה:
מוצא: KBFI / BFI - Boeing Field/King County International Airport
יעד: KCRQ / CLD - Mc Clellan-Palomar Airport
תאריך מקורי: 06 August 2026
תאריך ISO: 2026-08-06
שעת יציאה: 12:00
מחיר: $10,213
מחיר מנורמל: 10213 USD
מטוס: Citation CJ3
מושבים: 7
סטטוס שינוי: unchanged

שם הפיד: Villiers Empty Legs - Affiliate ADHUHR
טיסות פעילות בפיד: 73
כל הטיסות שנשמרו בהיסטוריה: 102
שינויים בהרצה הנוכחית: 0

פירוט שינויים:
  חדשות: 0
  עודכנו: 0
  חזרו לפיד: 0
  ללא שינוי: 73
  נעלמו מהפיד: 0

קבצים שנוצרו:
  טיסות פעילות: /root/onyx/exports/villiers_empty_legs_current_2026-08-06_11-17-01.csv
  כל ההיסטוריה: /root/onyx/exports/villiers_empty_legs_all_2026-08-06_11-17-01.csv
  שינויים בלבד: /root/onyx/exports/villiers_empty_legs_changes_2026-08-06_11-17-01.csv
  קובץ מצב: /root/onyx/data/villiers_state.json
[2/4] Creating website flights.json...
No local CSV was found. Falling back to RSS.
Downloading Villiers RSS...
Saved 73 flights.
Output: /root/onyx/data/flights.json
[3/4] Creating global airports.json...
Loading global airport database...
Prepared 28291 airports in 234 countries.
Airport catalogue saved to: /root/onyx/data/airports.json
[4/4] Sending current flights to Telegram...
Connected to Telegram bot: @OnyxAirRadar_bot (bot ID: 8816902667)
Reading flights from: /root/onyx/exports/villiers_empty_legs_current_2026-08-06_11-17-01.csv
Loaded 73 active Empty Leg flights.
Processing 2 users.
Skipping 1049883799 (Frequency: 1h, hours passed: 0.50h)
Failed to send to 7445310755: A request to the Telegram API was unsuccessful. Error code: 403. Description: Forbidden: bot was blocked by the user
Sent 0 of 73 flights in 0 messages to Yedidya (7445310755)

Telegram processing complete.
Users who received flights: 0
Users with delivery errors: 1
Total flight entries delivered: 0
==================================================
ONYX Radar update completed successfully.
==================================================
[main 39ddccc] Auto-update flights data and telegram alerts from server
 7 files changed, 478 insertions(+), 222 deletions(-)
 create mode 100644 exports/villiers_empty_legs_all_2026-08-06_11-17-01.csv
 create mode 100644 exports/villiers_empty_legs_changes_2026-08-06_11-17-01.csv
 create mode 100644 exports/villiers_empty_legs_current_2026-08-06_11-17-01.csv
To https://github.com/yedidiwah/onyx.git
 ! [rejected]        main -> main (fetch first)
error: failed to push some refs to 'https://github.com/yedidiwah/onyx.git'
hint: Updates were rejected because the remote contains work that you do not
hint: have locally. This is usually caused by another repository pushing to
hint: the same ref. If you want to integrate the remote changes, use
hint: 'git pull' before pushing again.
hint: See the 'Note about fast-forwards' in 'git push --help' for details.
==================================================
ONYX Radar Full Update
==================================================
[1/4] Downloading current Villiers flights...
טוען את מאגר שדות התעופה...
נטענו 28291 שדות תעופה.

מוריד את נתוני ה-RSS...
הפיד זוהה כפיד Empty Legs.
נמצאו 73 פריטים בפיד.

טיסה ראשונה לדוגמה:
מוצא: KBFI / BFI - Boeing Field/King County International Airport
יעד: KCRQ / CLD - Mc Clellan-Palomar Airport
תאריך מקורי: 06 August 2026
תאריך ISO: 2026-08-06
שעת יציאה: 12:00
מחיר: $10,213
מחיר מנורמל: 10213 USD
מטוס: Citation CJ3
מושבים: 7
סטטוס שינוי: unchanged

שם הפיד: Villiers Empty Legs - Affiliate ADHUHR
טיסות פעילות בפיד: 73
כל הטיסות שנשמרו בהיסטוריה: 102
שינויים בהרצה הנוכחית: 0

פירוט שינויים:
  חדשות: 0
  עודכנו: 0
  חזרו לפיד: 0
  ללא שינוי: 73
  נעלמו מהפיד: 0

קבצים שנוצרו:
  טיסות פעילות: /root/onyx/exports/villiers_empty_legs_current_2026-08-06_11-47-01.csv
  כל ההיסטוריה: /root/onyx/exports/villiers_empty_legs_all_2026-08-06_11-47-01.csv
  שינויים בלבד: /root/onyx/exports/villiers_empty_legs_changes_2026-08-06_11-47-01.csv
  קובץ מצב: /root/onyx/data/villiers_state.json
[2/4] Creating website flights.json...
No local CSV was found. Falling back to RSS.
Downloading Villiers RSS...
Saved 73 flights.
Output: /root/onyx/data/flights.json
[3/4] Creating global airports.json...
Loading global airport database...
Prepared 28291 airports in 234 countries.
Airport catalogue saved to: /root/onyx/data/airports.json
[4/4] Sending current flights to Telegram...
Connected to Telegram bot: @OnyxAirRadar_bot (bot ID: 8816902667)
Reading flights from: /root/onyx/exports/villiers_empty_legs_current_2026-08-06_11-47-01.csv
Loaded 73 active Empty Leg flights.
Processing 2 users.
Skipping 1049883799 (Frequency: 1h, hours passed: 1.00h)
Failed to send to 7445310755: A request to the Telegram API was unsuccessful. Error code: 403. Description: Forbidden: bot was blocked by the user
Sent 0 of 73 flights in 0 messages to Yedidya (7445310755)

Telegram processing complete.
Users who received flights: 0
Users with delivery errors: 1
Total flight entries delivered: 0
==================================================
ONYX Radar update completed successfully.
==================================================
[main 73e2aa3] Auto-update flights data and telegram alerts from server
 7 files changed, 478 insertions(+), 222 deletions(-)
 create mode 100644 exports/villiers_empty_legs_all_2026-08-06_11-47-01.csv
 create mode 100644 exports/villiers_empty_legs_changes_2026-08-06_11-47-01.csv
 create mode 100644 exports/villiers_empty_legs_current_2026-08-06_11-47-01.csv
To https://github.com/yedidiwah/onyx.git
 ! [rejected]        main -> main (fetch first)
error: failed to push some refs to 'https://github.com/yedidiwah/onyx.git'
hint: Updates were rejected because the remote contains work that you do not
hint: have locally. This is usually caused by another repository pushing to
hint: the same ref. If you want to integrate the remote changes, use
hint: 'git pull' before pushing again.
hint: See the 'Note about fast-forwards' in 'git push --help' for details.
==================================================
ONYX Radar Full Update
==================================================
[1/4] Downloading current Villiers flights...
טוען את מאגר שדות התעופה...
נטענו 28291 שדות תעופה.

מוריד את נתוני ה-RSS...
הפיד זוהה כפיד Empty Legs.
נמצאו 73 פריטים בפיד.

טיסה ראשונה לדוגמה:
מוצא: KBFI / BFI - Boeing Field/King County International Airport
יעד: KCRQ / CLD - Mc Clellan-Palomar Airport
תאריך מקורי: 06 August 2026
תאריך ISO: 2026-08-06
שעת יציאה: 12:00
מחיר: $10,213
מחיר מנורמל: 10213 USD
מטוס: Citation CJ3
מושבים: 7
סטטוס שינוי: unchanged

שם הפיד: Villiers Empty Legs - Affiliate ADHUHR
טיסות פעילות בפיד: 73
כל הטיסות שנשמרו בהיסטוריה: 102
שינויים בהרצה הנוכחית: 0

פירוט שינויים:
  חדשות: 0
  עודכנו: 0
  חזרו לפיד: 0
  ללא שינוי: 73
  נעלמו מהפיד: 0

קבצים שנוצרו:
  טיסות פעילות: /root/onyx/exports/villiers_empty_legs_current_2026-08-06_12-17-02.csv
  כל ההיסטוריה: /root/onyx/exports/villiers_empty_legs_all_2026-08-06_12-17-02.csv
  שינויים בלבד: /root/onyx/exports/villiers_empty_legs_changes_2026-08-06_12-17-02.csv
  קובץ מצב: /root/onyx/data/villiers_state.json
[2/4] Creating website flights.json...
No local CSV was found. Falling back to RSS.
Downloading Villiers RSS...
Saved 73 flights.
Output: /root/onyx/data/flights.json
[3/4] Creating global airports.json...
Loading global airport database...
Prepared 28291 airports in 234 countries.
Airport catalogue saved to: /root/onyx/data/airports.json
[4/4] Sending current flights to Telegram...
Connected to Telegram bot: @OnyxAirRadar_bot (bot ID: 8816902667)
Reading flights from: /root/onyx/exports/villiers_empty_legs_current_2026-08-06_12-17-02.csv
Loaded 73 active Empty Leg flights.
Processing 2 users.
Sent 1 of 1 flights in 1 messages to yedidya (1049883799)
Failed to send to 7445310755: A request to the Telegram API was unsuccessful. Error code: 403. Description: Forbidden: bot was blocked by the user
Sent 0 of 73 flights in 0 messages to Yedidya (7445310755)
Users database updated with new timestamps.

Telegram processing complete.
Users who received flights: 1
Users with delivery errors: 1
Total flight entries delivered: 1
==================================================
ONYX Radar update completed successfully.
==================================================
[main b8e04cd] Auto-update flights data and telegram alerts from server
 8 files changed, 480 insertions(+), 223 deletions(-)
 create mode 100644 exports/villiers_empty_legs_all_2026-08-06_12-17-02.csv
 create mode 100644 exports/villiers_empty_legs_changes_2026-08-06_12-17-02.csv
 create mode 100644 exports/villiers_empty_legs_current_2026-08-06_12-17-02.csv
To https://github.com/yedidiwah/onyx.git
 ! [rejected]        main -> main (fetch first)
error: failed to push some refs to 'https://github.com/yedidiwah/onyx.git'
hint: Updates were rejected because the remote contains work that you do not
hint: have locally. This is usually caused by another repository pushing to
hint: the same ref. If you want to integrate the remote changes, use
hint: 'git pull' before pushing again.
hint: See the 'Note about fast-forwards' in 'git push --help' for details.
==================================================
ONYX Radar Full Update
==================================================
[1/4] Downloading current Villiers flights...
טוען את מאגר שדות התעופה...
נטענו 28291 שדות תעופה.

מוריד את נתוני ה-RSS...
הפיד זוהה כפיד Empty Legs.
נמצאו 73 פריטים בפיד.

טיסה ראשונה לדוגמה:
מוצא: KBFI / BFI - Boeing Field/King County International Airport
יעד: KCRQ / CLD - Mc Clellan-Palomar Airport
תאריך מקורי: 06 August 2026
תאריך ISO: 2026-08-06
שעת יציאה: 12:00
מחיר: $10,213
מחיר מנורמל: 10213 USD
מטוס: Citation CJ3
מושבים: 7
סטטוס שינוי: unchanged

שם הפיד: Villiers Empty Legs - Affiliate ADHUHR
טיסות פעילות בפיד: 73
כל הטיסות שנשמרו בהיסטוריה: 102
שינויים בהרצה הנוכחית: 0

פירוט שינויים:
  חדשות: 0
  עודכנו: 0
  חזרו לפיד: 0
  ללא שינוי: 73
  נעלמו מהפיד: 0

קבצים שנוצרו:
  טיסות פעילות: /root/onyx/exports/villiers_empty_legs_current_2026-08-06_12-47-02.csv
  כל ההיסטוריה: /root/onyx/exports/villiers_empty_legs_all_2026-08-06_12-47-02.csv
  שינויים בלבד: /root/onyx/exports/villiers_empty_legs_changes_2026-08-06_12-47-02.csv
  קובץ מצב: /root/onyx/data/villiers_state.json
[2/4] Creating website flights.json...
No local CSV was found. Falling back to RSS.
Downloading Villiers RSS...
Saved 73 flights.
Output: /root/onyx/data/flights.json
[3/4] Creating global airports.json...
Loading global airport database...
Prepared 28291 airports in 234 countries.
Airport catalogue saved to: /root/onyx/data/airports.json
[4/4] Sending current flights to Telegram...
Connected to Telegram bot: @OnyxAirRadar_bot (bot ID: 8816902667)
Reading flights from: /root/onyx/exports/villiers_empty_legs_current_2026-08-06_12-47-02.csv
Loaded 73 active Empty Leg flights.
Processing 2 users.
Skipping 1049883799 (Frequency: 1h, hours passed: 0.50h)
Failed to send to 7445310755: A request to the Telegram API was unsuccessful. Error code: 403. Description: Forbidden: bot was blocked by the user
Sent 0 of 73 flights in 0 messages to Yedidya (7445310755)

Telegram processing complete.
Users who received flights: 0
Users with delivery errors: 1
Total flight entries delivered: 0
==================================================
ONYX Radar update completed successfully.
==================================================
[main 9f1ad16] Auto-update flights data and telegram alerts from server
 7 files changed, 478 insertions(+), 222 deletions(-)
 create mode 100644 exports/villiers_empty_legs_all_2026-08-06_12-47-02.csv
 create mode 100644 exports/villiers_empty_legs_changes_2026-08-06_12-47-02.csv
 create mode 100644 exports/villiers_empty_legs_current_2026-08-06_12-47-02.csv
To https://github.com/yedidiwah/onyx.git
 ! [rejected]        main -> main (fetch first)
error: failed to push some refs to 'https://github.com/yedidiwah/onyx.git'
hint: Updates were rejected because the remote contains work that you do not
hint: have locally. This is usually caused by another repository pushing to
hint: the same ref. If you want to integrate the remote changes, use
hint: 'git pull' before pushing again.
hint: See the 'Note about fast-forwards' in 'git push --help' for details.
==================================================
ONYX Radar Full Update
==================================================
[1/4] Downloading current Villiers flights...
טוען את מאגר שדות התעופה...
נטענו 28291 שדות תעופה.

מוריד את נתוני ה-RSS...
הפיד זוהה כפיד Empty Legs.
נמצאו 73 פריטים בפיד.

טיסה ראשונה לדוגמה:
מוצא: KBFI / BFI - Boeing Field/King County International Airport
יעד: KCRQ / CLD - Mc Clellan-Palomar Airport
תאריך מקורי: 06 August 2026
תאריך ISO: 2026-08-06
שעת יציאה: 12:00
מחיר: $10,213
מחיר מנורמל: 10213 USD
מטוס: Citation CJ3
מושבים: 7
סטטוס שינוי: unchanged

שם הפיד: Villiers Empty Legs - Affiliate ADHUHR
טיסות פעילות בפיד: 73
כל הטיסות שנשמרו בהיסטוריה: 102
שינויים בהרצה הנוכחית: 0

פירוט שינויים:
  חדשות: 0
  עודכנו: 0
  חזרו לפיד: 0
  ללא שינוי: 73
  נעלמו מהפיד: 0

קבצים שנוצרו:
  טיסות פעילות: /root/onyx/exports/villiers_empty_legs_current_2026-08-06_13-17-02.csv
  כל ההיסטוריה: /root/onyx/exports/villiers_empty_legs_all_2026-08-06_13-17-02.csv
  שינויים בלבד: /root/onyx/exports/villiers_empty_legs_changes_2026-08-06_13-17-02.csv
  קובץ מצב: /root/onyx/data/villiers_state.json
[2/4] Creating website flights.json...
No local CSV was found. Falling back to RSS.
Downloading Villiers RSS...
Saved 73 flights.
Output: /root/onyx/data/flights.json
[3/4] Creating global airports.json...
Loading global airport database...
Prepared 28291 airports in 234 countries.
Airport catalogue saved to: /root/onyx/data/airports.json
[4/4] Sending current flights to Telegram...
Connected to Telegram bot: @OnyxAirRadar_bot (bot ID: 8816902667)
Reading flights from: /root/onyx/exports/villiers_empty_legs_current_2026-08-06_13-17-02.csv
Loaded 73 active Empty Leg flights.
Processing 2 users.
Sent 1 of 1 flights in 1 messages to yedidya (1049883799)
Failed to send to 7445310755: A request to the Telegram API was unsuccessful. Error code: 403. Description: Forbidden: bot was blocked by the user
Sent 0 of 73 flights in 0 messages to Yedidya (7445310755)
Users database updated with new timestamps.

Telegram processing complete.
Users who received flights: 1
Users with delivery errors: 1
Total flight entries delivered: 1
==================================================
ONYX Radar update completed successfully.
==================================================
[main d799033] Auto-update flights data and telegram alerts from server
 8 files changed, 480 insertions(+), 223 deletions(-)
 create mode 100644 exports/villiers_empty_legs_all_2026-08-06_13-17-02.csv
 create mode 100644 exports/villiers_empty_legs_changes_2026-08-06_13-17-02.csv
 create mode 100644 exports/villiers_empty_legs_current_2026-08-06_13-17-02.csv
To https://github.com/yedidiwah/onyx.git
 ! [rejected]        main -> main (fetch first)
error: failed to push some refs to 'https://github.com/yedidiwah/onyx.git'
hint: Updates were rejected because the remote contains work that you do not
hint: have locally. This is usually caused by another repository pushing to
hint: the same ref. If you want to integrate the remote changes, use
hint: 'git pull' before pushing again.
hint: See the 'Note about fast-forwards' in 'git push --help' for details.
==================================================
ONYX Radar Full Update
==================================================
[1/4] Downloading current Villiers flights...
טוען את מאגר שדות התעופה...
נטענו 28291 שדות תעופה.

מוריד את נתוני ה-RSS...
הפיד זוהה כפיד Empty Legs.
נמצאו 73 פריטים בפיד.

טיסה ראשונה לדוגמה:
מוצא: KBFI / BFI - Boeing Field/King County International Airport
יעד: KCRQ / CLD - Mc Clellan-Palomar Airport
תאריך מקורי: 06 August 2026
תאריך ISO: 2026-08-06
שעת יציאה: 12:00
מחיר: $10,213
מחיר מנורמל: 10213 USD
מטוס: Citation CJ3
מושבים: 7
סטטוס שינוי: unchanged

שם הפיד: Villiers Empty Legs - Affiliate ADHUHR
טיסות פעילות בפיד: 73
כל הטיסות שנשמרו בהיסטוריה: 102
שינויים בהרצה הנוכחית: 0

פירוט שינויים:
  חדשות: 0
  עודכנו: 0
  חזרו לפיד: 0
  ללא שינוי: 73
  נעלמו מהפיד: 0

קבצים שנוצרו:
  טיסות פעילות: /root/onyx/exports/villiers_empty_legs_current_2026-08-06_13-47-01.csv
  כל ההיסטוריה: /root/onyx/exports/villiers_empty_legs_all_2026-08-06_13-47-01.csv
  שינויים בלבד: /root/onyx/exports/villiers_empty_legs_changes_2026-08-06_13-47-01.csv
  קובץ מצב: /root/onyx/data/villiers_state.json
[2/4] Creating website flights.json...
No local CSV was found. Falling back to RSS.
Downloading Villiers RSS...
Saved 73 flights.
Output: /root/onyx/data/flights.json
[3/4] Creating global airports.json...
Loading global airport database...
Prepared 28291 airports in 234 countries.
Airport catalogue saved to: /root/onyx/data/airports.json
[4/4] Sending current flights to Telegram...
Connected to Telegram bot: @OnyxAirRadar_bot (bot ID: 8816902667)
Reading flights from: /root/onyx/exports/villiers_empty_legs_current_2026-08-06_13-47-01.csv
Loaded 73 active Empty Leg flights.
Processing 2 users.
Skipping 1049883799 (Frequency: 1h, hours passed: 0.50h)
Failed to send to 7445310755: A request to the Telegram API was unsuccessful. Error code: 403. Description: Forbidden: bot was blocked by the user
Sent 0 of 73 flights in 0 messages to Yedidya (7445310755)

Telegram processing complete.
Users who received flights: 0
Users with delivery errors: 1
Total flight entries delivered: 0
==================================================
ONYX Radar update completed successfully.
==================================================
[main 9ef1e88] Auto-update flights data and telegram alerts from server
 7 files changed, 478 insertions(+), 222 deletions(-)
 create mode 100644 exports/villiers_empty_legs_all_2026-08-06_13-47-01.csv
 create mode 100644 exports/villiers_empty_legs_changes_2026-08-06_13-47-01.csv
 create mode 100644 exports/villiers_empty_legs_current_2026-08-06_13-47-01.csv
To https://github.com/yedidiwah/onyx.git
 ! [rejected]        main -> main (fetch first)
error: failed to push some refs to 'https://github.com/yedidiwah/onyx.git'
hint: Updates were rejected because the remote contains work that you do not
hint: have locally. This is usually caused by another repository pushing to
hint: the same ref. If you want to integrate the remote changes, use
hint: 'git pull' before pushing again.
hint: See the 'Note about fast-forwards' in 'git push --help' for details.
==================================================
ONYX Radar Full Update
==================================================
[1/4] Downloading current Villiers flights...
טוען את מאגר שדות התעופה...
נטענו 28291 שדות תעופה.

מוריד את נתוני ה-RSS...
הפיד זוהה כפיד Empty Legs.
נמצאו 73 פריטים בפיד.

טיסה ראשונה לדוגמה:
מוצא: KBFI / BFI - Boeing Field/King County International Airport
יעד: KCRQ / CLD - Mc Clellan-Palomar Airport
תאריך מקורי: 06 August 2026
תאריך ISO: 2026-08-06
שעת יציאה: 12:00
מחיר: $10,213
מחיר מנורמל: 10213 USD
מטוס: Citation CJ3
מושבים: 7
סטטוס שינוי: unchanged

שם הפיד: Villiers Empty Legs - Affiliate ADHUHR
טיסות פעילות בפיד: 73
כל הטיסות שנשמרו בהיסטוריה: 102
שינויים בהרצה הנוכחית: 0

פירוט שינויים:
  חדשות: 0
  עודכנו: 0
  חזרו לפיד: 0
  ללא שינוי: 73
  נעלמו מהפיד: 0

קבצים שנוצרו:
  טיסות פעילות: /root/onyx/exports/villiers_empty_legs_current_2026-08-06_14-17-01.csv
  כל ההיסטוריה: /root/onyx/exports/villiers_empty_legs_all_2026-08-06_14-17-01.csv
  שינויים בלבד: /root/onyx/exports/villiers_empty_legs_changes_2026-08-06_14-17-01.csv
  קובץ מצב: /root/onyx/data/villiers_state.json
[2/4] Creating website flights.json...
No local CSV was found. Falling back to RSS.
Downloading Villiers RSS...
Saved 73 flights.
Output: /root/onyx/data/flights.json
[3/4] Creating global airports.json...
Loading global airport database...
Prepared 28291 airports in 234 countries.
Airport catalogue saved to: /root/onyx/data/airports.json
[4/4] Sending current flights to Telegram...
Connected to Telegram bot: @OnyxAirRadar_bot (bot ID: 8816902667)
Reading flights from: /root/onyx/exports/villiers_empty_legs_current_2026-08-06_14-17-01.csv
Loaded 73 active Empty Leg flights.
Processing 2 users.
Skipping 1049883799 (Frequency: 1h, hours passed: 1.00h)
Failed to send to 7445310755: A request to the Telegram API was unsuccessful. Error code: 403. Description: Forbidden: bot was blocked by the user
Sent 0 of 73 flights in 0 messages to Yedidya (7445310755)

Telegram processing complete.
Users who received flights: 0
Users with delivery errors: 1
Total flight entries delivered: 0
==================================================
ONYX Radar update completed successfully.
==================================================
[main ec7a290] Auto-update flights data and telegram alerts from server
 7 files changed, 478 insertions(+), 222 deletions(-)
 create mode 100644 exports/villiers_empty_legs_all_2026-08-06_14-17-01.csv
 create mode 100644 exports/villiers_empty_legs_changes_2026-08-06_14-17-01.csv
 create mode 100644 exports/villiers_empty_legs_current_2026-08-06_14-17-01.csv
To https://github.com/yedidiwah/onyx.git
 ! [rejected]        main -> main (fetch first)
error: failed to push some refs to 'https://github.com/yedidiwah/onyx.git'
hint: Updates were rejected because the remote contains work that you do not
hint: have locally. This is usually caused by another repository pushing to
hint: the same ref. If you want to integrate the remote changes, use
hint: 'git pull' before pushing again.
hint: See the 'Note about fast-forwards' in 'git push --help' for details.
==================================================
ONYX Radar Full Update
==================================================
[1/4] Downloading current Villiers flights...
טוען את מאגר שדות התעופה...
נטענו 28291 שדות תעופה.

מוריד את נתוני ה-RSS...
הפיד זוהה כפיד Empty Legs.
נמצאו 73 פריטים בפיד.

טיסה ראשונה לדוגמה:
מוצא: KBFI / BFI - Boeing Field/King County International Airport
יעד: KCRQ / CLD - Mc Clellan-Palomar Airport
תאריך מקורי: 06 August 2026
תאריך ISO: 2026-08-06
שעת יציאה: 12:00
מחיר: $10,213
מחיר מנורמל: 10213 USD
מטוס: Citation CJ3
מושבים: 7
סטטוס שינוי: unchanged

שם הפיד: Villiers Empty Legs - Affiliate ADHUHR
טיסות פעילות בפיד: 73
כל הטיסות שנשמרו בהיסטוריה: 102
שינויים בהרצה הנוכחית: 0

פירוט שינויים:
  חדשות: 0
  עודכנו: 0
  חזרו לפיד: 0
  ללא שינוי: 73
  נעלמו מהפיד: 0

קבצים שנוצרו:
  טיסות פעילות: /root/onyx/exports/villiers_empty_legs_current_2026-08-06_14-47-01.csv
  כל ההיסטוריה: /root/onyx/exports/villiers_empty_legs_all_2026-08-06_14-47-01.csv
  שינויים בלבד: /root/onyx/exports/villiers_empty_legs_changes_2026-08-06_14-47-01.csv
  קובץ מצב: /root/onyx/data/villiers_state.json
[2/4] Creating website flights.json...
No local CSV was found. Falling back to RSS.
Downloading Villiers RSS...
Saved 73 flights.
Output: /root/onyx/data/flights.json
[3/4] Creating global airports.json...
Loading global airport database...
Prepared 28291 airports in 234 countries.
Airport catalogue saved to: /root/onyx/data/airports.json
[4/4] Sending current flights to Telegram...
Connected to Telegram bot: @OnyxAirRadar_bot (bot ID: 8816902667)
Reading flights from: /root/onyx/exports/villiers_empty_legs_current_2026-08-06_14-47-01.csv
Loaded 73 active Empty Leg flights.
Processing 2 users.
Skipping 1049883799 (Frequency: 3h, hours passed: 1.50h)
Sent 2 of 2 flights in 1 messages to Yedidya (7445310755)
Users database updated with new timestamps.

Telegram processing complete.
Users who received flights: 1
Users with delivery errors: 0
Total flight entries delivered: 2
==================================================
ONYX Radar update completed successfully.
==================================================
[main 6c7c28c] Auto-update flights data and telegram alerts from server
 8 files changed, 487 insertions(+), 229 deletions(-)
 create mode 100644 exports/villiers_empty_legs_all_2026-08-06_14-47-01.csv
 create mode 100644 exports/villiers_empty_legs_changes_2026-08-06_14-47-01.csv
 create mode 100644 exports/villiers_empty_legs_current_2026-08-06_14-47-01.csv
To https://github.com/yedidiwah/onyx.git
 ! [rejected]        main -> main (fetch first)
error: failed to push some refs to 'https://github.com/yedidiwah/onyx.git'
hint: Updates were rejected because the remote contains work that you do not
hint: have locally. This is usually caused by another repository pushing to
hint: the same ref. If you want to integrate the remote changes, use
hint: 'git pull' before pushing again.
hint: See the 'Note about fast-forwards' in 'git push --help' for details.
==================================================
ONYX Radar Full Update
==================================================
[1/4] Downloading current Villiers flights...
טוען את מאגר שדות התעופה...
נטענו 28291 שדות תעופה.

מוריד את נתוני ה-RSS...
הפיד זוהה כפיד Empty Legs.
נמצאו 73 פריטים בפיד.

טיסה ראשונה לדוגמה:
מוצא: KBFI / BFI - Boeing Field/King County International Airport
יעד: KCRQ / CLD - Mc Clellan-Palomar Airport
תאריך מקורי: 06 August 2026
תאריך ISO: 2026-08-06
שעת יציאה: 12:00
מחיר: $10,213
מחיר מנורמל: 10213 USD
מטוס: Citation CJ3
מושבים: 7
סטטוס שינוי: unchanged

שם הפיד: Villiers Empty Legs - Affiliate ADHUHR
טיסות פעילות בפיד: 73
כל הטיסות שנשמרו בהיסטוריה: 102
שינויים בהרצה הנוכחית: 0

פירוט שינויים:
  חדשות: 0
  עודכנו: 0
  חזרו לפיד: 0
  ללא שינוי: 73
  נעלמו מהפיד: 0

קבצים שנוצרו:
  טיסות פעילות: /root/onyx/exports/villiers_empty_legs_current_2026-08-06_15-17-02.csv
  כל ההיסטוריה: /root/onyx/exports/villiers_empty_legs_all_2026-08-06_15-17-02.csv
  שינויים בלבד: /root/onyx/exports/villiers_empty_legs_changes_2026-08-06_15-17-02.csv
  קובץ מצב: /root/onyx/data/villiers_state.json
[2/4] Creating website flights.json...
No local CSV was found. Falling back to RSS.
Downloading Villiers RSS...
Saved 73 flights.
Output: /root/onyx/data/flights.json
[3/4] Creating global airports.json...
Loading global airport database...
Prepared 28291 airports in 234 countries.
Airport catalogue saved to: /root/onyx/data/airports.json
[4/4] Sending current flights to Telegram...
Connected to Telegram bot: @OnyxAirRadar_bot (bot ID: 8816902667)
Reading flights from: /root/onyx/exports/villiers_empty_legs_current_2026-08-06_15-17-02.csv
Loaded 73 active Empty Leg flights.
Processing 2 users.
Skipping 1049883799 (Frequency: 3h, hours passed: 2.00h)
Skipping 7445310755 (Frequency: 3h, hours passed: 0.50h)

Telegram processing complete.
Users who received flights: 0
Users with delivery errors: 0
Total flight entries delivered: 0
==================================================
ONYX Radar update completed successfully.
==================================================
[main b30e75b] Auto-update flights data and telegram alerts from server
 7 files changed, 477 insertions(+), 222 deletions(-)
 create mode 100644 exports/villiers_empty_legs_all_2026-08-06_15-17-02.csv
 create mode 100644 exports/villiers_empty_legs_changes_2026-08-06_15-17-02.csv
 create mode 100644 exports/villiers_empty_legs_current_2026-08-06_15-17-02.csv
To https://github.com/yedidiwah/onyx.git
 ! [rejected]        main -> main (fetch first)
error: failed to push some refs to 'https://github.com/yedidiwah/onyx.git'
hint: Updates were rejected because the remote contains work that you do not
hint: have locally. This is usually caused by another repository pushing to
hint: the same ref. If you want to integrate the remote changes, use
hint: 'git pull' before pushing again.
hint: See the 'Note about fast-forwards' in 'git push --help' for details.
==================================================
ONYX Radar Full Update
==================================================
[1/4] Downloading current Villiers flights...
טוען את מאגר שדות התעופה...
נטענו 28291 שדות תעופה.

מוריד את נתוני ה-RSS...
הפיד זוהה כפיד Empty Legs.
נמצאו 78 פריטים בפיד.

טיסה ראשונה לדוגמה:
מוצא: KBFI / BFI - Boeing Field/King County International Airport
יעד: KCRQ / CLD - Mc Clellan-Palomar Airport
תאריך מקורי: 06 August 2026
תאריך ISO: 2026-08-06
שעת יציאה: 12:00
מחיר: $10,213
מחיר מנורמל: 10213 USD
מטוס: Citation CJ3
מושבים: 7
סטטוס שינוי: unchanged

שם הפיד: Villiers Empty Legs - Affiliate ADHUHR
טיסות פעילות בפיד: 78
כל הטיסות שנשמרו בהיסטוריה: 107
שינויים בהרצה הנוכחית: 5

פירוט שינויים:
  חדשות: 5
  עודכנו: 0
  חזרו לפיד: 0
  ללא שינוי: 73
  נעלמו מהפיד: 0

קבצים שנוצרו:
  טיסות פעילות: /root/onyx/exports/villiers_empty_legs_current_2026-08-06_15-47-01.csv
  כל ההיסטוריה: /root/onyx/exports/villiers_empty_legs_all_2026-08-06_15-47-01.csv
  שינויים בלבד: /root/onyx/exports/villiers_empty_legs_changes_2026-08-06_15-47-01.csv
  קובץ מצב: /root/onyx/data/villiers_state.json
[2/4] Creating website flights.json...
No local CSV was found. Falling back to RSS.
Downloading Villiers RSS...
Saved 78 flights.
Output: /root/onyx/data/flights.json
[3/4] Creating global airports.json...
Loading global airport database...
Prepared 28291 airports in 234 countries.
Airport catalogue saved to: /root/onyx/data/airports.json
[4/4] Sending current flights to Telegram...
Connected to Telegram bot: @OnyxAirRadar_bot (bot ID: 8816902667)
Reading flights from: /root/onyx/exports/villiers_empty_legs_current_2026-08-06_15-47-01.csv
Loaded 78 active Empty Leg flights.
Processing 2 users.
Skipping 1049883799 (Frequency: 3h, hours passed: 2.50h)
Skipping 7445310755 (Frequency: 3h, hours passed: 1.00h)

Telegram processing complete.
Users who received flights: 0
Users with delivery errors: 0
Total flight entries delivered: 0
==================================================
ONYX Radar update completed successfully.
==================================================
[main 2121755] Auto-update flights data and telegram alerts from server
 7 files changed, 868 insertions(+), 223 deletions(-)
 create mode 100644 exports/villiers_empty_legs_all_2026-08-06_15-47-01.csv
 create mode 100644 exports/villiers_empty_legs_changes_2026-08-06_15-47-01.csv
 create mode 100644 exports/villiers_empty_legs_current_2026-08-06_15-47-01.csv
To https://github.com/yedidiwah/onyx.git
 ! [rejected]        main -> main (fetch first)
error: failed to push some refs to 'https://github.com/yedidiwah/onyx.git'
hint: Updates were rejected because the remote contains work that you do not
hint: have locally. This is usually caused by another repository pushing to
hint: the same ref. If you want to integrate the remote changes, use
hint: 'git pull' before pushing again.
hint: See the 'Note about fast-forwards' in 'git push --help' for details.
==================================================
ONYX Radar Full Update
==================================================
[1/4] Downloading current Villiers flights...
טוען את מאגר שדות התעופה...
נטענו 28291 שדות תעופה.

מוריד את נתוני ה-RSS...
הפיד זוהה כפיד Empty Legs.
נמצאו 78 פריטים בפיד.

טיסה ראשונה לדוגמה:
מוצא: KBFI / BFI - Boeing Field/King County International Airport
יעד: KCRQ / CLD - Mc Clellan-Palomar Airport
תאריך מקורי: 06 August 2026
תאריך ISO: 2026-08-06
שעת יציאה: 12:00
מחיר: $10,213
מחיר מנורמל: 10213 USD
מטוס: Citation CJ3
מושבים: 7
סטטוס שינוי: unchanged

שם הפיד: Villiers Empty Legs - Affiliate ADHUHR
טיסות פעילות בפיד: 78
כל הטיסות שנשמרו בהיסטוריה: 107
שינויים בהרצה הנוכחית: 0

פירוט שינויים:
  חדשות: 0
  עודכנו: 0
  חזרו לפיד: 0
  ללא שינוי: 78
  נעלמו מהפיד: 0

קבצים שנוצרו:
  טיסות פעילות: /root/onyx/exports/villiers_empty_legs_current_2026-08-06_16-17-01.csv
  כל ההיסטוריה: /root/onyx/exports/villiers_empty_legs_all_2026-08-06_16-17-01.csv
  שינויים בלבד: /root/onyx/exports/villiers_empty_legs_changes_2026-08-06_16-17-01.csv
  קובץ מצב: /root/onyx/data/villiers_state.json
[2/4] Creating website flights.json...
No local CSV was found. Falling back to RSS.
Downloading Villiers RSS...
Saved 78 flights.
Output: /root/onyx/data/flights.json
[3/4] Creating global airports.json...
Loading global airport database...
Prepared 28291 airports in 234 countries.
Airport catalogue saved to: /root/onyx/data/airports.json
[4/4] Sending current flights to Telegram...
Connected to Telegram bot: @OnyxAirRadar_bot (bot ID: 8816902667)
Reading flights from: /root/onyx/exports/villiers_empty_legs_current_2026-08-06_16-17-01.csv
Loaded 78 active Empty Leg flights.
Processing 2 users.
Skipping 1049883799 (Frequency: 3h, hours passed: 3.00h)
Skipping 7445310755 (Frequency: 3h, hours passed: 1.50h)

Telegram processing complete.
Users who received flights: 0
Users with delivery errors: 0
Total flight entries delivered: 0
==================================================
ONYX Radar update completed successfully.
==================================================
[main 3a32bec] Auto-update flights data and telegram alerts from server
 7 files changed, 507 insertions(+), 242 deletions(-)
 create mode 100644 exports/villiers_empty_legs_all_2026-08-06_16-17-01.csv
 create mode 100644 exports/villiers_empty_legs_changes_2026-08-06_16-17-01.csv
 create mode 100644 exports/villiers_empty_legs_current_2026-08-06_16-17-01.csv
To https://github.com/yedidiwah/onyx.git
 ! [rejected]        main -> main (fetch first)
error: failed to push some refs to 'https://github.com/yedidiwah/onyx.git'
hint: Updates were rejected because the remote contains work that you do not
hint: have locally. This is usually caused by another repository pushing to
hint: the same ref. If you want to integrate the remote changes, use
hint: 'git pull' before pushing again.
hint: See the 'Note about fast-forwards' in 'git push --help' for details.
==================================================
ONYX Radar Full Update
==================================================
[1/4] Downloading current Villiers flights...
טוען את מאגר שדות התעופה...
נטענו 28291 שדות תעופה.

מוריד את נתוני ה-RSS...
הפיד זוהה כפיד Empty Legs.
נמצאו 78 פריטים בפיד.

טיסה ראשונה לדוגמה:
מוצא: KBFI / BFI - Boeing Field/King County International Airport
יעד: KCRQ / CLD - Mc Clellan-Palomar Airport
תאריך מקורי: 06 August 2026
תאריך ISO: 2026-08-06
שעת יציאה: 12:00
מחיר: $10,213
מחיר מנורמל: 10213 USD
מטוס: Citation CJ3
מושבים: 7
סטטוס שינוי: unchanged

שם הפיד: Villiers Empty Legs - Affiliate ADHUHR
טיסות פעילות בפיד: 78
כל הטיסות שנשמרו בהיסטוריה: 107
שינויים בהרצה הנוכחית: 0

פירוט שינויים:
  חדשות: 0
  עודכנו: 0
  חזרו לפיד: 0
  ללא שינוי: 78
  נעלמו מהפיד: 0

קבצים שנוצרו:
  טיסות פעילות: /root/onyx/exports/villiers_empty_legs_current_2026-08-06_16-47-01.csv
  כל ההיסטוריה: /root/onyx/exports/villiers_empty_legs_all_2026-08-06_16-47-01.csv
  שינויים בלבד: /root/onyx/exports/villiers_empty_legs_changes_2026-08-06_16-47-01.csv
  קובץ מצב: /root/onyx/data/villiers_state.json
[2/4] Creating website flights.json...
No local CSV was found. Falling back to RSS.
Downloading Villiers RSS...
Saved 78 flights.
Output: /root/onyx/data/flights.json
[3/4] Creating global airports.json...
Loading global airport database...
Prepared 28291 airports in 234 countries.
Airport catalogue saved to: /root/onyx/data/airports.json
[4/4] Sending current flights to Telegram...
Connected to Telegram bot: @OnyxAirRadar_bot (bot ID: 8816902667)
Reading flights from: /root/onyx/exports/villiers_empty_legs_current_2026-08-06_16-47-01.csv
Loaded 78 active Empty Leg flights.
Processing 2 users.
Sent 2 of 2 flights in 1 messages to yedidya (1049883799)
Skipping 7445310755 (Frequency: 3h, hours passed: 2.00h)
Users database updated with new timestamps.

Telegram processing complete.
Users who received flights: 1
Users with delivery errors: 0
Total flight entries delivered: 2
==================================================
ONYX Radar update completed successfully.
==================================================
[main 194f75e] Auto-update flights data and telegram alerts from server
 8 files changed, 504 insertions(+), 238 deletions(-)
 create mode 100644 exports/villiers_empty_legs_all_2026-08-06_16-47-01.csv
 create mode 100644 exports/villiers_empty_legs_changes_2026-08-06_16-47-01.csv
 create mode 100644 exports/villiers_empty_legs_current_2026-08-06_16-47-01.csv
To https://github.com/yedidiwah/onyx.git
 ! [rejected]        main -> main (fetch first)
error: failed to push some refs to 'https://github.com/yedidiwah/onyx.git'
hint: Updates were rejected because the remote contains work that you do not
hint: have locally. This is usually caused by another repository pushing to
hint: the same ref. If you want to integrate the remote changes, use
hint: 'git pull' before pushing again.
hint: See the 'Note about fast-forwards' in 'git push --help' for details.
==================================================
ONYX Radar Full Update
==================================================
[1/4] Downloading current Villiers flights...
טוען את מאגר שדות התעופה...
נטענו 28291 שדות תעופה.

מוריד את נתוני ה-RSS...
הפיד זוהה כפיד Empty Legs.
נמצאו 78 פריטים בפיד.

טיסה ראשונה לדוגמה:
מוצא: KBFI / BFI - Boeing Field/King County International Airport
יעד: KCRQ / CLD - Mc Clellan-Palomar Airport
תאריך מקורי: 06 August 2026
תאריך ISO: 2026-08-06
שעת יציאה: 12:00
מחיר: $10,213
מחיר מנורמל: 10213 USD
מטוס: Citation CJ3
מושבים: 7
סטטוס שינוי: unchanged

שם הפיד: Villiers Empty Legs - Affiliate ADHUHR
טיסות פעילות בפיד: 78
כל הטיסות שנשמרו בהיסטוריה: 107
שינויים בהרצה הנוכחית: 0

פירוט שינויים:
  חדשות: 0
  עודכנו: 0
  חזרו לפיד: 0
  ללא שינוי: 78
  נעלמו מהפיד: 0

קבצים שנוצרו:
  טיסות פעילות: /root/onyx/exports/villiers_empty_legs_current_2026-08-06_17-17-01.csv
  כל ההיסטוריה: /root/onyx/exports/villiers_empty_legs_all_2026-08-06_17-17-01.csv
  שינויים בלבד: /root/onyx/exports/villiers_empty_legs_changes_2026-08-06_17-17-01.csv
  קובץ מצב: /root/onyx/data/villiers_state.json
[2/4] Creating website flights.json...
No local CSV was found. Falling back to RSS.
Downloading Villiers RSS...
Saved 78 flights.
Output: /root/onyx/data/flights.json
[3/4] Creating global airports.json...
Loading global airport database...
Prepared 28291 airports in 234 countries.
Airport catalogue saved to: /root/onyx/data/airports.json
[4/4] Sending current flights to Telegram...
Connected to Telegram bot: @OnyxAirRadar_bot (bot ID: 8816902667)
Reading flights from: /root/onyx/exports/villiers_empty_legs_current_2026-08-06_17-17-01.csv
Loaded 78 active Empty Leg flights.
Processing 2 users.
Skipping 1049883799 (Frequency: 3h, hours passed: 0.50h)
Skipping 7445310755 (Frequency: 3h, hours passed: 2.50h)

Telegram processing complete.
Users who received flights: 0
Users with delivery errors: 0
Total flight entries delivered: 0
==================================================
ONYX Radar update completed successfully.
==================================================
[main 08e19c9] Auto-update flights data and telegram alerts from server
 7 files changed, 502 insertions(+), 237 deletions(-)
 create mode 100644 exports/villiers_empty_legs_all_2026-08-06_17-17-01.csv
 create mode 100644 exports/villiers_empty_legs_changes_2026-08-06_17-17-01.csv
 create mode 100644 exports/villiers_empty_legs_current_2026-08-06_17-17-01.csv
To https://github.com/yedidiwah/onyx.git
 ! [rejected]        main -> main (fetch first)
error: failed to push some refs to 'https://github.com/yedidiwah/onyx.git'
hint: Updates were rejected because the remote contains work that you do not
hint: have locally. This is usually caused by another repository pushing to
hint: the same ref. If you want to integrate the remote changes, use
hint: 'git pull' before pushing again.
hint: See the 'Note about fast-forwards' in 'git push --help' for details.
==================================================
ONYX Radar Full Update
==================================================
[1/4] Downloading current Villiers flights...
טוען את מאגר שדות התעופה...
נטענו 28291 שדות תעופה.

מוריד את נתוני ה-RSS...
הפיד זוהה כפיד Empty Legs.
נמצאו 78 פריטים בפיד.

טיסה ראשונה לדוגמה:
מוצא: KBFI / BFI - Boeing Field/King County International Airport
יעד: KCRQ / CLD - Mc Clellan-Palomar Airport
תאריך מקורי: 06 August 2026
תאריך ISO: 2026-08-06
שעת יציאה: 12:00
מחיר: $10,213
מחיר מנורמל: 10213 USD
מטוס: Citation CJ3
מושבים: 7
סטטוס שינוי: unchanged

שם הפיד: Villiers Empty Legs - Affiliate ADHUHR
טיסות פעילות בפיד: 78
כל הטיסות שנשמרו בהיסטוריה: 107
שינויים בהרצה הנוכחית: 0

פירוט שינויים:
  חדשות: 0
  עודכנו: 0
  חזרו לפיד: 0
  ללא שינוי: 78
  נעלמו מהפיד: 0

קבצים שנוצרו:
  טיסות פעילות: /root/onyx/exports/villiers_empty_legs_current_2026-08-06_17-47-02.csv
  כל ההיסטוריה: /root/onyx/exports/villiers_empty_legs_all_2026-08-06_17-47-02.csv
  שינויים בלבד: /root/onyx/exports/villiers_empty_legs_changes_2026-08-06_17-47-02.csv
  קובץ מצב: /root/onyx/data/villiers_state.json
[2/4] Creating website flights.json...
No local CSV was found. Falling back to RSS.
Downloading Villiers RSS...
Saved 78 flights.
Output: /root/onyx/data/flights.json
[3/4] Creating global airports.json...
Loading global airport database...
Prepared 28291 airports in 234 countries.
Airport catalogue saved to: /root/onyx/data/airports.json
[4/4] Sending current flights to Telegram...
Connected to Telegram bot: @OnyxAirRadar_bot (bot ID: 8816902667)
Reading flights from: /root/onyx/exports/villiers_empty_legs_current_2026-08-06_17-47-02.csv
Loaded 78 active Empty Leg flights.
Processing 2 users.
Skipping 1049883799 (Frequency: 3h, hours passed: 1.00h)
Sent 2 of 2 flights in 1 messages to Yedidya (7445310755)
Users database updated with new timestamps.

Telegram processing complete.
Users who received flights: 1
Users with delivery errors: 0
Total flight entries delivered: 2
==================================================
ONYX Radar update completed successfully.
==================================================
[main 97b0391] Auto-update flights data and telegram alerts from server
 8 files changed, 504 insertions(+), 238 deletions(-)
 create mode 100644 exports/villiers_empty_legs_all_2026-08-06_17-47-02.csv
 create mode 100644 exports/villiers_empty_legs_changes_2026-08-06_17-47-02.csv
 create mode 100644 exports/villiers_empty_legs_current_2026-08-06_17-47-02.csv
To https://github.com/yedidiwah/onyx.git
 ! [rejected]        main -> main (fetch first)
error: failed to push some refs to 'https://github.com/yedidiwah/onyx.git'
hint: Updates were rejected because the remote contains work that you do not
hint: have locally. This is usually caused by another repository pushing to
hint: the same ref. If you want to integrate the remote changes, use
hint: 'git pull' before pushing again.
hint: See the 'Note about fast-forwards' in 'git push --help' for details.
==================================================
ONYX Radar Full Update
==================================================
[1/4] Downloading current Villiers flights...
טוען את מאגר שדות התעופה...
נטענו 28291 שדות תעופה.

מוריד את נתוני ה-RSS...
הפיד זוהה כפיד Empty Legs.
נמצאו 78 פריטים בפיד.

טיסה ראשונה לדוגמה:
מוצא: KBFI / BFI - Boeing Field/King County International Airport
יעד: KCRQ / CLD - Mc Clellan-Palomar Airport
תאריך מקורי: 06 August 2026
תאריך ISO: 2026-08-06
שעת יציאה: 12:00
מחיר: $10,213
מחיר מנורמל: 10213 USD
מטוס: Citation CJ3
מושבים: 7
סטטוס שינוי: unchanged

שם הפיד: Villiers Empty Legs - Affiliate ADHUHR
טיסות פעילות בפיד: 78
כל הטיסות שנשמרו בהיסטוריה: 107
שינויים בהרצה הנוכחית: 0

פירוט שינויים:
  חדשות: 0
  עודכנו: 0
  חזרו לפיד: 0
  ללא שינוי: 78
  נעלמו מהפיד: 0

קבצים שנוצרו:
  טיסות פעילות: /root/onyx/exports/villiers_empty_legs_current_2026-08-06_18-17-01.csv
  כל ההיסטוריה: /root/onyx/exports/villiers_empty_legs_all_2026-08-06_18-17-01.csv
  שינויים בלבד: /root/onyx/exports/villiers_empty_legs_changes_2026-08-06_18-17-01.csv
  קובץ מצב: /root/onyx/data/villiers_state.json
[2/4] Creating website flights.json...
No local CSV was found. Falling back to RSS.
Downloading Villiers RSS...
Saved 78 flights.
Output: /root/onyx/data/flights.json
[3/4] Creating global airports.json...
Loading global airport database...
Prepared 28291 airports in 234 countries.
Airport catalogue saved to: /root/onyx/data/airports.json
[4/4] Sending current flights to Telegram...
Connected to Telegram bot: @OnyxAirRadar_bot (bot ID: 8816902667)
Reading flights from: /root/onyx/exports/villiers_empty_legs_current_2026-08-06_18-17-01.csv
Loaded 78 active Empty Leg flights.
Processing 2 users.
Skipping 1049883799 (Frequency: 3h, hours passed: 1.50h)
Skipping 7445310755 (Frequency: 3h, hours passed: 0.50h)

Telegram processing complete.
Users who received flights: 0
Users with delivery errors: 0
Total flight entries delivered: 0
==================================================
ONYX Radar update completed successfully.
==================================================
[main 3962128] Auto-update flights data and telegram alerts from server
 7 files changed, 502 insertions(+), 237 deletions(-)
 create mode 100644 exports/villiers_empty_legs_all_2026-08-06_18-17-01.csv
 create mode 100644 exports/villiers_empty_legs_changes_2026-08-06_18-17-01.csv
 create mode 100644 exports/villiers_empty_legs_current_2026-08-06_18-17-01.csv
To https://github.com/yedidiwah/onyx.git
 ! [rejected]        main -> main (fetch first)
error: failed to push some refs to 'https://github.com/yedidiwah/onyx.git'
hint: Updates were rejected because the remote contains work that you do not
hint: have locally. This is usually caused by another repository pushing to
hint: the same ref. If you want to integrate the remote changes, use
hint: 'git pull' before pushing again.
hint: See the 'Note about fast-forwards' in 'git push --help' for details.
==================================================
ONYX Radar Full Update
==================================================
[1/4] Downloading current Villiers flights...
טוען את מאגר שדות התעופה...
נטענו 28291 שדות תעופה.

מוריד את נתוני ה-RSS...
הפיד זוהה כפיד Empty Legs.
נמצאו 78 פריטים בפיד.

טיסה ראשונה לדוגמה:
מוצא: KBFI / BFI - Boeing Field/King County International Airport
יעד: KCRQ / CLD - Mc Clellan-Palomar Airport
תאריך מקורי: 06 August 2026
תאריך ISO: 2026-08-06
שעת יציאה: 12:00
מחיר: $10,213
מחיר מנורמל: 10213 USD
מטוס: Citation CJ3
מושבים: 7
סטטוס שינוי: unchanged

שם הפיד: Villiers Empty Legs - Affiliate ADHUHR
טיסות פעילות בפיד: 78
כל הטיסות שנשמרו בהיסטוריה: 107
שינויים בהרצה הנוכחית: 0

פירוט שינויים:
  חדשות: 0
  עודכנו: 0
  חזרו לפיד: 0
  ללא שינוי: 78
  נעלמו מהפיד: 0

קבצים שנוצרו:
  טיסות פעילות: /root/onyx/exports/villiers_empty_legs_current_2026-08-06_18-47-02.csv
  כל ההיסטוריה: /root/onyx/exports/villiers_empty_legs_all_2026-08-06_18-47-02.csv
  שינויים בלבד: /root/onyx/exports/villiers_empty_legs_changes_2026-08-06_18-47-02.csv
  קובץ מצב: /root/onyx/data/villiers_state.json
[2/4] Creating website flights.json...
No local CSV was found. Falling back to RSS.
Downloading Villiers RSS...
Saved 78 flights.
Output: /root/onyx/data/flights.json
[3/4] Creating global airports.json...
Loading global airport database...
Prepared 28291 airports in 234 countries.
Airport catalogue saved to: /root/onyx/data/airports.json
[4/4] Sending current flights to Telegram...
Connected to Telegram bot: @OnyxAirRadar_bot (bot ID: 8816902667)
Reading flights from: /root/onyx/exports/villiers_empty_legs_current_2026-08-06_18-47-02.csv
Loaded 78 active Empty Leg flights.
Processing 2 users.
Skipping 1049883799 (Frequency: 3h, hours passed: 2.00h)
Skipping 7445310755 (Frequency: 3h, hours passed: 1.00h)

Telegram processing complete.
Users who received flights: 0
Users with delivery errors: 0
Total flight entries delivered: 0
==================================================
ONYX Radar update completed successfully.
==================================================
[main 42fc9c4] Auto-update flights data and telegram alerts from server
 7 files changed, 502 insertions(+), 237 deletions(-)
 create mode 100644 exports/villiers_empty_legs_all_2026-08-06_18-47-02.csv
 create mode 100644 exports/villiers_empty_legs_changes_2026-08-06_18-47-02.csv
 create mode 100644 exports/villiers_empty_legs_current_2026-08-06_18-47-02.csv
To https://github.com/yedidiwah/onyx.git
 ! [rejected]        main -> main (fetch first)
error: failed to push some refs to 'https://github.com/yedidiwah/onyx.git'
hint: Updates were rejected because the remote contains work that you do not
hint: have locally. This is usually caused by another repository pushing to
hint: the same ref. If you want to integrate the remote changes, use
hint: 'git pull' before pushing again.
hint: See the 'Note about fast-forwards' in 'git push --help' for details.
==================================================
ONYX Radar Full Update
==================================================
[1/4] Downloading current Villiers flights...
טוען את מאגר שדות התעופה...
נטענו 28291 שדות תעופה.

מוריד את נתוני ה-RSS...
הפיד זוהה כפיד Empty Legs.
נמצאו 78 פריטים בפיד.

טיסה ראשונה לדוגמה:
מוצא: KBFI / BFI - Boeing Field/King County International Airport
יעד: KCRQ / CLD - Mc Clellan-Palomar Airport
תאריך מקורי: 06 August 2026
תאריך ISO: 2026-08-06
שעת יציאה: 12:00
מחיר: $10,213
מחיר מנורמל: 10213 USD
מטוס: Citation CJ3
מושבים: 7
סטטוס שינוי: unchanged

שם הפיד: Villiers Empty Legs - Affiliate ADHUHR
טיסות פעילות בפיד: 78
כל הטיסות שנשמרו בהיסטוריה: 107
שינויים בהרצה הנוכחית: 0

פירוט שינויים:
  חדשות: 0
  עודכנו: 0
  חזרו לפיד: 0
  ללא שינוי: 78
  נעלמו מהפיד: 0

קבצים שנוצרו:
  טיסות פעילות: /root/onyx/exports/villiers_empty_legs_current_2026-08-06_19-17-01.csv
  כל ההיסטוריה: /root/onyx/exports/villiers_empty_legs_all_2026-08-06_19-17-01.csv
  שינויים בלבד: /root/onyx/exports/villiers_empty_legs_changes_2026-08-06_19-17-01.csv
  קובץ מצב: /root/onyx/data/villiers_state.json
[2/4] Creating website flights.json...
No local CSV was found. Falling back to RSS.
Downloading Villiers RSS...
Saved 78 flights.
Output: /root/onyx/data/flights.json
[3/4] Creating global airports.json...
Loading global airport database...
Prepared 28291 airports in 234 countries.
Airport catalogue saved to: /root/onyx/data/airports.json
[4/4] Sending current flights to Telegram...
Connected to Telegram bot: @OnyxAirRadar_bot (bot ID: 8816902667)
Reading flights from: /root/onyx/exports/villiers_empty_legs_current_2026-08-06_19-17-01.csv
Loaded 78 active Empty Leg flights.
Processing 2 users.
Skipping 1049883799 (Frequency: 3h, hours passed: 2.50h)
Skipping 7445310755 (Frequency: 3h, hours passed: 1.50h)

Telegram processing complete.
Users who received flights: 0
Users with delivery errors: 0
Total flight entries delivered: 0
==================================================
ONYX Radar update completed successfully.
==================================================
[main c4d73ea] Auto-update flights data and telegram alerts from server
 7 files changed, 502 insertions(+), 237 deletions(-)
 create mode 100644 exports/villiers_empty_legs_all_2026-08-06_19-17-01.csv
 create mode 100644 exports/villiers_empty_legs_changes_2026-08-06_19-17-01.csv
 create mode 100644 exports/villiers_empty_legs_current_2026-08-06_19-17-01.csv
To https://github.com/yedidiwah/onyx.git
 ! [rejected]        main -> main (fetch first)
error: failed to push some refs to 'https://github.com/yedidiwah/onyx.git'
hint: Updates were rejected because the remote contains work that you do not
hint: have locally. This is usually caused by another repository pushing to
hint: the same ref. If you want to integrate the remote changes, use
hint: 'git pull' before pushing again.
hint: See the 'Note about fast-forwards' in 'git push --help' for details.
==================================================
ONYX Radar Full Update
==================================================
[1/4] Downloading current Villiers flights...
טוען את מאגר שדות התעופה...
נטענו 28291 שדות תעופה.

מוריד את נתוני ה-RSS...
הפיד זוהה כפיד Empty Legs.
נמצאו 78 פריטים בפיד.

טיסה ראשונה לדוגמה:
מוצא: KBFI / BFI - Boeing Field/King County International Airport
יעד: KCRQ / CLD - Mc Clellan-Palomar Airport
תאריך מקורי: 06 August 2026
תאריך ISO: 2026-08-06
שעת יציאה: 12:00
מחיר: $10,213
מחיר מנורמל: 10213 USD
מטוס: Citation CJ3
מושבים: 7
סטטוס שינוי: unchanged

שם הפיד: Villiers Empty Legs - Affiliate ADHUHR
טיסות פעילות בפיד: 78
כל הטיסות שנשמרו בהיסטוריה: 107
שינויים בהרצה הנוכחית: 0

פירוט שינויים:
  חדשות: 0
  עודכנו: 0
  חזרו לפיד: 0
  ללא שינוי: 78
  נעלמו מהפיד: 0

קבצים שנוצרו:
  טיסות פעילות: /root/onyx/exports/villiers_empty_legs_current_2026-08-06_19-47-01.csv
  כל ההיסטוריה: /root/onyx/exports/villiers_empty_legs_all_2026-08-06_19-47-01.csv
  שינויים בלבד: /root/onyx/exports/villiers_empty_legs_changes_2026-08-06_19-47-01.csv
  קובץ מצב: /root/onyx/data/villiers_state.json
[2/4] Creating website flights.json...
No local CSV was found. Falling back to RSS.
Downloading Villiers RSS...
Saved 78 flights.
Output: /root/onyx/data/flights.json
[3/4] Creating global airports.json...
Loading global airport database...
Prepared 28291 airports in 234 countries.
Airport catalogue saved to: /root/onyx/data/airports.json
[4/4] Sending current flights to Telegram...
Connected to Telegram bot: @OnyxAirRadar_bot (bot ID: 8816902667)
Reading flights from: /root/onyx/exports/villiers_empty_legs_current_2026-08-06_19-47-01.csv
Loaded 78 active Empty Leg flights.
Processing 2 users.
Sent 2 of 2 flights in 1 messages to yedidya (1049883799)
Skipping 7445310755 (Frequency: 3h, hours passed: 2.00h)
Users database updated with new timestamps.

Telegram processing complete.
Users who received flights: 1
Users with delivery errors: 0
Total flight entries delivered: 2
==================================================
ONYX Radar update completed successfully.
==================================================
[main 5c221a6] Auto-update flights data and telegram alerts from server
 8 files changed, 504 insertions(+), 238 deletions(-)
 create mode 100644 exports/villiers_empty_legs_all_2026-08-06_19-47-01.csv
 create mode 100644 exports/villiers_empty_legs_changes_2026-08-06_19-47-01.csv
 create mode 100644 exports/villiers_empty_legs_current_2026-08-06_19-47-01.csv
To https://github.com/yedidiwah/onyx.git
 ! [rejected]        main -> main (fetch first)
error: failed to push some refs to 'https://github.com/yedidiwah/onyx.git'
hint: Updates were rejected because the remote contains work that you do not
hint: have locally. This is usually caused by another repository pushing to
hint: the same ref. If you want to integrate the remote changes, use
hint: 'git pull' before pushing again.
hint: See the 'Note about fast-forwards' in 'git push --help' for details.
==================================================
ONYX Radar Full Update
==================================================
[1/4] Downloading current Villiers flights...
טוען את מאגר שדות התעופה...
נטענו 28291 שדות תעופה.

מוריד את נתוני ה-RSS...
הפיד זוהה כפיד Empty Legs.
נמצאו 78 פריטים בפיד.

טיסה ראשונה לדוגמה:
מוצא: KBFI / BFI - Boeing Field/King County International Airport
יעד: KCRQ / CLD - Mc Clellan-Palomar Airport
תאריך מקורי: 06 August 2026
תאריך ISO: 2026-08-06
שעת יציאה: 12:00
מחיר: $10,213
מחיר מנורמל: 10213 USD
מטוס: Citation CJ3
מושבים: 7
סטטוס שינוי: unchanged

שם הפיד: Villiers Empty Legs - Affiliate ADHUHR
טיסות פעילות בפיד: 78
כל הטיסות שנשמרו בהיסטוריה: 107
שינויים בהרצה הנוכחית: 0

פירוט שינויים:
  חדשות: 0
  עודכנו: 0
  חזרו לפיד: 0
  ללא שינוי: 78
  נעלמו מהפיד: 0

קבצים שנוצרו:
  טיסות פעילות: /root/onyx/exports/villiers_empty_legs_current_2026-08-06_20-17-01.csv
  כל ההיסטוריה: /root/onyx/exports/villiers_empty_legs_all_2026-08-06_20-17-01.csv
  שינויים בלבד: /root/onyx/exports/villiers_empty_legs_changes_2026-08-06_20-17-01.csv
  קובץ מצב: /root/onyx/data/villiers_state.json
[2/4] Creating website flights.json...
No local CSV was found. Falling back to RSS.
Downloading Villiers RSS...
Saved 78 flights.
Output: /root/onyx/data/flights.json
[3/4] Creating global airports.json...
Loading global airport database...
Prepared 28291 airports in 234 countries.
Airport catalogue saved to: /root/onyx/data/airports.json
[4/4] Sending current flights to Telegram...
Connected to Telegram bot: @OnyxAirRadar_bot (bot ID: 8816902667)
Reading flights from: /root/onyx/exports/villiers_empty_legs_current_2026-08-06_20-17-01.csv
Loaded 78 active Empty Leg flights.
Processing 2 users.
Skipping 1049883799 (Frequency: 3h, hours passed: 0.50h)
Skipping 7445310755 (Frequency: 3h, hours passed: 2.50h)

Telegram processing complete.
Users who received flights: 0
Users with delivery errors: 0
Total flight entries delivered: 0
==================================================
ONYX Radar update completed successfully.
==================================================
[main c568326] Auto-update flights data and telegram alerts from server
 7 files changed, 502 insertions(+), 237 deletions(-)
 create mode 100644 exports/villiers_empty_legs_all_2026-08-06_20-17-01.csv
 create mode 100644 exports/villiers_empty_legs_changes_2026-08-06_20-17-01.csv
 create mode 100644 exports/villiers_empty_legs_current_2026-08-06_20-17-01.csv
To https://github.com/yedidiwah/onyx.git
 ! [rejected]        main -> main (fetch first)
error: failed to push some refs to 'https://github.com/yedidiwah/onyx.git'
hint: Updates were rejected because the remote contains work that you do not
hint: have locally. This is usually caused by another repository pushing to
hint: the same ref. If you want to integrate the remote changes, use
hint: 'git pull' before pushing again.
hint: See the 'Note about fast-forwards' in 'git push --help' for details.
==================================================
ONYX Radar Full Update
==================================================
[1/4] Downloading current Villiers flights...
טוען את מאגר שדות התעופה...
נטענו 28291 שדות תעופה.

מוריד את נתוני ה-RSS...
הפיד זוהה כפיד Empty Legs.
נמצאו 78 פריטים בפיד.

טיסה ראשונה לדוגמה:
מוצא: KBFI / BFI - Boeing Field/King County International Airport
יעד: KCRQ / CLD - Mc Clellan-Palomar Airport
תאריך מקורי: 06 August 2026
תאריך ISO: 2026-08-06
שעת יציאה: 12:00
מחיר: $10,213
מחיר מנורמל: 10213 USD
מטוס: Citation CJ3
מושבים: 7
סטטוס שינוי: unchanged

שם הפיד: Villiers Empty Legs - Affiliate ADHUHR
טיסות פעילות בפיד: 78
כל הטיסות שנשמרו בהיסטוריה: 107
שינויים בהרצה הנוכחית: 0

פירוט שינויים:
  חדשות: 0
  עודכנו: 0
  חזרו לפיד: 0
  ללא שינוי: 78
  נעלמו מהפיד: 0

קבצים שנוצרו:
  טיסות פעילות: /root/onyx/exports/villiers_empty_legs_current_2026-08-06_20-47-01.csv
  כל ההיסטוריה: /root/onyx/exports/villiers_empty_legs_all_2026-08-06_20-47-01.csv
  שינויים בלבד: /root/onyx/exports/villiers_empty_legs_changes_2026-08-06_20-47-01.csv
  קובץ מצב: /root/onyx/data/villiers_state.json
[2/4] Creating website flights.json...
No local CSV was found. Falling back to RSS.
Downloading Villiers RSS...
Saved 78 flights.
Output: /root/onyx/data/flights.json
[3/4] Creating global airports.json...
Loading global airport database...
Prepared 28291 airports in 234 countries.
Airport catalogue saved to: /root/onyx/data/airports.json
[4/4] Sending current flights to Telegram...
Connected to Telegram bot: @OnyxAirRadar_bot (bot ID: 8816902667)
Reading flights from: /root/onyx/exports/villiers_empty_legs_current_2026-08-06_20-47-01.csv
Loaded 78 active Empty Leg flights.
Processing 2 users.
Skipping 1049883799 (Frequency: 3h, hours passed: 1.00h)
Skipping 7445310755 (Frequency: 3h, hours passed: 3.00h)

Telegram processing complete.
Users who received flights: 0
Users with delivery errors: 0
Total flight entries delivered: 0
==================================================
ONYX Radar update completed successfully.
==================================================
[main 668a05e] Auto-update flights data and telegram alerts from server
 7 files changed, 502 insertions(+), 237 deletions(-)
 create mode 100644 exports/villiers_empty_legs_all_2026-08-06_20-47-01.csv
 create mode 100644 exports/villiers_empty_legs_changes_2026-08-06_20-47-01.csv
 create mode 100644 exports/villiers_empty_legs_current_2026-08-06_20-47-01.csv
To https://github.com/yedidiwah/onyx.git
 ! [rejected]        main -> main (fetch first)
error: failed to push some refs to 'https://github.com/yedidiwah/onyx.git'
hint: Updates were rejected because the remote contains work that you do not
hint: have locally. This is usually caused by another repository pushing to
hint: the same ref. If you want to integrate the remote changes, use
hint: 'git pull' before pushing again.
hint: See the 'Note about fast-forwards' in 'git push --help' for details.
==================================================
ONYX Radar Full Update
==================================================
[1/4] Downloading current Villiers flights...
טוען את מאגר שדות התעופה...
נטענו 28291 שדות תעופה.

מוריד את נתוני ה-RSS...
הפיד זוהה כפיד Empty Legs.
נמצאו 78 פריטים בפיד.

טיסה ראשונה לדוגמה:
מוצא: KBFI / BFI - Boeing Field/King County International Airport
יעד: KCRQ / CLD - Mc Clellan-Palomar Airport
תאריך מקורי: 06 August 2026
תאריך ISO: 2026-08-06
שעת יציאה: 12:00
מחיר: $10,213
מחיר מנורמל: 10213 USD
מטוס: Citation CJ3
מושבים: 7
סטטוס שינוי: unchanged

שם הפיד: Villiers Empty Legs - Affiliate ADHUHR
טיסות פעילות בפיד: 78
כל הטיסות שנשמרו בהיסטוריה: 107
שינויים בהרצה הנוכחית: 0

פירוט שינויים:
  חדשות: 0
  עודכנו: 0
  חזרו לפיד: 0
  ללא שינוי: 78
  נעלמו מהפיד: 0

קבצים שנוצרו:
  טיסות פעילות: /root/onyx/exports/villiers_empty_legs_current_2026-08-06_21-17-01.csv
  כל ההיסטוריה: /root/onyx/exports/villiers_empty_legs_all_2026-08-06_21-17-01.csv
  שינויים בלבד: /root/onyx/exports/villiers_empty_legs_changes_2026-08-06_21-17-01.csv
  קובץ מצב: /root/onyx/data/villiers_state.json
[2/4] Creating website flights.json...
No local CSV was found. Falling back to RSS.
Downloading Villiers RSS...
Saved 78 flights.
Output: /root/onyx/data/flights.json
[3/4] Creating global airports.json...
Loading global airport database...
Prepared 28291 airports in 234 countries.
Airport catalogue saved to: /root/onyx/data/airports.json
[4/4] Sending current flights to Telegram...
Connected to Telegram bot: @OnyxAirRadar_bot (bot ID: 8816902667)
Reading flights from: /root/onyx/exports/villiers_empty_legs_current_2026-08-06_21-17-01.csv
Loaded 78 active Empty Leg flights.
Processing 2 users.
Skipping 1049883799 (Frequency: 3h, hours passed: 1.50h)
Sent 2 of 2 flights in 1 messages to Yedidya (7445310755)
Users database updated with new timestamps.

Telegram processing complete.
Users who received flights: 1
Users with delivery errors: 0
Total flight entries delivered: 2
==================================================
ONYX Radar update completed successfully.
==================================================
[main 48dc55f] Auto-update flights data and telegram alerts from server
 8 files changed, 504 insertions(+), 238 deletions(-)
 create mode 100644 exports/villiers_empty_legs_all_2026-08-06_21-17-01.csv
 create mode 100644 exports/villiers_empty_legs_changes_2026-08-06_21-17-01.csv
 create mode 100644 exports/villiers_empty_legs_current_2026-08-06_21-17-01.csv
To https://github.com/yedidiwah/onyx.git
 ! [rejected]        main -> main (fetch first)
error: failed to push some refs to 'https://github.com/yedidiwah/onyx.git'
hint: Updates were rejected because the remote contains work that you do not
hint: have locally. This is usually caused by another repository pushing to
hint: the same ref. If you want to integrate the remote changes, use
hint: 'git pull' before pushing again.
hint: See the 'Note about fast-forwards' in 'git push --help' for details.
==================================================
ONYX Radar Full Update
==================================================
[1/4] Downloading current Villiers flights...
טוען את מאגר שדות התעופה...
נטענו 28291 שדות תעופה.

מוריד את נתוני ה-RSS...
הפיד זוהה כפיד Empty Legs.
נמצאו 78 פריטים בפיד.

טיסה ראשונה לדוגמה:
מוצא: KBFI / BFI - Boeing Field/King County International Airport
יעד: KCRQ / CLD - Mc Clellan-Palomar Airport
תאריך מקורי: 06 August 2026
תאריך ISO: 2026-08-06
שעת יציאה: 12:00
מחיר: $10,213
מחיר מנורמל: 10213 USD
מטוס: Citation CJ3
מושבים: 7
סטטוס שינוי: unchanged

שם הפיד: Villiers Empty Legs - Affiliate ADHUHR
טיסות פעילות בפיד: 78
כל הטיסות שנשמרו בהיסטוריה: 107
שינויים בהרצה הנוכחית: 0

פירוט שינויים:
  חדשות: 0
  עודכנו: 0
  חזרו לפיד: 0
  ללא שינוי: 78
  נעלמו מהפיד: 0

קבצים שנוצרו:
  טיסות פעילות: /root/onyx/exports/villiers_empty_legs_current_2026-08-06_21-47-01.csv
  כל ההיסטוריה: /root/onyx/exports/villiers_empty_legs_all_2026-08-06_21-47-01.csv
  שינויים בלבד: /root/onyx/exports/villiers_empty_legs_changes_2026-08-06_21-47-01.csv
  קובץ מצב: /root/onyx/data/villiers_state.json
[2/4] Creating website flights.json...
No local CSV was found. Falling back to RSS.
Downloading Villiers RSS...
Saved 78 flights.
Output: /root/onyx/data/flights.json
[3/4] Creating global airports.json...
Loading global airport database...
Prepared 28291 airports in 234 countries.
Airport catalogue saved to: /root/onyx/data/airports.json
[4/4] Sending current flights to Telegram...
Connected to Telegram bot: @OnyxAirRadar_bot (bot ID: 8816902667)
Reading flights from: /root/onyx/exports/villiers_empty_legs_current_2026-08-06_21-47-01.csv
Loaded 78 active Empty Leg flights.
Processing 2 users.
Skipping 1049883799 (Frequency: 3h, hours passed: 2.00h)
Skipping 7445310755 (Frequency: 3h, hours passed: 0.50h)

Telegram processing complete.
Users who received flights: 0
Users with delivery errors: 0
Total flight entries delivered: 0
==================================================
ONYX Radar update completed successfully.
==================================================
[main a446d22] Auto-update flights data and telegram alerts from server
 7 files changed, 502 insertions(+), 237 deletions(-)
 create mode 100644 exports/villiers_empty_legs_all_2026-08-06_21-47-01.csv
 create mode 100644 exports/villiers_empty_legs_changes_2026-08-06_21-47-01.csv
 create mode 100644 exports/villiers_empty_legs_current_2026-08-06_21-47-01.csv
To https://github.com/yedidiwah/onyx.git
 ! [rejected]        main -> main (fetch first)
error: failed to push some refs to 'https://github.com/yedidiwah/onyx.git'
hint: Updates were rejected because the remote contains work that you do not
hint: have locally. This is usually caused by another repository pushing to
hint: the same ref. If you want to integrate the remote changes, use
hint: 'git pull' before pushing again.
hint: See the 'Note about fast-forwards' in 'git push --help' for details.
==================================================
ONYX Radar Full Update
==================================================
[1/4] Downloading current Villiers flights...
טוען את מאגר שדות התעופה...
נטענו 28291 שדות תעופה.

מוריד את נתוני ה-RSS...
הפיד זוהה כפיד Empty Legs.
נמצאו 78 פריטים בפיד.

טיסה ראשונה לדוגמה:
מוצא: KBFI / BFI - Boeing Field/King County International Airport
יעד: KCRQ / CLD - Mc Clellan-Palomar Airport
תאריך מקורי: 06 August 2026
תאריך ISO: 2026-08-06
שעת יציאה: 12:00
מחיר: $10,213
מחיר מנורמל: 10213 USD
מטוס: Citation CJ3
מושבים: 7
סטטוס שינוי: unchanged

שם הפיד: Villiers Empty Legs - Affiliate ADHUHR
טיסות פעילות בפיד: 78
כל הטיסות שנשמרו בהיסטוריה: 107
שינויים בהרצה הנוכחית: 0

פירוט שינויים:
  חדשות: 0
  עודכנו: 0
  חזרו לפיד: 0
  ללא שינוי: 78
  נעלמו מהפיד: 0

קבצים שנוצרו:
  טיסות פעילות: /root/onyx/exports/villiers_empty_legs_current_2026-08-06_22-17-02.csv
  כל ההיסטוריה: /root/onyx/exports/villiers_empty_legs_all_2026-08-06_22-17-02.csv
  שינויים בלבד: /root/onyx/exports/villiers_empty_legs_changes_2026-08-06_22-17-02.csv
  קובץ מצב: /root/onyx/data/villiers_state.json
[2/4] Creating website flights.json...
No local CSV was found. Falling back to RSS.
Downloading Villiers RSS...
Saved 78 flights.
Output: /root/onyx/data/flights.json
[3/4] Creating global airports.json...
Loading global airport database...
Prepared 28291 airports in 234 countries.
Airport catalogue saved to: /root/onyx/data/airports.json
[4/4] Sending current flights to Telegram...
Connected to Telegram bot: @OnyxAirRadar_bot (bot ID: 8816902667)
Reading flights from: /root/onyx/exports/villiers_empty_legs_current_2026-08-06_22-17-02.csv
Loaded 78 active Empty Leg flights.
Processing 2 users.
Skipping 1049883799 (Frequency: 3h, hours passed: 2.50h)
Skipping 7445310755 (Frequency: 3h, hours passed: 1.00h)

Telegram processing complete.
Users who received flights: 0
Users with delivery errors: 0
Total flight entries delivered: 0
==================================================
ONYX Radar update completed successfully.
==================================================
[main 69b68f4] Auto-update flights data and telegram alerts from server
 7 files changed, 502 insertions(+), 237 deletions(-)
 create mode 100644 exports/villiers_empty_legs_all_2026-08-06_22-17-02.csv
 create mode 100644 exports/villiers_empty_legs_changes_2026-08-06_22-17-02.csv
 create mode 100644 exports/villiers_empty_legs_current_2026-08-06_22-17-02.csv
To https://github.com/yedidiwah/onyx.git
 ! [rejected]        main -> main (fetch first)
error: failed to push some refs to 'https://github.com/yedidiwah/onyx.git'
hint: Updates were rejected because the remote contains work that you do not
hint: have locally. This is usually caused by another repository pushing to
hint: the same ref. If you want to integrate the remote changes, use
hint: 'git pull' before pushing again.
hint: See the 'Note about fast-forwards' in 'git push --help' for details.
==================================================
ONYX Radar Full Update
==================================================
[1/4] Downloading current Villiers flights...
טוען את מאגר שדות התעופה...
נטענו 28291 שדות תעופה.

מוריד את נתוני ה-RSS...
הפיד זוהה כפיד Empty Legs.
נמצאו 78 פריטים בפיד.

טיסה ראשונה לדוגמה:
מוצא: KBFI / BFI - Boeing Field/King County International Airport
יעד: KCRQ / CLD - Mc Clellan-Palomar Airport
תאריך מקורי: 06 August 2026
תאריך ISO: 2026-08-06
שעת יציאה: 12:00
מחיר: $10,213
מחיר מנורמל: 10213 USD
מטוס: Citation CJ3
מושבים: 7
סטטוס שינוי: unchanged

שם הפיד: Villiers Empty Legs - Affiliate ADHUHR
טיסות פעילות בפיד: 78
כל הטיסות שנשמרו בהיסטוריה: 107
שינויים בהרצה הנוכחית: 0

פירוט שינויים:
  חדשות: 0
  עודכנו: 0
  חזרו לפיד: 0
  ללא שינוי: 78
  נעלמו מהפיד: 0

קבצים שנוצרו:
  טיסות פעילות: /root/onyx/exports/villiers_empty_legs_current_2026-08-06_22-47-02.csv
  כל ההיסטוריה: /root/onyx/exports/villiers_empty_legs_all_2026-08-06_22-47-02.csv
  שינויים בלבד: /root/onyx/exports/villiers_empty_legs_changes_2026-08-06_22-47-02.csv
  קובץ מצב: /root/onyx/data/villiers_state.json
[2/4] Creating website flights.json...
No local CSV was found. Falling back to RSS.
Downloading Villiers RSS...
Saved 78 flights.
Output: /root/onyx/data/flights.json
[3/4] Creating global airports.json...
Loading global airport database...
Prepared 28291 airports in 234 countries.
Airport catalogue saved to: /root/onyx/data/airports.json
[4/4] Sending current flights to Telegram...
Connected to Telegram bot: @OnyxAirRadar_bot (bot ID: 8816902667)
Reading flights from: /root/onyx/exports/villiers_empty_legs_current_2026-08-06_22-47-02.csv
Loaded 78 active Empty Leg flights.
Processing 2 users.
Sent 2 of 2 flights in 1 messages to yedidya (1049883799)
Skipping 7445310755 (Frequency: 3h, hours passed: 1.50h)
Users database updated with new timestamps.

Telegram processing complete.
Users who received flights: 1
Users with delivery errors: 0
Total flight entries delivered: 2
==================================================
ONYX Radar update completed successfully.
==================================================
[main a8b2488] Auto-update flights data and telegram alerts from server
 8 files changed, 504 insertions(+), 238 deletions(-)
 create mode 100644 exports/villiers_empty_legs_all_2026-08-06_22-47-02.csv
 create mode 100644 exports/villiers_empty_legs_changes_2026-08-06_22-47-02.csv
 create mode 100644 exports/villiers_empty_legs_current_2026-08-06_22-47-02.csv
To https://github.com/yedidiwah/onyx.git
 ! [rejected]        main -> main (fetch first)
error: failed to push some refs to 'https://github.com/yedidiwah/onyx.git'
hint: Updates were rejected because the remote contains work that you do not
hint: have locally. This is usually caused by another repository pushing to
hint: the same ref. If you want to integrate the remote changes, use
hint: 'git pull' before pushing again.
hint: See the 'Note about fast-forwards' in 'git push --help' for details.
==================================================
ONYX Radar Full Update
==================================================
[1/4] Downloading current Villiers flights...
טוען את מאגר שדות התעופה...
נטענו 28291 שדות תעופה.

מוריד את נתוני ה-RSS...
הפיד זוהה כפיד Empty Legs.
נמצאו 78 פריטים בפיד.

טיסה ראשונה לדוגמה:
מוצא: KBFI / BFI - Boeing Field/King County International Airport
יעד: KCRQ / CLD - Mc Clellan-Palomar Airport
תאריך מקורי: 06 August 2026
תאריך ISO: 2026-08-06
שעת יציאה: 12:00
מחיר: $10,213
מחיר מנורמל: 10213 USD
מטוס: Citation CJ3
מושבים: 7
סטטוס שינוי: unchanged

שם הפיד: Villiers Empty Legs - Affiliate ADHUHR
טיסות פעילות בפיד: 78
כל הטיסות שנשמרו בהיסטוריה: 107
שינויים בהרצה הנוכחית: 0

פירוט שינויים:
  חדשות: 0
  עודכנו: 0
  חזרו לפיד: 0
  ללא שינוי: 78
  נעלמו מהפיד: 0

קבצים שנוצרו:
  טיסות פעילות: /root/onyx/exports/villiers_empty_legs_current_2026-08-06_23-17-01.csv
  כל ההיסטוריה: /root/onyx/exports/villiers_empty_legs_all_2026-08-06_23-17-01.csv
  שינויים בלבד: /root/onyx/exports/villiers_empty_legs_changes_2026-08-06_23-17-01.csv
  קובץ מצב: /root/onyx/data/villiers_state.json
[2/4] Creating website flights.json...
No local CSV was found. Falling back to RSS.
Downloading Villiers RSS...
Saved 78 flights.
Output: /root/onyx/data/flights.json
[3/4] Creating global airports.json...
Loading global airport database...
Prepared 28291 airports in 234 countries.
Airport catalogue saved to: /root/onyx/data/airports.json
[4/4] Sending current flights to Telegram...
Connected to Telegram bot: @OnyxAirRadar_bot (bot ID: 8816902667)
Reading flights from: /root/onyx/exports/villiers_empty_legs_current_2026-08-06_23-17-01.csv
Loaded 78 active Empty Leg flights.
Processing 2 users.
Skipping 1049883799 (Frequency: 3h, hours passed: 0.50h)
Skipping 7445310755 (Frequency: 3h, hours passed: 2.00h)

Telegram processing complete.
Users who received flights: 0
Users with delivery errors: 0
Total flight entries delivered: 0
==================================================
ONYX Radar update completed successfully.
==================================================
[main 4bcfc5f] Auto-update flights data and telegram alerts from server
 7 files changed, 502 insertions(+), 237 deletions(-)
 create mode 100644 exports/villiers_empty_legs_all_2026-08-06_23-17-01.csv
 create mode 100644 exports/villiers_empty_legs_changes_2026-08-06_23-17-01.csv
 create mode 100644 exports/villiers_empty_legs_current_2026-08-06_23-17-01.csv
To https://github.com/yedidiwah/onyx.git
 ! [rejected]        main -> main (fetch first)
error: failed to push some refs to 'https://github.com/yedidiwah/onyx.git'
hint: Updates were rejected because the remote contains work that you do not
hint: have locally. This is usually caused by another repository pushing to
hint: the same ref. If you want to integrate the remote changes, use
hint: 'git pull' before pushing again.
hint: See the 'Note about fast-forwards' in 'git push --help' for details.
==================================================
ONYX Radar Full Update
==================================================
[1/4] Downloading current Villiers flights...
טוען את מאגר שדות התעופה...
נטענו 28291 שדות תעופה.

מוריד את נתוני ה-RSS...
הפיד זוהה כפיד Empty Legs.
נמצאו 78 פריטים בפיד.

טיסה ראשונה לדוגמה:
מוצא: KBFI / BFI - Boeing Field/King County International Airport
יעד: KCRQ / CLD - Mc Clellan-Palomar Airport
תאריך מקורי: 06 August 2026
תאריך ISO: 2026-08-06
שעת יציאה: 12:00
מחיר: $10,213
מחיר מנורמל: 10213 USD
מטוס: Citation CJ3
מושבים: 7
סטטוס שינוי: unchanged

שם הפיד: Villiers Empty Legs - Affiliate ADHUHR
טיסות פעילות בפיד: 78
כל הטיסות שנשמרו בהיסטוריה: 107
שינויים בהרצה הנוכחית: 0

פירוט שינויים:
  חדשות: 0
  עודכנו: 0
  חזרו לפיד: 0
  ללא שינוי: 78
  נעלמו מהפיד: 0

קבצים שנוצרו:
  טיסות פעילות: /root/onyx/exports/villiers_empty_legs_current_2026-08-06_23-47-02.csv
  כל ההיסטוריה: /root/onyx/exports/villiers_empty_legs_all_2026-08-06_23-47-02.csv
  שינויים בלבד: /root/onyx/exports/villiers_empty_legs_changes_2026-08-06_23-47-02.csv
  קובץ מצב: /root/onyx/data/villiers_state.json
[2/4] Creating website flights.json...
No local CSV was found. Falling back to RSS.
Downloading Villiers RSS...
Saved 78 flights.
Output: /root/onyx/data/flights.json
[3/4] Creating global airports.json...
Loading global airport database...
Prepared 28291 airports in 234 countries.
Airport catalogue saved to: /root/onyx/data/airports.json
[4/4] Sending current flights to Telegram...
Connected to Telegram bot: @OnyxAirRadar_bot (bot ID: 8816902667)
Reading flights from: /root/onyx/exports/villiers_empty_legs_current_2026-08-06_23-47-02.csv
Loaded 78 active Empty Leg flights.
Processing 2 users.
Skipping 1049883799 (Frequency: 3h, hours passed: 1.00h)
Skipping 7445310755 (Frequency: 3h, hours passed: 2.50h)

Telegram processing complete.
Users who received flights: 0
Users with delivery errors: 0
Total flight entries delivered: 0
==================================================
ONYX Radar update completed successfully.
==================================================
[main de08533] Auto-update flights data and telegram alerts from server
 7 files changed, 502 insertions(+), 237 deletions(-)
 create mode 100644 exports/villiers_empty_legs_all_2026-08-06_23-47-02.csv
 create mode 100644 exports/villiers_empty_legs_changes_2026-08-06_23-47-02.csv
 create mode 100644 exports/villiers_empty_legs_current_2026-08-06_23-47-02.csv
To https://github.com/yedidiwah/onyx.git
 ! [rejected]        main -> main (fetch first)
error: failed to push some refs to 'https://github.com/yedidiwah/onyx.git'
hint: Updates were rejected because the remote contains work that you do not
hint: have locally. This is usually caused by another repository pushing to
hint: the same ref. If you want to integrate the remote changes, use
hint: 'git pull' before pushing again.
hint: See the 'Note about fast-forwards' in 'git push --help' for details.
==================================================
ONYX Radar Full Update
==================================================
[1/4] Downloading current Villiers flights...
טוען את מאגר שדות התעופה...
נטענו 28291 שדות תעופה.

מוריד את נתוני ה-RSS...
הפיד זוהה כפיד Empty Legs.
נמצאו 73 פריטים בפיד.

טיסה ראשונה לדוגמה:
מוצא: KAUS / AUS - Austin-Bergstrom International Airport
יעד: KHOU / HOU - William P Hobby Airport
תאריך מקורי: 07 August 2026
תאריך ISO: 2026-08-07
שעת יציאה: 12:00
מחיר: $2,150
מחיר מנורמל: 2150 USD
מטוס: Cessna Citation V
מושבים: 7
סטטוס שינוי: unchanged

שם הפיד: Villiers Empty Legs - Affiliate ADHUHR
טיסות פעילות בפיד: 73
כל הטיסות שנשמרו בהיסטוריה: 107
שינויים בהרצה הנוכחית: 5

פירוט שינויים:
  חדשות: 0
  עודכנו: 0
  חזרו לפיד: 0
  ללא שינוי: 73
  נעלמו מהפיד: 5

קבצים שנוצרו:
  טיסות פעילות: /root/onyx/exports/villiers_empty_legs_current_2026-08-07_00-17-01.csv
  כל ההיסטוריה: /root/onyx/exports/villiers_empty_legs_all_2026-08-07_00-17-01.csv
  שינויים בלבד: /root/onyx/exports/villiers_empty_legs_changes_2026-08-07_00-17-01.csv
  קובץ מצב: /root/onyx/data/villiers_state.json
[2/4] Creating website flights.json...
No local CSV was found. Falling back to RSS.
Downloading Villiers RSS...
Saved 73 flights.
Output: /root/onyx/data/flights.json
[3/4] Creating global airports.json...
Loading global airport database...
Prepared 28291 airports in 234 countries.
Airport catalogue saved to: /root/onyx/data/airports.json
[4/4] Sending current flights to Telegram...
Connected to Telegram bot: @OnyxAirRadar_bot (bot ID: 8816902667)
Reading flights from: /root/onyx/exports/villiers_empty_legs_current_2026-08-07_00-17-01.csv
Loaded 73 active Empty Leg flights.
Processing 2 users.
Skipping 1049883799 (Frequency: 3h, hours passed: 1.50h)
Skipping 7445310755 (Frequency: 3h, hours passed: 3.00h)

Telegram processing complete.
Users who received flights: 0
Users with delivery errors: 0
Total flight entries delivered: 0
==================================================
ONYX Radar update completed successfully.
==================================================
[main 350ccea] Auto-update flights data and telegram alerts from server
 7 files changed, 693 insertions(+), 598 deletions(-)
 create mode 100644 exports/villiers_empty_legs_all_2026-08-07_00-17-01.csv
 create mode 100644 exports/villiers_empty_legs_changes_2026-08-07_00-17-01.csv
 create mode 100644 exports/villiers_empty_legs_current_2026-08-07_00-17-01.csv
To https://github.com/yedidiwah/onyx.git
 ! [rejected]        main -> main (fetch first)
error: failed to push some refs to 'https://github.com/yedidiwah/onyx.git'
hint: Updates were rejected because the remote contains work that you do not
hint: have locally. This is usually caused by another repository pushing to
hint: the same ref. If you want to integrate the remote changes, use
hint: 'git pull' before pushing again.
hint: See the 'Note about fast-forwards' in 'git push --help' for details.
==================================================
ONYX Radar Full Update
==================================================
[1/4] Downloading current Villiers flights...
טוען את מאגר שדות התעופה...
נטענו 28291 שדות תעופה.

מוריד את נתוני ה-RSS...
הפיד זוהה כפיד Empty Legs.
נמצאו 73 פריטים בפיד.

טיסה ראשונה לדוגמה:
מוצא: KAUS / AUS - Austin-Bergstrom International Airport
יעד: KHOU / HOU - William P Hobby Airport
תאריך מקורי: 07 August 2026
תאריך ISO: 2026-08-07
שעת יציאה: 12:00
מחיר: $2,150
מחיר מנורמל: 2150 USD
מטוס: Cessna Citation V
מושבים: 7
סטטוס שינוי: unchanged

שם הפיד: Villiers Empty Legs - Affiliate ADHUHR
טיסות פעילות בפיד: 73
כל הטיסות שנשמרו בהיסטוריה: 107
שינויים בהרצה הנוכחית: 0

פירוט שינויים:
  חדשות: 0
  עודכנו: 0
  חזרו לפיד: 0
  ללא שינוי: 73
  נעלמו מהפיד: 0

קבצים שנוצרו:
  טיסות פעילות: /root/onyx/exports/villiers_empty_legs_current_2026-08-07_00-47-01.csv
  כל ההיסטוריה: /root/onyx/exports/villiers_empty_legs_all_2026-08-07_00-47-01.csv
  שינויים בלבד: /root/onyx/exports/villiers_empty_legs_changes_2026-08-07_00-47-01.csv
  קובץ מצב: /root/onyx/data/villiers_state.json
[2/4] Creating website flights.json...
No local CSV was found. Falling back to RSS.
Downloading Villiers RSS...
Saved 73 flights.
Output: /root/onyx/data/flights.json
[3/4] Creating global airports.json...
Loading global airport database...
Prepared 28291 airports in 234 countries.
Airport catalogue saved to: /root/onyx/data/airports.json
[4/4] Sending current flights to Telegram...
Connected to Telegram bot: @OnyxAirRadar_bot (bot ID: 8816902667)
Reading flights from: /root/onyx/exports/villiers_empty_legs_current_2026-08-07_00-47-01.csv
Loaded 73 active Empty Leg flights.
Processing 2 users.
Skipping 1049883799 (Frequency: 3h, hours passed: 2.00h)
Sent 2 of 2 flights in 1 messages to Yedidya (7445310755)
Users database updated with new timestamps.

Telegram processing complete.
Users who received flights: 1
Users with delivery errors: 0
Total flight entries delivered: 2
==================================================
ONYX Radar update completed successfully.
==================================================
[main 3fb7e07] Auto-update flights data and telegram alerts from server
 8 files changed, 489 insertions(+), 228 deletions(-)
 create mode 100644 exports/villiers_empty_legs_all_2026-08-07_00-47-01.csv
 create mode 100644 exports/villiers_empty_legs_changes_2026-08-07_00-47-01.csv
 create mode 100644 exports/villiers_empty_legs_current_2026-08-07_00-47-01.csv
To https://github.com/yedidiwah/onyx.git
 ! [rejected]        main -> main (fetch first)
error: failed to push some refs to 'https://github.com/yedidiwah/onyx.git'
hint: Updates were rejected because the remote contains work that you do not
hint: have locally. This is usually caused by another repository pushing to
hint: the same ref. If you want to integrate the remote changes, use
hint: 'git pull' before pushing again.
hint: See the 'Note about fast-forwards' in 'git push --help' for details.
==================================================
ONYX Radar Full Update
==================================================
[1/4] Downloading current Villiers flights...
טוען את מאגר שדות התעופה...
נטענו 28291 שדות תעופה.

מוריד את נתוני ה-RSS...
הפיד זוהה כפיד Empty Legs.
נמצאו 73 פריטים בפיד.

טיסה ראשונה לדוגמה:
מוצא: KAUS / AUS - Austin-Bergstrom International Airport
יעד: KHOU / HOU - William P Hobby Airport
תאריך מקורי: 07 August 2026
תאריך ISO: 2026-08-07
שעת יציאה: 12:00
מחיר: $2,150
מחיר מנורמל: 2150 USD
מטוס: Cessna Citation V
מושבים: 7
סטטוס שינוי: unchanged

שם הפיד: Villiers Empty Legs - Affiliate ADHUHR
טיסות פעילות בפיד: 73
כל הטיסות שנשמרו בהיסטוריה: 107
שינויים בהרצה הנוכחית: 0

פירוט שינויים:
  חדשות: 0
  עודכנו: 0
  חזרו לפיד: 0
  ללא שינוי: 73
  נעלמו מהפיד: 0

קבצים שנוצרו:
  טיסות פעילות: /root/onyx/exports/villiers_empty_legs_current_2026-08-07_01-17-02.csv
  כל ההיסטוריה: /root/onyx/exports/villiers_empty_legs_all_2026-08-07_01-17-02.csv
  שינויים בלבד: /root/onyx/exports/villiers_empty_legs_changes_2026-08-07_01-17-02.csv
  קובץ מצב: /root/onyx/data/villiers_state.json
[2/4] Creating website flights.json...
No local CSV was found. Falling back to RSS.
Downloading Villiers RSS...
Saved 73 flights.
Output: /root/onyx/data/flights.json
[3/4] Creating global airports.json...
Loading global airport database...
Prepared 28291 airports in 234 countries.
Airport catalogue saved to: /root/onyx/data/airports.json
[4/4] Sending current flights to Telegram...
Connected to Telegram bot: @OnyxAirRadar_bot (bot ID: 8816902667)
Reading flights from: /root/onyx/exports/villiers_empty_legs_current_2026-08-07_01-17-02.csv
Loaded 73 active Empty Leg flights.
Processing 2 users.
Skipping 1049883799 (Frequency: 3h, hours passed: 2.50h)
Skipping 7445310755 (Frequency: 3h, hours passed: 0.50h)

Telegram processing complete.
Users who received flights: 0
Users with delivery errors: 0
Total flight entries delivered: 0
==================================================
ONYX Radar update completed successfully.
==================================================
[main 1c578da] Auto-update flights data and telegram alerts from server
 7 files changed, 482 insertions(+), 222 deletions(-)
 create mode 100644 exports/villiers_empty_legs_all_2026-08-07_01-17-02.csv
 create mode 100644 exports/villiers_empty_legs_changes_2026-08-07_01-17-02.csv
 create mode 100644 exports/villiers_empty_legs_current_2026-08-07_01-17-02.csv
To https://github.com/yedidiwah/onyx.git
 ! [rejected]        main -> main (fetch first)
error: failed to push some refs to 'https://github.com/yedidiwah/onyx.git'
hint: Updates were rejected because the remote contains work that you do not
hint: have locally. This is usually caused by another repository pushing to
hint: the same ref. If you want to integrate the remote changes, use
hint: 'git pull' before pushing again.
hint: See the 'Note about fast-forwards' in 'git push --help' for details.
==================================================
ONYX Radar Full Update
==================================================
[1/4] Downloading current Villiers flights...
טוען את מאגר שדות התעופה...
נטענו 28291 שדות תעופה.

מוריד את נתוני ה-RSS...
הפיד זוהה כפיד Empty Legs.
נמצאו 73 פריטים בפיד.

טיסה ראשונה לדוגמה:
מוצא: KAUS / AUS - Austin-Bergstrom International Airport
יעד: KHOU / HOU - William P Hobby Airport
תאריך מקורי: 07 August 2026
תאריך ISO: 2026-08-07
שעת יציאה: 12:00
מחיר: $2,150
מחיר מנורמל: 2150 USD
מטוס: Cessna Citation V
מושבים: 7
סטטוס שינוי: unchanged

שם הפיד: Villiers Empty Legs - Affiliate ADHUHR
טיסות פעילות בפיד: 73
כל הטיסות שנשמרו בהיסטוריה: 107
שינויים בהרצה הנוכחית: 0

פירוט שינויים:
  חדשות: 0
  עודכנו: 0
  חזרו לפיד: 0
  ללא שינוי: 73
  נעלמו מהפיד: 0

קבצים שנוצרו:
  טיסות פעילות: /root/onyx/exports/villiers_empty_legs_current_2026-08-07_01-47-01.csv
  כל ההיסטוריה: /root/onyx/exports/villiers_empty_legs_all_2026-08-07_01-47-01.csv
  שינויים בלבד: /root/onyx/exports/villiers_empty_legs_changes_2026-08-07_01-47-01.csv
  קובץ מצב: /root/onyx/data/villiers_state.json
[2/4] Creating website flights.json...
No local CSV was found. Falling back to RSS.
Downloading Villiers RSS...
Saved 73 flights.
Output: /root/onyx/data/flights.json
[3/4] Creating global airports.json...
Loading global airport database...
Prepared 28291 airports in 234 countries.
Airport catalogue saved to: /root/onyx/data/airports.json
[4/4] Sending current flights to Telegram...
Connected to Telegram bot: @OnyxAirRadar_bot (bot ID: 8816902667)
Reading flights from: /root/onyx/exports/villiers_empty_legs_current_2026-08-07_01-47-01.csv
Loaded 73 active Empty Leg flights.
Processing 2 users.
Skipping 1049883799 (Frequency: 3h, hours passed: 3.00h)
Skipping 7445310755 (Frequency: 3h, hours passed: 1.00h)

Telegram processing complete.
Users who received flights: 0
Users with delivery errors: 0
Total flight entries delivered: 0
==================================================
ONYX Radar update completed successfully.
==================================================
[main 8d70904] Auto-update flights data and telegram alerts from server
 7 files changed, 482 insertions(+), 222 deletions(-)
 create mode 100644 exports/villiers_empty_legs_all_2026-08-07_01-47-01.csv
 create mode 100644 exports/villiers_empty_legs_changes_2026-08-07_01-47-01.csv
 create mode 100644 exports/villiers_empty_legs_current_2026-08-07_01-47-01.csv
To https://github.com/yedidiwah/onyx.git
 ! [rejected]        main -> main (fetch first)
error: failed to push some refs to 'https://github.com/yedidiwah/onyx.git'
hint: Updates were rejected because the remote contains work that you do not
hint: have locally. This is usually caused by another repository pushing to
hint: the same ref. If you want to integrate the remote changes, use
hint: 'git pull' before pushing again.
hint: See the 'Note about fast-forwards' in 'git push --help' for details.
==================================================
ONYX Radar Full Update
==================================================
[1/4] Downloading current Villiers flights...
טוען את מאגר שדות התעופה...
נטענו 28291 שדות תעופה.

מוריד את נתוני ה-RSS...
הפיד זוהה כפיד Empty Legs.
נמצאו 73 פריטים בפיד.

טיסה ראשונה לדוגמה:
מוצא: KAUS / AUS - Austin-Bergstrom International Airport
יעד: KHOU / HOU - William P Hobby Airport
תאריך מקורי: 07 August 2026
תאריך ISO: 2026-08-07
שעת יציאה: 12:00
מחיר: $2,150
מחיר מנורמל: 2150 USD
מטוס: Cessna Citation V
מושבים: 7
סטטוס שינוי: unchanged

שם הפיד: Villiers Empty Legs - Affiliate ADHUHR
טיסות פעילות בפיד: 73
כל הטיסות שנשמרו בהיסטוריה: 107
שינויים בהרצה הנוכחית: 0

פירוט שינויים:
  חדשות: 0
  עודכנו: 0
  חזרו לפיד: 0
  ללא שינוי: 73
  נעלמו מהפיד: 0

קבצים שנוצרו:
  טיסות פעילות: /root/onyx/exports/villiers_empty_legs_current_2026-08-07_02-17-01.csv
  כל ההיסטוריה: /root/onyx/exports/villiers_empty_legs_all_2026-08-07_02-17-01.csv
  שינויים בלבד: /root/onyx/exports/villiers_empty_legs_changes_2026-08-07_02-17-01.csv
  קובץ מצב: /root/onyx/data/villiers_state.json
[2/4] Creating website flights.json...
No local CSV was found. Falling back to RSS.
Downloading Villiers RSS...
Saved 73 flights.
Output: /root/onyx/data/flights.json
[3/4] Creating global airports.json...
Loading global airport database...
Prepared 28291 airports in 234 countries.
Airport catalogue saved to: /root/onyx/data/airports.json
[4/4] Sending current flights to Telegram...
Connected to Telegram bot: @OnyxAirRadar_bot (bot ID: 8816902667)
Reading flights from: /root/onyx/exports/villiers_empty_legs_current_2026-08-07_02-17-01.csv
Loaded 73 active Empty Leg flights.
Processing 2 users.
Sent 2 of 2 flights in 1 messages to yedidya (1049883799)
Skipping 7445310755 (Frequency: 3h, hours passed: 1.50h)
Users database updated with new timestamps.

Telegram processing complete.
Users who received flights: 1
Users with delivery errors: 0
Total flight entries delivered: 2
==================================================
ONYX Radar update completed successfully.
==================================================
[main e4bd2a1] Auto-update flights data and telegram alerts from server
 8 files changed, 484 insertions(+), 223 deletions(-)
 create mode 100644 exports/villiers_empty_legs_all_2026-08-07_02-17-01.csv
 create mode 100644 exports/villiers_empty_legs_changes_2026-08-07_02-17-01.csv
 create mode 100644 exports/villiers_empty_legs_current_2026-08-07_02-17-01.csv
To https://github.com/yedidiwah/onyx.git
 ! [rejected]        main -> main (fetch first)
error: failed to push some refs to 'https://github.com/yedidiwah/onyx.git'
hint: Updates were rejected because the remote contains work that you do not
hint: have locally. This is usually caused by another repository pushing to
hint: the same ref. If you want to integrate the remote changes, use
hint: 'git pull' before pushing again.
hint: See the 'Note about fast-forwards' in 'git push --help' for details.
==================================================
ONYX Radar Full Update
==================================================
[1/4] Downloading current Villiers flights...
טוען את מאגר שדות התעופה...
נטענו 28291 שדות תעופה.

מוריד את נתוני ה-RSS...
הפיד זוהה כפיד Empty Legs.
נמצאו 73 פריטים בפיד.

טיסה ראשונה לדוגמה:
מוצא: KAUS / AUS - Austin-Bergstrom International Airport
יעד: KHOU / HOU - William P Hobby Airport
תאריך מקורי: 07 August 2026
תאריך ISO: 2026-08-07
שעת יציאה: 12:00
מחיר: $2,150
מחיר מנורמל: 2150 USD
מטוס: Cessna Citation V
מושבים: 7
סטטוס שינוי: unchanged

שם הפיד: Villiers Empty Legs - Affiliate ADHUHR
טיסות פעילות בפיד: 73
כל הטיסות שנשמרו בהיסטוריה: 107
שינויים בהרצה הנוכחית: 0

פירוט שינויים:
  חדשות: 0
  עודכנו: 0
  חזרו לפיד: 0
  ללא שינוי: 73
  נעלמו מהפיד: 0

קבצים שנוצרו:
  טיסות פעילות: /root/onyx/exports/villiers_empty_legs_current_2026-08-07_02-47-01.csv
  כל ההיסטוריה: /root/onyx/exports/villiers_empty_legs_all_2026-08-07_02-47-01.csv
  שינויים בלבד: /root/onyx/exports/villiers_empty_legs_changes_2026-08-07_02-47-01.csv
  קובץ מצב: /root/onyx/data/villiers_state.json
[2/4] Creating website flights.json...
No local CSV was found. Falling back to RSS.
Downloading Villiers RSS...
Saved 73 flights.
Output: /root/onyx/data/flights.json
[3/4] Creating global airports.json...
Loading global airport database...
Prepared 28291 airports in 234 countries.
Airport catalogue saved to: /root/onyx/data/airports.json
[4/4] Sending current flights to Telegram...
Connected to Telegram bot: @OnyxAirRadar_bot (bot ID: 8816902667)
Reading flights from: /root/onyx/exports/villiers_empty_legs_current_2026-08-07_02-47-01.csv
Loaded 73 active Empty Leg flights.
Processing 2 users.
Skipping 1049883799 (Frequency: 3h, hours passed: 0.50h)
Skipping 7445310755 (Frequency: 3h, hours passed: 2.00h)

Telegram processing complete.
Users who received flights: 0
Users with delivery errors: 0
Total flight entries delivered: 0
==================================================
ONYX Radar update completed successfully.
==================================================
[main 3683c93] Auto-update flights data and telegram alerts from server
 7 files changed, 482 insertions(+), 222 deletions(-)
 create mode 100644 exports/villiers_empty_legs_all_2026-08-07_02-47-01.csv
 create mode 100644 exports/villiers_empty_legs_changes_2026-08-07_02-47-01.csv
 create mode 100644 exports/villiers_empty_legs_current_2026-08-07_02-47-01.csv
To https://github.com/yedidiwah/onyx.git
 ! [rejected]        main -> main (fetch first)
error: failed to push some refs to 'https://github.com/yedidiwah/onyx.git'
hint: Updates were rejected because the remote contains work that you do not
hint: have locally. This is usually caused by another repository pushing to
hint: the same ref. If you want to integrate the remote changes, use
hint: 'git pull' before pushing again.
hint: See the 'Note about fast-forwards' in 'git push --help' for details.
==================================================
ONYX Radar Full Update
==================================================
[1/4] Downloading current Villiers flights...
טוען את מאגר שדות התעופה...
נטענו 28291 שדות תעופה.

מוריד את נתוני ה-RSS...
הפיד זוהה כפיד Empty Legs.
נמצאו 73 פריטים בפיד.

טיסה ראשונה לדוגמה:
מוצא: KAUS / AUS - Austin-Bergstrom International Airport
יעד: KHOU / HOU - William P Hobby Airport
תאריך מקורי: 07 August 2026
תאריך ISO: 2026-08-07
שעת יציאה: 12:00
מחיר: $2,150
מחיר מנורמל: 2150 USD
מטוס: Cessna Citation V
מושבים: 7
סטטוס שינוי: unchanged

שם הפיד: Villiers Empty Legs - Affiliate ADHUHR
טיסות פעילות בפיד: 73
כל הטיסות שנשמרו בהיסטוריה: 107
שינויים בהרצה הנוכחית: 0

פירוט שינויים:
  חדשות: 0
  עודכנו: 0
  חזרו לפיד: 0
  ללא שינוי: 73
  נעלמו מהפיד: 0

קבצים שנוצרו:
  טיסות פעילות: /root/onyx/exports/villiers_empty_legs_current_2026-08-07_03-17-02.csv
  כל ההיסטוריה: /root/onyx/exports/villiers_empty_legs_all_2026-08-07_03-17-02.csv
  שינויים בלבד: /root/onyx/exports/villiers_empty_legs_changes_2026-08-07_03-17-02.csv
  קובץ מצב: /root/onyx/data/villiers_state.json
[2/4] Creating website flights.json...
No local CSV was found. Falling back to RSS.
Downloading Villiers RSS...
Saved 73 flights.
Output: /root/onyx/data/flights.json
[3/4] Creating global airports.json...
Loading global airport database...
Prepared 28291 airports in 234 countries.
Airport catalogue saved to: /root/onyx/data/airports.json
[4/4] Sending current flights to Telegram...
Connected to Telegram bot: @OnyxAirRadar_bot (bot ID: 8816902667)
Reading flights from: /root/onyx/exports/villiers_empty_legs_current_2026-08-07_03-17-02.csv
Loaded 73 active Empty Leg flights.
Processing 2 users.
Skipping 1049883799 (Frequency: 3h, hours passed: 1.00h)
Skipping 7445310755 (Frequency: 3h, hours passed: 2.50h)

Telegram processing complete.
Users who received flights: 0
Users with delivery errors: 0
Total flight entries delivered: 0
==================================================
ONYX Radar update completed successfully.
==================================================
[main f806414] Auto-update flights data and telegram alerts from server
 7 files changed, 482 insertions(+), 222 deletions(-)
 create mode 100644 exports/villiers_empty_legs_all_2026-08-07_03-17-02.csv
 create mode 100644 exports/villiers_empty_legs_changes_2026-08-07_03-17-02.csv
 create mode 100644 exports/villiers_empty_legs_current_2026-08-07_03-17-02.csv
To https://github.com/yedidiwah/onyx.git
 ! [rejected]        main -> main (fetch first)
error: failed to push some refs to 'https://github.com/yedidiwah/onyx.git'
hint: Updates were rejected because the remote contains work that you do not
hint: have locally. This is usually caused by another repository pushing to
hint: the same ref. If you want to integrate the remote changes, use
hint: 'git pull' before pushing again.
hint: See the 'Note about fast-forwards' in 'git push --help' for details.
==================================================
ONYX Radar Full Update
==================================================
[1/4] Downloading current Villiers flights...
טוען את מאגר שדות התעופה...
נטענו 28291 שדות תעופה.

מוריד את נתוני ה-RSS...
הפיד זוהה כפיד Empty Legs.
נמצאו 73 פריטים בפיד.

טיסה ראשונה לדוגמה:
מוצא: KAUS / AUS - Austin-Bergstrom International Airport
יעד: KHOU / HOU - William P Hobby Airport
תאריך מקורי: 07 August 2026
תאריך ISO: 2026-08-07
שעת יציאה: 12:00
מחיר: $2,150
מחיר מנורמל: 2150 USD
מטוס: Cessna Citation V
מושבים: 7
סטטוס שינוי: unchanged

שם הפיד: Villiers Empty Legs - Affiliate ADHUHR
טיסות פעילות בפיד: 73
כל הטיסות שנשמרו בהיסטוריה: 107
שינויים בהרצה הנוכחית: 0

פירוט שינויים:
  חדשות: 0
  עודכנו: 0
  חזרו לפיד: 0
  ללא שינוי: 73
  נעלמו מהפיד: 0

קבצים שנוצרו:
  טיסות פעילות: /root/onyx/exports/villiers_empty_legs_current_2026-08-07_03-47-02.csv
  כל ההיסטוריה: /root/onyx/exports/villiers_empty_legs_all_2026-08-07_03-47-02.csv
  שינויים בלבד: /root/onyx/exports/villiers_empty_legs_changes_2026-08-07_03-47-02.csv
  קובץ מצב: /root/onyx/data/villiers_state.json
[2/4] Creating website flights.json...
No local CSV was found. Falling back to RSS.
Downloading Villiers RSS...
Saved 73 flights.
Output: /root/onyx/data/flights.json
[3/4] Creating global airports.json...
Loading global airport database...
Prepared 28291 airports in 234 countries.
Airport catalogue saved to: /root/onyx/data/airports.json
[4/4] Sending current flights to Telegram...
Connected to Telegram bot: @OnyxAirRadar_bot (bot ID: 8816902667)
Reading flights from: /root/onyx/exports/villiers_empty_legs_current_2026-08-07_03-47-02.csv
Loaded 73 active Empty Leg flights.
Processing 2 users.
Skipping 1049883799 (Frequency: 3h, hours passed: 1.50h)
Sent 2 of 2 flights in 1 messages to Yedidya (7445310755)
Users database updated with new timestamps.

Telegram processing complete.
Users who received flights: 1
Users with delivery errors: 0
Total flight entries delivered: 2
==================================================
ONYX Radar update completed successfully.
==================================================
[main 4fff053] Auto-update flights data and telegram alerts from server
 8 files changed, 484 insertions(+), 223 deletions(-)
 create mode 100644 exports/villiers_empty_legs_all_2026-08-07_03-47-02.csv
 create mode 100644 exports/villiers_empty_legs_changes_2026-08-07_03-47-02.csv
 create mode 100644 exports/villiers_empty_legs_current_2026-08-07_03-47-02.csv
To https://github.com/yedidiwah/onyx.git
 ! [rejected]        main -> main (fetch first)
error: failed to push some refs to 'https://github.com/yedidiwah/onyx.git'
hint: Updates were rejected because the remote contains work that you do not
hint: have locally. This is usually caused by another repository pushing to
hint: the same ref. If you want to integrate the remote changes, use
hint: 'git pull' before pushing again.
hint: See the 'Note about fast-forwards' in 'git push --help' for details.
==================================================
ONYX Radar Full Update
==================================================
[1/4] Downloading current Villiers flights...
טוען את מאגר שדות התעופה...
נטענו 28291 שדות תעופה.

מוריד את נתוני ה-RSS...
הפיד זוהה כפיד Empty Legs.
נמצאו 73 פריטים בפיד.

טיסה ראשונה לדוגמה:
מוצא: KAUS / AUS - Austin-Bergstrom International Airport
יעד: KHOU / HOU - William P Hobby Airport
תאריך מקורי: 07 August 2026
תאריך ISO: 2026-08-07
שעת יציאה: 12:00
מחיר: $2,150
מחיר מנורמל: 2150 USD
מטוס: Cessna Citation V
מושבים: 7
סטטוס שינוי: unchanged

שם הפיד: Villiers Empty Legs - Affiliate ADHUHR
טיסות פעילות בפיד: 73
כל הטיסות שנשמרו בהיסטוריה: 107
שינויים בהרצה הנוכחית: 0

פירוט שינויים:
  חדשות: 0
  עודכנו: 0
  חזרו לפיד: 0
  ללא שינוי: 73
  נעלמו מהפיד: 0

קבצים שנוצרו:
  טיסות פעילות: /root/onyx/exports/villiers_empty_legs_current_2026-08-07_04-17-01.csv
  כל ההיסטוריה: /root/onyx/exports/villiers_empty_legs_all_2026-08-07_04-17-01.csv
  שינויים בלבד: /root/onyx/exports/villiers_empty_legs_changes_2026-08-07_04-17-01.csv
  קובץ מצב: /root/onyx/data/villiers_state.json
[2/4] Creating website flights.json...
No local CSV was found. Falling back to RSS.
Downloading Villiers RSS...
Saved 73 flights.
Output: /root/onyx/data/flights.json
[3/4] Creating global airports.json...
Loading global airport database...
Prepared 28291 airports in 234 countries.
Airport catalogue saved to: /root/onyx/data/airports.json
[4/4] Sending current flights to Telegram...
Connected to Telegram bot: @OnyxAirRadar_bot (bot ID: 8816902667)
Reading flights from: /root/onyx/exports/villiers_empty_legs_current_2026-08-07_04-17-01.csv
Loaded 73 active Empty Leg flights.
Processing 2 users.
Skipping 1049883799 (Frequency: 3h, hours passed: 2.00h)
Skipping 7445310755 (Frequency: 3h, hours passed: 0.50h)

Telegram processing complete.
Users who received flights: 0
Users with delivery errors: 0
Total flight entries delivered: 0
==================================================
ONYX Radar update completed successfully.
==================================================
[main 9144aa5] Auto-update flights data and telegram alerts from server
 7 files changed, 482 insertions(+), 222 deletions(-)
 create mode 100644 exports/villiers_empty_legs_all_2026-08-07_04-17-01.csv
 create mode 100644 exports/villiers_empty_legs_changes_2026-08-07_04-17-01.csv
 create mode 100644 exports/villiers_empty_legs_current_2026-08-07_04-17-01.csv
To https://github.com/yedidiwah/onyx.git
 ! [rejected]        main -> main (fetch first)
error: failed to push some refs to 'https://github.com/yedidiwah/onyx.git'
hint: Updates were rejected because the remote contains work that you do not
hint: have locally. This is usually caused by another repository pushing to
hint: the same ref. If you want to integrate the remote changes, use
hint: 'git pull' before pushing again.
hint: See the 'Note about fast-forwards' in 'git push --help' for details.
==================================================
ONYX Radar Full Update
==================================================
[1/4] Downloading current Villiers flights...
טוען את מאגר שדות התעופה...
נטענו 28291 שדות תעופה.

מוריד את נתוני ה-RSS...
הפיד זוהה כפיד Empty Legs.
נמצאו 73 פריטים בפיד.

טיסה ראשונה לדוגמה:
מוצא: KAUS / AUS - Austin-Bergstrom International Airport
יעד: KHOU / HOU - William P Hobby Airport
תאריך מקורי: 07 August 2026
תאריך ISO: 2026-08-07
שעת יציאה: 12:00
מחיר: $2,150
מחיר מנורמל: 2150 USD
מטוס: Cessna Citation V
מושבים: 7
סטטוס שינוי: unchanged

שם הפיד: Villiers Empty Legs - Affiliate ADHUHR
טיסות פעילות בפיד: 73
כל הטיסות שנשמרו בהיסטוריה: 107
שינויים בהרצה הנוכחית: 0

פירוט שינויים:
  חדשות: 0
  עודכנו: 0
  חזרו לפיד: 0
  ללא שינוי: 73
  נעלמו מהפיד: 0

קבצים שנוצרו:
  טיסות פעילות: /root/onyx/exports/villiers_empty_legs_current_2026-08-07_04-47-01.csv
  כל ההיסטוריה: /root/onyx/exports/villiers_empty_legs_all_2026-08-07_04-47-01.csv
  שינויים בלבד: /root/onyx/exports/villiers_empty_legs_changes_2026-08-07_04-47-01.csv
  קובץ מצב: /root/onyx/data/villiers_state.json
[2/4] Creating website flights.json...
No local CSV was found. Falling back to RSS.
Downloading Villiers RSS...
Saved 73 flights.
Output: /root/onyx/data/flights.json
[3/4] Creating global airports.json...
Loading global airport database...
Prepared 28291 airports in 234 countries.
Airport catalogue saved to: /root/onyx/data/airports.json
[4/4] Sending current flights to Telegram...
Connected to Telegram bot: @OnyxAirRadar_bot (bot ID: 8816902667)
Reading flights from: /root/onyx/exports/villiers_empty_legs_current_2026-08-07_04-47-01.csv
Loaded 73 active Empty Leg flights.
Processing 2 users.
Skipping 1049883799 (Frequency: 3h, hours passed: 2.50h)
Skipping 7445310755 (Frequency: 3h, hours passed: 1.00h)

Telegram processing complete.
Users who received flights: 0
Users with delivery errors: 0
Total flight entries delivered: 0
==================================================
ONYX Radar update completed successfully.
==================================================
[main de5e436] Auto-update flights data and telegram alerts from server
 7 files changed, 482 insertions(+), 222 deletions(-)
 create mode 100644 exports/villiers_empty_legs_all_2026-08-07_04-47-01.csv
 create mode 100644 exports/villiers_empty_legs_changes_2026-08-07_04-47-01.csv
 create mode 100644 exports/villiers_empty_legs_current_2026-08-07_04-47-01.csv
To https://github.com/yedidiwah/onyx.git
 ! [rejected]        main -> main (fetch first)
error: failed to push some refs to 'https://github.com/yedidiwah/onyx.git'
hint: Updates were rejected because the remote contains work that you do not
hint: have locally. This is usually caused by another repository pushing to
hint: the same ref. If you want to integrate the remote changes, use
hint: 'git pull' before pushing again.
hint: See the 'Note about fast-forwards' in 'git push --help' for details.
==================================================
ONYX Radar Full Update
==================================================
[1/4] Downloading current Villiers flights...
טוען את מאגר שדות התעופה...
נטענו 28291 שדות תעופה.

מוריד את נתוני ה-RSS...
הפיד זוהה כפיד Empty Legs.
נמצאו 73 פריטים בפיד.

טיסה ראשונה לדוגמה:
מוצא: KAUS / AUS - Austin-Bergstrom International Airport
יעד: KHOU / HOU - William P Hobby Airport
תאריך מקורי: 07 August 2026
תאריך ISO: 2026-08-07
שעת יציאה: 12:00
מחיר: $2,150
מחיר מנורמל: 2150 USD
מטוס: Cessna Citation V
מושבים: 7
סטטוס שינוי: unchanged

שם הפיד: Villiers Empty Legs - Affiliate ADHUHR
טיסות פעילות בפיד: 73
כל הטיסות שנשמרו בהיסטוריה: 107
שינויים בהרצה הנוכחית: 0

פירוט שינויים:
  חדשות: 0
  עודכנו: 0
  חזרו לפיד: 0
  ללא שינוי: 73
  נעלמו מהפיד: 0

קבצים שנוצרו:
  טיסות פעילות: /root/onyx/exports/villiers_empty_legs_current_2026-08-07_05-17-01.csv
  כל ההיסטוריה: /root/onyx/exports/villiers_empty_legs_all_2026-08-07_05-17-01.csv
  שינויים בלבד: /root/onyx/exports/villiers_empty_legs_changes_2026-08-07_05-17-01.csv
  קובץ מצב: /root/onyx/data/villiers_state.json
[2/4] Creating website flights.json...
No local CSV was found. Falling back to RSS.
Downloading Villiers RSS...
Saved 73 flights.
Output: /root/onyx/data/flights.json
[3/4] Creating global airports.json...
Loading global airport database...
Prepared 28291 airports in 234 countries.
Airport catalogue saved to: /root/onyx/data/airports.json
[4/4] Sending current flights to Telegram...
Connected to Telegram bot: @OnyxAirRadar_bot (bot ID: 8816902667)
Reading flights from: /root/onyx/exports/villiers_empty_legs_current_2026-08-07_05-17-01.csv
Loaded 73 active Empty Leg flights.
Processing 2 users.
Sent 2 of 2 flights in 1 messages to yedidya (1049883799)
Skipping 7445310755 (Frequency: 3h, hours passed: 1.50h)
Users database updated with new timestamps.

Telegram processing complete.
Users who received flights: 1
Users with delivery errors: 0
Total flight entries delivered: 2
==================================================
ONYX Radar update completed successfully.
==================================================
[main fab5846] Auto-update flights data and telegram alerts from server
 8 files changed, 484 insertions(+), 223 deletions(-)
 create mode 100644 exports/villiers_empty_legs_all_2026-08-07_05-17-01.csv
 create mode 100644 exports/villiers_empty_legs_changes_2026-08-07_05-17-01.csv
 create mode 100644 exports/villiers_empty_legs_current_2026-08-07_05-17-01.csv
To https://github.com/yedidiwah/onyx.git
 ! [rejected]        main -> main (fetch first)
error: failed to push some refs to 'https://github.com/yedidiwah/onyx.git'
hint: Updates were rejected because the remote contains work that you do not
hint: have locally. This is usually caused by another repository pushing to
hint: the same ref. If you want to integrate the remote changes, use
hint: 'git pull' before pushing again.
hint: See the 'Note about fast-forwards' in 'git push --help' for details.
==================================================
ONYX Radar Full Update
==================================================
[1/4] Downloading current Villiers flights...
טוען את מאגר שדות התעופה...
נטענו 28291 שדות תעופה.

מוריד את נתוני ה-RSS...
הפיד זוהה כפיד Empty Legs.
נמצאו 73 פריטים בפיד.

טיסה ראשונה לדוגמה:
מוצא: KAUS / AUS - Austin-Bergstrom International Airport
יעד: KHOU / HOU - William P Hobby Airport
תאריך מקורי: 07 August 2026
תאריך ISO: 2026-08-07
שעת יציאה: 12:00
מחיר: $2,150
מחיר מנורמל: 2150 USD
מטוס: Cessna Citation V
מושבים: 7
סטטוס שינוי: unchanged

שם הפיד: Villiers Empty Legs - Affiliate ADHUHR
טיסות פעילות בפיד: 73
כל הטיסות שנשמרו בהיסטוריה: 107
שינויים בהרצה הנוכחית: 0

פירוט שינויים:
  חדשות: 0
  עודכנו: 0
  חזרו לפיד: 0
  ללא שינוי: 73
  נעלמו מהפיד: 0

קבצים שנוצרו:
  טיסות פעילות: /root/onyx/exports/villiers_empty_legs_current_2026-08-07_05-47-01.csv
  כל ההיסטוריה: /root/onyx/exports/villiers_empty_legs_all_2026-08-07_05-47-01.csv
  שינויים בלבד: /root/onyx/exports/villiers_empty_legs_changes_2026-08-07_05-47-01.csv
  קובץ מצב: /root/onyx/data/villiers_state.json
[2/4] Creating website flights.json...
No local CSV was found. Falling back to RSS.
Downloading Villiers RSS...
Saved 73 flights.
Output: /root/onyx/data/flights.json
[3/4] Creating global airports.json...
Loading global airport database...
Prepared 28291 airports in 234 countries.
Airport catalogue saved to: /root/onyx/data/airports.json
[4/4] Sending current flights to Telegram...
Connected to Telegram bot: @OnyxAirRadar_bot (bot ID: 8816902667)
Reading flights from: /root/onyx/exports/villiers_empty_legs_current_2026-08-07_05-47-01.csv
Loaded 73 active Empty Leg flights.
Processing 2 users.
Skipping 1049883799 (Frequency: 3h, hours passed: 0.50h)
Skipping 7445310755 (Frequency: 3h, hours passed: 2.00h)

Telegram processing complete.
Users who received flights: 0
Users with delivery errors: 0
Total flight entries delivered: 0
==================================================
ONYX Radar update completed successfully.
==================================================
[main e354566] Auto-update flights data and telegram alerts from server
 7 files changed, 482 insertions(+), 222 deletions(-)
 create mode 100644 exports/villiers_empty_legs_all_2026-08-07_05-47-01.csv
 create mode 100644 exports/villiers_empty_legs_changes_2026-08-07_05-47-01.csv
 create mode 100644 exports/villiers_empty_legs_current_2026-08-07_05-47-01.csv
To https://github.com/yedidiwah/onyx.git
 ! [rejected]        main -> main (fetch first)
error: failed to push some refs to 'https://github.com/yedidiwah/onyx.git'
hint: Updates were rejected because the remote contains work that you do not
hint: have locally. This is usually caused by another repository pushing to
hint: the same ref. If you want to integrate the remote changes, use
hint: 'git pull' before pushing again.
hint: See the 'Note about fast-forwards' in 'git push --help' for details.
==================================================
ONYX Radar Full Update
==================================================
[1/4] Downloading current Villiers flights...
טוען את מאגר שדות התעופה...
נטענו 28291 שדות תעופה.

מוריד את נתוני ה-RSS...
הפיד זוהה כפיד Empty Legs.
נמצאו 73 פריטים בפיד.

טיסה ראשונה לדוגמה:
מוצא: KAUS / AUS - Austin-Bergstrom International Airport
יעד: KHOU / HOU - William P Hobby Airport
תאריך מקורי: 07 August 2026
תאריך ISO: 2026-08-07
שעת יציאה: 12:00
מחיר: $2,150
מחיר מנורמל: 2150 USD
מטוס: Cessna Citation V
מושבים: 7
סטטוס שינוי: unchanged

שם הפיד: Villiers Empty Legs - Affiliate ADHUHR
טיסות פעילות בפיד: 73
כל הטיסות שנשמרו בהיסטוריה: 107
שינויים בהרצה הנוכחית: 0

פירוט שינויים:
  חדשות: 0
  עודכנו: 0
  חזרו לפיד: 0
  ללא שינוי: 73
  נעלמו מהפיד: 0

קבצים שנוצרו:
  טיסות פעילות: /root/onyx/exports/villiers_empty_legs_current_2026-08-07_06-17-02.csv
  כל ההיסטוריה: /root/onyx/exports/villiers_empty_legs_all_2026-08-07_06-17-02.csv
  שינויים בלבד: /root/onyx/exports/villiers_empty_legs_changes_2026-08-07_06-17-02.csv
  קובץ מצב: /root/onyx/data/villiers_state.json
[2/4] Creating website flights.json...
No local CSV was found. Falling back to RSS.
Downloading Villiers RSS...
Saved 73 flights.
Output: /root/onyx/data/flights.json
[3/4] Creating global airports.json...
Loading global airport database...
Prepared 28291 airports in 234 countries.
Airport catalogue saved to: /root/onyx/data/airports.json
[4/4] Sending current flights to Telegram...
Connected to Telegram bot: @OnyxAirRadar_bot (bot ID: 8816902667)
Reading flights from: /root/onyx/exports/villiers_empty_legs_current_2026-08-07_06-17-02.csv
Loaded 73 active Empty Leg flights.
Processing 2 users.
Skipping 1049883799 (Frequency: 3h, hours passed: 1.00h)
Skipping 7445310755 (Frequency: 3h, hours passed: 2.50h)

Telegram processing complete.
Users who received flights: 0
Users with delivery errors: 0
Total flight entries delivered: 0
==================================================
ONYX Radar update completed successfully.
==================================================
[main 922e64e] Auto-update flights data and telegram alerts from server
 7 files changed, 482 insertions(+), 222 deletions(-)
 create mode 100644 exports/villiers_empty_legs_all_2026-08-07_06-17-02.csv
 create mode 100644 exports/villiers_empty_legs_changes_2026-08-07_06-17-02.csv
 create mode 100644 exports/villiers_empty_legs_current_2026-08-07_06-17-02.csv
To https://github.com/yedidiwah/onyx.git
 ! [rejected]        main -> main (fetch first)
error: failed to push some refs to 'https://github.com/yedidiwah/onyx.git'
hint: Updates were rejected because the remote contains work that you do not
hint: have locally. This is usually caused by another repository pushing to
hint: the same ref. If you want to integrate the remote changes, use
hint: 'git pull' before pushing again.
hint: See the 'Note about fast-forwards' in 'git push --help' for details.
==================================================
ONYX Radar Full Update
==================================================
[1/4] Downloading current Villiers flights...
טוען את מאגר שדות התעופה...
נטענו 28291 שדות תעופה.

מוריד את נתוני ה-RSS...
הפיד זוהה כפיד Empty Legs.
נמצאו 73 פריטים בפיד.

טיסה ראשונה לדוגמה:
מוצא: KAUS / AUS - Austin-Bergstrom International Airport
יעד: KHOU / HOU - William P Hobby Airport
תאריך מקורי: 07 August 2026
תאריך ISO: 2026-08-07
שעת יציאה: 12:00
מחיר: $2,150
מחיר מנורמל: 2150 USD
מטוס: Cessna Citation V
מושבים: 7
סטטוס שינוי: unchanged

שם הפיד: Villiers Empty Legs - Affiliate ADHUHR
טיסות פעילות בפיד: 73
כל הטיסות שנשמרו בהיסטוריה: 107
שינויים בהרצה הנוכחית: 0

פירוט שינויים:
  חדשות: 0
  עודכנו: 0
  חזרו לפיד: 0
  ללא שינוי: 73
  נעלמו מהפיד: 0

קבצים שנוצרו:
  טיסות פעילות: /root/onyx/exports/villiers_empty_legs_current_2026-08-07_06-47-02.csv
  כל ההיסטוריה: /root/onyx/exports/villiers_empty_legs_all_2026-08-07_06-47-02.csv
  שינויים בלבד: /root/onyx/exports/villiers_empty_legs_changes_2026-08-07_06-47-02.csv
  קובץ מצב: /root/onyx/data/villiers_state.json
[2/4] Creating website flights.json...
No local CSV was found. Falling back to RSS.
Downloading Villiers RSS...
Saved 73 flights.
Output: /root/onyx/data/flights.json
[3/4] Creating global airports.json...
Loading global airport database...
Prepared 28291 airports in 234 countries.
Airport catalogue saved to: /root/onyx/data/airports.json
[4/4] Sending current flights to Telegram...
Connected to Telegram bot: @OnyxAirRadar_bot (bot ID: 8816902667)
Reading flights from: /root/onyx/exports/villiers_empty_legs_current_2026-08-07_06-47-02.csv
Loaded 73 active Empty Leg flights.
Processing 2 users.
Skipping 1049883799 (Frequency: 3h, hours passed: 1.50h)
Failed to send to 7445310755: A request to the Telegram API was unsuccessful. Error code: 403. Description: Forbidden: bot was blocked by the user
Sent 0 of 2 flights in 0 messages to Yedidya (7445310755)

Telegram processing complete.
Users who received flights: 0
Users with delivery errors: 1
Total flight entries delivered: 0
==================================================
ONYX Radar update completed successfully.
==================================================
[main 29e8e6b] Auto-update flights data and telegram alerts from server
 7 files changed, 483 insertions(+), 222 deletions(-)
 create mode 100644 exports/villiers_empty_legs_all_2026-08-07_06-47-02.csv
 create mode 100644 exports/villiers_empty_legs_changes_2026-08-07_06-47-02.csv
 create mode 100644 exports/villiers_empty_legs_current_2026-08-07_06-47-02.csv
To https://github.com/yedidiwah/onyx.git
 ! [rejected]        main -> main (fetch first)
error: failed to push some refs to 'https://github.com/yedidiwah/onyx.git'
hint: Updates were rejected because the remote contains work that you do not
hint: have locally. This is usually caused by another repository pushing to
hint: the same ref. If you want to integrate the remote changes, use
hint: 'git pull' before pushing again.
hint: See the 'Note about fast-forwards' in 'git push --help' for details.
==================================================
ONYX Radar Full Update
==================================================
[1/4] Downloading current Villiers flights...
טוען את מאגר שדות התעופה...
נטענו 28291 שדות תעופה.

מוריד את נתוני ה-RSS...
הפיד זוהה כפיד Empty Legs.
נמצאו 73 פריטים בפיד.

טיסה ראשונה לדוגמה:
מוצא: KAUS / AUS - Austin-Bergstrom International Airport
יעד: KHOU / HOU - William P Hobby Airport
תאריך מקורי: 07 August 2026
תאריך ISO: 2026-08-07
שעת יציאה: 12:00
מחיר: $2,150
מחיר מנורמל: 2150 USD
מטוס: Cessna Citation V
מושבים: 7
סטטוס שינוי: unchanged

שם הפיד: Villiers Empty Legs - Affiliate ADHUHR
טיסות פעילות בפיד: 73
כל הטיסות שנשמרו בהיסטוריה: 107
שינויים בהרצה הנוכחית: 0

פירוט שינויים:
  חדשות: 0
  עודכנו: 0
  חזרו לפיד: 0
  ללא שינוי: 73
  נעלמו מהפיד: 0

קבצים שנוצרו:
  טיסות פעילות: /root/onyx/exports/villiers_empty_legs_current_2026-08-07_07-17-02.csv
  כל ההיסטוריה: /root/onyx/exports/villiers_empty_legs_all_2026-08-07_07-17-02.csv
  שינויים בלבד: /root/onyx/exports/villiers_empty_legs_changes_2026-08-07_07-17-02.csv
  קובץ מצב: /root/onyx/data/villiers_state.json
[2/4] Creating website flights.json...
No local CSV was found. Falling back to RSS.
Downloading Villiers RSS...
Saved 73 flights.
Output: /root/onyx/data/flights.json
[3/4] Creating global airports.json...
Loading global airport database...
Prepared 28291 airports in 234 countries.
Airport catalogue saved to: /root/onyx/data/airports.json
[4/4] Sending current flights to Telegram...
Connected to Telegram bot: @OnyxAirRadar_bot (bot ID: 8816902667)
Reading flights from: /root/onyx/exports/villiers_empty_legs_current_2026-08-07_07-17-02.csv
Loaded 73 active Empty Leg flights.
Processing 2 users.
Skipping 1049883799 (Frequency: 3h, hours passed: 2.00h)
Failed to send to 7445310755: A request to the Telegram API was unsuccessful. Error code: 403. Description: Forbidden: bot was blocked by the user
Sent 0 of 2 flights in 0 messages to Yedidya (7445310755)

Telegram processing complete.
Users who received flights: 0
Users with delivery errors: 1
Total flight entries delivered: 0
==================================================
ONYX Radar update completed successfully.
==================================================
[main 4ef1298] Auto-update flights data and telegram alerts from server
 7 files changed, 483 insertions(+), 222 deletions(-)
 create mode 100644 exports/villiers_empty_legs_all_2026-08-07_07-17-02.csv
 create mode 100644 exports/villiers_empty_legs_changes_2026-08-07_07-17-02.csv
 create mode 100644 exports/villiers_empty_legs_current_2026-08-07_07-17-02.csv
To https://github.com/yedidiwah/onyx.git
 ! [rejected]        main -> main (fetch first)
error: failed to push some refs to 'https://github.com/yedidiwah/onyx.git'
hint: Updates were rejected because the remote contains work that you do not
hint: have locally. This is usually caused by another repository pushing to
hint: the same ref. If you want to integrate the remote changes, use
hint: 'git pull' before pushing again.
hint: See the 'Note about fast-forwards' in 'git push --help' for details.
==================================================
ONYX Radar Full Update
==================================================
[1/4] Downloading current Villiers flights...
טוען את מאגר שדות התעופה...
נטענו 28291 שדות תעופה.

מוריד את נתוני ה-RSS...
הפיד זוהה כפיד Empty Legs.
נמצאו 73 פריטים בפיד.

טיסה ראשונה לדוגמה:
מוצא: KAUS / AUS - Austin-Bergstrom International Airport
יעד: KHOU / HOU - William P Hobby Airport
תאריך מקורי: 07 August 2026
תאריך ISO: 2026-08-07
שעת יציאה: 12:00
מחיר: $2,150
מחיר מנורמל: 2150 USD
מטוס: Cessna Citation V
מושבים: 7
סטטוס שינוי: unchanged

שם הפיד: Villiers Empty Legs - Affiliate ADHUHR
טיסות פעילות בפיד: 73
כל הטיסות שנשמרו בהיסטוריה: 107
שינויים בהרצה הנוכחית: 0

פירוט שינויים:
  חדשות: 0
  עודכנו: 0
  חזרו לפיד: 0
  ללא שינוי: 73
  נעלמו מהפיד: 0

קבצים שנוצרו:
  טיסות פעילות: /root/onyx/exports/villiers_empty_legs_current_2026-08-07_07-47-01.csv
  כל ההיסטוריה: /root/onyx/exports/villiers_empty_legs_all_2026-08-07_07-47-01.csv
  שינויים בלבד: /root/onyx/exports/villiers_empty_legs_changes_2026-08-07_07-47-01.csv
  קובץ מצב: /root/onyx/data/villiers_state.json
[2/4] Creating website flights.json...
No local CSV was found. Falling back to RSS.
Downloading Villiers RSS...
Saved 73 flights.
Output: /root/onyx/data/flights.json
[3/4] Creating global airports.json...
Loading global airport database...
Prepared 28291 airports in 234 countries.
Airport catalogue saved to: /root/onyx/data/airports.json
[4/4] Sending current flights to Telegram...
Connected to Telegram bot: @OnyxAirRadar_bot (bot ID: 8816902667)
Reading flights from: /root/onyx/exports/villiers_empty_legs_current_2026-08-07_07-47-01.csv
Loaded 73 active Empty Leg flights.
Processing 2 users.
Skipping 1049883799 (Frequency: 3h, hours passed: 2.50h)
Failed to send to 7445310755: A request to the Telegram API was unsuccessful. Error code: 403. Description: Forbidden: bot was blocked by the user
Sent 0 of 2 flights in 0 messages to Yedidya (7445310755)

Telegram processing complete.
Users who received flights: 0
Users with delivery errors: 1
Total flight entries delivered: 0
==================================================
ONYX Radar update completed successfully.
==================================================
[main 3da0994] Auto-update flights data and telegram alerts from server
 7 files changed, 483 insertions(+), 222 deletions(-)
 create mode 100644 exports/villiers_empty_legs_all_2026-08-07_07-47-01.csv
 create mode 100644 exports/villiers_empty_legs_changes_2026-08-07_07-47-01.csv
 create mode 100644 exports/villiers_empty_legs_current_2026-08-07_07-47-01.csv
To https://github.com/yedidiwah/onyx.git
 ! [rejected]        main -> main (fetch first)
error: failed to push some refs to 'https://github.com/yedidiwah/onyx.git'
hint: Updates were rejected because the remote contains work that you do not
hint: have locally. This is usually caused by another repository pushing to
hint: the same ref. If you want to integrate the remote changes, use
hint: 'git pull' before pushing again.
hint: See the 'Note about fast-forwards' in 'git push --help' for details.
==================================================
ONYX Radar Full Update
==================================================
[1/4] Downloading current Villiers flights...
טוען את מאגר שדות התעופה...
נטענו 28291 שדות תעופה.

מוריד את נתוני ה-RSS...
הפיד זוהה כפיד Empty Legs.
נמצאו 73 פריטים בפיד.

טיסה ראשונה לדוגמה:
מוצא: KAUS / AUS - Austin-Bergstrom International Airport
יעד: KHOU / HOU - William P Hobby Airport
תאריך מקורי: 07 August 2026
תאריך ISO: 2026-08-07
שעת יציאה: 12:00
מחיר: $2,150
מחיר מנורמל: 2150 USD
מטוס: Cessna Citation V
מושבים: 7
סטטוס שינוי: unchanged

שם הפיד: Villiers Empty Legs - Affiliate ADHUHR
טיסות פעילות בפיד: 73
כל הטיסות שנשמרו בהיסטוריה: 107
שינויים בהרצה הנוכחית: 0

פירוט שינויים:
  חדשות: 0
  עודכנו: 0
  חזרו לפיד: 0
  ללא שינוי: 73
  נעלמו מהפיד: 0

קבצים שנוצרו:
  טיסות פעילות: /root/onyx/exports/villiers_empty_legs_current_2026-08-07_08-17-01.csv
  כל ההיסטוריה: /root/onyx/exports/villiers_empty_legs_all_2026-08-07_08-17-01.csv
  שינויים בלבד: /root/onyx/exports/villiers_empty_legs_changes_2026-08-07_08-17-01.csv
  קובץ מצב: /root/onyx/data/villiers_state.json
[2/4] Creating website flights.json...
No local CSV was found. Falling back to RSS.
Downloading Villiers RSS...
Saved 73 flights.
Output: /root/onyx/data/flights.json
[3/4] Creating global airports.json...
Loading global airport database...
Prepared 28291 airports in 234 countries.
Airport catalogue saved to: /root/onyx/data/airports.json
[4/4] Sending current flights to Telegram...
Connected to Telegram bot: @OnyxAirRadar_bot (bot ID: 8816902667)
Reading flights from: /root/onyx/exports/villiers_empty_legs_current_2026-08-07_08-17-01.csv
Loaded 73 active Empty Leg flights.
Processing 2 users.
Skipping 1049883799 (Frequency: 3h, hours passed: 3.00h)
Failed to send to 7445310755: A request to the Telegram API was unsuccessful. Error code: 403. Description: Forbidden: bot was blocked by the user
Sent 0 of 2 flights in 0 messages to Yedidya (7445310755)

Telegram processing complete.
Users who received flights: 0
Users with delivery errors: 1
Total flight entries delivered: 0
==================================================
ONYX Radar update completed successfully.
==================================================
[main cd92041] Auto-update flights data and telegram alerts from server
 7 files changed, 483 insertions(+), 222 deletions(-)
 create mode 100644 exports/villiers_empty_legs_all_2026-08-07_08-17-01.csv
 create mode 100644 exports/villiers_empty_legs_changes_2026-08-07_08-17-01.csv
 create mode 100644 exports/villiers_empty_legs_current_2026-08-07_08-17-01.csv
To https://github.com/yedidiwah/onyx.git
 ! [rejected]        main -> main (fetch first)
error: failed to push some refs to 'https://github.com/yedidiwah/onyx.git'
hint: Updates were rejected because the remote contains work that you do not
hint: have locally. This is usually caused by another repository pushing to
hint: the same ref. If you want to integrate the remote changes, use
hint: 'git pull' before pushing again.
hint: See the 'Note about fast-forwards' in 'git push --help' for details.
==================================================
ONYX Radar Full Update
==================================================
[1/4] Downloading current Villiers flights...
טוען את מאגר שדות התעופה...
נטענו 28291 שדות תעופה.

מוריד את נתוני ה-RSS...
הפיד זוהה כפיד Empty Legs.
נמצאו 73 פריטים בפיד.

טיסה ראשונה לדוגמה:
מוצא: KAUS / AUS - Austin-Bergstrom International Airport
יעד: KHOU / HOU - William P Hobby Airport
תאריך מקורי: 07 August 2026
תאריך ISO: 2026-08-07
שעת יציאה: 12:00
מחיר: $2,150
מחיר מנורמל: 2150 USD
מטוס: Cessna Citation V
מושבים: 7
סטטוס שינוי: unchanged

שם הפיד: Villiers Empty Legs - Affiliate ADHUHR
טיסות פעילות בפיד: 73
כל הטיסות שנשמרו בהיסטוריה: 107
שינויים בהרצה הנוכחית: 0

פירוט שינויים:
  חדשות: 0
  עודכנו: 0
  חזרו לפיד: 0
  ללא שינוי: 73
  נעלמו מהפיד: 0

קבצים שנוצרו:
  טיסות פעילות: /root/onyx/exports/villiers_empty_legs_current_2026-08-07_08-47-02.csv
  כל ההיסטוריה: /root/onyx/exports/villiers_empty_legs_all_2026-08-07_08-47-02.csv
  שינויים בלבד: /root/onyx/exports/villiers_empty_legs_changes_2026-08-07_08-47-02.csv
  קובץ מצב: /root/onyx/data/villiers_state.json
[2/4] Creating website flights.json...
No local CSV was found. Falling back to RSS.
Downloading Villiers RSS...
Saved 73 flights.
Output: /root/onyx/data/flights.json
[3/4] Creating global airports.json...
Loading global airport database...
Prepared 28291 airports in 234 countries.
Airport catalogue saved to: /root/onyx/data/airports.json
[4/4] Sending current flights to Telegram...
Connected to Telegram bot: @OnyxAirRadar_bot (bot ID: 8816902667)
Reading flights from: /root/onyx/exports/villiers_empty_legs_current_2026-08-07_08-47-02.csv
Loaded 73 active Empty Leg flights.
Processing 2 users.
Sent 2 of 2 flights in 1 messages to yedidya (1049883799)
Failed to send to 7445310755: A request to the Telegram API was unsuccessful. Error code: 403. Description: Forbidden: bot was blocked by the user
Sent 0 of 2 flights in 0 messages to Yedidya (7445310755)
Users database updated with new timestamps.

Telegram processing complete.
Users who received flights: 1
Users with delivery errors: 1
Total flight entries delivered: 2
==================================================
ONYX Radar update completed successfully.
==================================================
[main bc91477] Auto-update flights data and telegram alerts from server
 8 files changed, 485 insertions(+), 223 deletions(-)
 create mode 100644 exports/villiers_empty_legs_all_2026-08-07_08-47-02.csv
 create mode 100644 exports/villiers_empty_legs_changes_2026-08-07_08-47-02.csv
 create mode 100644 exports/villiers_empty_legs_current_2026-08-07_08-47-02.csv
To https://github.com/yedidiwah/onyx.git
 ! [rejected]        main -> main (fetch first)
error: failed to push some refs to 'https://github.com/yedidiwah/onyx.git'
hint: Updates were rejected because the remote contains work that you do not
hint: have locally. This is usually caused by another repository pushing to
hint: the same ref. If you want to integrate the remote changes, use
hint: 'git pull' before pushing again.
hint: See the 'Note about fast-forwards' in 'git push --help' for details.
==================================================
ONYX Radar Full Update
==================================================
[1/4] Downloading current Villiers flights...
טוען את מאגר שדות התעופה...
נטענו 28291 שדות תעופה.

מוריד את נתוני ה-RSS...
הפיד זוהה כפיד Empty Legs.
נמצאו 73 פריטים בפיד.

טיסה ראשונה לדוגמה:
מוצא: KAUS / AUS - Austin-Bergstrom International Airport
יעד: KHOU / HOU - William P Hobby Airport
תאריך מקורי: 07 August 2026
תאריך ISO: 2026-08-07
שעת יציאה: 12:00
מחיר: $2,150
מחיר מנורמל: 2150 USD
מטוס: Cessna Citation V
מושבים: 7
סטטוס שינוי: unchanged

שם הפיד: Villiers Empty Legs - Affiliate ADHUHR
טיסות פעילות בפיד: 73
כל הטיסות שנשמרו בהיסטוריה: 107
שינויים בהרצה הנוכחית: 0

פירוט שינויים:
  חדשות: 0
  עודכנו: 0
  חזרו לפיד: 0
  ללא שינוי: 73
  נעלמו מהפיד: 0

קבצים שנוצרו:
  טיסות פעילות: /root/onyx/exports/villiers_empty_legs_current_2026-08-07_09-17-02.csv
  כל ההיסטוריה: /root/onyx/exports/villiers_empty_legs_all_2026-08-07_09-17-02.csv
  שינויים בלבד: /root/onyx/exports/villiers_empty_legs_changes_2026-08-07_09-17-02.csv
  קובץ מצב: /root/onyx/data/villiers_state.json
[2/4] Creating website flights.json...
No local CSV was found. Falling back to RSS.
Downloading Villiers RSS...
Saved 73 flights.
Output: /root/onyx/data/flights.json
[3/4] Creating global airports.json...
Loading global airport database...
Prepared 28291 airports in 234 countries.
Airport catalogue saved to: /root/onyx/data/airports.json
[4/4] Sending current flights to Telegram...
Connected to Telegram bot: @OnyxAirRadar_bot (bot ID: 8816902667)
Reading flights from: /root/onyx/exports/villiers_empty_legs_current_2026-08-07_09-17-02.csv
Loaded 73 active Empty Leg flights.
Processing 2 users.
Skipping 1049883799 (Frequency: 3h, hours passed: 0.50h)
Failed to send to 7445310755: A request to the Telegram API was unsuccessful. Error code: 403. Description: Forbidden: bot was blocked by the user
Sent 0 of 2 flights in 0 messages to Yedidya (7445310755)

Telegram processing complete.
Users who received flights: 0
Users with delivery errors: 1
Total flight entries delivered: 0
==================================================
ONYX Radar update completed successfully.
==================================================
[main 4305a6c] Auto-update flights data and telegram alerts from server
 7 files changed, 483 insertions(+), 222 deletions(-)
 create mode 100644 exports/villiers_empty_legs_all_2026-08-07_09-17-02.csv
 create mode 100644 exports/villiers_empty_legs_changes_2026-08-07_09-17-02.csv
 create mode 100644 exports/villiers_empty_legs_current_2026-08-07_09-17-02.csv
To https://github.com/yedidiwah/onyx.git
 ! [rejected]        main -> main (fetch first)
error: failed to push some refs to 'https://github.com/yedidiwah/onyx.git'
hint: Updates were rejected because the remote contains work that you do not
hint: have locally. This is usually caused by another repository pushing to
hint: the same ref. If you want to integrate the remote changes, use
hint: 'git pull' before pushing again.
hint: See the 'Note about fast-forwards' in 'git push --help' for details.
==================================================
ONYX Radar Full Update
==================================================
[1/4] Downloading current Villiers flights...
טוען את מאגר שדות התעופה...
נטענו 28291 שדות תעופה.

מוריד את נתוני ה-RSS...
הפיד זוהה כפיד Empty Legs.
נמצאו 73 פריטים בפיד.

טיסה ראשונה לדוגמה:
מוצא: KAUS / AUS - Austin-Bergstrom International Airport
יעד: KHOU / HOU - William P Hobby Airport
תאריך מקורי: 07 August 2026
תאריך ISO: 2026-08-07
שעת יציאה: 12:00
מחיר: $2,150
מחיר מנורמל: 2150 USD
מטוס: Cessna Citation V
מושבים: 7
סטטוס שינוי: unchanged

שם הפיד: Villiers Empty Legs - Affiliate ADHUHR
טיסות פעילות בפיד: 73
כל הטיסות שנשמרו בהיסטוריה: 107
שינויים בהרצה הנוכחית: 0

פירוט שינויים:
  חדשות: 0
  עודכנו: 0
  חזרו לפיד: 0
  ללא שינוי: 73
  נעלמו מהפיד: 0

קבצים שנוצרו:
  טיסות פעילות: /root/onyx/exports/villiers_empty_legs_current_2026-08-07_09-47-02.csv
  כל ההיסטוריה: /root/onyx/exports/villiers_empty_legs_all_2026-08-07_09-47-02.csv
  שינויים בלבד: /root/onyx/exports/villiers_empty_legs_changes_2026-08-07_09-47-02.csv
  קובץ מצב: /root/onyx/data/villiers_state.json
[2/4] Creating website flights.json...
No local CSV was found. Falling back to RSS.
Downloading Villiers RSS...
Saved 73 flights.
Output: /root/onyx/data/flights.json
[3/4] Creating global airports.json...
Loading global airport database...
Prepared 28291 airports in 234 countries.
Airport catalogue saved to: /root/onyx/data/airports.json
[4/4] Sending current flights to Telegram...
Connected to Telegram bot: @OnyxAirRadar_bot (bot ID: 8816902667)
Reading flights from: /root/onyx/exports/villiers_empty_legs_current_2026-08-07_09-47-02.csv
Loaded 73 active Empty Leg flights.
Processing 2 users.
Skipping 1049883799 (Frequency: 3h, hours passed: 1.00h)
Failed to send to 7445310755: A request to the Telegram API was unsuccessful. Error code: 403. Description: Forbidden: bot was blocked by the user
Sent 0 of 2 flights in 0 messages to Yedidya (7445310755)

Telegram processing complete.
Users who received flights: 0
Users with delivery errors: 1
Total flight entries delivered: 0
==================================================
ONYX Radar update completed successfully.
==================================================
[main 974c6a1] Auto-update flights data and telegram alerts from server
 7 files changed, 483 insertions(+), 222 deletions(-)
 create mode 100644 exports/villiers_empty_legs_all_2026-08-07_09-47-02.csv
 create mode 100644 exports/villiers_empty_legs_changes_2026-08-07_09-47-02.csv
 create mode 100644 exports/villiers_empty_legs_current_2026-08-07_09-47-02.csv
To https://github.com/yedidiwah/onyx.git
 ! [rejected]        main -> main (fetch first)
error: failed to push some refs to 'https://github.com/yedidiwah/onyx.git'
hint: Updates were rejected because the remote contains work that you do not
hint: have locally. This is usually caused by another repository pushing to
hint: the same ref. If you want to integrate the remote changes, use
hint: 'git pull' before pushing again.
hint: See the 'Note about fast-forwards' in 'git push --help' for details.
==================================================
ONYX Radar Full Update
==================================================
[1/4] Downloading current Villiers flights...
טוען את מאגר שדות התעופה...
נטענו 28291 שדות תעופה.

מוריד את נתוני ה-RSS...
הפיד זוהה כפיד Empty Legs.
נמצאו 73 פריטים בפיד.

טיסה ראשונה לדוגמה:
מוצא: KAUS / AUS - Austin-Bergstrom International Airport
יעד: KHOU / HOU - William P Hobby Airport
תאריך מקורי: 07 August 2026
תאריך ISO: 2026-08-07
שעת יציאה: 12:00
מחיר: $2,150
מחיר מנורמל: 2150 USD
מטוס: Cessna Citation V
מושבים: 7
סטטוס שינוי: unchanged

שם הפיד: Villiers Empty Legs - Affiliate ADHUHR
טיסות פעילות בפיד: 73
כל הטיסות שנשמרו בהיסטוריה: 107
שינויים בהרצה הנוכחית: 0

פירוט שינויים:
  חדשות: 0
  עודכנו: 0
  חזרו לפיד: 0
  ללא שינוי: 73
  נעלמו מהפיד: 0

קבצים שנוצרו:
  טיסות פעילות: /root/onyx/exports/villiers_empty_legs_current_2026-08-07_10-17-02.csv
  כל ההיסטוריה: /root/onyx/exports/villiers_empty_legs_all_2026-08-07_10-17-02.csv
  שינויים בלבד: /root/onyx/exports/villiers_empty_legs_changes_2026-08-07_10-17-02.csv
  קובץ מצב: /root/onyx/data/villiers_state.json
[2/4] Creating website flights.json...
No local CSV was found. Falling back to RSS.
Downloading Villiers RSS...
Saved 73 flights.
Output: /root/onyx/data/flights.json
[3/4] Creating global airports.json...
Loading global airport database...
Prepared 28291 airports in 234 countries.
Airport catalogue saved to: /root/onyx/data/airports.json
[4/4] Sending current flights to Telegram...
Connected to Telegram bot: @OnyxAirRadar_bot (bot ID: 8816902667)
Reading flights from: /root/onyx/exports/villiers_empty_legs_current_2026-08-07_10-17-02.csv
Loaded 73 active Empty Leg flights.
Processing 2 users.
Skipping 1049883799 (Frequency: 3h, hours passed: 1.50h)
Failed to send to 7445310755: A request to the Telegram API was unsuccessful. Error code: 403. Description: Forbidden: bot was blocked by the user
Sent 0 of 2 flights in 0 messages to Yedidya (7445310755)

Telegram processing complete.
Users who received flights: 0
Users with delivery errors: 1
Total flight entries delivered: 0
==================================================
ONYX Radar update completed successfully.
==================================================
[main fabe8e6] Auto-update flights data and telegram alerts from server
 7 files changed, 483 insertions(+), 222 deletions(-)
 create mode 100644 exports/villiers_empty_legs_all_2026-08-07_10-17-02.csv
 create mode 100644 exports/villiers_empty_legs_changes_2026-08-07_10-17-02.csv
 create mode 100644 exports/villiers_empty_legs_current_2026-08-07_10-17-02.csv
To https://github.com/yedidiwah/onyx.git
 ! [rejected]        main -> main (fetch first)
error: failed to push some refs to 'https://github.com/yedidiwah/onyx.git'
hint: Updates were rejected because the remote contains work that you do not
hint: have locally. This is usually caused by another repository pushing to
hint: the same ref. If you want to integrate the remote changes, use
hint: 'git pull' before pushing again.
hint: See the 'Note about fast-forwards' in 'git push --help' for details.
==================================================
ONYX Radar Full Update
==================================================
[1/4] Downloading current Villiers flights...
טוען את מאגר שדות התעופה...
נטענו 28291 שדות תעופה.

מוריד את נתוני ה-RSS...
הפיד זוהה כפיד Empty Legs.
נמצאו 73 פריטים בפיד.

טיסה ראשונה לדוגמה:
מוצא: KAUS / AUS - Austin-Bergstrom International Airport
יעד: KHOU / HOU - William P Hobby Airport
תאריך מקורי: 07 August 2026
תאריך ISO: 2026-08-07
שעת יציאה: 12:00
מחיר: $2,150
מחיר מנורמל: 2150 USD
מטוס: Cessna Citation V
מושבים: 7
סטטוס שינוי: unchanged

שם הפיד: Villiers Empty Legs - Affiliate ADHUHR
טיסות פעילות בפיד: 73
כל הטיסות שנשמרו בהיסטוריה: 107
שינויים בהרצה הנוכחית: 0

פירוט שינויים:
  חדשות: 0
  עודכנו: 0
  חזרו לפיד: 0
  ללא שינוי: 73
  נעלמו מהפיד: 0

קבצים שנוצרו:
  טיסות פעילות: /root/onyx/exports/villiers_empty_legs_current_2026-08-07_10-47-01.csv
  כל ההיסטוריה: /root/onyx/exports/villiers_empty_legs_all_2026-08-07_10-47-01.csv
  שינויים בלבד: /root/onyx/exports/villiers_empty_legs_changes_2026-08-07_10-47-01.csv
  קובץ מצב: /root/onyx/data/villiers_state.json
[2/4] Creating website flights.json...
No local CSV was found. Falling back to RSS.
Downloading Villiers RSS...
Saved 73 flights.
Output: /root/onyx/data/flights.json
[3/4] Creating global airports.json...
Loading global airport database...
Prepared 28291 airports in 234 countries.
Airport catalogue saved to: /root/onyx/data/airports.json
[4/4] Sending current flights to Telegram...
Connected to Telegram bot: @OnyxAirRadar_bot (bot ID: 8816902667)
Reading flights from: /root/onyx/exports/villiers_empty_legs_current_2026-08-07_10-47-01.csv
Loaded 73 active Empty Leg flights.
Processing 2 users.
Skipping 1049883799 (Frequency: 3h, hours passed: 2.00h)
Failed to send to 7445310755: A request to the Telegram API was unsuccessful. Error code: 403. Description: Forbidden: bot was blocked by the user
Sent 0 of 2 flights in 0 messages to Yedidya (7445310755)

Telegram processing complete.
Users who received flights: 0
Users with delivery errors: 1
Total flight entries delivered: 0
==================================================
ONYX Radar update completed successfully.
==================================================
[main 6e067e5] Auto-update flights data and telegram alerts from server
 7 files changed, 483 insertions(+), 222 deletions(-)
 create mode 100644 exports/villiers_empty_legs_all_2026-08-07_10-47-01.csv
 create mode 100644 exports/villiers_empty_legs_changes_2026-08-07_10-47-01.csv
 create mode 100644 exports/villiers_empty_legs_current_2026-08-07_10-47-01.csv
To https://github.com/yedidiwah/onyx.git
 ! [rejected]        main -> main (fetch first)
error: failed to push some refs to 'https://github.com/yedidiwah/onyx.git'
hint: Updates were rejected because the remote contains work that you do not
hint: have locally. This is usually caused by another repository pushing to
hint: the same ref. If you want to integrate the remote changes, use
hint: 'git pull' before pushing again.
hint: See the 'Note about fast-forwards' in 'git push --help' for details.
==================================================
ONYX Radar Full Update
==================================================
[1/4] Downloading current Villiers flights...
טוען את מאגר שדות התעופה...
נטענו 28291 שדות תעופה.

מוריד את נתוני ה-RSS...
הפיד זוהה כפיד Empty Legs.
נמצאו 73 פריטים בפיד.

טיסה ראשונה לדוגמה:
מוצא: KAUS / AUS - Austin-Bergstrom International Airport
יעד: KHOU / HOU - William P Hobby Airport
תאריך מקורי: 07 August 2026
תאריך ISO: 2026-08-07
שעת יציאה: 12:00
מחיר: $2,150
מחיר מנורמל: 2150 USD
מטוס: Cessna Citation V
מושבים: 7
סטטוס שינוי: unchanged

שם הפיד: Villiers Empty Legs - Affiliate ADHUHR
טיסות פעילות בפיד: 73
כל הטיסות שנשמרו בהיסטוריה: 107
שינויים בהרצה הנוכחית: 0

פירוט שינויים:
  חדשות: 0
  עודכנו: 0
  חזרו לפיד: 0
  ללא שינוי: 73
  נעלמו מהפיד: 0

קבצים שנוצרו:
  טיסות פעילות: /root/onyx/exports/villiers_empty_legs_current_2026-08-07_11-17-01.csv
  כל ההיסטוריה: /root/onyx/exports/villiers_empty_legs_all_2026-08-07_11-17-01.csv
  שינויים בלבד: /root/onyx/exports/villiers_empty_legs_changes_2026-08-07_11-17-01.csv
  קובץ מצב: /root/onyx/data/villiers_state.json
[2/4] Creating website flights.json...
No local CSV was found. Falling back to RSS.
Downloading Villiers RSS...
Saved 73 flights.
Output: /root/onyx/data/flights.json
[3/4] Creating global airports.json...
Loading global airport database...
Prepared 28291 airports in 234 countries.
Airport catalogue saved to: /root/onyx/data/airports.json
[4/4] Sending current flights to Telegram...
Connected to Telegram bot: @OnyxAirRadar_bot (bot ID: 8816902667)
Reading flights from: /root/onyx/exports/villiers_empty_legs_current_2026-08-07_11-17-01.csv
Loaded 73 active Empty Leg flights.
Processing 2 users.
Skipping 1049883799 (Frequency: 3h, hours passed: 2.50h)
Failed to send to 7445310755: A request to the Telegram API was unsuccessful. Error code: 403. Description: Forbidden: bot was blocked by the user
Sent 0 of 2 flights in 0 messages to Yedidya (7445310755)

Telegram processing complete.
Users who received flights: 0
Users with delivery errors: 1
Total flight entries delivered: 0
==================================================
ONYX Radar update completed successfully.
==================================================
[main a02e369] Auto-update flights data and telegram alerts from server
 7 files changed, 483 insertions(+), 222 deletions(-)
 create mode 100644 exports/villiers_empty_legs_all_2026-08-07_11-17-01.csv
 create mode 100644 exports/villiers_empty_legs_changes_2026-08-07_11-17-01.csv
 create mode 100644 exports/villiers_empty_legs_current_2026-08-07_11-17-01.csv
To https://github.com/yedidiwah/onyx.git
 ! [rejected]        main -> main (fetch first)
error: failed to push some refs to 'https://github.com/yedidiwah/onyx.git'
hint: Updates were rejected because the remote contains work that you do not
hint: have locally. This is usually caused by another repository pushing to
hint: the same ref. If you want to integrate the remote changes, use
hint: 'git pull' before pushing again.
hint: See the 'Note about fast-forwards' in 'git push --help' for details.
==================================================
ONYX Radar Full Update
==================================================
[1/4] Downloading current Villiers flights...
טוען את מאגר שדות התעופה...
נטענו 28291 שדות תעופה.

מוריד את נתוני ה-RSS...
הפיד זוהה כפיד Empty Legs.
נמצאו 73 פריטים בפיד.

טיסה ראשונה לדוגמה:
מוצא: KAUS / AUS - Austin-Bergstrom International Airport
יעד: KHOU / HOU - William P Hobby Airport
תאריך מקורי: 07 August 2026
תאריך ISO: 2026-08-07
שעת יציאה: 12:00
מחיר: $2,150
מחיר מנורמל: 2150 USD
מטוס: Cessna Citation V
מושבים: 7
סטטוס שינוי: unchanged

שם הפיד: Villiers Empty Legs - Affiliate ADHUHR
טיסות פעילות בפיד: 73
כל הטיסות שנשמרו בהיסטוריה: 107
שינויים בהרצה הנוכחית: 0

פירוט שינויים:
  חדשות: 0
  עודכנו: 0
  חזרו לפיד: 0
  ללא שינוי: 73
  נעלמו מהפיד: 0

קבצים שנוצרו:
  טיסות פעילות: /root/onyx/exports/villiers_empty_legs_current_2026-08-07_11-47-01.csv
  כל ההיסטוריה: /root/onyx/exports/villiers_empty_legs_all_2026-08-07_11-47-01.csv
  שינויים בלבד: /root/onyx/exports/villiers_empty_legs_changes_2026-08-07_11-47-01.csv
  קובץ מצב: /root/onyx/data/villiers_state.json
[2/4] Creating website flights.json...
No local CSV was found. Falling back to RSS.
Downloading Villiers RSS...
Saved 73 flights.
Output: /root/onyx/data/flights.json
[3/4] Creating global airports.json...
Loading global airport database...
Prepared 28291 airports in 234 countries.
Airport catalogue saved to: /root/onyx/data/airports.json
[4/4] Sending current flights to Telegram...
Connected to Telegram bot: @OnyxAirRadar_bot (bot ID: 8816902667)
Reading flights from: /root/onyx/exports/villiers_empty_legs_current_2026-08-07_11-47-01.csv
Loaded 73 active Empty Leg flights.
Processing 2 users.
Skipping 1049883799 (Frequency: 3h, hours passed: 3.00h)
Failed to send to 7445310755: A request to the Telegram API was unsuccessful. Error code: 403. Description: Forbidden: bot was blocked by the user
Sent 0 of 2 flights in 0 messages to Yedidya (7445310755)

Telegram processing complete.
Users who received flights: 0
Users with delivery errors: 1
Total flight entries delivered: 0
==================================================
ONYX Radar update completed successfully.
==================================================
[main 042af33] Auto-update flights data and telegram alerts from server
 7 files changed, 483 insertions(+), 222 deletions(-)
 create mode 100644 exports/villiers_empty_legs_all_2026-08-07_11-47-01.csv
 create mode 100644 exports/villiers_empty_legs_changes_2026-08-07_11-47-01.csv
 create mode 100644 exports/villiers_empty_legs_current_2026-08-07_11-47-01.csv
To https://github.com/yedidiwah/onyx.git
 ! [rejected]        main -> main (fetch first)
error: failed to push some refs to 'https://github.com/yedidiwah/onyx.git'
hint: Updates were rejected because the remote contains work that you do not
hint: have locally. This is usually caused by another repository pushing to
hint: the same ref. If you want to integrate the remote changes, use
hint: 'git pull' before pushing again.
hint: See the 'Note about fast-forwards' in 'git push --help' for details.
==================================================
ONYX Radar Full Update
==================================================
[1/4] Downloading current Villiers flights...
טוען את מאגר שדות התעופה...
נטענו 28291 שדות תעופה.

מוריד את נתוני ה-RSS...
הפיד זוהה כפיד Empty Legs.
נמצאו 73 פריטים בפיד.

טיסה ראשונה לדוגמה:
מוצא: KAUS / AUS - Austin-Bergstrom International Airport
יעד: KHOU / HOU - William P Hobby Airport
תאריך מקורי: 07 August 2026
תאריך ISO: 2026-08-07
שעת יציאה: 12:00
מחיר: $2,150
מחיר מנורמל: 2150 USD
מטוס: Cessna Citation V
מושבים: 7
סטטוס שינוי: unchanged

שם הפיד: Villiers Empty Legs - Affiliate ADHUHR
טיסות פעילות בפיד: 73
כל הטיסות שנשמרו בהיסטוריה: 107
שינויים בהרצה הנוכחית: 0

פירוט שינויים:
  חדשות: 0
  עודכנו: 0
  חזרו לפיד: 0
  ללא שינוי: 73
  נעלמו מהפיד: 0

קבצים שנוצרו:
  טיסות פעילות: /root/onyx/exports/villiers_empty_legs_current_2026-08-07_12-17-02.csv
  כל ההיסטוריה: /root/onyx/exports/villiers_empty_legs_all_2026-08-07_12-17-02.csv
  שינויים בלבד: /root/onyx/exports/villiers_empty_legs_changes_2026-08-07_12-17-02.csv
  קובץ מצב: /root/onyx/data/villiers_state.json
[2/4] Creating website flights.json...
No local CSV was found. Falling back to RSS.
Downloading Villiers RSS...
Saved 73 flights.
Output: /root/onyx/data/flights.json
[3/4] Creating global airports.json...
Loading global airport database...
Prepared 28291 airports in 234 countries.
Airport catalogue saved to: /root/onyx/data/airports.json
[4/4] Sending current flights to Telegram...
Connected to Telegram bot: @OnyxAirRadar_bot (bot ID: 8816902667)
Reading flights from: /root/onyx/exports/villiers_empty_legs_current_2026-08-07_12-17-02.csv
Loaded 73 active Empty Leg flights.
Processing 2 users.
Sent 2 of 2 flights in 1 messages to yedidya (1049883799)
Failed to send to 7445310755: A request to the Telegram API was unsuccessful. Error code: 403. Description: Forbidden: bot was blocked by the user
Sent 0 of 2 flights in 0 messages to Yedidya (7445310755)
Users database updated with new timestamps.

Telegram processing complete.
Users who received flights: 1
Users with delivery errors: 1
Total flight entries delivered: 2
==================================================
ONYX Radar update completed successfully.
==================================================
[main 2e6f7d5] Auto-update flights data and telegram alerts from server
 8 files changed, 485 insertions(+), 223 deletions(-)
 create mode 100644 exports/villiers_empty_legs_all_2026-08-07_12-17-02.csv
 create mode 100644 exports/villiers_empty_legs_changes_2026-08-07_12-17-02.csv
 create mode 100644 exports/villiers_empty_legs_current_2026-08-07_12-17-02.csv
To https://github.com/yedidiwah/onyx.git
 ! [rejected]        main -> main (fetch first)
error: failed to push some refs to 'https://github.com/yedidiwah/onyx.git'
hint: Updates were rejected because the remote contains work that you do not
hint: have locally. This is usually caused by another repository pushing to
hint: the same ref. If you want to integrate the remote changes, use
hint: 'git pull' before pushing again.
hint: See the 'Note about fast-forwards' in 'git push --help' for details.
==================================================
ONYX Radar Full Update
==================================================
[1/4] Downloading current Villiers flights...
טוען את מאגר שדות התעופה...
נטענו 28291 שדות תעופה.

מוריד את נתוני ה-RSS...
הפיד זוהה כפיד Empty Legs.
נמצאו 73 פריטים בפיד.

טיסה ראשונה לדוגמה:
מוצא: KAUS / AUS - Austin-Bergstrom International Airport
יעד: KHOU / HOU - William P Hobby Airport
תאריך מקורי: 07 August 2026
תאריך ISO: 2026-08-07
שעת יציאה: 12:00
מחיר: $2,150
מחיר מנורמל: 2150 USD
מטוס: Cessna Citation V
מושבים: 7
סטטוס שינוי: unchanged

שם הפיד: Villiers Empty Legs - Affiliate ADHUHR
טיסות פעילות בפיד: 73
כל הטיסות שנשמרו בהיסטוריה: 107
שינויים בהרצה הנוכחית: 0

פירוט שינויים:
  חדשות: 0
  עודכנו: 0
  חזרו לפיד: 0
  ללא שינוי: 73
  נעלמו מהפיד: 0

קבצים שנוצרו:
  טיסות פעילות: /root/onyx/exports/villiers_empty_legs_current_2026-08-07_12-47-02.csv
  כל ההיסטוריה: /root/onyx/exports/villiers_empty_legs_all_2026-08-07_12-47-02.csv
  שינויים בלבד: /root/onyx/exports/villiers_empty_legs_changes_2026-08-07_12-47-02.csv
  קובץ מצב: /root/onyx/data/villiers_state.json
[2/4] Creating website flights.json...
No local CSV was found. Falling back to RSS.
Downloading Villiers RSS...
Saved 73 flights.
Output: /root/onyx/data/flights.json
[3/4] Creating global airports.json...
Loading global airport database...
Prepared 28291 airports in 234 countries.
Airport catalogue saved to: /root/onyx/data/airports.json
[4/4] Sending current flights to Telegram...
Connected to Telegram bot: @OnyxAirRadar_bot (bot ID: 8816902667)
Reading flights from: /root/onyx/exports/villiers_empty_legs_current_2026-08-07_12-47-02.csv
Loaded 73 active Empty Leg flights.
Processing 2 users.
Skipping 1049883799 (Frequency: 3h, hours passed: 0.50h)
Failed to send to 7445310755: A request to the Telegram API was unsuccessful. Error code: 403. Description: Forbidden: bot was blocked by the user
Sent 0 of 2 flights in 0 messages to Yedidya (7445310755)

Telegram processing complete.
Users who received flights: 0
Users with delivery errors: 1
Total flight entries delivered: 0
==================================================
ONYX Radar update completed successfully.
==================================================
[main 8c3b9ce] Auto-update flights data and telegram alerts from server
 7 files changed, 483 insertions(+), 222 deletions(-)
 create mode 100644 exports/villiers_empty_legs_all_2026-08-07_12-47-02.csv
 create mode 100644 exports/villiers_empty_legs_changes_2026-08-07_12-47-02.csv
 create mode 100644 exports/villiers_empty_legs_current_2026-08-07_12-47-02.csv
To https://github.com/yedidiwah/onyx.git
 ! [rejected]        main -> main (fetch first)
error: failed to push some refs to 'https://github.com/yedidiwah/onyx.git'
hint: Updates were rejected because the remote contains work that you do not
hint: have locally. This is usually caused by another repository pushing to
hint: the same ref. If you want to integrate the remote changes, use
hint: 'git pull' before pushing again.
hint: See the 'Note about fast-forwards' in 'git push --help' for details.
==================================================
ONYX Radar Full Update
==================================================
[1/4] Downloading current Villiers flights...
טוען את מאגר שדות התעופה...
נטענו 28291 שדות תעופה.

מוריד את נתוני ה-RSS...
הפיד זוהה כפיד Empty Legs.
נמצאו 73 פריטים בפיד.

טיסה ראשונה לדוגמה:
מוצא: KAUS / AUS - Austin-Bergstrom International Airport
יעד: KHOU / HOU - William P Hobby Airport
תאריך מקורי: 07 August 2026
תאריך ISO: 2026-08-07
שעת יציאה: 12:00
מחיר: $2,150
מחיר מנורמל: 2150 USD
מטוס: Cessna Citation V
מושבים: 7
סטטוס שינוי: unchanged

שם הפיד: Villiers Empty Legs - Affiliate ADHUHR
טיסות פעילות בפיד: 73
כל הטיסות שנשמרו בהיסטוריה: 107
שינויים בהרצה הנוכחית: 0

פירוט שינויים:
  חדשות: 0
  עודכנו: 0
  חזרו לפיד: 0
  ללא שינוי: 73
  נעלמו מהפיד: 0

קבצים שנוצרו:
  טיסות פעילות: /root/onyx/exports/villiers_empty_legs_current_2026-08-07_13-17-01.csv
  כל ההיסטוריה: /root/onyx/exports/villiers_empty_legs_all_2026-08-07_13-17-01.csv
  שינויים בלבד: /root/onyx/exports/villiers_empty_legs_changes_2026-08-07_13-17-01.csv
  קובץ מצב: /root/onyx/data/villiers_state.json
[2/4] Creating website flights.json...
No local CSV was found. Falling back to RSS.
Downloading Villiers RSS...
Saved 73 flights.
Output: /root/onyx/data/flights.json
[3/4] Creating global airports.json...
Loading global airport database...
Prepared 28291 airports in 234 countries.
Airport catalogue saved to: /root/onyx/data/airports.json
[4/4] Sending current flights to Telegram...
Connected to Telegram bot: @OnyxAirRadar_bot (bot ID: 8816902667)
Reading flights from: /root/onyx/exports/villiers_empty_legs_current_2026-08-07_13-17-01.csv
Loaded 73 active Empty Leg flights.
Processing 2 users.
Skipping 1049883799 (Frequency: 3h, hours passed: 1.00h)
Failed to send to 7445310755: A request to the Telegram API was unsuccessful. Error code: 403. Description: Forbidden: bot was blocked by the user
Sent 0 of 2 flights in 0 messages to Yedidya (7445310755)

Telegram processing complete.
Users who received flights: 0
Users with delivery errors: 1
Total flight entries delivered: 0
==================================================
ONYX Radar update completed successfully.
==================================================
[main 5424c79] Auto-update flights data and telegram alerts from server
 7 files changed, 483 insertions(+), 222 deletions(-)
 create mode 100644 exports/villiers_empty_legs_all_2026-08-07_13-17-01.csv
 create mode 100644 exports/villiers_empty_legs_changes_2026-08-07_13-17-01.csv
 create mode 100644 exports/villiers_empty_legs_current_2026-08-07_13-17-01.csv
To https://github.com/yedidiwah/onyx.git
 ! [rejected]        main -> main (fetch first)
error: failed to push some refs to 'https://github.com/yedidiwah/onyx.git'
hint: Updates were rejected because the remote contains work that you do not
hint: have locally. This is usually caused by another repository pushing to
hint: the same ref. If you want to integrate the remote changes, use
hint: 'git pull' before pushing again.
hint: See the 'Note about fast-forwards' in 'git push --help' for details.
==================================================
ONYX Radar Full Update
==================================================
[1/4] Downloading current Villiers flights...
טוען את מאגר שדות התעופה...
נטענו 28291 שדות תעופה.

מוריד את נתוני ה-RSS...
הפיד זוהה כפיד Empty Legs.
נמצאו 73 פריטים בפיד.

טיסה ראשונה לדוגמה:
מוצא: KAUS / AUS - Austin-Bergstrom International Airport
יעד: KHOU / HOU - William P Hobby Airport
תאריך מקורי: 07 August 2026
תאריך ISO: 2026-08-07
שעת יציאה: 12:00
מחיר: $2,150
מחיר מנורמל: 2150 USD
מטוס: Cessna Citation V
מושבים: 7
סטטוס שינוי: unchanged

שם הפיד: Villiers Empty Legs - Affiliate ADHUHR
טיסות פעילות בפיד: 73
כל הטיסות שנשמרו בהיסטוריה: 107
שינויים בהרצה הנוכחית: 0

פירוט שינויים:
  חדשות: 0
  עודכנו: 0
  חזרו לפיד: 0
  ללא שינוי: 73
  נעלמו מהפיד: 0

קבצים שנוצרו:
  טיסות פעילות: /root/onyx/exports/villiers_empty_legs_current_2026-08-07_13-47-01.csv
  כל ההיסטוריה: /root/onyx/exports/villiers_empty_legs_all_2026-08-07_13-47-01.csv
  שינויים בלבד: /root/onyx/exports/villiers_empty_legs_changes_2026-08-07_13-47-01.csv
  קובץ מצב: /root/onyx/data/villiers_state.json
[2/4] Creating website flights.json...
No local CSV was found. Falling back to RSS.
Downloading Villiers RSS...
Saved 73 flights.
Output: /root/onyx/data/flights.json
[3/4] Creating global airports.json...
Loading global airport database...
Prepared 28291 airports in 234 countries.
Airport catalogue saved to: /root/onyx/data/airports.json
[4/4] Sending current flights to Telegram...
Connected to Telegram bot: @OnyxAirRadar_bot (bot ID: 8816902667)
Reading flights from: /root/onyx/exports/villiers_empty_legs_current_2026-08-07_13-47-01.csv
Loaded 73 active Empty Leg flights.
Processing 2 users.
Skipping 1049883799 (Frequency: 3h, hours passed: 1.50h)
Failed to send to 7445310755: A request to the Telegram API was unsuccessful. Error code: 403. Description: Forbidden: bot was blocked by the user
Sent 0 of 2 flights in 0 messages to Yedidya (7445310755)

Telegram processing complete.
Users who received flights: 0
Users with delivery errors: 1
Total flight entries delivered: 0
==================================================
ONYX Radar update completed successfully.
==================================================
[main 92973b5] Auto-update flights data and telegram alerts from server
 7 files changed, 483 insertions(+), 222 deletions(-)
 create mode 100644 exports/villiers_empty_legs_all_2026-08-07_13-47-01.csv
 create mode 100644 exports/villiers_empty_legs_changes_2026-08-07_13-47-01.csv
 create mode 100644 exports/villiers_empty_legs_current_2026-08-07_13-47-01.csv
To https://github.com/yedidiwah/onyx.git
 ! [rejected]        main -> main (fetch first)
error: failed to push some refs to 'https://github.com/yedidiwah/onyx.git'
hint: Updates were rejected because the remote contains work that you do not
hint: have locally. This is usually caused by another repository pushing to
hint: the same ref. If you want to integrate the remote changes, use
hint: 'git pull' before pushing again.
hint: See the 'Note about fast-forwards' in 'git push --help' for details.
==================================================
ONYX Radar Full Update
==================================================
[1/4] Downloading current Villiers flights...
טוען את מאגר שדות התעופה...
נטענו 28291 שדות תעופה.

מוריד את נתוני ה-RSS...
הפיד זוהה כפיד Empty Legs.
נמצאו 73 פריטים בפיד.

טיסה ראשונה לדוגמה:
מוצא: KAUS / AUS - Austin-Bergstrom International Airport
יעד: KHOU / HOU - William P Hobby Airport
תאריך מקורי: 07 August 2026
תאריך ISO: 2026-08-07
שעת יציאה: 12:00
מחיר: $2,150
מחיר מנורמל: 2150 USD
מטוס: Cessna Citation V
מושבים: 7
סטטוס שינוי: unchanged

שם הפיד: Villiers Empty Legs - Affiliate ADHUHR
טיסות פעילות בפיד: 73
כל הטיסות שנשמרו בהיסטוריה: 107
שינויים בהרצה הנוכחית: 0

פירוט שינויים:
  חדשות: 0
  עודכנו: 0
  חזרו לפיד: 0
  ללא שינוי: 73
  נעלמו מהפיד: 0

קבצים שנוצרו:
  טיסות פעילות: /root/onyx/exports/villiers_empty_legs_current_2026-08-07_14-17-02.csv
  כל ההיסטוריה: /root/onyx/exports/villiers_empty_legs_all_2026-08-07_14-17-02.csv
  שינויים בלבד: /root/onyx/exports/villiers_empty_legs_changes_2026-08-07_14-17-02.csv
  קובץ מצב: /root/onyx/data/villiers_state.json
[2/4] Creating website flights.json...
No local CSV was found. Falling back to RSS.
Downloading Villiers RSS...
Saved 73 flights.
Output: /root/onyx/data/flights.json
[3/4] Creating global airports.json...
Loading global airport database...
Prepared 28291 airports in 234 countries.
Airport catalogue saved to: /root/onyx/data/airports.json
[4/4] Sending current flights to Telegram...
Connected to Telegram bot: @OnyxAirRadar_bot (bot ID: 8816902667)
Reading flights from: /root/onyx/exports/villiers_empty_legs_current_2026-08-07_14-17-02.csv
Loaded 73 active Empty Leg flights.
Processing 2 users.
Skipping 1049883799 (Frequency: 3h, hours passed: 2.00h)
Failed to send to 7445310755: A request to the Telegram API was unsuccessful. Error code: 403. Description: Forbidden: bot was blocked by the user
Sent 0 of 2 flights in 0 messages to Yedidya (7445310755)

Telegram processing complete.
Users who received flights: 0
Users with delivery errors: 1
Total flight entries delivered: 0
==================================================
ONYX Radar update completed successfully.
==================================================
[main 70863d8] Auto-update flights data and telegram alerts from server
 7 files changed, 483 insertions(+), 222 deletions(-)
 create mode 100644 exports/villiers_empty_legs_all_2026-08-07_14-17-02.csv
 create mode 100644 exports/villiers_empty_legs_changes_2026-08-07_14-17-02.csv
 create mode 100644 exports/villiers_empty_legs_current_2026-08-07_14-17-02.csv
To https://github.com/yedidiwah/onyx.git
 ! [rejected]        main -> main (fetch first)
error: failed to push some refs to 'https://github.com/yedidiwah/onyx.git'
hint: Updates were rejected because the remote contains work that you do not
hint: have locally. This is usually caused by another repository pushing to
hint: the same ref. If you want to integrate the remote changes, use
hint: 'git pull' before pushing again.
hint: See the 'Note about fast-forwards' in 'git push --help' for details.
==================================================
ONYX Radar Full Update
==================================================
[1/4] Downloading current Villiers flights...
טוען את מאגר שדות התעופה...
נטענו 28291 שדות תעופה.

מוריד את נתוני ה-RSS...
הפיד זוהה כפיד Empty Legs.
נמצאו 100 פריטים בפיד.

טיסה ראשונה לדוגמה:
מוצא: KABE / ABE - Lehigh Valley International Airport
יעד: KGED / GED - Delaware Coastal Airport
תאריך מקורי: 07 August 2026
תאריך ISO: 2026-08-07
שעת יציאה: 12:00
מחיר: $8,600
מחיר מנורמל: 8600 USD
מטוס: Citation X
מושבים: 12
סטטוס שינוי: new

שם הפיד: Villiers Empty Legs - Affiliate ADHUHR
טיסות פעילות בפיד: 100
כל הטיסות שנשמרו בהיסטוריה: 179
שינויים בהרצה הנוכחית: 117

פירוט שינויים:
  חדשות: 72
  עודכנו: 0
  חזרו לפיד: 0
  ללא שינוי: 28
  נעלמו מהפיד: 45

קבצים שנוצרו:
  טיסות פעילות: /root/onyx/exports/villiers_empty_legs_current_2026-08-07_14-47-01.csv
  כל ההיסטוריה: /root/onyx/exports/villiers_empty_legs_all_2026-08-07_14-47-01.csv
  שינויים בלבד: /root/onyx/exports/villiers_empty_legs_changes_2026-08-07_14-47-01.csv
  קובץ מצב: /root/onyx/data/villiers_state.json
[2/4] Creating website flights.json...
No local CSV was found. Falling back to RSS.
Downloading Villiers RSS...
Saved 100 flights.
Output: /root/onyx/data/flights.json
[3/4] Creating global airports.json...
Loading global airport database...
Prepared 28291 airports in 234 countries.
Airport catalogue saved to: /root/onyx/data/airports.json
[4/4] Sending current flights to Telegram...
Connected to Telegram bot: @OnyxAirRadar_bot (bot ID: 8816902667)
Reading flights from: /root/onyx/exports/villiers_empty_legs_current_2026-08-07_14-47-01.csv
Loaded 100 active Empty Leg flights.
Processing 2 users.
Skipping 1049883799 (Frequency: 3h, hours passed: 2.50h)
Sent 1 of 1 flights in 1 messages to Yedidya (7445310755)
Users database updated with new timestamps.

Telegram processing complete.
Users who received flights: 1
Users with delivery errors: 0
Total flight entries delivered: 1
==================================================
ONYX Radar update completed successfully.
==================================================
[main b64e973] Auto-update flights data and telegram alerts from server
 8 files changed, 6555 insertions(+), 2208 deletions(-)
 create mode 100644 exports/villiers_empty_legs_all_2026-08-07_14-47-01.csv
 create mode 100644 exports/villiers_empty_legs_changes_2026-08-07_14-47-01.csv
 create mode 100644 exports/villiers_empty_legs_current_2026-08-07_14-47-01.csv
To https://github.com/yedidiwah/onyx.git
 ! [rejected]        main -> main (fetch first)
error: failed to push some refs to 'https://github.com/yedidiwah/onyx.git'
hint: Updates were rejected because the remote contains work that you do not
hint: have locally. This is usually caused by another repository pushing to
hint: the same ref. If you want to integrate the remote changes, use
hint: 'git pull' before pushing again.
hint: See the 'Note about fast-forwards' in 'git push --help' for details.
==================================================
ONYX Radar Full Update
==================================================
[1/4] Downloading current Villiers flights...
טוען את מאגר שדות התעופה...
נטענו 28291 שדות תעופה.

מוריד את נתוני ה-RSS...
הפיד זוהה כפיד Empty Legs.
נמצאו 100 פריטים בפיד.

טיסה ראשונה לדוגמה:
מוצא: KABE / ABE - Lehigh Valley International Airport
יעד: KGED / GED - Delaware Coastal Airport
תאריך מקורי: 07 August 2026
תאריך ISO: 2026-08-07
שעת יציאה: 12:00
מחיר: $8,600
מחיר מנורמל: 8600 USD
מטוס: Citation X
מושבים: 12
סטטוס שינוי: unchanged

שם הפיד: Villiers Empty Legs - Affiliate ADHUHR
טיסות פעילות בפיד: 100
כל הטיסות שנשמרו בהיסטוריה: 179
שינויים בהרצה הנוכחית: 0

פירוט שינויים:
  חדשות: 0
  עודכנו: 0
  חזרו לפיד: 0
  ללא שינוי: 100
  נעלמו מהפיד: 0

קבצים שנוצרו:
  טיסות פעילות: /root/onyx/exports/villiers_empty_legs_current_2026-08-07_15-17-01.csv
  כל ההיסטוריה: /root/onyx/exports/villiers_empty_legs_all_2026-08-07_15-17-01.csv
  שינויים בלבד: /root/onyx/exports/villiers_empty_legs_changes_2026-08-07_15-17-01.csv
  קובץ מצב: /root/onyx/data/villiers_state.json
[2/4] Creating website flights.json...
No local CSV was found. Falling back to RSS.
Downloading Villiers RSS...
Saved 100 flights.
Output: /root/onyx/data/flights.json
[3/4] Creating global airports.json...
Loading global airport database...
Prepared 28291 airports in 234 countries.
Airport catalogue saved to: /root/onyx/data/airports.json
[4/4] Sending current flights to Telegram...
Connected to Telegram bot: @OnyxAirRadar_bot (bot ID: 8816902667)
Reading flights from: /root/onyx/exports/villiers_empty_legs_current_2026-08-07_15-17-01.csv
Loaded 100 active Empty Leg flights.
Processing 2 users.
Skipping 1049883799 (Frequency: 3h, hours passed: 3.00h)
Skipping 7445310755 (Frequency: 3h, hours passed: 0.50h)

Telegram processing complete.
Users who received flights: 0
Users with delivery errors: 0
Total flight entries delivered: 0
==================================================
ONYX Radar update completed successfully.
==================================================
[main 2de70fd] Auto-update flights data and telegram alerts from server
 7 files changed, 2509 insertions(+), 2150 deletions(-)
 create mode 100644 exports/villiers_empty_legs_all_2026-08-07_15-17-01.csv
 create mode 100644 exports/villiers_empty_legs_changes_2026-08-07_15-17-01.csv
 create mode 100644 exports/villiers_empty_legs_current_2026-08-07_15-17-01.csv
To https://github.com/yedidiwah/onyx.git
 ! [rejected]        main -> main (fetch first)
error: failed to push some refs to 'https://github.com/yedidiwah/onyx.git'
hint: Updates were rejected because the remote contains work that you do not
hint: have locally. This is usually caused by another repository pushing to
hint: the same ref. If you want to integrate the remote changes, use
hint: 'git pull' before pushing again.
hint: See the 'Note about fast-forwards' in 'git push --help' for details.
==================================================
ONYX Radar Full Update
==================================================
[1/4] Downloading current Villiers flights...
טוען את מאגר שדות התעופה...
נטענו 28291 שדות תעופה.

מוריד את נתוני ה-RSS...
הפיד זוהה כפיד Empty Legs.
נמצאו 100 פריטים בפיד.

טיסה ראשונה לדוגמה:
מוצא: KABE / ABE - Lehigh Valley International Airport
יעד: KGED / GED - Delaware Coastal Airport
תאריך מקורי: 07 August 2026
תאריך ISO: 2026-08-07
שעת יציאה: 12:00
מחיר: $8,600
מחיר מנורמל: 8600 USD
מטוס: Citation X
מושבים: 12
סטטוס שינוי: unchanged

שם הפיד: Villiers Empty Legs - Affiliate ADHUHR
טיסות פעילות בפיד: 100
כל הטיסות שנשמרו בהיסטוריה: 179
שינויים בהרצה הנוכחית: 0

פירוט שינויים:
  חדשות: 0
  עודכנו: 0
  חזרו לפיד: 0
  ללא שינוי: 100
  נעלמו מהפיד: 0

קבצים שנוצרו:
  טיסות פעילות: /root/onyx/exports/villiers_empty_legs_current_2026-08-07_15-47-02.csv
  כל ההיסטוריה: /root/onyx/exports/villiers_empty_legs_all_2026-08-07_15-47-02.csv
  שינויים בלבד: /root/onyx/exports/villiers_empty_legs_changes_2026-08-07_15-47-02.csv
  קובץ מצב: /root/onyx/data/villiers_state.json
[2/4] Creating website flights.json...
No local CSV was found. Falling back to RSS.
Downloading Villiers RSS...
Saved 100 flights.
Output: /root/onyx/data/flights.json
[3/4] Creating global airports.json...
Loading global airport database...
Prepared 28291 airports in 234 countries.
Airport catalogue saved to: /root/onyx/data/airports.json
[4/4] Sending current flights to Telegram...
Connected to Telegram bot: @OnyxAirRadar_bot (bot ID: 8816902667)
Reading flights from: /root/onyx/exports/villiers_empty_legs_current_2026-08-07_15-47-02.csv
Loaded 100 active Empty Leg flights.
Processing 2 users.
Sent 1 of 1 flights in 1 messages to yedidya (1049883799)
Skipping 7445310755 (Frequency: 3h, hours passed: 1.00h)
Users database updated with new timestamps.

Telegram processing complete.
Users who received flights: 1
Users with delivery errors: 0
Total flight entries delivered: 1
==================================================
ONYX Radar update completed successfully.
==================================================
[main 74ad3d3] Auto-update flights data and telegram alerts from server
 8 files changed, 1002 insertions(+), 642 deletions(-)
 create mode 100644 exports/villiers_empty_legs_all_2026-08-07_15-47-02.csv
 create mode 100644 exports/villiers_empty_legs_changes_2026-08-07_15-47-02.csv
 create mode 100644 exports/villiers_empty_legs_current_2026-08-07_15-47-02.csv
To https://github.com/yedidiwah/onyx.git
 ! [rejected]        main -> main (fetch first)
error: failed to push some refs to 'https://github.com/yedidiwah/onyx.git'
hint: Updates were rejected because the remote contains work that you do not
hint: have locally. This is usually caused by another repository pushing to
hint: the same ref. If you want to integrate the remote changes, use
hint: 'git pull' before pushing again.
hint: See the 'Note about fast-forwards' in 'git push --help' for details.
==================================================
ONYX Radar Full Update
==================================================
[1/4] Downloading current Villiers flights...
טוען את מאגר שדות התעופה...
נטענו 28291 שדות תעופה.

מוריד את נתוני ה-RSS...
הפיד זוהה כפיד Empty Legs.
נמצאו 100 פריטים בפיד.

טיסה ראשונה לדוגמה:
מוצא: KABE / ABE - Lehigh Valley International Airport
יעד: KGED / GED - Delaware Coastal Airport
תאריך מקורי: 07 August 2026
תאריך ISO: 2026-08-07
שעת יציאה: 12:00
מחיר: $8,600
מחיר מנורמל: 8600 USD
מטוס: Citation X
מושבים: 12
סטטוס שינוי: unchanged

שם הפיד: Villiers Empty Legs - Affiliate ADHUHR
טיסות פעילות בפיד: 100
כל הטיסות שנשמרו בהיסטוריה: 179
שינויים בהרצה הנוכחית: 0

פירוט שינויים:
  חדשות: 0
  עודכנו: 0
  חזרו לפיד: 0
  ללא שינוי: 100
  נעלמו מהפיד: 0

קבצים שנוצרו:
  טיסות פעילות: /root/onyx/exports/villiers_empty_legs_current_2026-08-07_16-17-01.csv
  כל ההיסטוריה: /root/onyx/exports/villiers_empty_legs_all_2026-08-07_16-17-01.csv
  שינויים בלבד: /root/onyx/exports/villiers_empty_legs_changes_2026-08-07_16-17-01.csv
  קובץ מצב: /root/onyx/data/villiers_state.json
[2/4] Creating website flights.json...
No local CSV was found. Falling back to RSS.
Downloading Villiers RSS...
Saved 100 flights.
Output: /root/onyx/data/flights.json
[3/4] Creating global airports.json...
Loading global airport database...
Prepared 28291 airports in 234 countries.
Airport catalogue saved to: /root/onyx/data/airports.json
[4/4] Sending current flights to Telegram...
Connected to Telegram bot: @OnyxAirRadar_bot (bot ID: 8816902667)
Reading flights from: /root/onyx/exports/villiers_empty_legs_current_2026-08-07_16-17-01.csv
Loaded 100 active Empty Leg flights.
Processing 2 users.
Skipping 1049883799 (Frequency: 3h, hours passed: 0.50h)
Skipping 7445310755 (Frequency: 3h, hours passed: 1.50h)

Telegram processing complete.
Users who received flights: 0
Users with delivery errors: 0
Total flight entries delivered: 0
==================================================
ONYX Radar update completed successfully.
==================================================
[main 24b8ac8] Auto-update flights data and telegram alerts from server
 7 files changed, 662 insertions(+), 303 deletions(-)
 create mode 100644 exports/villiers_empty_legs_all_2026-08-07_16-17-01.csv
 create mode 100644 exports/villiers_empty_legs_changes_2026-08-07_16-17-01.csv
 create mode 100644 exports/villiers_empty_legs_current_2026-08-07_16-17-01.csv
To https://github.com/yedidiwah/onyx.git
 ! [rejected]        main -> main (fetch first)
error: failed to push some refs to 'https://github.com/yedidiwah/onyx.git'
hint: Updates were rejected because the remote contains work that you do not
hint: have locally. This is usually caused by another repository pushing to
hint: the same ref. If you want to integrate the remote changes, use
hint: 'git pull' before pushing again.
hint: See the 'Note about fast-forwards' in 'git push --help' for details.
==================================================
ONYX Radar Full Update
==================================================
[1/4] Downloading current Villiers flights...
טוען את מאגר שדות התעופה...
נטענו 28291 שדות תעופה.

מוריד את נתוני ה-RSS...
הפיד זוהה כפיד Empty Legs.
נמצאו 100 פריטים בפיד.

טיסה ראשונה לדוגמה:
מוצא: KABE / ABE - Lehigh Valley International Airport
יעד: KGED / GED - Delaware Coastal Airport
תאריך מקורי: 07 August 2026
תאריך ISO: 2026-08-07
שעת יציאה: 12:00
מחיר: $8,600
מחיר מנורמל: 8600 USD
מטוס: Citation X
מושבים: 12
סטטוס שינוי: unchanged

שם הפיד: Villiers Empty Legs - Affiliate ADHUHR
טיסות פעילות בפיד: 100
כל הטיסות שנשמרו בהיסטוריה: 179
שינויים בהרצה הנוכחית: 0

פירוט שינויים:
  חדשות: 0
  עודכנו: 0
  חזרו לפיד: 0
  ללא שינוי: 100
  נעלמו מהפיד: 0

קבצים שנוצרו:
  טיסות פעילות: /root/onyx/exports/villiers_empty_legs_current_2026-08-07_16-47-01.csv
  כל ההיסטוריה: /root/onyx/exports/villiers_empty_legs_all_2026-08-07_16-47-01.csv
  שינויים בלבד: /root/onyx/exports/villiers_empty_legs_changes_2026-08-07_16-47-01.csv
  קובץ מצב: /root/onyx/data/villiers_state.json
[2/4] Creating website flights.json...
No local CSV was found. Falling back to RSS.
Downloading Villiers RSS...
Saved 100 flights.
Output: /root/onyx/data/flights.json
[3/4] Creating global airports.json...
Loading global airport database...
Prepared 28291 airports in 234 countries.
Airport catalogue saved to: /root/onyx/data/airports.json
[4/4] Sending current flights to Telegram...
Connected to Telegram bot: @OnyxAirRadar_bot (bot ID: 8816902667)
Reading flights from: /root/onyx/exports/villiers_empty_legs_current_2026-08-07_16-47-01.csv
Loaded 100 active Empty Leg flights.
Processing 2 users.
Skipping 1049883799 (Frequency: 3h, hours passed: 1.00h)
Skipping 7445310755 (Frequency: 3h, hours passed: 2.00h)

Telegram processing complete.
Users who received flights: 0
Users with delivery errors: 0
Total flight entries delivered: 0
==================================================
ONYX Radar update completed successfully.
==================================================
[main d73b84b] Auto-update flights data and telegram alerts from server
 7 files changed, 662 insertions(+), 303 deletions(-)
 create mode 100644 exports/villiers_empty_legs_all_2026-08-07_16-47-01.csv
 create mode 100644 exports/villiers_empty_legs_changes_2026-08-07_16-47-01.csv
 create mode 100644 exports/villiers_empty_legs_current_2026-08-07_16-47-01.csv
To https://github.com/yedidiwah/onyx.git
 ! [rejected]        main -> main (fetch first)
error: failed to push some refs to 'https://github.com/yedidiwah/onyx.git'
hint: Updates were rejected because the remote contains work that you do not
hint: have locally. This is usually caused by another repository pushing to
hint: the same ref. If you want to integrate the remote changes, use
hint: 'git pull' before pushing again.
hint: See the 'Note about fast-forwards' in 'git push --help' for details.
==================================================
ONYX Radar Full Update
==================================================
[1/4] Downloading current Villiers flights...
טוען את מאגר שדות התעופה...
נטענו 28291 שדות תעופה.

מוריד את נתוני ה-RSS...
הפיד זוהה כפיד Empty Legs.
נמצאו 100 פריטים בפיד.

טיסה ראשונה לדוגמה:
מוצא: KABE / ABE - Lehigh Valley International Airport
יעד: KGED / GED - Delaware Coastal Airport
תאריך מקורי: 07 August 2026
תאריך ISO: 2026-08-07
שעת יציאה: 12:00
מחיר: $8,600
מחיר מנורמל: 8600 USD
מטוס: Citation X
מושבים: 12
סטטוס שינוי: unchanged

שם הפיד: Villiers Empty Legs - Affiliate ADHUHR
טיסות פעילות בפיד: 100
כל הטיסות שנשמרו בהיסטוריה: 179
שינויים בהרצה הנוכחית: 0

פירוט שינויים:
  חדשות: 0
  עודכנו: 0
  חזרו לפיד: 0
  ללא שינוי: 100
  נעלמו מהפיד: 0

קבצים שנוצרו:
  טיסות פעילות: /root/onyx/exports/villiers_empty_legs_current_2026-08-07_17-17-02.csv
  כל ההיסטוריה: /root/onyx/exports/villiers_empty_legs_all_2026-08-07_17-17-02.csv
  שינויים בלבד: /root/onyx/exports/villiers_empty_legs_changes_2026-08-07_17-17-02.csv
  קובץ מצב: /root/onyx/data/villiers_state.json
[2/4] Creating website flights.json...
No local CSV was found. Falling back to RSS.
Downloading Villiers RSS...
Saved 100 flights.
Output: /root/onyx/data/flights.json
[3/4] Creating global airports.json...
Loading global airport database...
Prepared 28291 airports in 234 countries.
Airport catalogue saved to: /root/onyx/data/airports.json
[4/4] Sending current flights to Telegram...
Connected to Telegram bot: @OnyxAirRadar_bot (bot ID: 8816902667)
Reading flights from: /root/onyx/exports/villiers_empty_legs_current_2026-08-07_17-17-02.csv
Loaded 100 active Empty Leg flights.
Processing 2 users.
Skipping 1049883799 (Frequency: 3h, hours passed: 1.50h)
Skipping 7445310755 (Frequency: 3h, hours passed: 2.50h)

Telegram processing complete.
Users who received flights: 0
Users with delivery errors: 0
Total flight entries delivered: 0
==================================================
ONYX Radar update completed successfully.
==================================================
[main a4babed] Auto-update flights data and telegram alerts from server
 7 files changed, 662 insertions(+), 303 deletions(-)
 create mode 100644 exports/villiers_empty_legs_all_2026-08-07_17-17-02.csv
 create mode 100644 exports/villiers_empty_legs_changes_2026-08-07_17-17-02.csv
 create mode 100644 exports/villiers_empty_legs_current_2026-08-07_17-17-02.csv
To https://github.com/yedidiwah/onyx.git
 ! [rejected]        main -> main (fetch first)
error: failed to push some refs to 'https://github.com/yedidiwah/onyx.git'
hint: Updates were rejected because the remote contains work that you do not
hint: have locally. This is usually caused by another repository pushing to
hint: the same ref. If you want to integrate the remote changes, use
hint: 'git pull' before pushing again.
hint: See the 'Note about fast-forwards' in 'git push --help' for details.
==================================================
ONYX Radar Full Update
==================================================
[1/4] Downloading current Villiers flights...
טוען את מאגר שדות התעופה...
נטענו 28291 שדות תעופה.

מוריד את נתוני ה-RSS...
הפיד זוהה כפיד Empty Legs.
נמצאו 100 פריטים בפיד.

טיסה ראשונה לדוגמה:
מוצא: KABE / ABE - Lehigh Valley International Airport
יעד: KGED / GED - Delaware Coastal Airport
תאריך מקורי: 07 August 2026
תאריך ISO: 2026-08-07
שעת יציאה: 12:00
מחיר: $8,600
מחיר מנורמל: 8600 USD
מטוס: Citation X
מושבים: 12
סטטוס שינוי: unchanged

שם הפיד: Villiers Empty Legs - Affiliate ADHUHR
טיסות פעילות בפיד: 100
כל הטיסות שנשמרו בהיסטוריה: 179
שינויים בהרצה הנוכחית: 0

פירוט שינויים:
  חדשות: 0
  עודכנו: 0
  חזרו לפיד: 0
  ללא שינוי: 100
  נעלמו מהפיד: 0

קבצים שנוצרו:
  טיסות פעילות: /root/onyx/exports/villiers_empty_legs_current_2026-08-07_17-47-01.csv
  כל ההיסטוריה: /root/onyx/exports/villiers_empty_legs_all_2026-08-07_17-47-01.csv
  שינויים בלבד: /root/onyx/exports/villiers_empty_legs_changes_2026-08-07_17-47-01.csv
  קובץ מצב: /root/onyx/data/villiers_state.json
[2/4] Creating website flights.json...
No local CSV was found. Falling back to RSS.
Downloading Villiers RSS...
Saved 100 flights.
Output: /root/onyx/data/flights.json
[3/4] Creating global airports.json...
Loading global airport database...
Prepared 28291 airports in 234 countries.
Airport catalogue saved to: /root/onyx/data/airports.json
[4/4] Sending current flights to Telegram...
Connected to Telegram bot: @OnyxAirRadar_bot (bot ID: 8816902667)
Reading flights from: /root/onyx/exports/villiers_empty_legs_current_2026-08-07_17-47-01.csv
Loaded 100 active Empty Leg flights.
Processing 2 users.
Skipping 1049883799 (Frequency: 3h, hours passed: 2.00h)
Sent 1 of 1 flights in 1 messages to Yedidya (7445310755)
Users database updated with new timestamps.

Telegram processing complete.
Users who received flights: 1
Users with delivery errors: 0
Total flight entries delivered: 1
==================================================
ONYX Radar update completed successfully.
==================================================
[main 13d30b1] Auto-update flights data and telegram alerts from server
 8 files changed, 664 insertions(+), 304 deletions(-)
 create mode 100644 exports/villiers_empty_legs_all_2026-08-07_17-47-01.csv
 create mode 100644 exports/villiers_empty_legs_changes_2026-08-07_17-47-01.csv
 create mode 100644 exports/villiers_empty_legs_current_2026-08-07_17-47-01.csv
To https://github.com/yedidiwah/onyx.git
 ! [rejected]        main -> main (fetch first)
error: failed to push some refs to 'https://github.com/yedidiwah/onyx.git'
hint: Updates were rejected because the remote contains work that you do not
hint: have locally. This is usually caused by another repository pushing to
hint: the same ref. If you want to integrate the remote changes, use
hint: 'git pull' before pushing again.
hint: See the 'Note about fast-forwards' in 'git push --help' for details.
==================================================
ONYX Radar Full Update
==================================================
[1/4] Downloading current Villiers flights...
טוען את מאגר שדות התעופה...
נטענו 28291 שדות תעופה.

מוריד את נתוני ה-RSS...
הפיד זוהה כפיד Empty Legs.
נמצאו 100 פריטים בפיד.

טיסה ראשונה לדוגמה:
מוצא: KABE / ABE - Lehigh Valley International Airport
יעד: KGED / GED - Delaware Coastal Airport
תאריך מקורי: 07 August 2026
תאריך ISO: 2026-08-07
שעת יציאה: 12:00
מחיר: $8,600
מחיר מנורמל: 8600 USD
מטוס: Citation X
מושבים: 12
סטטוס שינוי: unchanged

שם הפיד: Villiers Empty Legs - Affiliate ADHUHR
טיסות פעילות בפיד: 100
כל הטיסות שנשמרו בהיסטוריה: 180
שינויים בהרצה הנוכחית: 2

פירוט שינויים:
  חדשות: 1
  עודכנו: 0
  חזרו לפיד: 0
  ללא שינוי: 99
  נעלמו מהפיד: 1

קבצים שנוצרו:
  טיסות פעילות: /root/onyx/exports/villiers_empty_legs_current_2026-08-07_18-17-02.csv
  כל ההיסטוריה: /root/onyx/exports/villiers_empty_legs_all_2026-08-07_18-17-02.csv
  שינויים בלבד: /root/onyx/exports/villiers_empty_legs_changes_2026-08-07_18-17-02.csv
  קובץ מצב: /root/onyx/data/villiers_state.json
[2/4] Creating website flights.json...
No local CSV was found. Falling back to RSS.
Downloading Villiers RSS...
Saved 100 flights.
Output: /root/onyx/data/flights.json
[3/4] Creating global airports.json...
Loading global airport database...
Prepared 28291 airports in 234 countries.
Airport catalogue saved to: /root/onyx/data/airports.json
[4/4] Sending current flights to Telegram...
Connected to Telegram bot: @OnyxAirRadar_bot (bot ID: 8816902667)
Reading flights from: /root/onyx/exports/villiers_empty_legs_current_2026-08-07_18-17-02.csv
Loaded 100 active Empty Leg flights.
Processing 2 users.
Skipping 1049883799 (Frequency: 3h, hours passed: 2.50h)
Skipping 7445310755 (Frequency: 3h, hours passed: 0.50h)

Telegram processing complete.
Users who received flights: 0
Users with delivery errors: 0
Total flight entries delivered: 0
==================================================
ONYX Radar update completed successfully.
==================================================
[main baeca2a] Auto-update flights data and telegram alerts from server
 7 files changed, 741 insertions(+), 338 deletions(-)
 create mode 100644 exports/villiers_empty_legs_all_2026-08-07_18-17-02.csv
 create mode 100644 exports/villiers_empty_legs_changes_2026-08-07_18-17-02.csv
 create mode 100644 exports/villiers_empty_legs_current_2026-08-07_18-17-02.csv
To https://github.com/yedidiwah/onyx.git
 ! [rejected]        main -> main (fetch first)
error: failed to push some refs to 'https://github.com/yedidiwah/onyx.git'
hint: Updates were rejected because the remote contains work that you do not
hint: have locally. This is usually caused by another repository pushing to
hint: the same ref. If you want to integrate the remote changes, use
hint: 'git pull' before pushing again.
hint: See the 'Note about fast-forwards' in 'git push --help' for details.
==================================================
ONYX Radar Full Update
==================================================
[1/4] Downloading current Villiers flights...
טוען את מאגר שדות התעופה...
נטענו 28291 שדות תעופה.

מוריד את נתוני ה-RSS...
הפיד זוהה כפיד Empty Legs.
נמצאו 100 פריטים בפיד.

טיסה ראשונה לדוגמה:
מוצא: KABE / ABE - Lehigh Valley International Airport
יעד: KGED / GED - Delaware Coastal Airport
תאריך מקורי: 07 August 2026
תאריך ISO: 2026-08-07
שעת יציאה: 12:00
מחיר: $8,600
מחיר מנורמל: 8600 USD
מטוס: Citation X
מושבים: 12
סטטוס שינוי: unchanged

שם הפיד: Villiers Empty Legs - Affiliate ADHUHR
טיסות פעילות בפיד: 100
כל הטיסות שנשמרו בהיסטוריה: 180
שינויים בהרצה הנוכחית: 0

פירוט שינויים:
  חדשות: 0
  עודכנו: 0
  חזרו לפיד: 0
  ללא שינוי: 100
  נעלמו מהפיד: 0

קבצים שנוצרו:
  טיסות פעילות: /root/onyx/exports/villiers_empty_legs_current_2026-08-07_18-47-02.csv
  כל ההיסטוריה: /root/onyx/exports/villiers_empty_legs_all_2026-08-07_18-47-02.csv
  שינויים בלבד: /root/onyx/exports/villiers_empty_legs_changes_2026-08-07_18-47-02.csv
  קובץ מצב: /root/onyx/data/villiers_state.json
[2/4] Creating website flights.json...
No local CSV was found. Falling back to RSS.
Downloading Villiers RSS...
Saved 100 flights.
Output: /root/onyx/data/flights.json
[3/4] Creating global airports.json...
Loading global airport database...
Prepared 28291 airports in 234 countries.
Airport catalogue saved to: /root/onyx/data/airports.json
[4/4] Sending current flights to Telegram...
Connected to Telegram bot: @OnyxAirRadar_bot (bot ID: 8816902667)
Reading flights from: /root/onyx/exports/villiers_empty_legs_current_2026-08-07_18-47-02.csv
Loaded 100 active Empty Leg flights.
Processing 2 users.
Sent 2 of 2 flights in 1 messages to yedidya (1049883799)
Skipping 7445310755 (Frequency: 3h, hours passed: 1.00h)
Users database updated with new timestamps.

Telegram processing complete.
Users who received flights: 1
Users with delivery errors: 0
Total flight entries delivered: 2
==================================================
ONYX Radar update completed successfully.
==================================================
[main cbe3680] Auto-update flights data and telegram alerts from server
 8 files changed, 667 insertions(+), 306 deletions(-)
 create mode 100644 exports/villiers_empty_legs_all_2026-08-07_18-47-02.csv
 create mode 100644 exports/villiers_empty_legs_changes_2026-08-07_18-47-02.csv
 create mode 100644 exports/villiers_empty_legs_current_2026-08-07_18-47-02.csv
To https://github.com/yedidiwah/onyx.git
 ! [rejected]        main -> main (fetch first)
error: failed to push some refs to 'https://github.com/yedidiwah/onyx.git'
hint: Updates were rejected because the remote contains work that you do not
hint: have locally. This is usually caused by another repository pushing to
hint: the same ref. If you want to integrate the remote changes, use
hint: 'git pull' before pushing again.
hint: See the 'Note about fast-forwards' in 'git push --help' for details.
==================================================
ONYX Radar Full Update
==================================================
[1/4] Downloading current Villiers flights...
טוען את מאגר שדות התעופה...
נטענו 28291 שדות תעופה.

מוריד את נתוני ה-RSS...
הפיד זוהה כפיד Empty Legs.
נמצאו 100 פריטים בפיד.

טיסה ראשונה לדוגמה:
מוצא: KABE / ABE - Lehigh Valley International Airport
יעד: KGED / GED - Delaware Coastal Airport
תאריך מקורי: 07 August 2026
תאריך ISO: 2026-08-07
שעת יציאה: 12:00
מחיר: $8,600
מחיר מנורמל: 8600 USD
מטוס: Citation X
מושבים: 12
סטטוס שינוי: unchanged

שם הפיד: Villiers Empty Legs - Affiliate ADHUHR
טיסות פעילות בפיד: 100
כל הטיסות שנשמרו בהיסטוריה: 180
שינויים בהרצה הנוכחית: 0

פירוט שינויים:
  חדשות: 0
  עודכנו: 0
  חזרו לפיד: 0
  ללא שינוי: 100
  נעלמו מהפיד: 0

קבצים שנוצרו:
  טיסות פעילות: /root/onyx/exports/villiers_empty_legs_current_2026-08-07_19-17-02.csv
  כל ההיסטוריה: /root/onyx/exports/villiers_empty_legs_all_2026-08-07_19-17-02.csv
  שינויים בלבד: /root/onyx/exports/villiers_empty_legs_changes_2026-08-07_19-17-02.csv
  קובץ מצב: /root/onyx/data/villiers_state.json
[2/4] Creating website flights.json...
No local CSV was found. Falling back to RSS.
Downloading Villiers RSS...
Saved 100 flights.
Output: /root/onyx/data/flights.json
[3/4] Creating global airports.json...
Loading global airport database...
Prepared 28291 airports in 234 countries.
Airport catalogue saved to: /root/onyx/data/airports.json
[4/4] Sending current flights to Telegram...
Connected to Telegram bot: @OnyxAirRadar_bot (bot ID: 8816902667)
Reading flights from: /root/onyx/exports/villiers_empty_legs_current_2026-08-07_19-17-02.csv
Loaded 100 active Empty Leg flights.
Processing 2 users.
Skipping 1049883799 (Frequency: 3h, hours passed: 0.50h)
Skipping 7445310755 (Frequency: 3h, hours passed: 1.50h)

Telegram processing complete.
Users who received flights: 0
Users with delivery errors: 0
Total flight entries delivered: 0
==================================================
ONYX Radar update completed successfully.
==================================================
[main ad9d641] Auto-update flights data and telegram alerts from server
 7 files changed, 663 insertions(+), 303 deletions(-)
 create mode 100644 exports/villiers_empty_legs_all_2026-08-07_19-17-02.csv
 create mode 100644 exports/villiers_empty_legs_changes_2026-08-07_19-17-02.csv
 create mode 100644 exports/villiers_empty_legs_current_2026-08-07_19-17-02.csv
To https://github.com/yedidiwah/onyx.git
 ! [rejected]        main -> main (fetch first)
error: failed to push some refs to 'https://github.com/yedidiwah/onyx.git'
hint: Updates were rejected because the remote contains work that you do not
hint: have locally. This is usually caused by another repository pushing to
hint: the same ref. If you want to integrate the remote changes, use
hint: 'git pull' before pushing again.
hint: See the 'Note about fast-forwards' in 'git push --help' for details.
==================================================
ONYX Radar Full Update
==================================================
[1/4] Downloading current Villiers flights...
טוען את מאגר שדות התעופה...
נטענו 28291 שדות תעופה.

מוריד את נתוני ה-RSS...
הפיד זוהה כפיד Empty Legs.
נמצאו 100 פריטים בפיד.

טיסה ראשונה לדוגמה:
מוצא: KABE / ABE - Lehigh Valley International Airport
יעד: KGED / GED - Delaware Coastal Airport
תאריך מקורי: 07 August 2026
תאריך ISO: 2026-08-07
שעת יציאה: 12:00
מחיר: $8,600
מחיר מנורמל: 8600 USD
מטוס: Citation X
מושבים: 12
סטטוס שינוי: unchanged

שם הפיד: Villiers Empty Legs - Affiliate ADHUHR
טיסות פעילות בפיד: 100
כל הטיסות שנשמרו בהיסטוריה: 180
שינויים בהרצה הנוכחית: 0

פירוט שינויים:
  חדשות: 0
  עודכנו: 0
  חזרו לפיד: 0
  ללא שינוי: 100
  נעלמו מהפיד: 0

קבצים שנוצרו:
  טיסות פעילות: /root/onyx/exports/villiers_empty_legs_current_2026-08-07_19-47-01.csv
  כל ההיסטוריה: /root/onyx/exports/villiers_empty_legs_all_2026-08-07_19-47-01.csv
  שינויים בלבד: /root/onyx/exports/villiers_empty_legs_changes_2026-08-07_19-47-01.csv
  קובץ מצב: /root/onyx/data/villiers_state.json
[2/4] Creating website flights.json...
No local CSV was found. Falling back to RSS.
Downloading Villiers RSS...
Saved 100 flights.
Output: /root/onyx/data/flights.json
[3/4] Creating global airports.json...
Loading global airport database...
Prepared 28291 airports in 234 countries.
Airport catalogue saved to: /root/onyx/data/airports.json
[4/4] Sending current flights to Telegram...
Connected to Telegram bot: @OnyxAirRadar_bot (bot ID: 8816902667)
Reading flights from: /root/onyx/exports/villiers_empty_legs_current_2026-08-07_19-47-01.csv
Loaded 100 active Empty Leg flights.
Processing 2 users.
Skipping 1049883799 (Frequency: 3h, hours passed: 1.00h)
Skipping 7445310755 (Frequency: 3h, hours passed: 2.00h)

Telegram processing complete.
Users who received flights: 0
Users with delivery errors: 0
Total flight entries delivered: 0
==================================================
ONYX Radar update completed successfully.
==================================================
[main 56e9e36] Auto-update flights data and telegram alerts from server
 7 files changed, 663 insertions(+), 303 deletions(-)
 create mode 100644 exports/villiers_empty_legs_all_2026-08-07_19-47-01.csv
 create mode 100644 exports/villiers_empty_legs_changes_2026-08-07_19-47-01.csv
 create mode 100644 exports/villiers_empty_legs_current_2026-08-07_19-47-01.csv
To https://github.com/yedidiwah/onyx.git
 ! [rejected]        main -> main (fetch first)
error: failed to push some refs to 'https://github.com/yedidiwah/onyx.git'
hint: Updates were rejected because the remote contains work that you do not
hint: have locally. This is usually caused by another repository pushing to
hint: the same ref. If you want to integrate the remote changes, use
hint: 'git pull' before pushing again.
hint: See the 'Note about fast-forwards' in 'git push --help' for details.
==================================================
ONYX Radar Full Update
==================================================
[1/4] Downloading current Villiers flights...
טוען את מאגר שדות התעופה...
נטענו 28291 שדות תעופה.

מוריד את נתוני ה-RSS...
הפיד זוהה כפיד Empty Legs.
נמצאו 100 פריטים בפיד.

טיסה ראשונה לדוגמה:
מוצא: KABE / ABE - Lehigh Valley International Airport
יעד: KGED / GED - Delaware Coastal Airport
תאריך מקורי: 07 August 2026
תאריך ISO: 2026-08-07
שעת יציאה: 12:00
מחיר: $8,600
מחיר מנורמל: 8600 USD
מטוס: Citation X
מושבים: 12
סטטוס שינוי: unchanged

שם הפיד: Villiers Empty Legs - Affiliate ADHUHR
טיסות פעילות בפיד: 100
כל הטיסות שנשמרו בהיסטוריה: 180
שינויים בהרצה הנוכחית: 0

פירוט שינויים:
  חדשות: 0
  עודכנו: 0
  חזרו לפיד: 0
  ללא שינוי: 100
  נעלמו מהפיד: 0

קבצים שנוצרו:
  טיסות פעילות: /root/onyx/exports/villiers_empty_legs_current_2026-08-07_20-17-01.csv
  כל ההיסטוריה: /root/onyx/exports/villiers_empty_legs_all_2026-08-07_20-17-01.csv
  שינויים בלבד: /root/onyx/exports/villiers_empty_legs_changes_2026-08-07_20-17-01.csv
  קובץ מצב: /root/onyx/data/villiers_state.json
[2/4] Creating website flights.json...
No local CSV was found. Falling back to RSS.
Downloading Villiers RSS...
Saved 100 flights.
Output: /root/onyx/data/flights.json
[3/4] Creating global airports.json...
Loading global airport database...
Prepared 28291 airports in 234 countries.
Airport catalogue saved to: /root/onyx/data/airports.json
[4/4] Sending current flights to Telegram...
Connected to Telegram bot: @OnyxAirRadar_bot (bot ID: 8816902667)
Reading flights from: /root/onyx/exports/villiers_empty_legs_current_2026-08-07_20-17-01.csv
Loaded 100 active Empty Leg flights.
Processing 2 users.
Skipping 1049883799 (Frequency: 3h, hours passed: 1.50h)
Skipping 7445310755 (Frequency: 3h, hours passed: 2.50h)

Telegram processing complete.
Users who received flights: 0
Users with delivery errors: 0
Total flight entries delivered: 0
==================================================
ONYX Radar update completed successfully.
==================================================
[main dd48702] Auto-update flights data and telegram alerts from server
 7 files changed, 663 insertions(+), 303 deletions(-)
 create mode 100644 exports/villiers_empty_legs_all_2026-08-07_20-17-01.csv
 create mode 100644 exports/villiers_empty_legs_changes_2026-08-07_20-17-01.csv
 create mode 100644 exports/villiers_empty_legs_current_2026-08-07_20-17-01.csv
To https://github.com/yedidiwah/onyx.git
 ! [rejected]        main -> main (fetch first)
error: failed to push some refs to 'https://github.com/yedidiwah/onyx.git'
hint: Updates were rejected because the remote contains work that you do not
hint: have locally. This is usually caused by another repository pushing to
hint: the same ref. If you want to integrate the remote changes, use
hint: 'git pull' before pushing again.
hint: See the 'Note about fast-forwards' in 'git push --help' for details.
==================================================
ONYX Radar Full Update
==================================================
[1/4] Downloading current Villiers flights...
טוען את מאגר שדות התעופה...
נטענו 28291 שדות תעופה.

מוריד את נתוני ה-RSS...
הפיד זוהה כפיד Empty Legs.
נמצאו 100 פריטים בפיד.

טיסה ראשונה לדוגמה:
מוצא: KABE / ABE - Lehigh Valley International Airport
יעד: KGED / GED - Delaware Coastal Airport
תאריך מקורי: 07 August 2026
תאריך ISO: 2026-08-07
שעת יציאה: 12:00
מחיר: $8,600
מחיר מנורמל: 8600 USD
מטוס: Citation X
מושבים: 12
סטטוס שינוי: unchanged

שם הפיד: Villiers Empty Legs - Affiliate ADHUHR
טיסות פעילות בפיד: 100
כל הטיסות שנשמרו בהיסטוריה: 180
שינויים בהרצה הנוכחית: 0

פירוט שינויים:
  חדשות: 0
  עודכנו: 0
  חזרו לפיד: 0
  ללא שינוי: 100
  נעלמו מהפיד: 0

קבצים שנוצרו:
  טיסות פעילות: /root/onyx/exports/villiers_empty_legs_current_2026-08-07_20-47-02.csv
  כל ההיסטוריה: /root/onyx/exports/villiers_empty_legs_all_2026-08-07_20-47-02.csv
  שינויים בלבד: /root/onyx/exports/villiers_empty_legs_changes_2026-08-07_20-47-02.csv
  קובץ מצב: /root/onyx/data/villiers_state.json
[2/4] Creating website flights.json...
No local CSV was found. Falling back to RSS.
Downloading Villiers RSS...
Saved 100 flights.
Output: /root/onyx/data/flights.json
[3/4] Creating global airports.json...
Loading global airport database...
Prepared 28291 airports in 234 countries.
Airport catalogue saved to: /root/onyx/data/airports.json
[4/4] Sending current flights to Telegram...
Connected to Telegram bot: @OnyxAirRadar_bot (bot ID: 8816902667)
Reading flights from: /root/onyx/exports/villiers_empty_legs_current_2026-08-07_20-47-02.csv
Loaded 100 active Empty Leg flights.
Processing 2 users.
Skipping 1049883799 (Frequency: 3h, hours passed: 2.00h)
Sent 1 of 1 flights in 1 messages to Yedidya (7445310755)
Users database updated with new timestamps.

Telegram processing complete.
Users who received flights: 1
Users with delivery errors: 0
Total flight entries delivered: 1
==================================================
ONYX Radar update completed successfully.
==================================================
[main 1762af6] Auto-update flights data and telegram alerts from server
 8 files changed, 665 insertions(+), 304 deletions(-)
 create mode 100644 exports/villiers_empty_legs_all_2026-08-07_20-47-02.csv
 create mode 100644 exports/villiers_empty_legs_changes_2026-08-07_20-47-02.csv
 create mode 100644 exports/villiers_empty_legs_current_2026-08-07_20-47-02.csv
To https://github.com/yedidiwah/onyx.git
 ! [rejected]        main -> main (fetch first)
error: failed to push some refs to 'https://github.com/yedidiwah/onyx.git'
hint: Updates were rejected because the remote contains work that you do not
hint: have locally. This is usually caused by another repository pushing to
hint: the same ref. If you want to integrate the remote changes, use
hint: 'git pull' before pushing again.
hint: See the 'Note about fast-forwards' in 'git push --help' for details.
==================================================
ONYX Radar Full Update
==================================================
[1/4] Downloading current Villiers flights...
טוען את מאגר שדות התעופה...
נטענו 28291 שדות תעופה.

מוריד את נתוני ה-RSS...
הפיד זוהה כפיד Empty Legs.
נמצאו 100 פריטים בפיד.

טיסה ראשונה לדוגמה:
מוצא: KABE / ABE - Lehigh Valley International Airport
יעד: KGED / GED - Delaware Coastal Airport
תאריך מקורי: 07 August 2026
תאריך ISO: 2026-08-07
שעת יציאה: 12:00
מחיר: $8,600
מחיר מנורמל: 8600 USD
מטוס: Citation X
מושבים: 12
סטטוס שינוי: unchanged

שם הפיד: Villiers Empty Legs - Affiliate ADHUHR
טיסות פעילות בפיד: 100
כל הטיסות שנשמרו בהיסטוריה: 180
שינויים בהרצה הנוכחית: 0

פירוט שינויים:
  חדשות: 0
  עודכנו: 0
  חזרו לפיד: 0
  ללא שינוי: 100
  נעלמו מהפיד: 0

קבצים שנוצרו:
  טיסות פעילות: /root/onyx/exports/villiers_empty_legs_current_2026-08-07_21-17-02.csv
  כל ההיסטוריה: /root/onyx/exports/villiers_empty_legs_all_2026-08-07_21-17-02.csv
  שינויים בלבד: /root/onyx/exports/villiers_empty_legs_changes_2026-08-07_21-17-02.csv
  קובץ מצב: /root/onyx/data/villiers_state.json
[2/4] Creating website flights.json...
No local CSV was found. Falling back to RSS.
Downloading Villiers RSS...
Saved 100 flights.
Output: /root/onyx/data/flights.json
[3/4] Creating global airports.json...
Loading global airport database...
Prepared 28291 airports in 234 countries.
Airport catalogue saved to: /root/onyx/data/airports.json
[4/4] Sending current flights to Telegram...
Connected to Telegram bot: @OnyxAirRadar_bot (bot ID: 8816902667)
Reading flights from: /root/onyx/exports/villiers_empty_legs_current_2026-08-07_21-17-02.csv
Loaded 100 active Empty Leg flights.
Processing 2 users.
Skipping 1049883799 (Frequency: 3h, hours passed: 2.50h)
Skipping 7445310755 (Frequency: 3h, hours passed: 0.50h)

Telegram processing complete.
Users who received flights: 0
Users with delivery errors: 0
Total flight entries delivered: 0
==================================================
ONYX Radar update completed successfully.
==================================================
[main fc5b1dc] Auto-update flights data and telegram alerts from server
 7 files changed, 663 insertions(+), 303 deletions(-)
 create mode 100644 exports/villiers_empty_legs_all_2026-08-07_21-17-02.csv
 create mode 100644 exports/villiers_empty_legs_changes_2026-08-07_21-17-02.csv
 create mode 100644 exports/villiers_empty_legs_current_2026-08-07_21-17-02.csv
To https://github.com/yedidiwah/onyx.git
 ! [rejected]        main -> main (fetch first)
error: failed to push some refs to 'https://github.com/yedidiwah/onyx.git'
hint: Updates were rejected because the remote contains work that you do not
hint: have locally. This is usually caused by another repository pushing to
hint: the same ref. If you want to integrate the remote changes, use
hint: 'git pull' before pushing again.
hint: See the 'Note about fast-forwards' in 'git push --help' for details.
==================================================
ONYX Radar Full Update
==================================================
[1/4] Downloading current Villiers flights...
טוען את מאגר שדות התעופה...
נטענו 28291 שדות תעופה.

מוריד את נתוני ה-RSS...
הפיד זוהה כפיד Empty Legs.
נמצאו 100 פריטים בפיד.

טיסה ראשונה לדוגמה:
מוצא: KABE / ABE - Lehigh Valley International Airport
יעד: KGED / GED - Delaware Coastal Airport
תאריך מקורי: 07 August 2026
תאריך ISO: 2026-08-07
שעת יציאה: 12:00
מחיר: $8,600
מחיר מנורמל: 8600 USD
מטוס: Citation X
מושבים: 12
סטטוס שינוי: unchanged

שם הפיד: Villiers Empty Legs - Affiliate ADHUHR
טיסות פעילות בפיד: 100
כל הטיסות שנשמרו בהיסטוריה: 180
שינויים בהרצה הנוכחית: 0

פירוט שינויים:
  חדשות: 0
  עודכנו: 0
  חזרו לפיד: 0
  ללא שינוי: 100
  נעלמו מהפיד: 0

קבצים שנוצרו:
  טיסות פעילות: /root/onyx/exports/villiers_empty_legs_current_2026-08-07_21-47-01.csv
  כל ההיסטוריה: /root/onyx/exports/villiers_empty_legs_all_2026-08-07_21-47-01.csv
  שינויים בלבד: /root/onyx/exports/villiers_empty_legs_changes_2026-08-07_21-47-01.csv
  קובץ מצב: /root/onyx/data/villiers_state.json
[2/4] Creating website flights.json...
No local CSV was found. Falling back to RSS.
Downloading Villiers RSS...
Saved 100 flights.
Output: /root/onyx/data/flights.json
[3/4] Creating global airports.json...
Loading global airport database...
Prepared 28291 airports in 234 countries.
Airport catalogue saved to: /root/onyx/data/airports.json
[4/4] Sending current flights to Telegram...
Connected to Telegram bot: @OnyxAirRadar_bot (bot ID: 8816902667)
Reading flights from: /root/onyx/exports/villiers_empty_legs_current_2026-08-07_21-47-01.csv
Loaded 100 active Empty Leg flights.
Processing 2 users.
Skipping 1049883799 (Frequency: 3h, hours passed: 3.00h)
Skipping 7445310755 (Frequency: 3h, hours passed: 1.00h)

Telegram processing complete.
Users who received flights: 0
Users with delivery errors: 0
Total flight entries delivered: 0
==================================================
ONYX Radar update completed successfully.
==================================================
[main 484cb4c] Auto-update flights data and telegram alerts from server
 7 files changed, 663 insertions(+), 303 deletions(-)
 create mode 100644 exports/villiers_empty_legs_all_2026-08-07_21-47-01.csv
 create mode 100644 exports/villiers_empty_legs_changes_2026-08-07_21-47-01.csv
 create mode 100644 exports/villiers_empty_legs_current_2026-08-07_21-47-01.csv
To https://github.com/yedidiwah/onyx.git
 ! [rejected]        main -> main (fetch first)
error: failed to push some refs to 'https://github.com/yedidiwah/onyx.git'
hint: Updates were rejected because the remote contains work that you do not
hint: have locally. This is usually caused by another repository pushing to
hint: the same ref. If you want to integrate the remote changes, use
hint: 'git pull' before pushing again.
hint: See the 'Note about fast-forwards' in 'git push --help' for details.
==================================================
ONYX Radar Full Update
==================================================
[1/4] Downloading current Villiers flights...
טוען את מאגר שדות התעופה...
נטענו 28291 שדות תעופה.

מוריד את נתוני ה-RSS...
הפיד זוהה כפיד Empty Legs.
נמצאו 100 פריטים בפיד.

טיסה ראשונה לדוגמה:
מוצא: KABE / ABE - Lehigh Valley International Airport
יעד: KGED / GED - Delaware Coastal Airport
תאריך מקורי: 07 August 2026
תאריך ISO: 2026-08-07
שעת יציאה: 12:00
מחיר: $8,600
מחיר מנורמל: 8600 USD
מטוס: Citation X
מושבים: 12
סטטוס שינוי: unchanged

שם הפיד: Villiers Empty Legs - Affiliate ADHUHR
טיסות פעילות בפיד: 100
כל הטיסות שנשמרו בהיסטוריה: 180
שינויים בהרצה הנוכחית: 0

פירוט שינויים:
  חדשות: 0
  עודכנו: 0
  חזרו לפיד: 0
  ללא שינוי: 100
  נעלמו מהפיד: 0

קבצים שנוצרו:
  טיסות פעילות: /root/onyx/exports/villiers_empty_legs_current_2026-08-07_22-17-01.csv
  כל ההיסטוריה: /root/onyx/exports/villiers_empty_legs_all_2026-08-07_22-17-01.csv
  שינויים בלבד: /root/onyx/exports/villiers_empty_legs_changes_2026-08-07_22-17-01.csv
  קובץ מצב: /root/onyx/data/villiers_state.json
[2/4] Creating website flights.json...
No local CSV was found. Falling back to RSS.
Downloading Villiers RSS...
Saved 100 flights.
Output: /root/onyx/data/flights.json
[3/4] Creating global airports.json...
Loading global airport database...
Prepared 28291 airports in 234 countries.
Airport catalogue saved to: /root/onyx/data/airports.json
[4/4] Sending current flights to Telegram...
Connected to Telegram bot: @OnyxAirRadar_bot (bot ID: 8816902667)
Reading flights from: /root/onyx/exports/villiers_empty_legs_current_2026-08-07_22-17-01.csv
Loaded 100 active Empty Leg flights.
Processing 2 users.
Sent 2 of 2 flights in 1 messages to yedidya (1049883799)
Skipping 7445310755 (Frequency: 3h, hours passed: 1.50h)
Users database updated with new timestamps.

Telegram processing complete.
Users who received flights: 1
Users with delivery errors: 0
Total flight entries delivered: 2
==================================================
ONYX Radar update completed successfully.
==================================================
[main 0f29870] Auto-update flights data and telegram alerts from server
 8 files changed, 665 insertions(+), 304 deletions(-)
 create mode 100644 exports/villiers_empty_legs_all_2026-08-07_22-17-01.csv
 create mode 100644 exports/villiers_empty_legs_changes_2026-08-07_22-17-01.csv
 create mode 100644 exports/villiers_empty_legs_current_2026-08-07_22-17-01.csv
To https://github.com/yedidiwah/onyx.git
 ! [rejected]        main -> main (fetch first)
error: failed to push some refs to 'https://github.com/yedidiwah/onyx.git'
hint: Updates were rejected because the remote contains work that you do not
hint: have locally. This is usually caused by another repository pushing to
hint: the same ref. If you want to integrate the remote changes, use
hint: 'git pull' before pushing again.
hint: See the 'Note about fast-forwards' in 'git push --help' for details.
==================================================
ONYX Radar Full Update
==================================================
[1/4] Downloading current Villiers flights...
טוען את מאגר שדות התעופה...
נטענו 28291 שדות תעופה.

מוריד את נתוני ה-RSS...
הפיד זוהה כפיד Empty Legs.
נמצאו 100 פריטים בפיד.

טיסה ראשונה לדוגמה:
מוצא: KABE / ABE - Lehigh Valley International Airport
יעד: KGED / GED - Delaware Coastal Airport
תאריך מקורי: 07 August 2026
תאריך ISO: 2026-08-07
שעת יציאה: 12:00
מחיר: $8,600
מחיר מנורמל: 8600 USD
מטוס: Citation X
מושבים: 12
סטטוס שינוי: unchanged

שם הפיד: Villiers Empty Legs - Affiliate ADHUHR
טיסות פעילות בפיד: 100
כל הטיסות שנשמרו בהיסטוריה: 180
שינויים בהרצה הנוכחית: 0

פירוט שינויים:
  חדשות: 0
  עודכנו: 0
  חזרו לפיד: 0
  ללא שינוי: 100
  נעלמו מהפיד: 0

קבצים שנוצרו:
  טיסות פעילות: /root/onyx/exports/villiers_empty_legs_current_2026-08-07_22-47-02.csv
  כל ההיסטוריה: /root/onyx/exports/villiers_empty_legs_all_2026-08-07_22-47-02.csv
  שינויים בלבד: /root/onyx/exports/villiers_empty_legs_changes_2026-08-07_22-47-02.csv
  קובץ מצב: /root/onyx/data/villiers_state.json
[2/4] Creating website flights.json...
No local CSV was found. Falling back to RSS.
Downloading Villiers RSS...
Saved 100 flights.
Output: /root/onyx/data/flights.json
[3/4] Creating global airports.json...
Loading global airport database...
Prepared 28291 airports in 234 countries.
Airport catalogue saved to: /root/onyx/data/airports.json
[4/4] Sending current flights to Telegram...
Connected to Telegram bot: @OnyxAirRadar_bot (bot ID: 8816902667)
Reading flights from: /root/onyx/exports/villiers_empty_legs_current_2026-08-07_22-47-02.csv
Loaded 100 active Empty Leg flights.
Processing 2 users.
Skipping 1049883799 (Frequency: 3h, hours passed: 0.50h)
Skipping 7445310755 (Frequency: 3h, hours passed: 2.00h)

Telegram processing complete.
Users who received flights: 0
Users with delivery errors: 0
Total flight entries delivered: 0
==================================================
ONYX Radar update completed successfully.
==================================================
[main 0fe1abb] Auto-update flights data and telegram alerts from server
 7 files changed, 663 insertions(+), 303 deletions(-)
 create mode 100644 exports/villiers_empty_legs_all_2026-08-07_22-47-02.csv
 create mode 100644 exports/villiers_empty_legs_changes_2026-08-07_22-47-02.csv
 create mode 100644 exports/villiers_empty_legs_current_2026-08-07_22-47-02.csv
To https://github.com/yedidiwah/onyx.git
 ! [rejected]        main -> main (fetch first)
error: failed to push some refs to 'https://github.com/yedidiwah/onyx.git'
hint: Updates were rejected because the remote contains work that you do not
hint: have locally. This is usually caused by another repository pushing to
hint: the same ref. If you want to integrate the remote changes, use
hint: 'git pull' before pushing again.
hint: See the 'Note about fast-forwards' in 'git push --help' for details.
==================================================
ONYX Radar Full Update
==================================================
[1/4] Downloading current Villiers flights...
טוען את מאגר שדות התעופה...
נטענו 28291 שדות תעופה.

מוריד את נתוני ה-RSS...
הפיד זוהה כפיד Empty Legs.
נמצאו 100 פריטים בפיד.

טיסה ראשונה לדוגמה:
מוצא: KABE / ABE - Lehigh Valley International Airport
יעד: KGED / GED - Delaware Coastal Airport
תאריך מקורי: 07 August 2026
תאריך ISO: 2026-08-07
שעת יציאה: 12:00
מחיר: $8,600
מחיר מנורמל: 8600 USD
מטוס: Citation X
מושבים: 12
סטטוס שינוי: unchanged

שם הפיד: Villiers Empty Legs - Affiliate ADHUHR
טיסות פעילות בפיד: 100
כל הטיסות שנשמרו בהיסטוריה: 180
שינויים בהרצה הנוכחית: 0

פירוט שינויים:
  חדשות: 0
  עודכנו: 0
  חזרו לפיד: 0
  ללא שינוי: 100
  נעלמו מהפיד: 0

קבצים שנוצרו:
  טיסות פעילות: /root/onyx/exports/villiers_empty_legs_current_2026-08-07_23-17-01.csv
  כל ההיסטוריה: /root/onyx/exports/villiers_empty_legs_all_2026-08-07_23-17-01.csv
  שינויים בלבד: /root/onyx/exports/villiers_empty_legs_changes_2026-08-07_23-17-01.csv
  קובץ מצב: /root/onyx/data/villiers_state.json
[2/4] Creating website flights.json...
No local CSV was found. Falling back to RSS.
Downloading Villiers RSS...
Saved 100 flights.
Output: /root/onyx/data/flights.json
[3/4] Creating global airports.json...
Loading global airport database...
Prepared 28291 airports in 234 countries.
Airport catalogue saved to: /root/onyx/data/airports.json
[4/4] Sending current flights to Telegram...
Connected to Telegram bot: @OnyxAirRadar_bot (bot ID: 8816902667)
Reading flights from: /root/onyx/exports/villiers_empty_legs_current_2026-08-07_23-17-01.csv
Loaded 100 active Empty Leg flights.
Processing 2 users.
Skipping 1049883799 (Frequency: 3h, hours passed: 1.00h)
Skipping 7445310755 (Frequency: 3h, hours passed: 2.50h)

Telegram processing complete.
Users who received flights: 0
Users with delivery errors: 0
Total flight entries delivered: 0
==================================================
ONYX Radar update completed successfully.
==================================================
[main 7e730f0] Auto-update flights data and telegram alerts from server
 7 files changed, 663 insertions(+), 303 deletions(-)
 create mode 100644 exports/villiers_empty_legs_all_2026-08-07_23-17-01.csv
 create mode 100644 exports/villiers_empty_legs_changes_2026-08-07_23-17-01.csv
 create mode 100644 exports/villiers_empty_legs_current_2026-08-07_23-17-01.csv
To https://github.com/yedidiwah/onyx.git
 ! [rejected]        main -> main (fetch first)
error: failed to push some refs to 'https://github.com/yedidiwah/onyx.git'
hint: Updates were rejected because the remote contains work that you do not
hint: have locally. This is usually caused by another repository pushing to
hint: the same ref. If you want to integrate the remote changes, use
hint: 'git pull' before pushing again.
hint: See the 'Note about fast-forwards' in 'git push --help' for details.
==================================================
ONYX Radar Full Update
==================================================
[1/4] Downloading current Villiers flights...
טוען את מאגר שדות התעופה...
נטענו 28291 שדות תעופה.

מוריד את נתוני ה-RSS...
הפיד זוהה כפיד Empty Legs.
נמצאו 100 פריטים בפיד.

טיסה ראשונה לדוגמה:
מוצא: KABE / ABE - Lehigh Valley International Airport
יעד: KGED / GED - Delaware Coastal Airport
תאריך מקורי: 07 August 2026
תאריך ISO: 2026-08-07
שעת יציאה: 12:00
מחיר: $8,600
מחיר מנורמל: 8600 USD
מטוס: Citation X
מושבים: 12
סטטוס שינוי: unchanged

שם הפיד: Villiers Empty Legs - Affiliate ADHUHR
טיסות פעילות בפיד: 100
כל הטיסות שנשמרו בהיסטוריה: 180
שינויים בהרצה הנוכחית: 0

פירוט שינויים:
  חדשות: 0
  עודכנו: 0
  חזרו לפיד: 0
  ללא שינוי: 100
  נעלמו מהפיד: 0

קבצים שנוצרו:
  טיסות פעילות: /root/onyx/exports/villiers_empty_legs_current_2026-08-07_23-47-01.csv
  כל ההיסטוריה: /root/onyx/exports/villiers_empty_legs_all_2026-08-07_23-47-01.csv
  שינויים בלבד: /root/onyx/exports/villiers_empty_legs_changes_2026-08-07_23-47-01.csv
  קובץ מצב: /root/onyx/data/villiers_state.json
[2/4] Creating website flights.json...
No local CSV was found. Falling back to RSS.
Downloading Villiers RSS...
Saved 100 flights.
Output: /root/onyx/data/flights.json
[3/4] Creating global airports.json...
Loading global airport database...
Prepared 28291 airports in 234 countries.
Airport catalogue saved to: /root/onyx/data/airports.json
[4/4] Sending current flights to Telegram...
Connected to Telegram bot: @OnyxAirRadar_bot (bot ID: 8816902667)
Reading flights from: /root/onyx/exports/villiers_empty_legs_current_2026-08-07_23-47-01.csv
Loaded 100 active Empty Leg flights.
Processing 2 users.
Skipping 1049883799 (Frequency: 3h, hours passed: 1.50h)
Skipping 7445310755 (Frequency: 3h, hours passed: 3.00h)

Telegram processing complete.
Users who received flights: 0
Users with delivery errors: 0
Total flight entries delivered: 0
==================================================
ONYX Radar update completed successfully.
==================================================
[main 35f6e76] Auto-update flights data and telegram alerts from server
 7 files changed, 663 insertions(+), 303 deletions(-)
 create mode 100644 exports/villiers_empty_legs_all_2026-08-07_23-47-01.csv
 create mode 100644 exports/villiers_empty_legs_changes_2026-08-07_23-47-01.csv
 create mode 100644 exports/villiers_empty_legs_current_2026-08-07_23-47-01.csv
To https://github.com/yedidiwah/onyx.git
 ! [rejected]        main -> main (fetch first)
error: failed to push some refs to 'https://github.com/yedidiwah/onyx.git'
hint: Updates were rejected because the remote contains work that you do not
hint: have locally. This is usually caused by another repository pushing to
hint: the same ref. If you want to integrate the remote changes, use
hint: 'git pull' before pushing again.
hint: See the 'Note about fast-forwards' in 'git push --help' for details.
==================================================
ONYX Radar Full Update
==================================================
[1/4] Downloading current Villiers flights...
טוען את מאגר שדות התעופה...
נטענו 28291 שדות תעופה.

מוריד את נתוני ה-RSS...
הפיד זוהה כפיד Empty Legs.
נמצאו 100 פריטים בפיד.

טיסה ראשונה לדוגמה:
מוצא: EGGW / LTN - London Luton Airport
יעד: LFPB / LBG - Paris-Le Bourget Airport
תאריך מקורי: 08 August 2026
תאריך ISO: 2026-08-08
שעת יציאה: 12:00
מחיר: £8,923
מחיר מנורמל: 8923 GBP
מטוס: Phenom 300E
מושבים: 9
סטטוס שינוי: unchanged

שם הפיד: Villiers Empty Legs - Affiliate ADHUHR
טיסות פעילות בפיד: 100
כל הטיסות שנשמרו בהיסטוריה: 193
שינויים בהרצה הנוכחית: 68

פירוט שינויים:
  חדשות: 13
  עודכנו: 0
  חזרו לפיד: 21
  ללא שינוי: 66
  נעלמו מהפיד: 34

קבצים שנוצרו:
  טיסות פעילות: /root/onyx/exports/villiers_empty_legs_current_2026-08-08_00-17-02.csv
  כל ההיסטוריה: /root/onyx/exports/villiers_empty_legs_all_2026-08-08_00-17-02.csv
  שינויים בלבד: /root/onyx/exports/villiers_empty_legs_changes_2026-08-08_00-17-02.csv
  קובץ מצב: /root/onyx/data/villiers_state.json
[2/4] Creating website flights.json...
No local CSV was found. Falling back to RSS.
Downloading Villiers RSS...
Saved 100 flights.
Output: /root/onyx/data/flights.json
[3/4] Creating global airports.json...
Loading global airport database...
Prepared 28291 airports in 234 countries.
Airport catalogue saved to: /root/onyx/data/airports.json
[4/4] Sending current flights to Telegram...
Connected to Telegram bot: @OnyxAirRadar_bot (bot ID: 8816902667)
Reading flights from: /root/onyx/exports/villiers_empty_legs_current_2026-08-08_00-17-02.csv
Loaded 100 active Empty Leg flights.
Processing 2 users.
Skipping 1049883799 (Frequency: 3h, hours passed: 2.00h)
Sent 4 of 4 flights in 1 messages to Yedidya (7445310755)
Users database updated with new timestamps.

Telegram processing complete.
Users who received flights: 1
Users with delivery errors: 0
Total flight entries delivered: 4
==================================================
ONYX Radar update completed successfully.
==================================================
[main 48ee9d2] Auto-update flights data and telegram alerts from server
 8 files changed, 6964 insertions(+), 5989 deletions(-)
 create mode 100644 exports/villiers_empty_legs_all_2026-08-08_00-17-02.csv
 create mode 100644 exports/villiers_empty_legs_changes_2026-08-08_00-17-02.csv
 create mode 100644 exports/villiers_empty_legs_current_2026-08-08_00-17-02.csv
To https://github.com/yedidiwah/onyx.git
 ! [rejected]        main -> main (fetch first)
error: failed to push some refs to 'https://github.com/yedidiwah/onyx.git'
hint: Updates were rejected because the remote contains work that you do not
hint: have locally. This is usually caused by another repository pushing to
hint: the same ref. If you want to integrate the remote changes, use
hint: 'git pull' before pushing again.
hint: See the 'Note about fast-forwards' in 'git push --help' for details.
==================================================
ONYX Radar Full Update
==================================================
[1/4] Downloading current Villiers flights...
טוען את מאגר שדות התעופה...
נטענו 28291 שדות תעופה.

מוריד את נתוני ה-RSS...
הפיד זוהה כפיד Empty Legs.
נמצאו 100 פריטים בפיד.

טיסה ראשונה לדוגמה:
מוצא: EGGW / LTN - London Luton Airport
יעד: LFPB / LBG - Paris-Le Bourget Airport
תאריך מקורי: 08 August 2026
תאריך ISO: 2026-08-08
שעת יציאה: 12:00
מחיר: £8,923
מחיר מנורמל: 8923 GBP
מטוס: Phenom 300E
מושבים: 9
סטטוס שינוי: unchanged

שם הפיד: Villiers Empty Legs - Affiliate ADHUHR
טיסות פעילות בפיד: 100
כל הטיסות שנשמרו בהיסטוריה: 193
שינויים בהרצה הנוכחית: 0

פירוט שינויים:
  חדשות: 0
  עודכנו: 0
  חזרו לפיד: 0
  ללא שינוי: 100
  נעלמו מהפיד: 0

קבצים שנוצרו:
  טיסות פעילות: /root/onyx/exports/villiers_empty_legs_current_2026-08-08_00-47-01.csv
  כל ההיסטוריה: /root/onyx/exports/villiers_empty_legs_all_2026-08-08_00-47-01.csv
  שינויים בלבד: /root/onyx/exports/villiers_empty_legs_changes_2026-08-08_00-47-01.csv
  קובץ מצב: /root/onyx/data/villiers_state.json
[2/4] Creating website flights.json...
No local CSV was found. Falling back to RSS.
Downloading Villiers RSS...
Saved 100 flights.
Output: /root/onyx/data/flights.json
[3/4] Creating global airports.json...
Loading global airport database...
Prepared 28291 airports in 234 countries.
Airport catalogue saved to: /root/onyx/data/airports.json
[4/4] Sending current flights to Telegram...
Connected to Telegram bot: @OnyxAirRadar_bot (bot ID: 8816902667)
Reading flights from: /root/onyx/exports/villiers_empty_legs_current_2026-08-08_00-47-01.csv
Loaded 100 active Empty Leg flights.
Processing 2 users.
Skipping 1049883799 (Frequency: 3h, hours passed: 2.50h)
Skipping 7445310755 (Frequency: 3h, hours passed: 0.50h)

Telegram processing complete.
Users who received flights: 0
Users with delivery errors: 0
Total flight entries delivered: 0
==================================================
ONYX Radar update completed successfully.
==================================================
[main 58f078e] Auto-update flights data and telegram alerts from server
 7 files changed, 744 insertions(+), 371 deletions(-)
 create mode 100644 exports/villiers_empty_legs_all_2026-08-08_00-47-01.csv
 create mode 100644 exports/villiers_empty_legs_changes_2026-08-08_00-47-01.csv
 create mode 100644 exports/villiers_empty_legs_current_2026-08-08_00-47-01.csv
To https://github.com/yedidiwah/onyx.git
 ! [rejected]        main -> main (fetch first)
error: failed to push some refs to 'https://github.com/yedidiwah/onyx.git'
hint: Updates were rejected because the remote contains work that you do not
hint: have locally. This is usually caused by another repository pushing to
hint: the same ref. If you want to integrate the remote changes, use
hint: 'git pull' before pushing again.
hint: See the 'Note about fast-forwards' in 'git push --help' for details.
==================================================
ONYX Radar Full Update
==================================================
[1/4] Downloading current Villiers flights...
טוען את מאגר שדות התעופה...
נטענו 28291 שדות תעופה.

מוריד את נתוני ה-RSS...
הפיד זוהה כפיד Empty Legs.
נמצאו 100 פריטים בפיד.

טיסה ראשונה לדוגמה:
מוצא: EGGW / LTN - London Luton Airport
יעד: LFPB / LBG - Paris-Le Bourget Airport
תאריך מקורי: 08 August 2026
תאריך ISO: 2026-08-08
שעת יציאה: 12:00
מחיר: £8,923
מחיר מנורמל: 8923 GBP
מטוס: Phenom 300E
מושבים: 9
סטטוס שינוי: unchanged

שם הפיד: Villiers Empty Legs - Affiliate ADHUHR
טיסות פעילות בפיד: 100
כל הטיסות שנשמרו בהיסטוריה: 193
שינויים בהרצה הנוכחית: 0

פירוט שינויים:
  חדשות: 0
  עודכנו: 0
  חזרו לפיד: 0
  ללא שינוי: 100
  נעלמו מהפיד: 0

קבצים שנוצרו:
  טיסות פעילות: /root/onyx/exports/villiers_empty_legs_current_2026-08-08_01-17-01.csv
  כל ההיסטוריה: /root/onyx/exports/villiers_empty_legs_all_2026-08-08_01-17-01.csv
  שינויים בלבד: /root/onyx/exports/villiers_empty_legs_changes_2026-08-08_01-17-01.csv
  קובץ מצב: /root/onyx/data/villiers_state.json
[2/4] Creating website flights.json...
No local CSV was found. Falling back to RSS.
Downloading Villiers RSS...
Saved 100 flights.
Output: /root/onyx/data/flights.json
[3/4] Creating global airports.json...
Loading global airport database...
Prepared 28291 airports in 234 countries.
Airport catalogue saved to: /root/onyx/data/airports.json
[4/4] Sending current flights to Telegram...
Connected to Telegram bot: @OnyxAirRadar_bot (bot ID: 8816902667)
Reading flights from: /root/onyx/exports/villiers_empty_legs_current_2026-08-08_01-17-01.csv
Loaded 100 active Empty Leg flights.
Processing 2 users.
Sent 3 of 3 flights in 1 messages to yedidya (1049883799)
Skipping 7445310755 (Frequency: 3h, hours passed: 1.00h)
Users database updated with new timestamps.

Telegram processing complete.
Users who received flights: 1
Users with delivery errors: 0
Total flight entries delivered: 3
==================================================
ONYX Radar update completed successfully.
==================================================
[main d07e264] Auto-update flights data and telegram alerts from server
 8 files changed, 678 insertions(+), 304 deletions(-)
 create mode 100644 exports/villiers_empty_legs_all_2026-08-08_01-17-01.csv
 create mode 100644 exports/villiers_empty_legs_changes_2026-08-08_01-17-01.csv
 create mode 100644 exports/villiers_empty_legs_current_2026-08-08_01-17-01.csv
To https://github.com/yedidiwah/onyx.git
 ! [rejected]        main -> main (fetch first)
error: failed to push some refs to 'https://github.com/yedidiwah/onyx.git'
hint: Updates were rejected because the remote contains work that you do not
hint: have locally. This is usually caused by another repository pushing to
hint: the same ref. If you want to integrate the remote changes, use
hint: 'git pull' before pushing again.
hint: See the 'Note about fast-forwards' in 'git push --help' for details.
==================================================
ONYX Radar Full Update
==================================================
[1/4] Downloading current Villiers flights...
טוען את מאגר שדות התעופה...
נטענו 28291 שדות תעופה.

מוריד את נתוני ה-RSS...
הפיד זוהה כפיד Empty Legs.
נמצאו 100 פריטים בפיד.

טיסה ראשונה לדוגמה:
מוצא: EGGW / LTN - London Luton Airport
יעד: LFPB / LBG - Paris-Le Bourget Airport
תאריך מקורי: 08 August 2026
תאריך ISO: 2026-08-08
שעת יציאה: 12:00
מחיר: £8,923
מחיר מנורמל: 8923 GBP
מטוס: Phenom 300E
מושבים: 9
סטטוס שינוי: unchanged

שם הפיד: Villiers Empty Legs - Affiliate ADHUHR
טיסות פעילות בפיד: 100
כל הטיסות שנשמרו בהיסטוריה: 193
שינויים בהרצה הנוכחית: 0

פירוט שינויים:
  חדשות: 0
  עודכנו: 0
  חזרו לפיד: 0
  ללא שינוי: 100
  נעלמו מהפיד: 0

קבצים שנוצרו:
  טיסות פעילות: /root/onyx/exports/villiers_empty_legs_current_2026-08-08_01-47-02.csv
  כל ההיסטוריה: /root/onyx/exports/villiers_empty_legs_all_2026-08-08_01-47-02.csv
  שינויים בלבד: /root/onyx/exports/villiers_empty_legs_changes_2026-08-08_01-47-02.csv
  קובץ מצב: /root/onyx/data/villiers_state.json
[2/4] Creating website flights.json...
No local CSV was found. Falling back to RSS.
Downloading Villiers RSS...
Saved 100 flights.
Output: /root/onyx/data/flights.json
[3/4] Creating global airports.json...
Loading global airport database...
Prepared 28291 airports in 234 countries.
Airport catalogue saved to: /root/onyx/data/airports.json
[4/4] Sending current flights to Telegram...
Connected to Telegram bot: @OnyxAirRadar_bot (bot ID: 8816902667)
Reading flights from: /root/onyx/exports/villiers_empty_legs_current_2026-08-08_01-47-02.csv
Loaded 100 active Empty Leg flights.
Processing 2 users.
Skipping 1049883799 (Frequency: 3h, hours passed: 0.50h)
Skipping 7445310755 (Frequency: 3h, hours passed: 1.50h)

Telegram processing complete.
Users who received flights: 0
Users with delivery errors: 0
Total flight entries delivered: 0
==================================================
ONYX Radar update completed successfully.
==================================================
[main 23c7937] Auto-update flights data and telegram alerts from server
 7 files changed, 676 insertions(+), 303 deletions(-)
 create mode 100644 exports/villiers_empty_legs_all_2026-08-08_01-47-02.csv
 create mode 100644 exports/villiers_empty_legs_changes_2026-08-08_01-47-02.csv
 create mode 100644 exports/villiers_empty_legs_current_2026-08-08_01-47-02.csv
To https://github.com/yedidiwah/onyx.git
 ! [rejected]        main -> main (fetch first)
error: failed to push some refs to 'https://github.com/yedidiwah/onyx.git'
hint: Updates were rejected because the remote contains work that you do not
hint: have locally. This is usually caused by another repository pushing to
hint: the same ref. If you want to integrate the remote changes, use
hint: 'git pull' before pushing again.
hint: See the 'Note about fast-forwards' in 'git push --help' for details.
==================================================
ONYX Radar Full Update
==================================================
[1/4] Downloading current Villiers flights...
טוען את מאגר שדות התעופה...
נטענו 28291 שדות תעופה.

מוריד את נתוני ה-RSS...
הפיד זוהה כפיד Empty Legs.
נמצאו 100 פריטים בפיד.

טיסה ראשונה לדוגמה:
מוצא: EGGW / LTN - London Luton Airport
יעד: LFPB / LBG - Paris-Le Bourget Airport
תאריך מקורי: 08 August 2026
תאריך ISO: 2026-08-08
שעת יציאה: 12:00
מחיר: £8,923
מחיר מנורמל: 8923 GBP
מטוס: Phenom 300E
מושבים: 9
סטטוס שינוי: unchanged

שם הפיד: Villiers Empty Legs - Affiliate ADHUHR
טיסות פעילות בפיד: 100
כל הטיסות שנשמרו בהיסטוריה: 193
שינויים בהרצה הנוכחית: 0

פירוט שינויים:
  חדשות: 0
  עודכנו: 0
  חזרו לפיד: 0
  ללא שינוי: 100
  נעלמו מהפיד: 0

קבצים שנוצרו:
  טיסות פעילות: /root/onyx/exports/villiers_empty_legs_current_2026-08-08_02-17-02.csv
  כל ההיסטוריה: /root/onyx/exports/villiers_empty_legs_all_2026-08-08_02-17-02.csv
  שינויים בלבד: /root/onyx/exports/villiers_empty_legs_changes_2026-08-08_02-17-02.csv
  קובץ מצב: /root/onyx/data/villiers_state.json
[2/4] Creating website flights.json...
No local CSV was found. Falling back to RSS.
Downloading Villiers RSS...
Saved 100 flights.
Output: /root/onyx/data/flights.json
[3/4] Creating global airports.json...
Loading global airport database...
Prepared 28291 airports in 234 countries.
Airport catalogue saved to: /root/onyx/data/airports.json
[4/4] Sending current flights to Telegram...
Connected to Telegram bot: @OnyxAirRadar_bot (bot ID: 8816902667)
Reading flights from: /root/onyx/exports/villiers_empty_legs_current_2026-08-08_02-17-02.csv
Loaded 100 active Empty Leg flights.
Processing 2 users.
Skipping 1049883799 (Frequency: 3h, hours passed: 1.00h)
Skipping 7445310755 (Frequency: 3h, hours passed: 2.00h)

Telegram processing complete.
Users who received flights: 0
Users with delivery errors: 0
Total flight entries delivered: 0
==================================================
ONYX Radar update completed successfully.
==================================================
[main 811279f] Auto-update flights data and telegram alerts from server
 7 files changed, 676 insertions(+), 303 deletions(-)
 create mode 100644 exports/villiers_empty_legs_all_2026-08-08_02-17-02.csv
 create mode 100644 exports/villiers_empty_legs_changes_2026-08-08_02-17-02.csv
 create mode 100644 exports/villiers_empty_legs_current_2026-08-08_02-17-02.csv
To https://github.com/yedidiwah/onyx.git
 ! [rejected]        main -> main (fetch first)
error: failed to push some refs to 'https://github.com/yedidiwah/onyx.git'
hint: Updates were rejected because the remote contains work that you do not
hint: have locally. This is usually caused by another repository pushing to
hint: the same ref. If you want to integrate the remote changes, use
hint: 'git pull' before pushing again.
hint: See the 'Note about fast-forwards' in 'git push --help' for details.
==================================================
ONYX Radar Full Update
==================================================
[1/4] Downloading current Villiers flights...
טוען את מאגר שדות התעופה...
נטענו 28291 שדות תעופה.

מוריד את נתוני ה-RSS...
הפיד זוהה כפיד Empty Legs.
נמצאו 100 פריטים בפיד.

טיסה ראשונה לדוגמה:
מוצא: EGGW / LTN - London Luton Airport
יעד: LFPB / LBG - Paris-Le Bourget Airport
תאריך מקורי: 08 August 2026
תאריך ISO: 2026-08-08
שעת יציאה: 12:00
מחיר: £8,923
מחיר מנורמל: 8923 GBP
מטוס: Phenom 300E
מושבים: 9
סטטוס שינוי: unchanged

שם הפיד: Villiers Empty Legs - Affiliate ADHUHR
טיסות פעילות בפיד: 100
כל הטיסות שנשמרו בהיסטוריה: 193
שינויים בהרצה הנוכחית: 0

פירוט שינויים:
  חדשות: 0
  עודכנו: 0
  חזרו לפיד: 0
  ללא שינוי: 100
  נעלמו מהפיד: 0

קבצים שנוצרו:
  טיסות פעילות: /root/onyx/exports/villiers_empty_legs_current_2026-08-08_02-47-01.csv
  כל ההיסטוריה: /root/onyx/exports/villiers_empty_legs_all_2026-08-08_02-47-01.csv
  שינויים בלבד: /root/onyx/exports/villiers_empty_legs_changes_2026-08-08_02-47-01.csv
  קובץ מצב: /root/onyx/data/villiers_state.json
[2/4] Creating website flights.json...
No local CSV was found. Falling back to RSS.
Downloading Villiers RSS...
Saved 100 flights.
Output: /root/onyx/data/flights.json
[3/4] Creating global airports.json...
Loading global airport database...
Prepared 28291 airports in 234 countries.
Airport catalogue saved to: /root/onyx/data/airports.json
[4/4] Sending current flights to Telegram...
Connected to Telegram bot: @OnyxAirRadar_bot (bot ID: 8816902667)
Reading flights from: /root/onyx/exports/villiers_empty_legs_current_2026-08-08_02-47-01.csv
Loaded 100 active Empty Leg flights.
Processing 2 users.
Skipping 1049883799 (Frequency: 3h, hours passed: 1.50h)
Skipping 7445310755 (Frequency: 3h, hours passed: 2.50h)

Telegram processing complete.
Users who received flights: 0
Users with delivery errors: 0
Total flight entries delivered: 0
==================================================
ONYX Radar update completed successfully.
==================================================
[main 789cd92] Auto-update flights data and telegram alerts from server
 7 files changed, 676 insertions(+), 303 deletions(-)
 create mode 100644 exports/villiers_empty_legs_all_2026-08-08_02-47-01.csv
 create mode 100644 exports/villiers_empty_legs_changes_2026-08-08_02-47-01.csv
 create mode 100644 exports/villiers_empty_legs_current_2026-08-08_02-47-01.csv
To https://github.com/yedidiwah/onyx.git
 ! [rejected]        main -> main (fetch first)
error: failed to push some refs to 'https://github.com/yedidiwah/onyx.git'
hint: Updates were rejected because the remote contains work that you do not
hint: have locally. This is usually caused by another repository pushing to
hint: the same ref. If you want to integrate the remote changes, use
hint: 'git pull' before pushing again.
hint: See the 'Note about fast-forwards' in 'git push --help' for details.
==================================================
ONYX Radar Full Update
==================================================
[1/4] Downloading current Villiers flights...
טוען את מאגר שדות התעופה...
נטענו 28291 שדות תעופה.

מוריד את נתוני ה-RSS...
הפיד זוהה כפיד Empty Legs.
נמצאו 100 פריטים בפיד.

טיסה ראשונה לדוגמה:
מוצא: EGGW / LTN - London Luton Airport
יעד: LFPB / LBG - Paris-Le Bourget Airport
תאריך מקורי: 08 August 2026
תאריך ISO: 2026-08-08
שעת יציאה: 12:00
מחיר: £8,923
מחיר מנורמל: 8923 GBP
מטוס: Phenom 300E
מושבים: 9
סטטוס שינוי: unchanged

שם הפיד: Villiers Empty Legs - Affiliate ADHUHR
טיסות פעילות בפיד: 100
כל הטיסות שנשמרו בהיסטוריה: 193
שינויים בהרצה הנוכחית: 0

פירוט שינויים:
  חדשות: 0
  עודכנו: 0
  חזרו לפיד: 0
  ללא שינוי: 100
  נעלמו מהפיד: 0

קבצים שנוצרו:
  טיסות פעילות: /root/onyx/exports/villiers_empty_legs_current_2026-08-08_03-17-01.csv
  כל ההיסטוריה: /root/onyx/exports/villiers_empty_legs_all_2026-08-08_03-17-01.csv
  שינויים בלבד: /root/onyx/exports/villiers_empty_legs_changes_2026-08-08_03-17-01.csv
  קובץ מצב: /root/onyx/data/villiers_state.json
[2/4] Creating website flights.json...
No local CSV was found. Falling back to RSS.
Downloading Villiers RSS...
Saved 100 flights.
Output: /root/onyx/data/flights.json
[3/4] Creating global airports.json...
Loading global airport database...
Prepared 28291 airports in 234 countries.
Airport catalogue saved to: /root/onyx/data/airports.json
[4/4] Sending current flights to Telegram...
Connected to Telegram bot: @OnyxAirRadar_bot (bot ID: 8816902667)
Reading flights from: /root/onyx/exports/villiers_empty_legs_current_2026-08-08_03-17-01.csv
Loaded 100 active Empty Leg flights.
Processing 2 users.
Skipping 1049883799 (Frequency: 3h, hours passed: 2.00h)
Skipping 7445310755 (Frequency: 3h, hours passed: 3.00h)

Telegram processing complete.
Users who received flights: 0
Users with delivery errors: 0
Total flight entries delivered: 0
==================================================
ONYX Radar update completed successfully.
==================================================
[main 7171cdf] Auto-update flights data and telegram alerts from server
 7 files changed, 676 insertions(+), 303 deletions(-)
 create mode 100644 exports/villiers_empty_legs_all_2026-08-08_03-17-01.csv
 create mode 100644 exports/villiers_empty_legs_changes_2026-08-08_03-17-01.csv
 create mode 100644 exports/villiers_empty_legs_current_2026-08-08_03-17-01.csv
To https://github.com/yedidiwah/onyx.git
 ! [rejected]        main -> main (fetch first)
error: failed to push some refs to 'https://github.com/yedidiwah/onyx.git'
hint: Updates were rejected because the remote contains work that you do not
hint: have locally. This is usually caused by another repository pushing to
hint: the same ref. If you want to integrate the remote changes, use
hint: 'git pull' before pushing again.
hint: See the 'Note about fast-forwards' in 'git push --help' for details.
==================================================
ONYX Radar Full Update
==================================================
[1/4] Downloading current Villiers flights...
טוען את מאגר שדות התעופה...
נטענו 28291 שדות תעופה.

מוריד את נתוני ה-RSS...
הפיד זוהה כפיד Empty Legs.
נמצאו 100 פריטים בפיד.

טיסה ראשונה לדוגמה:
מוצא: EGGW / LTN - London Luton Airport
יעד: LFPB / LBG - Paris-Le Bourget Airport
תאריך מקורי: 08 August 2026
תאריך ISO: 2026-08-08
שעת יציאה: 12:00
מחיר: £8,923
מחיר מנורמל: 8923 GBP
מטוס: Phenom 300E
מושבים: 9
סטטוס שינוי: unchanged

שם הפיד: Villiers Empty Legs - Affiliate ADHUHR
טיסות פעילות בפיד: 100
כל הטיסות שנשמרו בהיסטוריה: 193
שינויים בהרצה הנוכחית: 0

פירוט שינויים:
  חדשות: 0
  עודכנו: 0
  חזרו לפיד: 0
  ללא שינוי: 100
  נעלמו מהפיד: 0

קבצים שנוצרו:
  טיסות פעילות: /root/onyx/exports/villiers_empty_legs_current_2026-08-08_03-47-01.csv
  כל ההיסטוריה: /root/onyx/exports/villiers_empty_legs_all_2026-08-08_03-47-01.csv
  שינויים בלבד: /root/onyx/exports/villiers_empty_legs_changes_2026-08-08_03-47-01.csv
  קובץ מצב: /root/onyx/data/villiers_state.json
[2/4] Creating website flights.json...
No local CSV was found. Falling back to RSS.
Downloading Villiers RSS...
Saved 100 flights.
Output: /root/onyx/data/flights.json
[3/4] Creating global airports.json...
Loading global airport database...
Prepared 28291 airports in 234 countries.
Airport catalogue saved to: /root/onyx/data/airports.json
[4/4] Sending current flights to Telegram...
Connected to Telegram bot: @OnyxAirRadar_bot (bot ID: 8816902667)
Reading flights from: /root/onyx/exports/villiers_empty_legs_current_2026-08-08_03-47-01.csv
Loaded 100 active Empty Leg flights.
Processing 2 users.
Skipping 1049883799 (Frequency: 3h, hours passed: 2.50h)
Sent 4 of 4 flights in 1 messages to Yedidya (7445310755)
Users database updated with new timestamps.

Telegram processing complete.
Users who received flights: 1
Users with delivery errors: 0
Total flight entries delivered: 4
==================================================
ONYX Radar update completed successfully.
==================================================
[main bf27fb8] Auto-update flights data and telegram alerts from server
 8 files changed, 678 insertions(+), 304 deletions(-)
 create mode 100644 exports/villiers_empty_legs_all_2026-08-08_03-47-01.csv
 create mode 100644 exports/villiers_empty_legs_changes_2026-08-08_03-47-01.csv
 create mode 100644 exports/villiers_empty_legs_current_2026-08-08_03-47-01.csv
To https://github.com/yedidiwah/onyx.git
 ! [rejected]        main -> main (fetch first)
error: failed to push some refs to 'https://github.com/yedidiwah/onyx.git'
hint: Updates were rejected because the remote contains work that you do not
hint: have locally. This is usually caused by another repository pushing to
hint: the same ref. If you want to integrate the remote changes, use
hint: 'git pull' before pushing again.
hint: See the 'Note about fast-forwards' in 'git push --help' for details.
==================================================
ONYX Radar Full Update
==================================================
[1/4] Downloading current Villiers flights...
טוען את מאגר שדות התעופה...
נטענו 28291 שדות תעופה.

מוריד את נתוני ה-RSS...
הפיד זוהה כפיד Empty Legs.
נמצאו 100 פריטים בפיד.

טיסה ראשונה לדוגמה:
מוצא: EGGW / LTN - London Luton Airport
יעד: LFPB / LBG - Paris-Le Bourget Airport
תאריך מקורי: 08 August 2026
תאריך ISO: 2026-08-08
שעת יציאה: 12:00
מחיר: £8,923
מחיר מנורמל: 8923 GBP
מטוס: Phenom 300E
מושבים: 9
סטטוס שינוי: unchanged

שם הפיד: Villiers Empty Legs - Affiliate ADHUHR
טיסות פעילות בפיד: 100
כל הטיסות שנשמרו בהיסטוריה: 193
שינויים בהרצה הנוכחית: 0

פירוט שינויים:
  חדשות: 0
  עודכנו: 0
  חזרו לפיד: 0
  ללא שינוי: 100
  נעלמו מהפיד: 0

קבצים שנוצרו:
  טיסות פעילות: /root/onyx/exports/villiers_empty_legs_current_2026-08-08_04-17-02.csv
  כל ההיסטוריה: /root/onyx/exports/villiers_empty_legs_all_2026-08-08_04-17-02.csv
  שינויים בלבד: /root/onyx/exports/villiers_empty_legs_changes_2026-08-08_04-17-02.csv
  קובץ מצב: /root/onyx/data/villiers_state.json
[2/4] Creating website flights.json...
No local CSV was found. Falling back to RSS.
Downloading Villiers RSS...
Saved 100 flights.
Output: /root/onyx/data/flights.json
[3/4] Creating global airports.json...
Loading global airport database...
Prepared 28291 airports in 234 countries.
Airport catalogue saved to: /root/onyx/data/airports.json
[4/4] Sending current flights to Telegram...
Connected to Telegram bot: @OnyxAirRadar_bot (bot ID: 8816902667)
Reading flights from: /root/onyx/exports/villiers_empty_legs_current_2026-08-08_04-17-02.csv
Loaded 100 active Empty Leg flights.
Processing 2 users.
Skipping 1049883799 (Frequency: 3h, hours passed: 3.00h)
Skipping 7445310755 (Frequency: 3h, hours passed: 0.50h)

Telegram processing complete.
Users who received flights: 0
Users with delivery errors: 0
Total flight entries delivered: 0
==================================================
ONYX Radar update completed successfully.
==================================================
[main 86fd48b] Auto-update flights data and telegram alerts from server
 7 files changed, 676 insertions(+), 303 deletions(-)
 create mode 100644 exports/villiers_empty_legs_all_2026-08-08_04-17-02.csv
 create mode 100644 exports/villiers_empty_legs_changes_2026-08-08_04-17-02.csv
 create mode 100644 exports/villiers_empty_legs_current_2026-08-08_04-17-02.csv
To https://github.com/yedidiwah/onyx.git
 ! [rejected]        main -> main (fetch first)
error: failed to push some refs to 'https://github.com/yedidiwah/onyx.git'
hint: Updates were rejected because the remote contains work that you do not
hint: have locally. This is usually caused by another repository pushing to
hint: the same ref. If you want to integrate the remote changes, use
hint: 'git pull' before pushing again.
hint: See the 'Note about fast-forwards' in 'git push --help' for details.
==================================================
ONYX Radar Full Update
==================================================
[1/4] Downloading current Villiers flights...
טוען את מאגר שדות התעופה...
נטענו 28291 שדות תעופה.

מוריד את נתוני ה-RSS...
הפיד זוהה כפיד Empty Legs.
נמצאו 100 פריטים בפיד.

טיסה ראשונה לדוגמה:
מוצא: EGGW / LTN - London Luton Airport
יעד: LFPB / LBG - Paris-Le Bourget Airport
תאריך מקורי: 08 August 2026
תאריך ISO: 2026-08-08
שעת יציאה: 12:00
מחיר: £8,923
מחיר מנורמל: 8923 GBP
מטוס: Phenom 300E
מושבים: 9
סטטוס שינוי: unchanged

שם הפיד: Villiers Empty Legs - Affiliate ADHUHR
טיסות פעילות בפיד: 100
כל הטיסות שנשמרו בהיסטוריה: 193
שינויים בהרצה הנוכחית: 0

פירוט שינויים:
  חדשות: 0
  עודכנו: 0
  חזרו לפיד: 0
  ללא שינוי: 100
  נעלמו מהפיד: 0

קבצים שנוצרו:
  טיסות פעילות: /root/onyx/exports/villiers_empty_legs_current_2026-08-08_04-47-01.csv
  כל ההיסטוריה: /root/onyx/exports/villiers_empty_legs_all_2026-08-08_04-47-01.csv
  שינויים בלבד: /root/onyx/exports/villiers_empty_legs_changes_2026-08-08_04-47-01.csv
  קובץ מצב: /root/onyx/data/villiers_state.json
[2/4] Creating website flights.json...
No local CSV was found. Falling back to RSS.
Downloading Villiers RSS...
Saved 100 flights.
Output: /root/onyx/data/flights.json
[3/4] Creating global airports.json...
Loading global airport database...
Prepared 28291 airports in 234 countries.
Airport catalogue saved to: /root/onyx/data/airports.json
[4/4] Sending current flights to Telegram...
Connected to Telegram bot: @OnyxAirRadar_bot (bot ID: 8816902667)
Reading flights from: /root/onyx/exports/villiers_empty_legs_current_2026-08-08_04-47-01.csv
Loaded 100 active Empty Leg flights.
Processing 2 users.
Sent 3 of 3 flights in 1 messages to yedidya (1049883799)
Skipping 7445310755 (Frequency: 3h, hours passed: 1.00h)
Users database updated with new timestamps.

Telegram processing complete.
Users who received flights: 1
Users with delivery errors: 0
Total flight entries delivered: 3
==================================================
ONYX Radar update completed successfully.
==================================================
[main 09d2168] Auto-update flights data and telegram alerts from server
 8 files changed, 678 insertions(+), 304 deletions(-)
 create mode 100644 exports/villiers_empty_legs_all_2026-08-08_04-47-01.csv
 create mode 100644 exports/villiers_empty_legs_changes_2026-08-08_04-47-01.csv
 create mode 100644 exports/villiers_empty_legs_current_2026-08-08_04-47-01.csv
To https://github.com/yedidiwah/onyx.git
 ! [rejected]        main -> main (fetch first)
error: failed to push some refs to 'https://github.com/yedidiwah/onyx.git'
hint: Updates were rejected because the remote contains work that you do not
hint: have locally. This is usually caused by another repository pushing to
hint: the same ref. If you want to integrate the remote changes, use
hint: 'git pull' before pushing again.
hint: See the 'Note about fast-forwards' in 'git push --help' for details.
==================================================
ONYX Radar Full Update
==================================================
[1/4] Downloading current Villiers flights...
טוען את מאגר שדות התעופה...
נטענו 28291 שדות תעופה.

מוריד את נתוני ה-RSS...
הפיד זוהה כפיד Empty Legs.
נמצאו 100 פריטים בפיד.

טיסה ראשונה לדוגמה:
מוצא: EGGW / LTN - London Luton Airport
יעד: LFPB / LBG - Paris-Le Bourget Airport
תאריך מקורי: 08 August 2026
תאריך ISO: 2026-08-08
שעת יציאה: 12:00
מחיר: £8,923
מחיר מנורמל: 8923 GBP
מטוס: Phenom 300E
מושבים: 9
סטטוס שינוי: unchanged

שם הפיד: Villiers Empty Legs - Affiliate ADHUHR
טיסות פעילות בפיד: 100
כל הטיסות שנשמרו בהיסטוריה: 193
שינויים בהרצה הנוכחית: 0

פירוט שינויים:
  חדשות: 0
  עודכנו: 0
  חזרו לפיד: 0
  ללא שינוי: 100
  נעלמו מהפיד: 0

קבצים שנוצרו:
  טיסות פעילות: /root/onyx/exports/villiers_empty_legs_current_2026-08-08_05-17-02.csv
  כל ההיסטוריה: /root/onyx/exports/villiers_empty_legs_all_2026-08-08_05-17-02.csv
  שינויים בלבד: /root/onyx/exports/villiers_empty_legs_changes_2026-08-08_05-17-02.csv
  קובץ מצב: /root/onyx/data/villiers_state.json
[2/4] Creating website flights.json...
No local CSV was found. Falling back to RSS.
Downloading Villiers RSS...
Saved 100 flights.
Output: /root/onyx/data/flights.json
[3/4] Creating global airports.json...
Loading global airport database...
Prepared 28291 airports in 234 countries.
Airport catalogue saved to: /root/onyx/data/airports.json
[4/4] Sending current flights to Telegram...
Connected to Telegram bot: @OnyxAirRadar_bot (bot ID: 8816902667)
Reading flights from: /root/onyx/exports/villiers_empty_legs_current_2026-08-08_05-17-02.csv
Loaded 100 active Empty Leg flights.
Processing 2 users.
Skipping 1049883799 (Frequency: 3h, hours passed: 0.50h)
Skipping 7445310755 (Frequency: 3h, hours passed: 1.50h)

Telegram processing complete.
Users who received flights: 0
Users with delivery errors: 0
Total flight entries delivered: 0
==================================================
ONYX Radar update completed successfully.
==================================================
[main 8e1c27b] Auto-update flights data and telegram alerts from server
 7 files changed, 676 insertions(+), 303 deletions(-)
 create mode 100644 exports/villiers_empty_legs_all_2026-08-08_05-17-02.csv
 create mode 100644 exports/villiers_empty_legs_changes_2026-08-08_05-17-02.csv
 create mode 100644 exports/villiers_empty_legs_current_2026-08-08_05-17-02.csv
To https://github.com/yedidiwah/onyx.git
 ! [rejected]        main -> main (fetch first)
error: failed to push some refs to 'https://github.com/yedidiwah/onyx.git'
hint: Updates were rejected because the remote contains work that you do not
hint: have locally. This is usually caused by another repository pushing to
hint: the same ref. If you want to integrate the remote changes, use
hint: 'git pull' before pushing again.
hint: See the 'Note about fast-forwards' in 'git push --help' for details.
==================================================
ONYX Radar Full Update
==================================================
[1/4] Downloading current Villiers flights...
טוען את מאגר שדות התעופה...
נטענו 28291 שדות תעופה.

מוריד את נתוני ה-RSS...
הפיד זוהה כפיד Empty Legs.
נמצאו 100 פריטים בפיד.

טיסה ראשונה לדוגמה:
מוצא: EGGW / LTN - London Luton Airport
יעד: LFPB / LBG - Paris-Le Bourget Airport
תאריך מקורי: 08 August 2026
תאריך ISO: 2026-08-08
שעת יציאה: 12:00
מחיר: £8,923
מחיר מנורמל: 8923 GBP
מטוס: Phenom 300E
מושבים: 9
סטטוס שינוי: unchanged

שם הפיד: Villiers Empty Legs - Affiliate ADHUHR
טיסות פעילות בפיד: 100
כל הטיסות שנשמרו בהיסטוריה: 193
שינויים בהרצה הנוכחית: 0

פירוט שינויים:
  חדשות: 0
  עודכנו: 0
  חזרו לפיד: 0
  ללא שינוי: 100
  נעלמו מהפיד: 0

קבצים שנוצרו:
  טיסות פעילות: /root/onyx/exports/villiers_empty_legs_current_2026-08-08_05-47-01.csv
  כל ההיסטוריה: /root/onyx/exports/villiers_empty_legs_all_2026-08-08_05-47-01.csv
  שינויים בלבד: /root/onyx/exports/villiers_empty_legs_changes_2026-08-08_05-47-01.csv
  קובץ מצב: /root/onyx/data/villiers_state.json
[2/4] Creating website flights.json...
No local CSV was found. Falling back to RSS.
Downloading Villiers RSS...
Saved 100 flights.
Output: /root/onyx/data/flights.json
[3/4] Creating global airports.json...
Loading global airport database...
Prepared 28291 airports in 234 countries.
Airport catalogue saved to: /root/onyx/data/airports.json
[4/4] Sending current flights to Telegram...
Connected to Telegram bot: @OnyxAirRadar_bot (bot ID: 8816902667)
Reading flights from: /root/onyx/exports/villiers_empty_legs_current_2026-08-08_05-47-01.csv
Loaded 100 active Empty Leg flights.
Processing 2 users.
Skipping 1049883799 (Frequency: 3h, hours passed: 1.00h)
Skipping 7445310755 (Frequency: 3h, hours passed: 2.00h)

Telegram processing complete.
Users who received flights: 0
Users with delivery errors: 0
Total flight entries delivered: 0
==================================================
ONYX Radar update completed successfully.
==================================================
[main f53d66d] Auto-update flights data and telegram alerts from server
 7 files changed, 676 insertions(+), 303 deletions(-)
 create mode 100644 exports/villiers_empty_legs_all_2026-08-08_05-47-01.csv
 create mode 100644 exports/villiers_empty_legs_changes_2026-08-08_05-47-01.csv
 create mode 100644 exports/villiers_empty_legs_current_2026-08-08_05-47-01.csv
To https://github.com/yedidiwah/onyx.git
 ! [rejected]        main -> main (fetch first)
error: failed to push some refs to 'https://github.com/yedidiwah/onyx.git'
hint: Updates were rejected because the remote contains work that you do not
hint: have locally. This is usually caused by another repository pushing to
hint: the same ref. If you want to integrate the remote changes, use
hint: 'git pull' before pushing again.
hint: See the 'Note about fast-forwards' in 'git push --help' for details.
==================================================
ONYX Radar Full Update
==================================================
[1/4] Downloading current Villiers flights...
טוען את מאגר שדות התעופה...
נטענו 28291 שדות תעופה.

מוריד את נתוני ה-RSS...
הפיד זוהה כפיד Empty Legs.
נמצאו 100 פריטים בפיד.

טיסה ראשונה לדוגמה:
מוצא: EGGW / LTN - London Luton Airport
יעד: LFPB / LBG - Paris-Le Bourget Airport
תאריך מקורי: 08 August 2026
תאריך ISO: 2026-08-08
שעת יציאה: 12:00
מחיר: £8,923
מחיר מנורמל: 8923 GBP
מטוס: Phenom 300E
מושבים: 9
סטטוס שינוי: unchanged

שם הפיד: Villiers Empty Legs - Affiliate ADHUHR
טיסות פעילות בפיד: 100
כל הטיסות שנשמרו בהיסטוריה: 193
שינויים בהרצה הנוכחית: 0

פירוט שינויים:
  חדשות: 0
  עודכנו: 0
  חזרו לפיד: 0
  ללא שינוי: 100
  נעלמו מהפיד: 0

קבצים שנוצרו:
  טיסות פעילות: /root/onyx/exports/villiers_empty_legs_current_2026-08-08_06-17-01.csv
  כל ההיסטוריה: /root/onyx/exports/villiers_empty_legs_all_2026-08-08_06-17-01.csv
  שינויים בלבד: /root/onyx/exports/villiers_empty_legs_changes_2026-08-08_06-17-01.csv
  קובץ מצב: /root/onyx/data/villiers_state.json
[2/4] Creating website flights.json...
No local CSV was found. Falling back to RSS.
Downloading Villiers RSS...
Saved 100 flights.
Output: /root/onyx/data/flights.json
[3/4] Creating global airports.json...
Loading global airport database...
Prepared 28291 airports in 234 countries.
Airport catalogue saved to: /root/onyx/data/airports.json
[4/4] Sending current flights to Telegram...
Connected to Telegram bot: @OnyxAirRadar_bot (bot ID: 8816902667)
Reading flights from: /root/onyx/exports/villiers_empty_legs_current_2026-08-08_06-17-01.csv
Loaded 100 active Empty Leg flights.
Processing 2 users.
Skipping 1049883799 (Frequency: 3h, hours passed: 1.50h)
Skipping 7445310755 (Frequency: 3h, hours passed: 2.50h)

Telegram processing complete.
Users who received flights: 0
Users with delivery errors: 0
Total flight entries delivered: 0
==================================================
ONYX Radar update completed successfully.
==================================================
[main 70a7d3e] Auto-update flights data and telegram alerts from server
 7 files changed, 676 insertions(+), 303 deletions(-)
 create mode 100644 exports/villiers_empty_legs_all_2026-08-08_06-17-01.csv
 create mode 100644 exports/villiers_empty_legs_changes_2026-08-08_06-17-01.csv
 create mode 100644 exports/villiers_empty_legs_current_2026-08-08_06-17-01.csv
To https://github.com/yedidiwah/onyx.git
 ! [rejected]        main -> main (fetch first)
error: failed to push some refs to 'https://github.com/yedidiwah/onyx.git'
hint: Updates were rejected because the remote contains work that you do not
hint: have locally. This is usually caused by another repository pushing to
hint: the same ref. If you want to integrate the remote changes, use
hint: 'git pull' before pushing again.
hint: See the 'Note about fast-forwards' in 'git push --help' for details.
==================================================
ONYX Radar Full Update
==================================================
[1/4] Downloading current Villiers flights...
טוען את מאגר שדות התעופה...
נטענו 28291 שדות תעופה.

מוריד את נתוני ה-RSS...
הפיד זוהה כפיד Empty Legs.
נמצאו 100 פריטים בפיד.

טיסה ראשונה לדוגמה:
מוצא: EGGW / LTN - London Luton Airport
יעד: LFPB / LBG - Paris-Le Bourget Airport
תאריך מקורי: 08 August 2026
תאריך ISO: 2026-08-08
שעת יציאה: 12:00
מחיר: £8,923
מחיר מנורמל: 8923 GBP
מטוס: Phenom 300E
מושבים: 9
סטטוס שינוי: unchanged

שם הפיד: Villiers Empty Legs - Affiliate ADHUHR
טיסות פעילות בפיד: 100
כל הטיסות שנשמרו בהיסטוריה: 193
שינויים בהרצה הנוכחית: 0

פירוט שינויים:
  חדשות: 0
  עודכנו: 0
  חזרו לפיד: 0
  ללא שינוי: 100
  נעלמו מהפיד: 0

קבצים שנוצרו:
  טיסות פעילות: /root/onyx/exports/villiers_empty_legs_current_2026-08-08_06-47-02.csv
  כל ההיסטוריה: /root/onyx/exports/villiers_empty_legs_all_2026-08-08_06-47-02.csv
  שינויים בלבד: /root/onyx/exports/villiers_empty_legs_changes_2026-08-08_06-47-02.csv
  קובץ מצב: /root/onyx/data/villiers_state.json
[2/4] Creating website flights.json...
No local CSV was found. Falling back to RSS.
Downloading Villiers RSS...
Saved 100 flights.
Output: /root/onyx/data/flights.json
[3/4] Creating global airports.json...
Loading global airport database...
Prepared 28291 airports in 234 countries.
Airport catalogue saved to: /root/onyx/data/airports.json
[4/4] Sending current flights to Telegram...
Connected to Telegram bot: @OnyxAirRadar_bot (bot ID: 8816902667)
Reading flights from: /root/onyx/exports/villiers_empty_legs_current_2026-08-08_06-47-02.csv
Loaded 100 active Empty Leg flights.
Processing 2 users.
Skipping 1049883799 (Frequency: 3h, hours passed: 2.00h)
Sent 4 of 4 flights in 1 messages to Yedidya (7445310755)
Users database updated with new timestamps.

Telegram processing complete.
Users who received flights: 1
Users with delivery errors: 0
Total flight entries delivered: 4
==================================================
ONYX Radar update completed successfully.
==================================================
[main 6b3d958] Auto-update flights data and telegram alerts from server
 8 files changed, 678 insertions(+), 304 deletions(-)
 create mode 100644 exports/villiers_empty_legs_all_2026-08-08_06-47-02.csv
 create mode 100644 exports/villiers_empty_legs_changes_2026-08-08_06-47-02.csv
 create mode 100644 exports/villiers_empty_legs_current_2026-08-08_06-47-02.csv
To https://github.com/yedidiwah/onyx.git
 ! [rejected]        main -> main (fetch first)
error: failed to push some refs to 'https://github.com/yedidiwah/onyx.git'
hint: Updates were rejected because the remote contains work that you do not
hint: have locally. This is usually caused by another repository pushing to
hint: the same ref. If you want to integrate the remote changes, use
hint: 'git pull' before pushing again.
hint: See the 'Note about fast-forwards' in 'git push --help' for details.
==================================================
ONYX Radar Full Update
==================================================
[1/4] Downloading current Villiers flights...
טוען את מאגר שדות התעופה...
נטענו 28291 שדות תעופה.

מוריד את נתוני ה-RSS...
הפיד זוהה כפיד Empty Legs.
נמצאו 100 פריטים בפיד.

טיסה ראשונה לדוגמה:
מוצא: EGGW / LTN - London Luton Airport
יעד: LFPB / LBG - Paris-Le Bourget Airport
תאריך מקורי: 08 August 2026
תאריך ISO: 2026-08-08
שעת יציאה: 12:00
מחיר: £8,923
מחיר מנורמל: 8923 GBP
מטוס: Phenom 300E
מושבים: 9
סטטוס שינוי: unchanged

שם הפיד: Villiers Empty Legs - Affiliate ADHUHR
טיסות פעילות בפיד: 100
כל הטיסות שנשמרו בהיסטוריה: 193
שינויים בהרצה הנוכחית: 0

פירוט שינויים:
  חדשות: 0
  עודכנו: 0
  חזרו לפיד: 0
  ללא שינוי: 100
  נעלמו מהפיד: 0

קבצים שנוצרו:
  טיסות פעילות: /root/onyx/exports/villiers_empty_legs_current_2026-08-08_07-17-02.csv
  כל ההיסטוריה: /root/onyx/exports/villiers_empty_legs_all_2026-08-08_07-17-02.csv
  שינויים בלבד: /root/onyx/exports/villiers_empty_legs_changes_2026-08-08_07-17-02.csv
  קובץ מצב: /root/onyx/data/villiers_state.json
[2/4] Creating website flights.json...
No local CSV was found. Falling back to RSS.
Downloading Villiers RSS...
Saved 100 flights.
Output: /root/onyx/data/flights.json
[3/4] Creating global airports.json...
Loading global airport database...
Prepared 28291 airports in 234 countries.
Airport catalogue saved to: /root/onyx/data/airports.json
[4/4] Sending current flights to Telegram...
Connected to Telegram bot: @OnyxAirRadar_bot (bot ID: 8816902667)
Reading flights from: /root/onyx/exports/villiers_empty_legs_current_2026-08-08_07-17-02.csv
Loaded 100 active Empty Leg flights.
Processing 2 users.
Skipping 1049883799 (Frequency: 3h, hours passed: 2.50h)
Skipping 7445310755 (Frequency: 3h, hours passed: 0.50h)

Telegram processing complete.
Users who received flights: 0
Users with delivery errors: 0
Total flight entries delivered: 0
==================================================
ONYX Radar update completed successfully.
==================================================
[main 1c59dda] Auto-update flights data and telegram alerts from server
 7 files changed, 676 insertions(+), 303 deletions(-)
 create mode 100644 exports/villiers_empty_legs_all_2026-08-08_07-17-02.csv
 create mode 100644 exports/villiers_empty_legs_changes_2026-08-08_07-17-02.csv
 create mode 100644 exports/villiers_empty_legs_current_2026-08-08_07-17-02.csv
To https://github.com/yedidiwah/onyx.git
 ! [rejected]        main -> main (fetch first)
error: failed to push some refs to 'https://github.com/yedidiwah/onyx.git'
hint: Updates were rejected because the remote contains work that you do not
hint: have locally. This is usually caused by another repository pushing to
hint: the same ref. If you want to integrate the remote changes, use
hint: 'git pull' before pushing again.
hint: See the 'Note about fast-forwards' in 'git push --help' for details.
==================================================
ONYX Radar Full Update
==================================================
[1/4] Downloading current Villiers flights...
טוען את מאגר שדות התעופה...
נטענו 28291 שדות תעופה.

מוריד את נתוני ה-RSS...
הפיד זוהה כפיד Empty Legs.
נמצאו 100 פריטים בפיד.

טיסה ראשונה לדוגמה:
מוצא: EGGW / LTN - London Luton Airport
יעד: LFPB / LBG - Paris-Le Bourget Airport
תאריך מקורי: 08 August 2026
תאריך ISO: 2026-08-08
שעת יציאה: 12:00
מחיר: £8,923
מחיר מנורמל: 8923 GBP
מטוס: Phenom 300E
מושבים: 9
סטטוס שינוי: unchanged

שם הפיד: Villiers Empty Legs - Affiliate ADHUHR
טיסות פעילות בפיד: 100
כל הטיסות שנשמרו בהיסטוריה: 193
שינויים בהרצה הנוכחית: 0

פירוט שינויים:
  חדשות: 0
  עודכנו: 0
  חזרו לפיד: 0
  ללא שינוי: 100
  נעלמו מהפיד: 0

קבצים שנוצרו:
  טיסות פעילות: /root/onyx/exports/villiers_empty_legs_current_2026-08-08_07-47-01.csv
  כל ההיסטוריה: /root/onyx/exports/villiers_empty_legs_all_2026-08-08_07-47-01.csv
  שינויים בלבד: /root/onyx/exports/villiers_empty_legs_changes_2026-08-08_07-47-01.csv
  קובץ מצב: /root/onyx/data/villiers_state.json
[2/4] Creating website flights.json...
No local CSV was found. Falling back to RSS.
Downloading Villiers RSS...
Saved 100 flights.
Output: /root/onyx/data/flights.json
[3/4] Creating global airports.json...
Loading global airport database...
Prepared 28291 airports in 234 countries.
Airport catalogue saved to: /root/onyx/data/airports.json
[4/4] Sending current flights to Telegram...
Connected to Telegram bot: @OnyxAirRadar_bot (bot ID: 8816902667)
Reading flights from: /root/onyx/exports/villiers_empty_legs_current_2026-08-08_07-47-01.csv
Loaded 100 active Empty Leg flights.
Processing 2 users.
Sent 3 of 3 flights in 1 messages to yedidya (1049883799)
Skipping 7445310755 (Frequency: 3h, hours passed: 1.00h)
Users database updated with new timestamps.

Telegram processing complete.
Users who received flights: 1
Users with delivery errors: 0
Total flight entries delivered: 3
==================================================
ONYX Radar update completed successfully.
==================================================
[main c651efe] Auto-update flights data and telegram alerts from server
 8 files changed, 678 insertions(+), 304 deletions(-)
 create mode 100644 exports/villiers_empty_legs_all_2026-08-08_07-47-01.csv
 create mode 100644 exports/villiers_empty_legs_changes_2026-08-08_07-47-01.csv
 create mode 100644 exports/villiers_empty_legs_current_2026-08-08_07-47-01.csv
To https://github.com/yedidiwah/onyx.git
 ! [rejected]        main -> main (fetch first)
error: failed to push some refs to 'https://github.com/yedidiwah/onyx.git'
hint: Updates were rejected because the remote contains work that you do not
hint: have locally. This is usually caused by another repository pushing to
hint: the same ref. If you want to integrate the remote changes, use
hint: 'git pull' before pushing again.
hint: See the 'Note about fast-forwards' in 'git push --help' for details.
==================================================
ONYX Radar Full Update
==================================================
[1/4] Downloading current Villiers flights...
טוען את מאגר שדות התעופה...
נטענו 28291 שדות תעופה.

מוריד את נתוני ה-RSS...
הפיד זוהה כפיד Empty Legs.
נמצאו 100 פריטים בפיד.

טיסה ראשונה לדוגמה:
מוצא: EGGW / LTN - London Luton Airport
יעד: LFPB / LBG - Paris-Le Bourget Airport
תאריך מקורי: 08 August 2026
תאריך ISO: 2026-08-08
שעת יציאה: 12:00
מחיר: £8,923
מחיר מנורמל: 8923 GBP
מטוס: Phenom 300E
מושבים: 9
סטטוס שינוי: unchanged

שם הפיד: Villiers Empty Legs - Affiliate ADHUHR
טיסות פעילות בפיד: 100
כל הטיסות שנשמרו בהיסטוריה: 193
שינויים בהרצה הנוכחית: 0

פירוט שינויים:
  חדשות: 0
  עודכנו: 0
  חזרו לפיד: 0
  ללא שינוי: 100
  נעלמו מהפיד: 0

קבצים שנוצרו:
  טיסות פעילות: /root/onyx/exports/villiers_empty_legs_current_2026-08-08_08-17-02.csv
  כל ההיסטוריה: /root/onyx/exports/villiers_empty_legs_all_2026-08-08_08-17-02.csv
  שינויים בלבד: /root/onyx/exports/villiers_empty_legs_changes_2026-08-08_08-17-02.csv
  קובץ מצב: /root/onyx/data/villiers_state.json
[2/4] Creating website flights.json...
No local CSV was found. Falling back to RSS.
Downloading Villiers RSS...
Saved 100 flights.
Output: /root/onyx/data/flights.json
[3/4] Creating global airports.json...
Loading global airport database...
Prepared 28291 airports in 234 countries.
Airport catalogue saved to: /root/onyx/data/airports.json
[4/4] Sending current flights to Telegram...
Connected to Telegram bot: @OnyxAirRadar_bot (bot ID: 8816902667)
Reading flights from: /root/onyx/exports/villiers_empty_legs_current_2026-08-08_08-17-02.csv
Loaded 100 active Empty Leg flights.
Processing 2 users.
Skipping 1049883799 (Frequency: 3h, hours passed: 0.50h)
Skipping 7445310755 (Frequency: 3h, hours passed: 1.50h)

Telegram processing complete.
Users who received flights: 0
Users with delivery errors: 0
Total flight entries delivered: 0
==================================================
ONYX Radar update completed successfully.
==================================================
[main b95c723] Auto-update flights data and telegram alerts from server
 7 files changed, 676 insertions(+), 303 deletions(-)
 create mode 100644 exports/villiers_empty_legs_all_2026-08-08_08-17-02.csv
 create mode 100644 exports/villiers_empty_legs_changes_2026-08-08_08-17-02.csv
 create mode 100644 exports/villiers_empty_legs_current_2026-08-08_08-17-02.csv
To https://github.com/yedidiwah/onyx.git
 ! [rejected]        main -> main (fetch first)
error: failed to push some refs to 'https://github.com/yedidiwah/onyx.git'
hint: Updates were rejected because the remote contains work that you do not
hint: have locally. This is usually caused by another repository pushing to
hint: the same ref. If you want to integrate the remote changes, use
hint: 'git pull' before pushing again.
hint: See the 'Note about fast-forwards' in 'git push --help' for details.
==================================================
ONYX Radar Full Update
==================================================
[1/4] Downloading current Villiers flights...
טוען את מאגר שדות התעופה...
נטענו 28291 שדות תעופה.

מוריד את נתוני ה-RSS...
הפיד זוהה כפיד Empty Legs.
נמצאו 100 פריטים בפיד.

טיסה ראשונה לדוגמה:
מוצא: EGGW / LTN - London Luton Airport
יעד: LFPB / LBG - Paris-Le Bourget Airport
תאריך מקורי: 08 August 2026
תאריך ISO: 2026-08-08
שעת יציאה: 12:00
מחיר: £8,923
מחיר מנורמל: 8923 GBP
מטוס: Phenom 300E
מושבים: 9
סטטוס שינוי: unchanged

שם הפיד: Villiers Empty Legs - Affiliate ADHUHR
טיסות פעילות בפיד: 100
כל הטיסות שנשמרו בהיסטוריה: 193
שינויים בהרצה הנוכחית: 0

פירוט שינויים:
  חדשות: 0
  עודכנו: 0
  חזרו לפיד: 0
  ללא שינוי: 100
  נעלמו מהפיד: 0

קבצים שנוצרו:
  טיסות פעילות: /root/onyx/exports/villiers_empty_legs_current_2026-08-08_08-47-01.csv
  כל ההיסטוריה: /root/onyx/exports/villiers_empty_legs_all_2026-08-08_08-47-01.csv
  שינויים בלבד: /root/onyx/exports/villiers_empty_legs_changes_2026-08-08_08-47-01.csv
  קובץ מצב: /root/onyx/data/villiers_state.json
[2/4] Creating website flights.json...
No local CSV was found. Falling back to RSS.
Downloading Villiers RSS...
Saved 100 flights.
Output: /root/onyx/data/flights.json
[3/4] Creating global airports.json...
Loading global airport database...
Prepared 28291 airports in 234 countries.
Airport catalogue saved to: /root/onyx/data/airports.json
[4/4] Sending current flights to Telegram...
Connected to Telegram bot: @OnyxAirRadar_bot (bot ID: 8816902667)
Reading flights from: /root/onyx/exports/villiers_empty_legs_current_2026-08-08_08-47-01.csv
Loaded 100 active Empty Leg flights.
Processing 2 users.
Skipping 1049883799 (Frequency: 3h, hours passed: 1.00h)
Skipping 7445310755 (Frequency: 3h, hours passed: 2.00h)

Telegram processing complete.
Users who received flights: 0
Users with delivery errors: 0
Total flight entries delivered: 0
==================================================
ONYX Radar update completed successfully.
==================================================
