nohup: ignoring input
2026-09-08 08:57:23,126 (__init__.py:1280 MainThread) ERROR - TeleBot: "Threaded polling exception: A request to the Telegram API was unsuccessful. Error code: 409. Description: Conflict: terminated by other getUpdates request; make sure that only one bot instance is running"
2026-09-08 08:57:23,131 (__init__.py:1282 MainThread) ERROR - TeleBot: "Exception traceback:
Traceback (most recent call last):
  File "/root/onyx/venv/lib/python3.12/site-packages/telebot/__init__.py", line 1273, in __threaded_polling
    polling_thread.raise_exceptions()
  File "/root/onyx/venv/lib/python3.12/site-packages/telebot/util.py", line 116, in raise_exceptions
    raise self.exception_info
  File "/root/onyx/venv/lib/python3.12/site-packages/telebot/util.py", line 98, in run
    task(*args, **kwargs)
  File "/root/onyx/venv/lib/python3.12/site-packages/telebot/__init__.py", line 691, in __retrieve_updates
    updates = self.get_updates(offset=(self.last_update_id + 1),
              ^^^^^^^^^^^^^^^^^^^^^^^^^^^^^^^^^^^^^^^^^^^^^^^^^^
  File "/root/onyx/venv/lib/python3.12/site-packages/telebot/__init__.py", line 663, in get_updates
    json_updates = apihelper.get_updates(
                   ^^^^^^^^^^^^^^^^^^^^^^
  File "/root/onyx/venv/lib/python3.12/site-packages/telebot/apihelper.py", line 382, in get_updates
    return _make_request(token, method_url, params=payload)
           ^^^^^^^^^^^^^^^^^^^^^^^^^^^^^^^^^^^^^^^^^^^^^^^^
  File "/root/onyx/venv/lib/python3.12/site-packages/telebot/apihelper.py", line 168, in _make_request
    json_result = _check_result(method_name, result)
                  ^^^^^^^^^^^^^^^^^^^^^^^^^^^^^^^^^^
  File "/root/onyx/venv/lib/python3.12/site-packages/telebot/apihelper.py", line 197, in _check_result
    raise ApiTelegramException(method_name, result, result_json)
telebot.apihelper.ApiTelegramException: A request to the Telegram API was unsuccessful. Error code: 409. Description: Conflict: terminated by other getUpdates request; make sure that only one bot instance is running
"
2026-09-08 08:57:26,950 (__init__.py:1280 MainThread) ERROR - TeleBot: "Threaded polling exception: A request to the Telegram API was unsuccessful. Error code: 409. Description: Conflict: terminated by other getUpdates request; make sure that only one bot instance is running"
2026-09-08 08:57:26,953 (__init__.py:1282 MainThread) ERROR - TeleBot: "Exception traceback:
Traceback (most recent call last):
  File "/root/onyx/venv/lib/python3.12/site-packages/telebot/__init__.py", line 1273, in __threaded_polling
    polling_thread.raise_exceptions()
  File "/root/onyx/venv/lib/python3.12/site-packages/telebot/util.py", line 116, in raise_exceptions
    raise self.exception_info
  File "/root/onyx/venv/lib/python3.12/site-packages/telebot/util.py", line 98, in run
    task(*args, **kwargs)
  File "/root/onyx/venv/lib/python3.12/site-packages/telebot/__init__.py", line 691, in __retrieve_updates
    updates = self.get_updates(offset=(self.last_update_id + 1),
              ^^^^^^^^^^^^^^^^^^^^^^^^^^^^^^^^^^^^^^^^^^^^^^^^^^
  File "/root/onyx/venv/lib/python3.12/site-packages/telebot/__init__.py", line 663, in get_updates
    json_updates = apihelper.get_updates(
                   ^^^^^^^^^^^^^^^^^^^^^^
  File "/root/onyx/venv/lib/python3.12/site-packages/telebot/apihelper.py", line 382, in get_updates
    return _make_request(token, method_url, params=payload)
           ^^^^^^^^^^^^^^^^^^^^^^^^^^^^^^^^^^^^^^^^^^^^^^^^
  File "/root/onyx/venv/lib/python3.12/site-packages/telebot/apihelper.py", line 168, in _make_request
    json_result = _check_result(method_name, result)
                  ^^^^^^^^^^^^^^^^^^^^^^^^^^^^^^^^^^
  File "/root/onyx/venv/lib/python3.12/site-packages/telebot/apihelper.py", line 197, in _check_result
    raise ApiTelegramException(method_name, result, result_json)
telebot.apihelper.ApiTelegramException: A request to the Telegram API was unsuccessful. Error code: 409. Description: Conflict: terminated by other getUpdates request; make sure that only one bot instance is running
"
2026-09-08 08:57:31,490 (__init__.py:1280 MainThread) ERROR - TeleBot: "Threaded polling exception: A request to the Telegram API was unsuccessful. Error code: 409. Description: Conflict: terminated by other getUpdates request; make sure that only one bot instance is running"
2026-09-08 08:57:31,493 (__init__.py:1282 MainThread) ERROR - TeleBot: "Exception traceback:
Traceback (most recent call last):
  File "/root/onyx/venv/lib/python3.12/site-packages/telebot/__init__.py", line 1273, in __threaded_polling
    polling_thread.raise_exceptions()
  File "/root/onyx/venv/lib/python3.12/site-packages/telebot/util.py", line 116, in raise_exceptions
    raise self.exception_info
  File "/root/onyx/venv/lib/python3.12/site-packages/telebot/util.py", line 98, in run
    task(*args, **kwargs)
  File "/root/onyx/venv/lib/python3.12/site-packages/telebot/__init__.py", line 691, in __retrieve_updates
    updates = self.get_updates(offset=(self.last_update_id + 1),
              ^^^^^^^^^^^^^^^^^^^^^^^^^^^^^^^^^^^^^^^^^^^^^^^^^^
  File "/root/onyx/venv/lib/python3.12/site-packages/telebot/__init__.py", line 663, in get_updates
    json_updates = apihelper.get_updates(
                   ^^^^^^^^^^^^^^^^^^^^^^
  File "/root/onyx/venv/lib/python3.12/site-packages/telebot/apihelper.py", line 382, in get_updates
    return _make_request(token, method_url, params=payload)
           ^^^^^^^^^^^^^^^^^^^^^^^^^^^^^^^^^^^^^^^^^^^^^^^^
  File "/root/onyx/venv/lib/python3.12/site-packages/telebot/apihelper.py", line 168, in _make_request
    json_result = _check_result(method_name, result)
                  ^^^^^^^^^^^^^^^^^^^^^^^^^^^^^^^^^^
  File "/root/onyx/venv/lib/python3.12/site-packages/telebot/apihelper.py", line 197, in _check_result
    raise ApiTelegramException(method_name, result, result_json)
telebot.apihelper.ApiTelegramException: A request to the Telegram API was unsuccessful. Error code: 409. Description: Conflict: terminated by other getUpdates request; make sure that only one bot instance is running
"
2026-09-08 08:57:37,742 (__init__.py:1280 MainThread) ERROR - TeleBot: "Threaded polling exception: A request to the Telegram API was unsuccessful. Error code: 409. Description: Conflict: terminated by other getUpdates request; make sure that only one bot instance is running"
2026-09-08 08:57:37,744 (__init__.py:1282 MainThread) ERROR - TeleBot: "Exception traceback:
Traceback (most recent call last):
  File "/root/onyx/venv/lib/python3.12/site-packages/telebot/__init__.py", line 1273, in __threaded_polling
    polling_thread.raise_exceptions()
  File "/root/onyx/venv/lib/python3.12/site-packages/telebot/util.py", line 116, in raise_exceptions
    raise self.exception_info
  File "/root/onyx/venv/lib/python3.12/site-packages/telebot/util.py", line 98, in run
    task(*args, **kwargs)
  File "/root/onyx/venv/lib/python3.12/site-packages/telebot/__init__.py", line 691, in __retrieve_updates
    updates = self.get_updates(offset=(self.last_update_id + 1),
              ^^^^^^^^^^^^^^^^^^^^^^^^^^^^^^^^^^^^^^^^^^^^^^^^^^
  File "/root/onyx/venv/lib/python3.12/site-packages/telebot/__init__.py", line 663, in get_updates
    json_updates = apihelper.get_updates(
                   ^^^^^^^^^^^^^^^^^^^^^^
  File "/root/onyx/venv/lib/python3.12/site-packages/telebot/apihelper.py", line 382, in get_updates
    return _make_request(token, method_url, params=payload)
           ^^^^^^^^^^^^^^^^^^^^^^^^^^^^^^^^^^^^^^^^^^^^^^^^
  File "/root/onyx/venv/lib/python3.12/site-packages/telebot/apihelper.py", line 168, in _make_request
    json_result = _check_result(method_name, result)
                  ^^^^^^^^^^^^^^^^^^^^^^^^^^^^^^^^^^
  File "/root/onyx/venv/lib/python3.12/site-packages/telebot/apihelper.py", line 197, in _check_result
    raise ApiTelegramException(method_name, result, result_json)
telebot.apihelper.ApiTelegramException: A request to the Telegram API was unsuccessful. Error code: 409. Description: Conflict: terminated by other getUpdates request; make sure that only one bot instance is running
"
2026-09-08 08:57:43,818 (__init__.py:1280 MainThread) ERROR - TeleBot: "Threaded polling exception: A request to the Telegram API was unsuccessful. Error code: 409. Description: Conflict: terminated by other getUpdates request; make sure that only one bot instance is running"
2026-09-08 08:57:43,820 (__init__.py:1282 MainThread) ERROR - TeleBot: "Exception traceback:
Traceback (most recent call last):
  File "/root/onyx/venv/lib/python3.12/site-packages/telebot/__init__.py", line 1273, in __threaded_polling
    polling_thread.raise_exceptions()
  File "/root/onyx/venv/lib/python3.12/site-packages/telebot/util.py", line 116, in raise_exceptions
    raise self.exception_info
  File "/root/onyx/venv/lib/python3.12/site-packages/telebot/util.py", line 98, in run
    task(*args, **kwargs)
  File "/root/onyx/venv/lib/python3.12/site-packages/telebot/__init__.py", line 691, in __retrieve_updates
    updates = self.get_updates(offset=(self.last_update_id + 1),
              ^^^^^^^^^^^^^^^^^^^^^^^^^^^^^^^^^^^^^^^^^^^^^^^^^^
  File "/root/onyx/venv/lib/python3.12/site-packages/telebot/__init__.py", line 663, in get_updates
    json_updates = apihelper.get_updates(
                   ^^^^^^^^^^^^^^^^^^^^^^
  File "/root/onyx/venv/lib/python3.12/site-packages/telebot/apihelper.py", line 382, in get_updates
    return _make_request(token, method_url, params=payload)
           ^^^^^^^^^^^^^^^^^^^^^^^^^^^^^^^^^^^^^^^^^^^^^^^^
  File "/root/onyx/venv/lib/python3.12/site-packages/telebot/apihelper.py", line 168, in _make_request
    json_result = _check_result(method_name, result)
                  ^^^^^^^^^^^^^^^^^^^^^^^^^^^^^^^^^^
  File "/root/onyx/venv/lib/python3.12/site-packages/telebot/apihelper.py", line 197, in _check_result
    raise ApiTelegramException(method_name, result, result_json)
telebot.apihelper.ApiTelegramException: A request to the Telegram API was unsuccessful. Error code: 409. Description: Conflict: terminated by other getUpdates request; make sure that only one bot instance is running
"
2026-09-08 08:57:57,097 (__init__.py:1280 MainThread) ERROR - TeleBot: "Threaded polling exception: A request to the Telegram API was unsuccessful. Error code: 409. Description: Conflict: terminated by other getUpdates request; make sure that only one bot instance is running"
2026-09-08 08:57:57,099 (__init__.py:1282 MainThread) ERROR - TeleBot: "Exception traceback:
Traceback (most recent call last):
  File "/root/onyx/venv/lib/python3.12/site-packages/telebot/__init__.py", line 1273, in __threaded_polling
    polling_thread.raise_exceptions()
  File "/root/onyx/venv/lib/python3.12/site-packages/telebot/util.py", line 116, in raise_exceptions
    raise self.exception_info
  File "/root/onyx/venv/lib/python3.12/site-packages/telebot/util.py", line 98, in run
    task(*args, **kwargs)
  File "/root/onyx/venv/lib/python3.12/site-packages/telebot/__init__.py", line 691, in __retrieve_updates
    updates = self.get_updates(offset=(self.last_update_id + 1),
              ^^^^^^^^^^^^^^^^^^^^^^^^^^^^^^^^^^^^^^^^^^^^^^^^^^
  File "/root/onyx/venv/lib/python3.12/site-packages/telebot/__init__.py", line 663, in get_updates
    json_updates = apihelper.get_updates(
                   ^^^^^^^^^^^^^^^^^^^^^^
  File "/root/onyx/venv/lib/python3.12/site-packages/telebot/apihelper.py", line 382, in get_updates
    return _make_request(token, method_url, params=payload)
           ^^^^^^^^^^^^^^^^^^^^^^^^^^^^^^^^^^^^^^^^^^^^^^^^
  File "/root/onyx/venv/lib/python3.12/site-packages/telebot/apihelper.py", line 168, in _make_request
    json_result = _check_result(method_name, result)
                  ^^^^^^^^^^^^^^^^^^^^^^^^^^^^^^^^^^
  File "/root/onyx/venv/lib/python3.12/site-packages/telebot/apihelper.py", line 197, in _check_result
    raise ApiTelegramException(method_name, result, result_json)
telebot.apihelper.ApiTelegramException: A request to the Telegram API was unsuccessful. Error code: 409. Description: Conflict: terminated by other getUpdates request; make sure that only one bot instance is running
"
2026-09-08 08:58:21,257 (__init__.py:1280 MainThread) ERROR - TeleBot: "Threaded polling exception: A request to the Telegram API was unsuccessful. Error code: 409. Description: Conflict: terminated by other getUpdates request; make sure that only one bot instance is running"
2026-09-08 08:58:21,261 (__init__.py:1282 MainThread) ERROR - TeleBot: "Exception traceback:
Traceback (most recent call last):
  File "/root/onyx/venv/lib/python3.12/site-packages/telebot/__init__.py", line 1273, in __threaded_polling
    polling_thread.raise_exceptions()
  File "/root/onyx/venv/lib/python3.12/site-packages/telebot/util.py", line 116, in raise_exceptions
    raise self.exception_info
  File "/root/onyx/venv/lib/python3.12/site-packages/telebot/util.py", line 98, in run
    task(*args, **kwargs)
  File "/root/onyx/venv/lib/python3.12/site-packages/telebot/__init__.py", line 691, in __retrieve_updates
    updates = self.get_updates(offset=(self.last_update_id + 1),
              ^^^^^^^^^^^^^^^^^^^^^^^^^^^^^^^^^^^^^^^^^^^^^^^^^^
  File "/root/onyx/venv/lib/python3.12/site-packages/telebot/__init__.py", line 663, in get_updates
    json_updates = apihelper.get_updates(
                   ^^^^^^^^^^^^^^^^^^^^^^
  File "/root/onyx/venv/lib/python3.12/site-packages/telebot/apihelper.py", line 382, in get_updates
    return _make_request(token, method_url, params=payload)
           ^^^^^^^^^^^^^^^^^^^^^^^^^^^^^^^^^^^^^^^^^^^^^^^^
  File "/root/onyx/venv/lib/python3.12/site-packages/telebot/apihelper.py", line 168, in _make_request
    json_result = _check_result(method_name, result)
                  ^^^^^^^^^^^^^^^^^^^^^^^^^^^^^^^^^^
  File "/root/onyx/venv/lib/python3.12/site-packages/telebot/apihelper.py", line 197, in _check_result
    raise ApiTelegramException(method_name, result, result_json)
telebot.apihelper.ApiTelegramException: A request to the Telegram API was unsuccessful. Error code: 409. Description: Conflict: terminated by other getUpdates request; make sure that only one bot instance is running
"
2026-09-08 08:59:10,137 (__init__.py:1280 MainThread) ERROR - TeleBot: "Threaded polling exception: A request to the Telegram API was unsuccessful. Error code: 409. Description: Conflict: terminated by other getUpdates request; make sure that only one bot instance is running"
2026-09-08 08:59:10,181 (__init__.py:1282 MainThread) ERROR - TeleBot: "Exception traceback:
Traceback (most recent call last):
  File "/root/onyx/venv/lib/python3.12/site-packages/telebot/__init__.py", line 1273, in __threaded_polling
    polling_thread.raise_exceptions()
  File "/root/onyx/venv/lib/python3.12/site-packages/telebot/util.py", line 116, in raise_exceptions
    raise self.exception_info
  File "/root/onyx/venv/lib/python3.12/site-packages/telebot/util.py", line 98, in run
    task(*args, **kwargs)
  File "/root/onyx/venv/lib/python3.12/site-packages/telebot/__init__.py", line 691, in __retrieve_updates
    updates = self.get_updates(offset=(self.last_update_id + 1),
              ^^^^^^^^^^^^^^^^^^^^^^^^^^^^^^^^^^^^^^^^^^^^^^^^^^
  File "/root/onyx/venv/lib/python3.12/site-packages/telebot/__init__.py", line 663, in get_updates
    json_updates = apihelper.get_updates(
                   ^^^^^^^^^^^^^^^^^^^^^^
  File "/root/onyx/venv/lib/python3.12/site-packages/telebot/apihelper.py", line 382, in get_updates
    return _make_request(token, method_url, params=payload)
           ^^^^^^^^^^^^^^^^^^^^^^^^^^^^^^^^^^^^^^^^^^^^^^^^
  File "/root/onyx/venv/lib/python3.12/site-packages/telebot/apihelper.py", line 168, in _make_request
    json_result = _check_result(method_name, result)
                  ^^^^^^^^^^^^^^^^^^^^^^^^^^^^^^^^^^
  File "/root/onyx/venv/lib/python3.12/site-packages/telebot/apihelper.py", line 197, in _check_result
    raise ApiTelegramException(method_name, result, result_json)
telebot.apihelper.ApiTelegramException: A request to the Telegram API was unsuccessful. Error code: 409. Description: Conflict: terminated by other getUpdates request; make sure that only one bot instance is running
"
2026-09-08 09:00:13,526 (__init__.py:1280 MainThread) ERROR - TeleBot: "Threaded polling exception: A request to the Telegram API was unsuccessful. Error code: 409. Description: Conflict: terminated by other getUpdates request; make sure that only one bot instance is running"
2026-09-08 09:00:13,543 (__init__.py:1282 MainThread) ERROR - TeleBot: "Exception traceback:
Traceback (most recent call last):
  File "/root/onyx/venv/lib/python3.12/site-packages/telebot/__init__.py", line 1273, in __threaded_polling
    polling_thread.raise_exceptions()
  File "/root/onyx/venv/lib/python3.12/site-packages/telebot/util.py", line 116, in raise_exceptions
    raise self.exception_info
  File "/root/onyx/venv/lib/python3.12/site-packages/telebot/util.py", line 98, in run
    task(*args, **kwargs)
  File "/root/onyx/venv/lib/python3.12/site-packages/telebot/__init__.py", line 691, in __retrieve_updates
    updates = self.get_updates(offset=(self.last_update_id + 1),
              ^^^^^^^^^^^^^^^^^^^^^^^^^^^^^^^^^^^^^^^^^^^^^^^^^^
  File "/root/onyx/venv/lib/python3.12/site-packages/telebot/__init__.py", line 663, in get_updates
    json_updates = apihelper.get_updates(
                   ^^^^^^^^^^^^^^^^^^^^^^
  File "/root/onyx/venv/lib/python3.12/site-packages/telebot/apihelper.py", line 382, in get_updates
    return _make_request(token, method_url, params=payload)
           ^^^^^^^^^^^^^^^^^^^^^^^^^^^^^^^^^^^^^^^^^^^^^^^^
  File "/root/onyx/venv/lib/python3.12/site-packages/telebot/apihelper.py", line 168, in _make_request
    json_result = _check_result(method_name, result)
                  ^^^^^^^^^^^^^^^^^^^^^^^^^^^^^^^^^^
  File "/root/onyx/venv/lib/python3.12/site-packages/telebot/apihelper.py", line 197, in _check_result
    raise ApiTelegramException(method_name, result, result_json)
telebot.apihelper.ApiTelegramException: A request to the Telegram API was unsuccessful. Error code: 409. Description: Conflict: terminated by other getUpdates request; make sure that only one bot instance is running
"
2026-09-08 09:01:16,856 (__init__.py:1280 MainThread) ERROR - TeleBot: "Threaded polling exception: A request to the Telegram API was unsuccessful. Error code: 409. Description: Conflict: terminated by other getUpdates request; make sure that only one bot instance is running"
2026-09-08 09:01:16,863 (__init__.py:1282 MainThread) ERROR - TeleBot: "Exception traceback:
Traceback (most recent call last):
  File "/root/onyx/venv/lib/python3.12/site-packages/telebot/__init__.py", line 1273, in __threaded_polling
    polling_thread.raise_exceptions()
  File "/root/onyx/venv/lib/python3.12/site-packages/telebot/util.py", line 116, in raise_exceptions
    raise self.exception_info
  File "/root/onyx/venv/lib/python3.12/site-packages/telebot/util.py", line 98, in run
    task(*args, **kwargs)
  File "/root/onyx/venv/lib/python3.12/site-packages/telebot/__init__.py", line 691, in __retrieve_updates
    updates = self.get_updates(offset=(self.last_update_id + 1),
              ^^^^^^^^^^^^^^^^^^^^^^^^^^^^^^^^^^^^^^^^^^^^^^^^^^
  File "/root/onyx/venv/lib/python3.12/site-packages/telebot/__init__.py", line 663, in get_updates
    json_updates = apihelper.get_updates(
                   ^^^^^^^^^^^^^^^^^^^^^^
  File "/root/onyx/venv/lib/python3.12/site-packages/telebot/apihelper.py", line 382, in get_updates
    return _make_request(token, method_url, params=payload)
           ^^^^^^^^^^^^^^^^^^^^^^^^^^^^^^^^^^^^^^^^^^^^^^^^
  File "/root/onyx/venv/lib/python3.12/site-packages/telebot/apihelper.py", line 168, in _make_request
    json_result = _check_result(method_name, result)
                  ^^^^^^^^^^^^^^^^^^^^^^^^^^^^^^^^^^
  File "/root/onyx/venv/lib/python3.12/site-packages/telebot/apihelper.py", line 197, in _check_result
    raise ApiTelegramException(method_name, result, result_json)
telebot.apihelper.ApiTelegramException: A request to the Telegram API was unsuccessful. Error code: 409. Description: Conflict: terminated by other getUpdates request; make sure that only one bot instance is running
"
2026-09-08 09:02:20,178 (__init__.py:1280 MainThread) ERROR - TeleBot: "Threaded polling exception: A request to the Telegram API was unsuccessful. Error code: 409. Description: Conflict: terminated by other getUpdates request; make sure that only one bot instance is running"
2026-09-08 09:02:20,183 (__init__.py:1282 MainThread) ERROR - TeleBot: "Exception traceback:
Traceback (most recent call last):
  File "/root/onyx/venv/lib/python3.12/site-packages/telebot/__init__.py", line 1273, in __threaded_polling
    polling_thread.raise_exceptions()
  File "/root/onyx/venv/lib/python3.12/site-packages/telebot/util.py", line 116, in raise_exceptions
    raise self.exception_info
  File "/root/onyx/venv/lib/python3.12/site-packages/telebot/util.py", line 98, in run
    task(*args, **kwargs)
  File "/root/onyx/venv/lib/python3.12/site-packages/telebot/__init__.py", line 691, in __retrieve_updates
    updates = self.get_updates(offset=(self.last_update_id + 1),
              ^^^^^^^^^^^^^^^^^^^^^^^^^^^^^^^^^^^^^^^^^^^^^^^^^^
  File "/root/onyx/venv/lib/python3.12/site-packages/telebot/__init__.py", line 663, in get_updates
    json_updates = apihelper.get_updates(
                   ^^^^^^^^^^^^^^^^^^^^^^
  File "/root/onyx/venv/lib/python3.12/site-packages/telebot/apihelper.py", line 382, in get_updates
    return _make_request(token, method_url, params=payload)
           ^^^^^^^^^^^^^^^^^^^^^^^^^^^^^^^^^^^^^^^^^^^^^^^^
  File "/root/onyx/venv/lib/python3.12/site-packages/telebot/apihelper.py", line 168, in _make_request
    json_result = _check_result(method_name, result)
                  ^^^^^^^^^^^^^^^^^^^^^^^^^^^^^^^^^^
  File "/root/onyx/venv/lib/python3.12/site-packages/telebot/apihelper.py", line 197, in _check_result
    raise ApiTelegramException(method_name, result, result_json)
telebot.apihelper.ApiTelegramException: A request to the Telegram API was unsuccessful. Error code: 409. Description: Conflict: terminated by other getUpdates request; make sure that only one bot instance is running
"
2026-09-08 09:03:25,772 (__init__.py:1280 MainThread) ERROR - TeleBot: "Threaded polling exception: A request to the Telegram API was unsuccessful. Error code: 409. Description: Conflict: terminated by other getUpdates request; make sure that only one bot instance is running"
2026-09-08 09:03:25,914 (__init__.py:1282 MainThread) ERROR - TeleBot: "Exception traceback:
Traceback (most recent call last):
  File "/root/onyx/venv/lib/python3.12/site-packages/telebot/__init__.py", line 1273, in __threaded_polling
    polling_thread.raise_exceptions()
  File "/root/onyx/venv/lib/python3.12/site-packages/telebot/util.py", line 116, in raise_exceptions
    raise self.exception_info
  File "/root/onyx/venv/lib/python3.12/site-packages/telebot/util.py", line 98, in run
    task(*args, **kwargs)
  File "/root/onyx/venv/lib/python3.12/site-packages/telebot/__init__.py", line 691, in __retrieve_updates
    updates = self.get_updates(offset=(self.last_update_id + 1),
              ^^^^^^^^^^^^^^^^^^^^^^^^^^^^^^^^^^^^^^^^^^^^^^^^^^
  File "/root/onyx/venv/lib/python3.12/site-packages/telebot/__init__.py", line 663, in get_updates
    json_updates = apihelper.get_updates(
                   ^^^^^^^^^^^^^^^^^^^^^^
  File "/root/onyx/venv/lib/python3.12/site-packages/telebot/apihelper.py", line 382, in get_updates
    return _make_request(token, method_url, params=payload)
           ^^^^^^^^^^^^^^^^^^^^^^^^^^^^^^^^^^^^^^^^^^^^^^^^
  File "/root/onyx/venv/lib/python3.12/site-packages/telebot/apihelper.py", line 168, in _make_request
    json_result = _check_result(method_name, result)
                  ^^^^^^^^^^^^^^^^^^^^^^^^^^^^^^^^^^
  File "/root/onyx/venv/lib/python3.12/site-packages/telebot/apihelper.py", line 197, in _check_result
    raise ApiTelegramException(method_name, result, result_json)
telebot.apihelper.ApiTelegramException: A request to the Telegram API was unsuccessful. Error code: 409. Description: Conflict: terminated by other getUpdates request; make sure that only one bot instance is running
"
2026-09-08 09:04:31,817 (__init__.py:1280 MainThread) ERROR - TeleBot: "Threaded polling exception: A request to the Telegram API was unsuccessful. Error code: 409. Description: Conflict: terminated by other getUpdates request; make sure that only one bot instance is running"
2026-09-08 09:04:31,822 (__init__.py:1282 MainThread) ERROR - TeleBot: "Exception traceback:
Traceback (most recent call last):
  File "/root/onyx/venv/lib/python3.12/site-packages/telebot/__init__.py", line 1273, in __threaded_polling
    polling_thread.raise_exceptions()
  File "/root/onyx/venv/lib/python3.12/site-packages/telebot/util.py", line 116, in raise_exceptions
    raise self.exception_info
  File "/root/onyx/venv/lib/python3.12/site-packages/telebot/util.py", line 98, in run
    task(*args, **kwargs)
  File "/root/onyx/venv/lib/python3.12/site-packages/telebot/__init__.py", line 691, in __retrieve_updates
    updates = self.get_updates(offset=(self.last_update_id + 1),
              ^^^^^^^^^^^^^^^^^^^^^^^^^^^^^^^^^^^^^^^^^^^^^^^^^^
  File "/root/onyx/venv/lib/python3.12/site-packages/telebot/__init__.py", line 663, in get_updates
    json_updates = apihelper.get_updates(
                   ^^^^^^^^^^^^^^^^^^^^^^
  File "/root/onyx/venv/lib/python3.12/site-packages/telebot/apihelper.py", line 382, in get_updates
    return _make_request(token, method_url, params=payload)
           ^^^^^^^^^^^^^^^^^^^^^^^^^^^^^^^^^^^^^^^^^^^^^^^^
  File "/root/onyx/venv/lib/python3.12/site-packages/telebot/apihelper.py", line 168, in _make_request
    json_result = _check_result(method_name, result)
                  ^^^^^^^^^^^^^^^^^^^^^^^^^^^^^^^^^^
  File "/root/onyx/venv/lib/python3.12/site-packages/telebot/apihelper.py", line 197, in _check_result
    raise ApiTelegramException(method_name, result, result_json)
telebot.apihelper.ApiTelegramException: A request to the Telegram API was unsuccessful. Error code: 409. Description: Conflict: terminated by other getUpdates request; make sure that only one bot instance is running
"
2026-09-08 09:05:35,245 (__init__.py:1280 MainThread) ERROR - TeleBot: "Threaded polling exception: A request to the Telegram API was unsuccessful. Error code: 409. Description: Conflict: terminated by other getUpdates request; make sure that only one bot instance is running"
2026-09-08 09:05:35,251 (__init__.py:1282 MainThread) ERROR - TeleBot: "Exception traceback:
Traceback (most recent call last):
  File "/root/onyx/venv/lib/python3.12/site-packages/telebot/__init__.py", line 1273, in __threaded_polling
    polling_thread.raise_exceptions()
  File "/root/onyx/venv/lib/python3.12/site-packages/telebot/util.py", line 116, in raise_exceptions
    raise self.exception_info
  File "/root/onyx/venv/lib/python3.12/site-packages/telebot/util.py", line 98, in run
    task(*args, **kwargs)
  File "/root/onyx/venv/lib/python3.12/site-packages/telebot/__init__.py", line 691, in __retrieve_updates
    updates = self.get_updates(offset=(self.last_update_id + 1),
              ^^^^^^^^^^^^^^^^^^^^^^^^^^^^^^^^^^^^^^^^^^^^^^^^^^
  File "/root/onyx/venv/lib/python3.12/site-packages/telebot/__init__.py", line 663, in get_updates
    json_updates = apihelper.get_updates(
                   ^^^^^^^^^^^^^^^^^^^^^^
  File "/root/onyx/venv/lib/python3.12/site-packages/telebot/apihelper.py", line 382, in get_updates
    return _make_request(token, method_url, params=payload)
           ^^^^^^^^^^^^^^^^^^^^^^^^^^^^^^^^^^^^^^^^^^^^^^^^
  File "/root/onyx/venv/lib/python3.12/site-packages/telebot/apihelper.py", line 168, in _make_request
    json_result = _check_result(method_name, result)
                  ^^^^^^^^^^^^^^^^^^^^^^^^^^^^^^^^^^
  File "/root/onyx/venv/lib/python3.12/site-packages/telebot/apihelper.py", line 197, in _check_result
    raise ApiTelegramException(method_name, result, result_json)
telebot.apihelper.ApiTelegramException: A request to the Telegram API was unsuccessful. Error code: 409. Description: Conflict: terminated by other getUpdates request; make sure that only one bot instance is running
"
2026-09-08 09:06:38,553 (__init__.py:1280 MainThread) ERROR - TeleBot: "Threaded polling exception: A request to the Telegram API was unsuccessful. Error code: 409. Description: Conflict: terminated by other getUpdates request; make sure that only one bot instance is running"
2026-09-08 09:06:38,556 (__init__.py:1282 MainThread) ERROR - TeleBot: "Exception traceback:
Traceback (most recent call last):
  File "/root/onyx/venv/lib/python3.12/site-packages/telebot/__init__.py", line 1273, in __threaded_polling
    polling_thread.raise_exceptions()
  File "/root/onyx/venv/lib/python3.12/site-packages/telebot/util.py", line 116, in raise_exceptions
    raise self.exception_info
  File "/root/onyx/venv/lib/python3.12/site-packages/telebot/util.py", line 98, in run
    task(*args, **kwargs)
  File "/root/onyx/venv/lib/python3.12/site-packages/telebot/__init__.py", line 691, in __retrieve_updates
    updates = self.get_updates(offset=(self.last_update_id + 1),
              ^^^^^^^^^^^^^^^^^^^^^^^^^^^^^^^^^^^^^^^^^^^^^^^^^^
  File "/root/onyx/venv/lib/python3.12/site-packages/telebot/__init__.py", line 663, in get_updates
    json_updates = apihelper.get_updates(
                   ^^^^^^^^^^^^^^^^^^^^^^
  File "/root/onyx/venv/lib/python3.12/site-packages/telebot/apihelper.py", line 382, in get_updates
    return _make_request(token, method_url, params=payload)
           ^^^^^^^^^^^^^^^^^^^^^^^^^^^^^^^^^^^^^^^^^^^^^^^^
  File "/root/onyx/venv/lib/python3.12/site-packages/telebot/apihelper.py", line 168, in _make_request
    json_result = _check_result(method_name, result)
                  ^^^^^^^^^^^^^^^^^^^^^^^^^^^^^^^^^^
  File "/root/onyx/venv/lib/python3.12/site-packages/telebot/apihelper.py", line 197, in _check_result
    raise ApiTelegramException(method_name, result, result_json)
telebot.apihelper.ApiTelegramException: A request to the Telegram API was unsuccessful. Error code: 409. Description: Conflict: terminated by other getUpdates request; make sure that only one bot instance is running
"
2026-09-08 09:07:43,476 (__init__.py:1280 MainThread) ERROR - TeleBot: "Threaded polling exception: A request to the Telegram API was unsuccessful. Error code: 409. Description: Conflict: terminated by other getUpdates request; make sure that only one bot instance is running"
2026-09-08 09:07:43,641 (__init__.py:1282 MainThread) ERROR - TeleBot: "Exception traceback:
Traceback (most recent call last):
  File "/root/onyx/venv/lib/python3.12/site-packages/telebot/__init__.py", line 1273, in __threaded_polling
    polling_thread.raise_exceptions()
  File "/root/onyx/venv/lib/python3.12/site-packages/telebot/util.py", line 116, in raise_exceptions
    raise self.exception_info
  File "/root/onyx/venv/lib/python3.12/site-packages/telebot/util.py", line 98, in run
    task(*args, **kwargs)
  File "/root/onyx/venv/lib/python3.12/site-packages/telebot/__init__.py", line 691, in __retrieve_updates
    updates = self.get_updates(offset=(self.last_update_id + 1),
              ^^^^^^^^^^^^^^^^^^^^^^^^^^^^^^^^^^^^^^^^^^^^^^^^^^
  File "/root/onyx/venv/lib/python3.12/site-packages/telebot/__init__.py", line 663, in get_updates
    json_updates = apihelper.get_updates(
                   ^^^^^^^^^^^^^^^^^^^^^^
  File "/root/onyx/venv/lib/python3.12/site-packages/telebot/apihelper.py", line 382, in get_updates
    return _make_request(token, method_url, params=payload)
           ^^^^^^^^^^^^^^^^^^^^^^^^^^^^^^^^^^^^^^^^^^^^^^^^
  File "/root/onyx/venv/lib/python3.12/site-packages/telebot/apihelper.py", line 168, in _make_request
    json_result = _check_result(method_name, result)
                  ^^^^^^^^^^^^^^^^^^^^^^^^^^^^^^^^^^
  File "/root/onyx/venv/lib/python3.12/site-packages/telebot/apihelper.py", line 197, in _check_result
    raise ApiTelegramException(method_name, result, result_json)
telebot.apihelper.ApiTelegramException: A request to the Telegram API was unsuccessful. Error code: 409. Description: Conflict: terminated by other getUpdates request; make sure that only one bot instance is running
"
2026-09-08 09:08:48,930 (__init__.py:1280 MainThread) ERROR - TeleBot: "Threaded polling exception: A request to the Telegram API was unsuccessful. Error code: 409. Description: Conflict: terminated by other getUpdates request; make sure that only one bot instance is running"
2026-09-08 09:08:48,975 (__init__.py:1282 MainThread) ERROR - TeleBot: "Exception traceback:
Traceback (most recent call last):
  File "/root/onyx/venv/lib/python3.12/site-packages/telebot/__init__.py", line 1273, in __threaded_polling
    polling_thread.raise_exceptions()
  File "/root/onyx/venv/lib/python3.12/site-packages/telebot/util.py", line 116, in raise_exceptions
    raise self.exception_info
  File "/root/onyx/venv/lib/python3.12/site-packages/telebot/util.py", line 98, in run
    task(*args, **kwargs)
  File "/root/onyx/venv/lib/python3.12/site-packages/telebot/__init__.py", line 691, in __retrieve_updates
    updates = self.get_updates(offset=(self.last_update_id + 1),
              ^^^^^^^^^^^^^^^^^^^^^^^^^^^^^^^^^^^^^^^^^^^^^^^^^^
  File "/root/onyx/venv/lib/python3.12/site-packages/telebot/__init__.py", line 663, in get_updates
    json_updates = apihelper.get_updates(
                   ^^^^^^^^^^^^^^^^^^^^^^
  File "/root/onyx/venv/lib/python3.12/site-packages/telebot/apihelper.py", line 382, in get_updates
    return _make_request(token, method_url, params=payload)
           ^^^^^^^^^^^^^^^^^^^^^^^^^^^^^^^^^^^^^^^^^^^^^^^^
  File "/root/onyx/venv/lib/python3.12/site-packages/telebot/apihelper.py", line 168, in _make_request
    json_result = _check_result(method_name, result)
                  ^^^^^^^^^^^^^^^^^^^^^^^^^^^^^^^^^^
  File "/root/onyx/venv/lib/python3.12/site-packages/telebot/apihelper.py", line 197, in _check_result
    raise ApiTelegramException(method_name, result, result_json)
telebot.apihelper.ApiTelegramException: A request to the Telegram API was unsuccessful. Error code: 409. Description: Conflict: terminated by other getUpdates request; make sure that only one bot instance is running
"
2026-09-08 09:09:54,055 (__init__.py:1280 MainThread) ERROR - TeleBot: "Threaded polling exception: A request to the Telegram API was unsuccessful. Error code: 409. Description: Conflict: terminated by other getUpdates request; make sure that only one bot instance is running"
2026-09-08 09:09:54,083 (__init__.py:1282 MainThread) ERROR - TeleBot: "Exception traceback:
Traceback (most recent call last):
  File "/root/onyx/venv/lib/python3.12/site-packages/telebot/__init__.py", line 1273, in __threaded_polling
    polling_thread.raise_exceptions()
  File "/root/onyx/venv/lib/python3.12/site-packages/telebot/util.py", line 116, in raise_exceptions
    raise self.exception_info
  File "/root/onyx/venv/lib/python3.12/site-packages/telebot/util.py", line 98, in run
    task(*args, **kwargs)
  File "/root/onyx/venv/lib/python3.12/site-packages/telebot/__init__.py", line 691, in __retrieve_updates
    updates = self.get_updates(offset=(self.last_update_id + 1),
              ^^^^^^^^^^^^^^^^^^^^^^^^^^^^^^^^^^^^^^^^^^^^^^^^^^
  File "/root/onyx/venv/lib/python3.12/site-packages/telebot/__init__.py", line 663, in get_updates
    json_updates = apihelper.get_updates(
                   ^^^^^^^^^^^^^^^^^^^^^^
  File "/root/onyx/venv/lib/python3.12/site-packages/telebot/apihelper.py", line 382, in get_updates
    return _make_request(token, method_url, params=payload)
           ^^^^^^^^^^^^^^^^^^^^^^^^^^^^^^^^^^^^^^^^^^^^^^^^
  File "/root/onyx/venv/lib/python3.12/site-packages/telebot/apihelper.py", line 168, in _make_request
    json_result = _check_result(method_name, result)
                  ^^^^^^^^^^^^^^^^^^^^^^^^^^^^^^^^^^
  File "/root/onyx/venv/lib/python3.12/site-packages/telebot/apihelper.py", line 197, in _check_result
    raise ApiTelegramException(method_name, result, result_json)
telebot.apihelper.ApiTelegramException: A request to the Telegram API was unsuccessful. Error code: 409. Description: Conflict: terminated by other getUpdates request; make sure that only one bot instance is running
"
2026-09-08 09:10:59,513 (__init__.py:1280 MainThread) ERROR - TeleBot: "Threaded polling exception: A request to the Telegram API was unsuccessful. Error code: 409. Description: Conflict: terminated by other getUpdates request; make sure that only one bot instance is running"
2026-09-08 09:10:59,537 (__init__.py:1282 MainThread) ERROR - TeleBot: "Exception traceback:
Traceback (most recent call last):
  File "/root/onyx/venv/lib/python3.12/site-packages/telebot/__init__.py", line 1273, in __threaded_polling
    polling_thread.raise_exceptions()
  File "/root/onyx/venv/lib/python3.12/site-packages/telebot/util.py", line 116, in raise_exceptions
    raise self.exception_info
  File "/root/onyx/venv/lib/python3.12/site-packages/telebot/util.py", line 98, in run
    task(*args, **kwargs)
  File "/root/onyx/venv/lib/python3.12/site-packages/telebot/__init__.py", line 691, in __retrieve_updates
    updates = self.get_updates(offset=(self.last_update_id + 1),
              ^^^^^^^^^^^^^^^^^^^^^^^^^^^^^^^^^^^^^^^^^^^^^^^^^^
  File "/root/onyx/venv/lib/python3.12/site-packages/telebot/__init__.py", line 663, in get_updates
    json_updates = apihelper.get_updates(
                   ^^^^^^^^^^^^^^^^^^^^^^
  File "/root/onyx/venv/lib/python3.12/site-packages/telebot/apihelper.py", line 382, in get_updates
    return _make_request(token, method_url, params=payload)
           ^^^^^^^^^^^^^^^^^^^^^^^^^^^^^^^^^^^^^^^^^^^^^^^^
  File "/root/onyx/venv/lib/python3.12/site-packages/telebot/apihelper.py", line 168, in _make_request
    json_result = _check_result(method_name, result)
                  ^^^^^^^^^^^^^^^^^^^^^^^^^^^^^^^^^^
  File "/root/onyx/venv/lib/python3.12/site-packages/telebot/apihelper.py", line 197, in _check_result
    raise ApiTelegramException(method_name, result, result_json)
telebot.apihelper.ApiTelegramException: A request to the Telegram API was unsuccessful. Error code: 409. Description: Conflict: terminated by other getUpdates request; make sure that only one bot instance is running
"
2026-09-08 09:12:05,040 (__init__.py:1280 MainThread) ERROR - TeleBot: "Threaded polling exception: A request to the Telegram API was unsuccessful. Error code: 409. Description: Conflict: terminated by other getUpdates request; make sure that only one bot instance is running"
2026-09-08 09:12:05,084 (__init__.py:1282 MainThread) ERROR - TeleBot: "Exception traceback:
Traceback (most recent call last):
  File "/root/onyx/venv/lib/python3.12/site-packages/telebot/__init__.py", line 1273, in __threaded_polling
    polling_thread.raise_exceptions()
  File "/root/onyx/venv/lib/python3.12/site-packages/telebot/util.py", line 116, in raise_exceptions
    raise self.exception_info
  File "/root/onyx/venv/lib/python3.12/site-packages/telebot/util.py", line 98, in run
    task(*args, **kwargs)
  File "/root/onyx/venv/lib/python3.12/site-packages/telebot/__init__.py", line 691, in __retrieve_updates
    updates = self.get_updates(offset=(self.last_update_id + 1),
              ^^^^^^^^^^^^^^^^^^^^^^^^^^^^^^^^^^^^^^^^^^^^^^^^^^
  File "/root/onyx/venv/lib/python3.12/site-packages/telebot/__init__.py", line 663, in get_updates
    json_updates = apihelper.get_updates(
                   ^^^^^^^^^^^^^^^^^^^^^^
  File "/root/onyx/venv/lib/python3.12/site-packages/telebot/apihelper.py", line 382, in get_updates
    return _make_request(token, method_url, params=payload)
           ^^^^^^^^^^^^^^^^^^^^^^^^^^^^^^^^^^^^^^^^^^^^^^^^
  File "/root/onyx/venv/lib/python3.12/site-packages/telebot/apihelper.py", line 168, in _make_request
    json_result = _check_result(method_name, result)
                  ^^^^^^^^^^^^^^^^^^^^^^^^^^^^^^^^^^
  File "/root/onyx/venv/lib/python3.12/site-packages/telebot/apihelper.py", line 197, in _check_result
    raise ApiTelegramException(method_name, result, result_json)
telebot.apihelper.ApiTelegramException: A request to the Telegram API was unsuccessful. Error code: 409. Description: Conflict: terminated by other getUpdates request; make sure that only one bot instance is running
"
2026-09-08 09:13:10,395 (__init__.py:1280 MainThread) ERROR - TeleBot: "Threaded polling exception: A request to the Telegram API was unsuccessful. Error code: 409. Description: Conflict: terminated by other getUpdates request; make sure that only one bot instance is running"
2026-09-08 09:13:10,445 (__init__.py:1282 MainThread) ERROR - TeleBot: "Exception traceback:
Traceback (most recent call last):
  File "/root/onyx/venv/lib/python3.12/site-packages/telebot/__init__.py", line 1273, in __threaded_polling
    polling_thread.raise_exceptions()
  File "/root/onyx/venv/lib/python3.12/site-packages/telebot/util.py", line 116, in raise_exceptions
    raise self.exception_info
  File "/root/onyx/venv/lib/python3.12/site-packages/telebot/util.py", line 98, in run
    task(*args, **kwargs)
  File "/root/onyx/venv/lib/python3.12/site-packages/telebot/__init__.py", line 691, in __retrieve_updates
    updates = self.get_updates(offset=(self.last_update_id + 1),
              ^^^^^^^^^^^^^^^^^^^^^^^^^^^^^^^^^^^^^^^^^^^^^^^^^^
  File "/root/onyx/venv/lib/python3.12/site-packages/telebot/__init__.py", line 663, in get_updates
    json_updates = apihelper.get_updates(
                   ^^^^^^^^^^^^^^^^^^^^^^
  File "/root/onyx/venv/lib/python3.12/site-packages/telebot/apihelper.py", line 382, in get_updates
    return _make_request(token, method_url, params=payload)
           ^^^^^^^^^^^^^^^^^^^^^^^^^^^^^^^^^^^^^^^^^^^^^^^^
  File "/root/onyx/venv/lib/python3.12/site-packages/telebot/apihelper.py", line 168, in _make_request
    json_result = _check_result(method_name, result)
                  ^^^^^^^^^^^^^^^^^^^^^^^^^^^^^^^^^^
  File "/root/onyx/venv/lib/python3.12/site-packages/telebot/apihelper.py", line 197, in _check_result
    raise ApiTelegramException(method_name, result, result_json)
telebot.apihelper.ApiTelegramException: A request to the Telegram API was unsuccessful. Error code: 409. Description: Conflict: terminated by other getUpdates request; make sure that only one bot instance is running
"
2026-09-08 09:14:15,565 (__init__.py:1280 MainThread) ERROR - TeleBot: "Threaded polling exception: A request to the Telegram API was unsuccessful. Error code: 409. Description: Conflict: terminated by other getUpdates request; make sure that only one bot instance is running"
2026-09-08 09:14:15,609 (__init__.py:1282 MainThread) ERROR - TeleBot: "Exception traceback:
Traceback (most recent call last):
  File "/root/onyx/venv/lib/python3.12/site-packages/telebot/__init__.py", line 1273, in __threaded_polling
    polling_thread.raise_exceptions()
  File "/root/onyx/venv/lib/python3.12/site-packages/telebot/util.py", line 116, in raise_exceptions
    raise self.exception_info
  File "/root/onyx/venv/lib/python3.12/site-packages/telebot/util.py", line 98, in run
    task(*args, **kwargs)
  File "/root/onyx/venv/lib/python3.12/site-packages/telebot/__init__.py", line 691, in __retrieve_updates
    updates = self.get_updates(offset=(self.last_update_id + 1),
              ^^^^^^^^^^^^^^^^^^^^^^^^^^^^^^^^^^^^^^^^^^^^^^^^^^
  File "/root/onyx/venv/lib/python3.12/site-packages/telebot/__init__.py", line 663, in get_updates
    json_updates = apihelper.get_updates(
                   ^^^^^^^^^^^^^^^^^^^^^^
  File "/root/onyx/venv/lib/python3.12/site-packages/telebot/apihelper.py", line 382, in get_updates
    return _make_request(token, method_url, params=payload)
           ^^^^^^^^^^^^^^^^^^^^^^^^^^^^^^^^^^^^^^^^^^^^^^^^
  File "/root/onyx/venv/lib/python3.12/site-packages/telebot/apihelper.py", line 168, in _make_request
    json_result = _check_result(method_name, result)
                  ^^^^^^^^^^^^^^^^^^^^^^^^^^^^^^^^^^
  File "/root/onyx/venv/lib/python3.12/site-packages/telebot/apihelper.py", line 197, in _check_result
    raise ApiTelegramException(method_name, result, result_json)
telebot.apihelper.ApiTelegramException: A request to the Telegram API was unsuccessful. Error code: 409. Description: Conflict: terminated by other getUpdates request; make sure that only one bot instance is running
"
2026-09-08 09:15:22,740 (__init__.py:1280 MainThread) ERROR - TeleBot: "Threaded polling exception: A request to the Telegram API was unsuccessful. Error code: 409. Description: Conflict: terminated by other getUpdates request; make sure that only one bot instance is running"
2026-09-08 09:15:22,795 (__init__.py:1282 MainThread) ERROR - TeleBot: "Exception traceback:
Traceback (most recent call last):
  File "/root/onyx/venv/lib/python3.12/site-packages/telebot/__init__.py", line 1273, in __threaded_polling
    polling_thread.raise_exceptions()
  File "/root/onyx/venv/lib/python3.12/site-packages/telebot/util.py", line 116, in raise_exceptions
    raise self.exception_info
  File "/root/onyx/venv/lib/python3.12/site-packages/telebot/util.py", line 98, in run
    task(*args, **kwargs)
  File "/root/onyx/venv/lib/python3.12/site-packages/telebot/__init__.py", line 691, in __retrieve_updates
    updates = self.get_updates(offset=(self.last_update_id + 1),
              ^^^^^^^^^^^^^^^^^^^^^^^^^^^^^^^^^^^^^^^^^^^^^^^^^^
  File "/root/onyx/venv/lib/python3.12/site-packages/telebot/__init__.py", line 663, in get_updates
    json_updates = apihelper.get_updates(
                   ^^^^^^^^^^^^^^^^^^^^^^
  File "/root/onyx/venv/lib/python3.12/site-packages/telebot/apihelper.py", line 382, in get_updates
    return _make_request(token, method_url, params=payload)
           ^^^^^^^^^^^^^^^^^^^^^^^^^^^^^^^^^^^^^^^^^^^^^^^^
  File "/root/onyx/venv/lib/python3.12/site-packages/telebot/apihelper.py", line 168, in _make_request
    json_result = _check_result(method_name, result)
                  ^^^^^^^^^^^^^^^^^^^^^^^^^^^^^^^^^^
  File "/root/onyx/venv/lib/python3.12/site-packages/telebot/apihelper.py", line 197, in _check_result
    raise ApiTelegramException(method_name, result, result_json)
telebot.apihelper.ApiTelegramException: A request to the Telegram API was unsuccessful. Error code: 409. Description: Conflict: terminated by other getUpdates request; make sure that only one bot instance is running
"
2026-09-08 09:16:26,860 (__init__.py:1280 MainThread) ERROR - TeleBot: "Threaded polling exception: A request to the Telegram API was unsuccessful. Error code: 409. Description: Conflict: terminated by other getUpdates request; make sure that only one bot instance is running"
2026-09-08 09:16:26,944 (__init__.py:1282 MainThread) ERROR - TeleBot: "Exception traceback:
Traceback (most recent call last):
  File "/root/onyx/venv/lib/python3.12/site-packages/telebot/__init__.py", line 1273, in __threaded_polling
    polling_thread.raise_exceptions()
  File "/root/onyx/venv/lib/python3.12/site-packages/telebot/util.py", line 116, in raise_exceptions
    raise self.exception_info
  File "/root/onyx/venv/lib/python3.12/site-packages/telebot/util.py", line 98, in run
    task(*args, **kwargs)
  File "/root/onyx/venv/lib/python3.12/site-packages/telebot/__init__.py", line 691, in __retrieve_updates
    updates = self.get_updates(offset=(self.last_update_id + 1),
              ^^^^^^^^^^^^^^^^^^^^^^^^^^^^^^^^^^^^^^^^^^^^^^^^^^
  File "/root/onyx/venv/lib/python3.12/site-packages/telebot/__init__.py", line 663, in get_updates
    json_updates = apihelper.get_updates(
                   ^^^^^^^^^^^^^^^^^^^^^^
  File "/root/onyx/venv/lib/python3.12/site-packages/telebot/apihelper.py", line 382, in get_updates
    return _make_request(token, method_url, params=payload)
           ^^^^^^^^^^^^^^^^^^^^^^^^^^^^^^^^^^^^^^^^^^^^^^^^
  File "/root/onyx/venv/lib/python3.12/site-packages/telebot/apihelper.py", line 168, in _make_request
    json_result = _check_result(method_name, result)
                  ^^^^^^^^^^^^^^^^^^^^^^^^^^^^^^^^^^
  File "/root/onyx/venv/lib/python3.12/site-packages/telebot/apihelper.py", line 197, in _check_result
    raise ApiTelegramException(method_name, result, result_json)
telebot.apihelper.ApiTelegramException: A request to the Telegram API was unsuccessful. Error code: 409. Description: Conflict: terminated by other getUpdates request; make sure that only one bot instance is running
"
2026-09-08 09:17:30,335 (__init__.py:1280 MainThread) ERROR - TeleBot: "Threaded polling exception: A request to the Telegram API was unsuccessful. Error code: 409. Description: Conflict: terminated by other getUpdates request; make sure that only one bot instance is running"
2026-09-08 09:17:30,341 (__init__.py:1282 MainThread) ERROR - TeleBot: "Exception traceback:
Traceback (most recent call last):
  File "/root/onyx/venv/lib/python3.12/site-packages/telebot/__init__.py", line 1273, in __threaded_polling
    polling_thread.raise_exceptions()
  File "/root/onyx/venv/lib/python3.12/site-packages/telebot/util.py", line 116, in raise_exceptions
    raise self.exception_info
  File "/root/onyx/venv/lib/python3.12/site-packages/telebot/util.py", line 98, in run
    task(*args, **kwargs)
  File "/root/onyx/venv/lib/python3.12/site-packages/telebot/__init__.py", line 691, in __retrieve_updates
    updates = self.get_updates(offset=(self.last_update_id + 1),
              ^^^^^^^^^^^^^^^^^^^^^^^^^^^^^^^^^^^^^^^^^^^^^^^^^^
  File "/root/onyx/venv/lib/python3.12/site-packages/telebot/__init__.py", line 663, in get_updates
    json_updates = apihelper.get_updates(
                   ^^^^^^^^^^^^^^^^^^^^^^
  File "/root/onyx/venv/lib/python3.12/site-packages/telebot/apihelper.py", line 382, in get_updates
    return _make_request(token, method_url, params=payload)
           ^^^^^^^^^^^^^^^^^^^^^^^^^^^^^^^^^^^^^^^^^^^^^^^^
  File "/root/onyx/venv/lib/python3.12/site-packages/telebot/apihelper.py", line 168, in _make_request
    json_result = _check_result(method_name, result)
                  ^^^^^^^^^^^^^^^^^^^^^^^^^^^^^^^^^^
  File "/root/onyx/venv/lib/python3.12/site-packages/telebot/apihelper.py", line 197, in _check_result
    raise ApiTelegramException(method_name, result, result_json)
telebot.apihelper.ApiTelegramException: A request to the Telegram API was unsuccessful. Error code: 409. Description: Conflict: terminated by other getUpdates request; make sure that only one bot instance is running
"
2026-09-08 09:18:33,630 (__init__.py:1280 MainThread) ERROR - TeleBot: "Threaded polling exception: A request to the Telegram API was unsuccessful. Error code: 409. Description: Conflict: terminated by other getUpdates request; make sure that only one bot instance is running"
2026-09-08 09:18:33,632 (__init__.py:1282 MainThread) ERROR - TeleBot: "Exception traceback:
Traceback (most recent call last):
  File "/root/onyx/venv/lib/python3.12/site-packages/telebot/__init__.py", line 1273, in __threaded_polling
    polling_thread.raise_exceptions()
  File "/root/onyx/venv/lib/python3.12/site-packages/telebot/util.py", line 116, in raise_exceptions
    raise self.exception_info
  File "/root/onyx/venv/lib/python3.12/site-packages/telebot/util.py", line 98, in run
    task(*args, **kwargs)
  File "/root/onyx/venv/lib/python3.12/site-packages/telebot/__init__.py", line 691, in __retrieve_updates
    updates = self.get_updates(offset=(self.last_update_id + 1),
              ^^^^^^^^^^^^^^^^^^^^^^^^^^^^^^^^^^^^^^^^^^^^^^^^^^
  File "/root/onyx/venv/lib/python3.12/site-packages/telebot/__init__.py", line 663, in get_updates
    json_updates = apihelper.get_updates(
                   ^^^^^^^^^^^^^^^^^^^^^^
  File "/root/onyx/venv/lib/python3.12/site-packages/telebot/apihelper.py", line 382, in get_updates
    return _make_request(token, method_url, params=payload)
           ^^^^^^^^^^^^^^^^^^^^^^^^^^^^^^^^^^^^^^^^^^^^^^^^
  File "/root/onyx/venv/lib/python3.12/site-packages/telebot/apihelper.py", line 168, in _make_request
    json_result = _check_result(method_name, result)
                  ^^^^^^^^^^^^^^^^^^^^^^^^^^^^^^^^^^
  File "/root/onyx/venv/lib/python3.12/site-packages/telebot/apihelper.py", line 197, in _check_result
    raise ApiTelegramException(method_name, result, result_json)
telebot.apihelper.ApiTelegramException: A request to the Telegram API was unsuccessful. Error code: 409. Description: Conflict: terminated by other getUpdates request; make sure that only one bot instance is running
"
2026-09-08 09:19:36,921 (__init__.py:1280 MainThread) ERROR - TeleBot: "Threaded polling exception: A request to the Telegram API was unsuccessful. Error code: 409. Description: Conflict: terminated by other getUpdates request; make sure that only one bot instance is running"
2026-09-08 09:19:36,924 (__init__.py:1282 MainThread) ERROR - TeleBot: "Exception traceback:
Traceback (most recent call last):
  File "/root/onyx/venv/lib/python3.12/site-packages/telebot/__init__.py", line 1273, in __threaded_polling
    polling_thread.raise_exceptions()
  File "/root/onyx/venv/lib/python3.12/site-packages/telebot/util.py", line 116, in raise_exceptions
    raise self.exception_info
  File "/root/onyx/venv/lib/python3.12/site-packages/telebot/util.py", line 98, in run
    task(*args, **kwargs)
  File "/root/onyx/venv/lib/python3.12/site-packages/telebot/__init__.py", line 691, in __retrieve_updates
    updates = self.get_updates(offset=(self.last_update_id + 1),
              ^^^^^^^^^^^^^^^^^^^^^^^^^^^^^^^^^^^^^^^^^^^^^^^^^^
  File "/root/onyx/venv/lib/python3.12/site-packages/telebot/__init__.py", line 663, in get_updates
    json_updates = apihelper.get_updates(
                   ^^^^^^^^^^^^^^^^^^^^^^
  File "/root/onyx/venv/lib/python3.12/site-packages/telebot/apihelper.py", line 382, in get_updates
    return _make_request(token, method_url, params=payload)
           ^^^^^^^^^^^^^^^^^^^^^^^^^^^^^^^^^^^^^^^^^^^^^^^^
  File "/root/onyx/venv/lib/python3.12/site-packages/telebot/apihelper.py", line 168, in _make_request
    json_result = _check_result(method_name, result)
                  ^^^^^^^^^^^^^^^^^^^^^^^^^^^^^^^^^^
  File "/root/onyx/venv/lib/python3.12/site-packages/telebot/apihelper.py", line 197, in _check_result
    raise ApiTelegramException(method_name, result, result_json)
telebot.apihelper.ApiTelegramException: A request to the Telegram API was unsuccessful. Error code: 409. Description: Conflict: terminated by other getUpdates request; make sure that only one bot instance is running
"
2026-09-08 09:20:40,252 (__init__.py:1280 MainThread) ERROR - TeleBot: "Threaded polling exception: A request to the Telegram API was unsuccessful. Error code: 409. Description: Conflict: terminated by other getUpdates request; make sure that only one bot instance is running"
2026-09-08 09:20:40,253 (__init__.py:1282 MainThread) ERROR - TeleBot: "Exception traceback:
Traceback (most recent call last):
  File "/root/onyx/venv/lib/python3.12/site-packages/telebot/__init__.py", line 1273, in __threaded_polling
    polling_thread.raise_exceptions()
  File "/root/onyx/venv/lib/python3.12/site-packages/telebot/util.py", line 116, in raise_exceptions
    raise self.exception_info
  File "/root/onyx/venv/lib/python3.12/site-packages/telebot/util.py", line 98, in run
    task(*args, **kwargs)
  File "/root/onyx/venv/lib/python3.12/site-packages/telebot/__init__.py", line 691, in __retrieve_updates
    updates = self.get_updates(offset=(self.last_update_id + 1),
              ^^^^^^^^^^^^^^^^^^^^^^^^^^^^^^^^^^^^^^^^^^^^^^^^^^
  File "/root/onyx/venv/lib/python3.12/site-packages/telebot/__init__.py", line 663, in get_updates
    json_updates = apihelper.get_updates(
                   ^^^^^^^^^^^^^^^^^^^^^^
  File "/root/onyx/venv/lib/python3.12/site-packages/telebot/apihelper.py", line 382, in get_updates
    return _make_request(token, method_url, params=payload)
           ^^^^^^^^^^^^^^^^^^^^^^^^^^^^^^^^^^^^^^^^^^^^^^^^
  File "/root/onyx/venv/lib/python3.12/site-packages/telebot/apihelper.py", line 168, in _make_request
    json_result = _check_result(method_name, result)
                  ^^^^^^^^^^^^^^^^^^^^^^^^^^^^^^^^^^
  File "/root/onyx/venv/lib/python3.12/site-packages/telebot/apihelper.py", line 197, in _check_result
    raise ApiTelegramException(method_name, result, result_json)
telebot.apihelper.ApiTelegramException: A request to the Telegram API was unsuccessful. Error code: 409. Description: Conflict: terminated by other getUpdates request; make sure that only one bot instance is running
"
2026-09-08 09:21:43,541 (__init__.py:1280 MainThread) ERROR - TeleBot: "Threaded polling exception: A request to the Telegram API was unsuccessful. Error code: 409. Description: Conflict: terminated by other getUpdates request; make sure that only one bot instance is running"
2026-09-08 09:21:43,544 (__init__.py:1282 MainThread) ERROR - TeleBot: "Exception traceback:
Traceback (most recent call last):
  File "/root/onyx/venv/lib/python3.12/site-packages/telebot/__init__.py", line 1273, in __threaded_polling
    polling_thread.raise_exceptions()
  File "/root/onyx/venv/lib/python3.12/site-packages/telebot/util.py", line 116, in raise_exceptions
    raise self.exception_info
  File "/root/onyx/venv/lib/python3.12/site-packages/telebot/util.py", line 98, in run
    task(*args, **kwargs)
  File "/root/onyx/venv/lib/python3.12/site-packages/telebot/__init__.py", line 691, in __retrieve_updates
    updates = self.get_updates(offset=(self.last_update_id + 1),
              ^^^^^^^^^^^^^^^^^^^^^^^^^^^^^^^^^^^^^^^^^^^^^^^^^^
  File "/root/onyx/venv/lib/python3.12/site-packages/telebot/__init__.py", line 663, in get_updates
    json_updates = apihelper.get_updates(
                   ^^^^^^^^^^^^^^^^^^^^^^
  File "/root/onyx/venv/lib/python3.12/site-packages/telebot/apihelper.py", line 382, in get_updates
    return _make_request(token, method_url, params=payload)
           ^^^^^^^^^^^^^^^^^^^^^^^^^^^^^^^^^^^^^^^^^^^^^^^^
  File "/root/onyx/venv/lib/python3.12/site-packages/telebot/apihelper.py", line 168, in _make_request
    json_result = _check_result(method_name, result)
                  ^^^^^^^^^^^^^^^^^^^^^^^^^^^^^^^^^^
  File "/root/onyx/venv/lib/python3.12/site-packages/telebot/apihelper.py", line 197, in _check_result
    raise ApiTelegramException(method_name, result, result_json)
telebot.apihelper.ApiTelegramException: A request to the Telegram API was unsuccessful. Error code: 409. Description: Conflict: terminated by other getUpdates request; make sure that only one bot instance is running
"
2026-09-08 09:22:46,828 (__init__.py:1280 MainThread) ERROR - TeleBot: "Threaded polling exception: A request to the Telegram API was unsuccessful. Error code: 409. Description: Conflict: terminated by other getUpdates request; make sure that only one bot instance is running"
2026-09-08 09:22:46,829 (__init__.py:1282 MainThread) ERROR - TeleBot: "Exception traceback:
Traceback (most recent call last):
  File "/root/onyx/venv/lib/python3.12/site-packages/telebot/__init__.py", line 1273, in __threaded_polling
    polling_thread.raise_exceptions()
  File "/root/onyx/venv/lib/python3.12/site-packages/telebot/util.py", line 116, in raise_exceptions
    raise self.exception_info
  File "/root/onyx/venv/lib/python3.12/site-packages/telebot/util.py", line 98, in run
    task(*args, **kwargs)
  File "/root/onyx/venv/lib/python3.12/site-packages/telebot/__init__.py", line 691, in __retrieve_updates
    updates = self.get_updates(offset=(self.last_update_id + 1),
              ^^^^^^^^^^^^^^^^^^^^^^^^^^^^^^^^^^^^^^^^^^^^^^^^^^
  File "/root/onyx/venv/lib/python3.12/site-packages/telebot/__init__.py", line 663, in get_updates
    json_updates = apihelper.get_updates(
                   ^^^^^^^^^^^^^^^^^^^^^^
  File "/root/onyx/venv/lib/python3.12/site-packages/telebot/apihelper.py", line 382, in get_updates
    return _make_request(token, method_url, params=payload)
           ^^^^^^^^^^^^^^^^^^^^^^^^^^^^^^^^^^^^^^^^^^^^^^^^
  File "/root/onyx/venv/lib/python3.12/site-packages/telebot/apihelper.py", line 168, in _make_request
    json_result = _check_result(method_name, result)
                  ^^^^^^^^^^^^^^^^^^^^^^^^^^^^^^^^^^
  File "/root/onyx/venv/lib/python3.12/site-packages/telebot/apihelper.py", line 197, in _check_result
    raise ApiTelegramException(method_name, result, result_json)
telebot.apihelper.ApiTelegramException: A request to the Telegram API was unsuccessful. Error code: 409. Description: Conflict: terminated by other getUpdates request; make sure that only one bot instance is running
"
2026-09-08 09:23:50,114 (__init__.py:1280 MainThread) ERROR - TeleBot: "Threaded polling exception: A request to the Telegram API was unsuccessful. Error code: 409. Description: Conflict: terminated by other getUpdates request; make sure that only one bot instance is running"
2026-09-08 09:23:50,117 (__init__.py:1282 MainThread) ERROR - TeleBot: "Exception traceback:
Traceback (most recent call last):
  File "/root/onyx/venv/lib/python3.12/site-packages/telebot/__init__.py", line 1273, in __threaded_polling
    polling_thread.raise_exceptions()
  File "/root/onyx/venv/lib/python3.12/site-packages/telebot/util.py", line 116, in raise_exceptions
    raise self.exception_info
  File "/root/onyx/venv/lib/python3.12/site-packages/telebot/util.py", line 98, in run
    task(*args, **kwargs)
  File "/root/onyx/venv/lib/python3.12/site-packages/telebot/__init__.py", line 691, in __retrieve_updates
    updates = self.get_updates(offset=(self.last_update_id + 1),
              ^^^^^^^^^^^^^^^^^^^^^^^^^^^^^^^^^^^^^^^^^^^^^^^^^^
  File "/root/onyx/venv/lib/python3.12/site-packages/telebot/__init__.py", line 663, in get_updates
    json_updates = apihelper.get_updates(
                   ^^^^^^^^^^^^^^^^^^^^^^
  File "/root/onyx/venv/lib/python3.12/site-packages/telebot/apihelper.py", line 382, in get_updates
    return _make_request(token, method_url, params=payload)
           ^^^^^^^^^^^^^^^^^^^^^^^^^^^^^^^^^^^^^^^^^^^^^^^^
  File "/root/onyx/venv/lib/python3.12/site-packages/telebot/apihelper.py", line 168, in _make_request
    json_result = _check_result(method_name, result)
                  ^^^^^^^^^^^^^^^^^^^^^^^^^^^^^^^^^^
  File "/root/onyx/venv/lib/python3.12/site-packages/telebot/apihelper.py", line 197, in _check_result
    raise ApiTelegramException(method_name, result, result_json)
telebot.apihelper.ApiTelegramException: A request to the Telegram API was unsuccessful. Error code: 409. Description: Conflict: terminated by other getUpdates request; make sure that only one bot instance is running
"
2026-09-08 09:24:53,413 (__init__.py:1280 MainThread) ERROR - TeleBot: "Threaded polling exception: A request to the Telegram API was unsuccessful. Error code: 409. Description: Conflict: terminated by other getUpdates request; make sure that only one bot instance is running"
2026-09-08 09:24:53,414 (__init__.py:1282 MainThread) ERROR - TeleBot: "Exception traceback:
Traceback (most recent call last):
  File "/root/onyx/venv/lib/python3.12/site-packages/telebot/__init__.py", line 1273, in __threaded_polling
    polling_thread.raise_exceptions()
  File "/root/onyx/venv/lib/python3.12/site-packages/telebot/util.py", line 116, in raise_exceptions
    raise self.exception_info
  File "/root/onyx/venv/lib/python3.12/site-packages/telebot/util.py", line 98, in run
    task(*args, **kwargs)
  File "/root/onyx/venv/lib/python3.12/site-packages/telebot/__init__.py", line 691, in __retrieve_updates
    updates = self.get_updates(offset=(self.last_update_id + 1),
              ^^^^^^^^^^^^^^^^^^^^^^^^^^^^^^^^^^^^^^^^^^^^^^^^^^
  File "/root/onyx/venv/lib/python3.12/site-packages/telebot/__init__.py", line 663, in get_updates
    json_updates = apihelper.get_updates(
                   ^^^^^^^^^^^^^^^^^^^^^^
  File "/root/onyx/venv/lib/python3.12/site-packages/telebot/apihelper.py", line 382, in get_updates
    return _make_request(token, method_url, params=payload)
           ^^^^^^^^^^^^^^^^^^^^^^^^^^^^^^^^^^^^^^^^^^^^^^^^
  File "/root/onyx/venv/lib/python3.12/site-packages/telebot/apihelper.py", line 168, in _make_request
    json_result = _check_result(method_name, result)
                  ^^^^^^^^^^^^^^^^^^^^^^^^^^^^^^^^^^
  File "/root/onyx/venv/lib/python3.12/site-packages/telebot/apihelper.py", line 197, in _check_result
    raise ApiTelegramException(method_name, result, result_json)
telebot.apihelper.ApiTelegramException: A request to the Telegram API was unsuccessful. Error code: 409. Description: Conflict: terminated by other getUpdates request; make sure that only one bot instance is running
"
2026-09-08 09:25:56,806 (__init__.py:1280 MainThread) ERROR - TeleBot: "Threaded polling exception: A request to the Telegram API was unsuccessful. Error code: 409. Description: Conflict: terminated by other getUpdates request; make sure that only one bot instance is running"
2026-09-08 09:25:56,807 (__init__.py:1282 MainThread) ERROR - TeleBot: "Exception traceback:
Traceback (most recent call last):
  File "/root/onyx/venv/lib/python3.12/site-packages/telebot/__init__.py", line 1273, in __threaded_polling
    polling_thread.raise_exceptions()
  File "/root/onyx/venv/lib/python3.12/site-packages/telebot/util.py", line 116, in raise_exceptions
    raise self.exception_info
  File "/root/onyx/venv/lib/python3.12/site-packages/telebot/util.py", line 98, in run
    task(*args, **kwargs)
  File "/root/onyx/venv/lib/python3.12/site-packages/telebot/__init__.py", line 691, in __retrieve_updates
    updates = self.get_updates(offset=(self.last_update_id + 1),
              ^^^^^^^^^^^^^^^^^^^^^^^^^^^^^^^^^^^^^^^^^^^^^^^^^^
  File "/root/onyx/venv/lib/python3.12/site-packages/telebot/__init__.py", line 663, in get_updates
    json_updates = apihelper.get_updates(
                   ^^^^^^^^^^^^^^^^^^^^^^
  File "/root/onyx/venv/lib/python3.12/site-packages/telebot/apihelper.py", line 382, in get_updates
    return _make_request(token, method_url, params=payload)
           ^^^^^^^^^^^^^^^^^^^^^^^^^^^^^^^^^^^^^^^^^^^^^^^^
  File "/root/onyx/venv/lib/python3.12/site-packages/telebot/apihelper.py", line 168, in _make_request
    json_result = _check_result(method_name, result)
                  ^^^^^^^^^^^^^^^^^^^^^^^^^^^^^^^^^^
  File "/root/onyx/venv/lib/python3.12/site-packages/telebot/apihelper.py", line 197, in _check_result
    raise ApiTelegramException(method_name, result, result_json)
telebot.apihelper.ApiTelegramException: A request to the Telegram API was unsuccessful. Error code: 409. Description: Conflict: terminated by other getUpdates request; make sure that only one bot instance is running
"
2026-09-08 09:27:00,184 (__init__.py:1280 MainThread) ERROR - TeleBot: "Threaded polling exception: A request to the Telegram API was unsuccessful. Error code: 409. Description: Conflict: terminated by other getUpdates request; make sure that only one bot instance is running"
2026-09-08 09:27:00,188 (__init__.py:1282 MainThread) ERROR - TeleBot: "Exception traceback:
Traceback (most recent call last):
  File "/root/onyx/venv/lib/python3.12/site-packages/telebot/__init__.py", line 1273, in __threaded_polling
    polling_thread.raise_exceptions()
  File "/root/onyx/venv/lib/python3.12/site-packages/telebot/util.py", line 116, in raise_exceptions
    raise self.exception_info
  File "/root/onyx/venv/lib/python3.12/site-packages/telebot/util.py", line 98, in run
    task(*args, **kwargs)
  File "/root/onyx/venv/lib/python3.12/site-packages/telebot/__init__.py", line 691, in __retrieve_updates
    updates = self.get_updates(offset=(self.last_update_id + 1),
              ^^^^^^^^^^^^^^^^^^^^^^^^^^^^^^^^^^^^^^^^^^^^^^^^^^
  File "/root/onyx/venv/lib/python3.12/site-packages/telebot/__init__.py", line 663, in get_updates
    json_updates = apihelper.get_updates(
                   ^^^^^^^^^^^^^^^^^^^^^^
  File "/root/onyx/venv/lib/python3.12/site-packages/telebot/apihelper.py", line 382, in get_updates
    return _make_request(token, method_url, params=payload)
           ^^^^^^^^^^^^^^^^^^^^^^^^^^^^^^^^^^^^^^^^^^^^^^^^
  File "/root/onyx/venv/lib/python3.12/site-packages/telebot/apihelper.py", line 168, in _make_request
    json_result = _check_result(method_name, result)
                  ^^^^^^^^^^^^^^^^^^^^^^^^^^^^^^^^^^
  File "/root/onyx/venv/lib/python3.12/site-packages/telebot/apihelper.py", line 197, in _check_result
    raise ApiTelegramException(method_name, result, result_json)
telebot.apihelper.ApiTelegramException: A request to the Telegram API was unsuccessful. Error code: 409. Description: Conflict: terminated by other getUpdates request; make sure that only one bot instance is running
"
2026-09-08 09:28:03,479 (__init__.py:1280 MainThread) ERROR - TeleBot: "Threaded polling exception: A request to the Telegram API was unsuccessful. Error code: 409. Description: Conflict: terminated by other getUpdates request; make sure that only one bot instance is running"
2026-09-08 09:28:03,480 (__init__.py:1282 MainThread) ERROR - TeleBot: "Exception traceback:
Traceback (most recent call last):
  File "/root/onyx/venv/lib/python3.12/site-packages/telebot/__init__.py", line 1273, in __threaded_polling
    polling_thread.raise_exceptions()
  File "/root/onyx/venv/lib/python3.12/site-packages/telebot/util.py", line 116, in raise_exceptions
    raise self.exception_info
  File "/root/onyx/venv/lib/python3.12/site-packages/telebot/util.py", line 98, in run
    task(*args, **kwargs)
  File "/root/onyx/venv/lib/python3.12/site-packages/telebot/__init__.py", line 691, in __retrieve_updates
    updates = self.get_updates(offset=(self.last_update_id + 1),
              ^^^^^^^^^^^^^^^^^^^^^^^^^^^^^^^^^^^^^^^^^^^^^^^^^^
  File "/root/onyx/venv/lib/python3.12/site-packages/telebot/__init__.py", line 663, in get_updates
    json_updates = apihelper.get_updates(
                   ^^^^^^^^^^^^^^^^^^^^^^
  File "/root/onyx/venv/lib/python3.12/site-packages/telebot/apihelper.py", line 382, in get_updates
    return _make_request(token, method_url, params=payload)
           ^^^^^^^^^^^^^^^^^^^^^^^^^^^^^^^^^^^^^^^^^^^^^^^^
  File "/root/onyx/venv/lib/python3.12/site-packages/telebot/apihelper.py", line 168, in _make_request
    json_result = _check_result(method_name, result)
                  ^^^^^^^^^^^^^^^^^^^^^^^^^^^^^^^^^^
  File "/root/onyx/venv/lib/python3.12/site-packages/telebot/apihelper.py", line 197, in _check_result
    raise ApiTelegramException(method_name, result, result_json)
telebot.apihelper.ApiTelegramException: A request to the Telegram API was unsuccessful. Error code: 409. Description: Conflict: terminated by other getUpdates request; make sure that only one bot instance is running
"
2026-09-08 09:29:06,765 (__init__.py:1280 MainThread) ERROR - TeleBot: "Threaded polling exception: A request to the Telegram API was unsuccessful. Error code: 409. Description: Conflict: terminated by other getUpdates request; make sure that only one bot instance is running"
2026-09-08 09:29:06,766 (__init__.py:1282 MainThread) ERROR - TeleBot: "Exception traceback:
Traceback (most recent call last):
  File "/root/onyx/venv/lib/python3.12/site-packages/telebot/__init__.py", line 1273, in __threaded_polling
    polling_thread.raise_exceptions()
  File "/root/onyx/venv/lib/python3.12/site-packages/telebot/util.py", line 116, in raise_exceptions
    raise self.exception_info
  File "/root/onyx/venv/lib/python3.12/site-packages/telebot/util.py", line 98, in run
    task(*args, **kwargs)
  File "/root/onyx/venv/lib/python3.12/site-packages/telebot/__init__.py", line 691, in __retrieve_updates
    updates = self.get_updates(offset=(self.last_update_id + 1),
              ^^^^^^^^^^^^^^^^^^^^^^^^^^^^^^^^^^^^^^^^^^^^^^^^^^
  File "/root/onyx/venv/lib/python3.12/site-packages/telebot/__init__.py", line 663, in get_updates
    json_updates = apihelper.get_updates(
                   ^^^^^^^^^^^^^^^^^^^^^^
  File "/root/onyx/venv/lib/python3.12/site-packages/telebot/apihelper.py", line 382, in get_updates
    return _make_request(token, method_url, params=payload)
           ^^^^^^^^^^^^^^^^^^^^^^^^^^^^^^^^^^^^^^^^^^^^^^^^
  File "/root/onyx/venv/lib/python3.12/site-packages/telebot/apihelper.py", line 168, in _make_request
    json_result = _check_result(method_name, result)
                  ^^^^^^^^^^^^^^^^^^^^^^^^^^^^^^^^^^
  File "/root/onyx/venv/lib/python3.12/site-packages/telebot/apihelper.py", line 197, in _check_result
    raise ApiTelegramException(method_name, result, result_json)
telebot.apihelper.ApiTelegramException: A request to the Telegram API was unsuccessful. Error code: 409. Description: Conflict: terminated by other getUpdates request; make sure that only one bot instance is running
"
2026-09-08 09:30:10,052 (__init__.py:1280 MainThread) ERROR - TeleBot: "Threaded polling exception: A request to the Telegram API was unsuccessful. Error code: 409. Description: Conflict: terminated by other getUpdates request; make sure that only one bot instance is running"
2026-09-08 09:30:10,057 (__init__.py:1282 MainThread) ERROR - TeleBot: "Exception traceback:
Traceback (most recent call last):
  File "/root/onyx/venv/lib/python3.12/site-packages/telebot/__init__.py", line 1273, in __threaded_polling
    polling_thread.raise_exceptions()
  File "/root/onyx/venv/lib/python3.12/site-packages/telebot/util.py", line 116, in raise_exceptions
    raise self.exception_info
  File "/root/onyx/venv/lib/python3.12/site-packages/telebot/util.py", line 98, in run
    task(*args, **kwargs)
  File "/root/onyx/venv/lib/python3.12/site-packages/telebot/__init__.py", line 691, in __retrieve_updates
    updates = self.get_updates(offset=(self.last_update_id + 1),
              ^^^^^^^^^^^^^^^^^^^^^^^^^^^^^^^^^^^^^^^^^^^^^^^^^^
  File "/root/onyx/venv/lib/python3.12/site-packages/telebot/__init__.py", line 663, in get_updates
    json_updates = apihelper.get_updates(
                   ^^^^^^^^^^^^^^^^^^^^^^
  File "/root/onyx/venv/lib/python3.12/site-packages/telebot/apihelper.py", line 382, in get_updates
    return _make_request(token, method_url, params=payload)
           ^^^^^^^^^^^^^^^^^^^^^^^^^^^^^^^^^^^^^^^^^^^^^^^^
  File "/root/onyx/venv/lib/python3.12/site-packages/telebot/apihelper.py", line 168, in _make_request
    json_result = _check_result(method_name, result)
                  ^^^^^^^^^^^^^^^^^^^^^^^^^^^^^^^^^^
  File "/root/onyx/venv/lib/python3.12/site-packages/telebot/apihelper.py", line 197, in _check_result
    raise ApiTelegramException(method_name, result, result_json)
telebot.apihelper.ApiTelegramException: A request to the Telegram API was unsuccessful. Error code: 409. Description: Conflict: terminated by other getUpdates request; make sure that only one bot instance is running
"
2026-09-08 09:31:13,342 (__init__.py:1280 MainThread) ERROR - TeleBot: "Threaded polling exception: A request to the Telegram API was unsuccessful. Error code: 409. Description: Conflict: terminated by other getUpdates request; make sure that only one bot instance is running"
2026-09-08 09:31:13,344 (__init__.py:1282 MainThread) ERROR - TeleBot: "Exception traceback:
Traceback (most recent call last):
  File "/root/onyx/venv/lib/python3.12/site-packages/telebot/__init__.py", line 1273, in __threaded_polling
    polling_thread.raise_exceptions()
  File "/root/onyx/venv/lib/python3.12/site-packages/telebot/util.py", line 116, in raise_exceptions
    raise self.exception_info
  File "/root/onyx/venv/lib/python3.12/site-packages/telebot/util.py", line 98, in run
    task(*args, **kwargs)
  File "/root/onyx/venv/lib/python3.12/site-packages/telebot/__init__.py", line 691, in __retrieve_updates
    updates = self.get_updates(offset=(self.last_update_id + 1),
              ^^^^^^^^^^^^^^^^^^^^^^^^^^^^^^^^^^^^^^^^^^^^^^^^^^
  File "/root/onyx/venv/lib/python3.12/site-packages/telebot/__init__.py", line 663, in get_updates
    json_updates = apihelper.get_updates(
                   ^^^^^^^^^^^^^^^^^^^^^^
  File "/root/onyx/venv/lib/python3.12/site-packages/telebot/apihelper.py", line 382, in get_updates
    return _make_request(token, method_url, params=payload)
           ^^^^^^^^^^^^^^^^^^^^^^^^^^^^^^^^^^^^^^^^^^^^^^^^
  File "/root/onyx/venv/lib/python3.12/site-packages/telebot/apihelper.py", line 168, in _make_request
    json_result = _check_result(method_name, result)
                  ^^^^^^^^^^^^^^^^^^^^^^^^^^^^^^^^^^
  File "/root/onyx/venv/lib/python3.12/site-packages/telebot/apihelper.py", line 197, in _check_result
    raise ApiTelegramException(method_name, result, result_json)
telebot.apihelper.ApiTelegramException: A request to the Telegram API was unsuccessful. Error code: 409. Description: Conflict: terminated by other getUpdates request; make sure that only one bot instance is running
"
2026-09-08 09:32:16,631 (__init__.py:1280 MainThread) ERROR - TeleBot: "Threaded polling exception: A request to the Telegram API was unsuccessful. Error code: 409. Description: Conflict: terminated by other getUpdates request; make sure that only one bot instance is running"
2026-09-08 09:32:16,633 (__init__.py:1282 MainThread) ERROR - TeleBot: "Exception traceback:
Traceback (most recent call last):
  File "/root/onyx/venv/lib/python3.12/site-packages/telebot/__init__.py", line 1273, in __threaded_polling
    polling_thread.raise_exceptions()
  File "/root/onyx/venv/lib/python3.12/site-packages/telebot/util.py", line 116, in raise_exceptions
    raise self.exception_info
  File "/root/onyx/venv/lib/python3.12/site-packages/telebot/util.py", line 98, in run
    task(*args, **kwargs)
  File "/root/onyx/venv/lib/python3.12/site-packages/telebot/__init__.py", line 691, in __retrieve_updates
    updates = self.get_updates(offset=(self.last_update_id + 1),
              ^^^^^^^^^^^^^^^^^^^^^^^^^^^^^^^^^^^^^^^^^^^^^^^^^^
  File "/root/onyx/venv/lib/python3.12/site-packages/telebot/__init__.py", line 663, in get_updates
    json_updates = apihelper.get_updates(
                   ^^^^^^^^^^^^^^^^^^^^^^
  File "/root/onyx/venv/lib/python3.12/site-packages/telebot/apihelper.py", line 382, in get_updates
    return _make_request(token, method_url, params=payload)
           ^^^^^^^^^^^^^^^^^^^^^^^^^^^^^^^^^^^^^^^^^^^^^^^^
  File "/root/onyx/venv/lib/python3.12/site-packages/telebot/apihelper.py", line 168, in _make_request
    json_result = _check_result(method_name, result)
                  ^^^^^^^^^^^^^^^^^^^^^^^^^^^^^^^^^^
  File "/root/onyx/venv/lib/python3.12/site-packages/telebot/apihelper.py", line 197, in _check_result
    raise ApiTelegramException(method_name, result, result_json)
telebot.apihelper.ApiTelegramException: A request to the Telegram API was unsuccessful. Error code: 409. Description: Conflict: terminated by other getUpdates request; make sure that only one bot instance is running
"
2026-09-08 09:33:19,914 (__init__.py:1280 MainThread) ERROR - TeleBot: "Threaded polling exception: A request to the Telegram API was unsuccessful. Error code: 409. Description: Conflict: terminated by other getUpdates request; make sure that only one bot instance is running"
2026-09-08 09:33:19,915 (__init__.py:1282 MainThread) ERROR - TeleBot: "Exception traceback:
Traceback (most recent call last):
  File "/root/onyx/venv/lib/python3.12/site-packages/telebot/__init__.py", line 1273, in __threaded_polling
    polling_thread.raise_exceptions()
  File "/root/onyx/venv/lib/python3.12/site-packages/telebot/util.py", line 116, in raise_exceptions
    raise self.exception_info
  File "/root/onyx/venv/lib/python3.12/site-packages/telebot/util.py", line 98, in run
    task(*args, **kwargs)
  File "/root/onyx/venv/lib/python3.12/site-packages/telebot/__init__.py", line 691, in __retrieve_updates
    updates = self.get_updates(offset=(self.last_update_id + 1),
              ^^^^^^^^^^^^^^^^^^^^^^^^^^^^^^^^^^^^^^^^^^^^^^^^^^
  File "/root/onyx/venv/lib/python3.12/site-packages/telebot/__init__.py", line 663, in get_updates
    json_updates = apihelper.get_updates(
                   ^^^^^^^^^^^^^^^^^^^^^^
  File "/root/onyx/venv/lib/python3.12/site-packages/telebot/apihelper.py", line 382, in get_updates
    return _make_request(token, method_url, params=payload)
           ^^^^^^^^^^^^^^^^^^^^^^^^^^^^^^^^^^^^^^^^^^^^^^^^
  File "/root/onyx/venv/lib/python3.12/site-packages/telebot/apihelper.py", line 168, in _make_request
    json_result = _check_result(method_name, result)
                  ^^^^^^^^^^^^^^^^^^^^^^^^^^^^^^^^^^
  File "/root/onyx/venv/lib/python3.12/site-packages/telebot/apihelper.py", line 197, in _check_result
    raise ApiTelegramException(method_name, result, result_json)
telebot.apihelper.ApiTelegramException: A request to the Telegram API was unsuccessful. Error code: 409. Description: Conflict: terminated by other getUpdates request; make sure that only one bot instance is running
"
2026-09-08 09:34:23,200 (__init__.py:1280 MainThread) ERROR - TeleBot: "Threaded polling exception: A request to the Telegram API was unsuccessful. Error code: 409. Description: Conflict: terminated by other getUpdates request; make sure that only one bot instance is running"
2026-09-08 09:34:23,201 (__init__.py:1282 MainThread) ERROR - TeleBot: "Exception traceback:
Traceback (most recent call last):
  File "/root/onyx/venv/lib/python3.12/site-packages/telebot/__init__.py", line 1273, in __threaded_polling
    polling_thread.raise_exceptions()
  File "/root/onyx/venv/lib/python3.12/site-packages/telebot/util.py", line 116, in raise_exceptions
    raise self.exception_info
  File "/root/onyx/venv/lib/python3.12/site-packages/telebot/util.py", line 98, in run
    task(*args, **kwargs)
  File "/root/onyx/venv/lib/python3.12/site-packages/telebot/__init__.py", line 691, in __retrieve_updates
    updates = self.get_updates(offset=(self.last_update_id + 1),
              ^^^^^^^^^^^^^^^^^^^^^^^^^^^^^^^^^^^^^^^^^^^^^^^^^^
  File "/root/onyx/venv/lib/python3.12/site-packages/telebot/__init__.py", line 663, in get_updates
    json_updates = apihelper.get_updates(
                   ^^^^^^^^^^^^^^^^^^^^^^
  File "/root/onyx/venv/lib/python3.12/site-packages/telebot/apihelper.py", line 382, in get_updates
    return _make_request(token, method_url, params=payload)
           ^^^^^^^^^^^^^^^^^^^^^^^^^^^^^^^^^^^^^^^^^^^^^^^^
  File "/root/onyx/venv/lib/python3.12/site-packages/telebot/apihelper.py", line 168, in _make_request
    json_result = _check_result(method_name, result)
                  ^^^^^^^^^^^^^^^^^^^^^^^^^^^^^^^^^^
  File "/root/onyx/venv/lib/python3.12/site-packages/telebot/apihelper.py", line 197, in _check_result
    raise ApiTelegramException(method_name, result, result_json)
telebot.apihelper.ApiTelegramException: A request to the Telegram API was unsuccessful. Error code: 409. Description: Conflict: terminated by other getUpdates request; make sure that only one bot instance is running
"
2026-09-08 09:35:26,484 (__init__.py:1280 MainThread) ERROR - TeleBot: "Threaded polling exception: A request to the Telegram API was unsuccessful. Error code: 409. Description: Conflict: terminated by other getUpdates request; make sure that only one bot instance is running"
2026-09-08 09:35:26,485 (__init__.py:1282 MainThread) ERROR - TeleBot: "Exception traceback:
Traceback (most recent call last):
  File "/root/onyx/venv/lib/python3.12/site-packages/telebot/__init__.py", line 1273, in __threaded_polling
    polling_thread.raise_exceptions()
  File "/root/onyx/venv/lib/python3.12/site-packages/telebot/util.py", line 116, in raise_exceptions
    raise self.exception_info
  File "/root/onyx/venv/lib/python3.12/site-packages/telebot/util.py", line 98, in run
    task(*args, **kwargs)
  File "/root/onyx/venv/lib/python3.12/site-packages/telebot/__init__.py", line 691, in __retrieve_updates
    updates = self.get_updates(offset=(self.last_update_id + 1),
              ^^^^^^^^^^^^^^^^^^^^^^^^^^^^^^^^^^^^^^^^^^^^^^^^^^
  File "/root/onyx/venv/lib/python3.12/site-packages/telebot/__init__.py", line 663, in get_updates
    json_updates = apihelper.get_updates(
                   ^^^^^^^^^^^^^^^^^^^^^^
  File "/root/onyx/venv/lib/python3.12/site-packages/telebot/apihelper.py", line 382, in get_updates
    return _make_request(token, method_url, params=payload)
           ^^^^^^^^^^^^^^^^^^^^^^^^^^^^^^^^^^^^^^^^^^^^^^^^
  File "/root/onyx/venv/lib/python3.12/site-packages/telebot/apihelper.py", line 168, in _make_request
    json_result = _check_result(method_name, result)
                  ^^^^^^^^^^^^^^^^^^^^^^^^^^^^^^^^^^
  File "/root/onyx/venv/lib/python3.12/site-packages/telebot/apihelper.py", line 197, in _check_result
    raise ApiTelegramException(method_name, result, result_json)
telebot.apihelper.ApiTelegramException: A request to the Telegram API was unsuccessful. Error code: 409. Description: Conflict: terminated by other getUpdates request; make sure that only one bot instance is running
"
2026-09-08 09:36:29,859 (__init__.py:1280 MainThread) ERROR - TeleBot: "Threaded polling exception: A request to the Telegram API was unsuccessful. Error code: 409. Description: Conflict: terminated by other getUpdates request; make sure that only one bot instance is running"
2026-09-08 09:36:29,860 (__init__.py:1282 MainThread) ERROR - TeleBot: "Exception traceback:
Traceback (most recent call last):
  File "/root/onyx/venv/lib/python3.12/site-packages/telebot/__init__.py", line 1273, in __threaded_polling
    polling_thread.raise_exceptions()
  File "/root/onyx/venv/lib/python3.12/site-packages/telebot/util.py", line 116, in raise_exceptions
    raise self.exception_info
  File "/root/onyx/venv/lib/python3.12/site-packages/telebot/util.py", line 98, in run
    task(*args, **kwargs)
  File "/root/onyx/venv/lib/python3.12/site-packages/telebot/__init__.py", line 691, in __retrieve_updates
    updates = self.get_updates(offset=(self.last_update_id + 1),
              ^^^^^^^^^^^^^^^^^^^^^^^^^^^^^^^^^^^^^^^^^^^^^^^^^^
  File "/root/onyx/venv/lib/python3.12/site-packages/telebot/__init__.py", line 663, in get_updates
    json_updates = apihelper.get_updates(
                   ^^^^^^^^^^^^^^^^^^^^^^
  File "/root/onyx/venv/lib/python3.12/site-packages/telebot/apihelper.py", line 382, in get_updates
    return _make_request(token, method_url, params=payload)
           ^^^^^^^^^^^^^^^^^^^^^^^^^^^^^^^^^^^^^^^^^^^^^^^^
  File "/root/onyx/venv/lib/python3.12/site-packages/telebot/apihelper.py", line 168, in _make_request
    json_result = _check_result(method_name, result)
                  ^^^^^^^^^^^^^^^^^^^^^^^^^^^^^^^^^^
  File "/root/onyx/venv/lib/python3.12/site-packages/telebot/apihelper.py", line 197, in _check_result
    raise ApiTelegramException(method_name, result, result_json)
telebot.apihelper.ApiTelegramException: A request to the Telegram API was unsuccessful. Error code: 409. Description: Conflict: terminated by other getUpdates request; make sure that only one bot instance is running
"
2026-09-08 09:37:33,145 (__init__.py:1280 MainThread) ERROR - TeleBot: "Threaded polling exception: A request to the Telegram API was unsuccessful. Error code: 409. Description: Conflict: terminated by other getUpdates request; make sure that only one bot instance is running"
2026-09-08 09:37:33,147 (__init__.py:1282 MainThread) ERROR - TeleBot: "Exception traceback:
Traceback (most recent call last):
  File "/root/onyx/venv/lib/python3.12/site-packages/telebot/__init__.py", line 1273, in __threaded_polling
    polling_thread.raise_exceptions()
  File "/root/onyx/venv/lib/python3.12/site-packages/telebot/util.py", line 116, in raise_exceptions
    raise self.exception_info
  File "/root/onyx/venv/lib/python3.12/site-packages/telebot/util.py", line 98, in run
    task(*args, **kwargs)
  File "/root/onyx/venv/lib/python3.12/site-packages/telebot/__init__.py", line 691, in __retrieve_updates
    updates = self.get_updates(offset=(self.last_update_id + 1),
              ^^^^^^^^^^^^^^^^^^^^^^^^^^^^^^^^^^^^^^^^^^^^^^^^^^
  File "/root/onyx/venv/lib/python3.12/site-packages/telebot/__init__.py", line 663, in get_updates
    json_updates = apihelper.get_updates(
                   ^^^^^^^^^^^^^^^^^^^^^^
  File "/root/onyx/venv/lib/python3.12/site-packages/telebot/apihelper.py", line 382, in get_updates
    return _make_request(token, method_url, params=payload)
           ^^^^^^^^^^^^^^^^^^^^^^^^^^^^^^^^^^^^^^^^^^^^^^^^
  File "/root/onyx/venv/lib/python3.12/site-packages/telebot/apihelper.py", line 168, in _make_request
    json_result = _check_result(method_name, result)
                  ^^^^^^^^^^^^^^^^^^^^^^^^^^^^^^^^^^
  File "/root/onyx/venv/lib/python3.12/site-packages/telebot/apihelper.py", line 197, in _check_result
    raise ApiTelegramException(method_name, result, result_json)
telebot.apihelper.ApiTelegramException: A request to the Telegram API was unsuccessful. Error code: 409. Description: Conflict: terminated by other getUpdates request; make sure that only one bot instance is running
"
2026-09-08 09:38:36,429 (__init__.py:1280 MainThread) ERROR - TeleBot: "Threaded polling exception: A request to the Telegram API was unsuccessful. Error code: 409. Description: Conflict: terminated by other getUpdates request; make sure that only one bot instance is running"
2026-09-08 09:38:36,430 (__init__.py:1282 MainThread) ERROR - TeleBot: "Exception traceback:
Traceback (most recent call last):
  File "/root/onyx/venv/lib/python3.12/site-packages/telebot/__init__.py", line 1273, in __threaded_polling
    polling_thread.raise_exceptions()
  File "/root/onyx/venv/lib/python3.12/site-packages/telebot/util.py", line 116, in raise_exceptions
    raise self.exception_info
  File "/root/onyx/venv/lib/python3.12/site-packages/telebot/util.py", line 98, in run
    task(*args, **kwargs)
  File "/root/onyx/venv/lib/python3.12/site-packages/telebot/__init__.py", line 691, in __retrieve_updates
    updates = self.get_updates(offset=(self.last_update_id + 1),
              ^^^^^^^^^^^^^^^^^^^^^^^^^^^^^^^^^^^^^^^^^^^^^^^^^^
  File "/root/onyx/venv/lib/python3.12/site-packages/telebot/__init__.py", line 663, in get_updates
    json_updates = apihelper.get_updates(
                   ^^^^^^^^^^^^^^^^^^^^^^
  File "/root/onyx/venv/lib/python3.12/site-packages/telebot/apihelper.py", line 382, in get_updates
    return _make_request(token, method_url, params=payload)
           ^^^^^^^^^^^^^^^^^^^^^^^^^^^^^^^^^^^^^^^^^^^^^^^^
  File "/root/onyx/venv/lib/python3.12/site-packages/telebot/apihelper.py", line 168, in _make_request
    json_result = _check_result(method_name, result)
                  ^^^^^^^^^^^^^^^^^^^^^^^^^^^^^^^^^^
  File "/root/onyx/venv/lib/python3.12/site-packages/telebot/apihelper.py", line 197, in _check_result
    raise ApiTelegramException(method_name, result, result_json)
telebot.apihelper.ApiTelegramException: A request to the Telegram API was unsuccessful. Error code: 409. Description: Conflict: terminated by other getUpdates request; make sure that only one bot instance is running
"
2026-09-08 09:39:39,711 (__init__.py:1280 MainThread) ERROR - TeleBot: "Threaded polling exception: A request to the Telegram API was unsuccessful. Error code: 409. Description: Conflict: terminated by other getUpdates request; make sure that only one bot instance is running"
2026-09-08 09:39:39,716 (__init__.py:1282 MainThread) ERROR - TeleBot: "Exception traceback:
Traceback (most recent call last):
  File "/root/onyx/venv/lib/python3.12/site-packages/telebot/__init__.py", line 1273, in __threaded_polling
    polling_thread.raise_exceptions()
  File "/root/onyx/venv/lib/python3.12/site-packages/telebot/util.py", line 116, in raise_exceptions
    raise self.exception_info
  File "/root/onyx/venv/lib/python3.12/site-packages/telebot/util.py", line 98, in run
    task(*args, **kwargs)
  File "/root/onyx/venv/lib/python3.12/site-packages/telebot/__init__.py", line 691, in __retrieve_updates
    updates = self.get_updates(offset=(self.last_update_id + 1),
              ^^^^^^^^^^^^^^^^^^^^^^^^^^^^^^^^^^^^^^^^^^^^^^^^^^
  File "/root/onyx/venv/lib/python3.12/site-packages/telebot/__init__.py", line 663, in get_updates
    json_updates = apihelper.get_updates(
                   ^^^^^^^^^^^^^^^^^^^^^^
  File "/root/onyx/venv/lib/python3.12/site-packages/telebot/apihelper.py", line 382, in get_updates
    return _make_request(token, method_url, params=payload)
           ^^^^^^^^^^^^^^^^^^^^^^^^^^^^^^^^^^^^^^^^^^^^^^^^
  File "/root/onyx/venv/lib/python3.12/site-packages/telebot/apihelper.py", line 168, in _make_request
    json_result = _check_result(method_name, result)
                  ^^^^^^^^^^^^^^^^^^^^^^^^^^^^^^^^^^
  File "/root/onyx/venv/lib/python3.12/site-packages/telebot/apihelper.py", line 197, in _check_result
    raise ApiTelegramException(method_name, result, result_json)
telebot.apihelper.ApiTelegramException: A request to the Telegram API was unsuccessful. Error code: 409. Description: Conflict: terminated by other getUpdates request; make sure that only one bot instance is running
"
2026-09-08 09:40:42,995 (__init__.py:1280 MainThread) ERROR - TeleBot: "Threaded polling exception: A request to the Telegram API was unsuccessful. Error code: 409. Description: Conflict: terminated by other getUpdates request; make sure that only one bot instance is running"
2026-09-08 09:40:42,997 (__init__.py:1282 MainThread) ERROR - TeleBot: "Exception traceback:
Traceback (most recent call last):
  File "/root/onyx/venv/lib/python3.12/site-packages/telebot/__init__.py", line 1273, in __threaded_polling
    polling_thread.raise_exceptions()
  File "/root/onyx/venv/lib/python3.12/site-packages/telebot/util.py", line 116, in raise_exceptions
    raise self.exception_info
  File "/root/onyx/venv/lib/python3.12/site-packages/telebot/util.py", line 98, in run
    task(*args, **kwargs)
  File "/root/onyx/venv/lib/python3.12/site-packages/telebot/__init__.py", line 691, in __retrieve_updates
    updates = self.get_updates(offset=(self.last_update_id + 1),
              ^^^^^^^^^^^^^^^^^^^^^^^^^^^^^^^^^^^^^^^^^^^^^^^^^^
  File "/root/onyx/venv/lib/python3.12/site-packages/telebot/__init__.py", line 663, in get_updates
    json_updates = apihelper.get_updates(
                   ^^^^^^^^^^^^^^^^^^^^^^
  File "/root/onyx/venv/lib/python3.12/site-packages/telebot/apihelper.py", line 382, in get_updates
    return _make_request(token, method_url, params=payload)
           ^^^^^^^^^^^^^^^^^^^^^^^^^^^^^^^^^^^^^^^^^^^^^^^^
  File "/root/onyx/venv/lib/python3.12/site-packages/telebot/apihelper.py", line 168, in _make_request
    json_result = _check_result(method_name, result)
                  ^^^^^^^^^^^^^^^^^^^^^^^^^^^^^^^^^^
  File "/root/onyx/venv/lib/python3.12/site-packages/telebot/apihelper.py", line 197, in _check_result
    raise ApiTelegramException(method_name, result, result_json)
telebot.apihelper.ApiTelegramException: A request to the Telegram API was unsuccessful. Error code: 409. Description: Conflict: terminated by other getUpdates request; make sure that only one bot instance is running
"
2026-09-08 09:41:46,277 (__init__.py:1280 MainThread) ERROR - TeleBot: "Threaded polling exception: A request to the Telegram API was unsuccessful. Error code: 409. Description: Conflict: terminated by other getUpdates request; make sure that only one bot instance is running"
2026-09-08 09:41:46,279 (__init__.py:1282 MainThread) ERROR - TeleBot: "Exception traceback:
Traceback (most recent call last):
  File "/root/onyx/venv/lib/python3.12/site-packages/telebot/__init__.py", line 1273, in __threaded_polling
    polling_thread.raise_exceptions()
  File "/root/onyx/venv/lib/python3.12/site-packages/telebot/util.py", line 116, in raise_exceptions
    raise self.exception_info
  File "/root/onyx/venv/lib/python3.12/site-packages/telebot/util.py", line 98, in run
    task(*args, **kwargs)
  File "/root/onyx/venv/lib/python3.12/site-packages/telebot/__init__.py", line 691, in __retrieve_updates
    updates = self.get_updates(offset=(self.last_update_id + 1),
              ^^^^^^^^^^^^^^^^^^^^^^^^^^^^^^^^^^^^^^^^^^^^^^^^^^
  File "/root/onyx/venv/lib/python3.12/site-packages/telebot/__init__.py", line 663, in get_updates
    json_updates = apihelper.get_updates(
                   ^^^^^^^^^^^^^^^^^^^^^^
  File "/root/onyx/venv/lib/python3.12/site-packages/telebot/apihelper.py", line 382, in get_updates
    return _make_request(token, method_url, params=payload)
           ^^^^^^^^^^^^^^^^^^^^^^^^^^^^^^^^^^^^^^^^^^^^^^^^
  File "/root/onyx/venv/lib/python3.12/site-packages/telebot/apihelper.py", line 168, in _make_request
    json_result = _check_result(method_name, result)
                  ^^^^^^^^^^^^^^^^^^^^^^^^^^^^^^^^^^
  File "/root/onyx/venv/lib/python3.12/site-packages/telebot/apihelper.py", line 197, in _check_result
    raise ApiTelegramException(method_name, result, result_json)
telebot.apihelper.ApiTelegramException: A request to the Telegram API was unsuccessful. Error code: 409. Description: Conflict: terminated by other getUpdates request; make sure that only one bot instance is running
"
2026-09-08 09:42:49,560 (__init__.py:1280 MainThread) ERROR - TeleBot: "Threaded polling exception: A request to the Telegram API was unsuccessful. Error code: 409. Description: Conflict: terminated by other getUpdates request; make sure that only one bot instance is running"
2026-09-08 09:42:49,566 (__init__.py:1282 MainThread) ERROR - TeleBot: "Exception traceback:
Traceback (most recent call last):
  File "/root/onyx/venv/lib/python3.12/site-packages/telebot/__init__.py", line 1273, in __threaded_polling
    polling_thread.raise_exceptions()
  File "/root/onyx/venv/lib/python3.12/site-packages/telebot/util.py", line 116, in raise_exceptions
    raise self.exception_info
  File "/root/onyx/venv/lib/python3.12/site-packages/telebot/util.py", line 98, in run
    task(*args, **kwargs)
  File "/root/onyx/venv/lib/python3.12/site-packages/telebot/__init__.py", line 691, in __retrieve_updates
    updates = self.get_updates(offset=(self.last_update_id + 1),
              ^^^^^^^^^^^^^^^^^^^^^^^^^^^^^^^^^^^^^^^^^^^^^^^^^^
  File "/root/onyx/venv/lib/python3.12/site-packages/telebot/__init__.py", line 663, in get_updates
    json_updates = apihelper.get_updates(
                   ^^^^^^^^^^^^^^^^^^^^^^
  File "/root/onyx/venv/lib/python3.12/site-packages/telebot/apihelper.py", line 382, in get_updates
    return _make_request(token, method_url, params=payload)
           ^^^^^^^^^^^^^^^^^^^^^^^^^^^^^^^^^^^^^^^^^^^^^^^^
  File "/root/onyx/venv/lib/python3.12/site-packages/telebot/apihelper.py", line 168, in _make_request
    json_result = _check_result(method_name, result)
                  ^^^^^^^^^^^^^^^^^^^^^^^^^^^^^^^^^^
  File "/root/onyx/venv/lib/python3.12/site-packages/telebot/apihelper.py", line 197, in _check_result
    raise ApiTelegramException(method_name, result, result_json)
telebot.apihelper.ApiTelegramException: A request to the Telegram API was unsuccessful. Error code: 409. Description: Conflict: terminated by other getUpdates request; make sure that only one bot instance is running
"
2026-09-08 09:43:52,847 (__init__.py:1280 MainThread) ERROR - TeleBot: "Threaded polling exception: A request to the Telegram API was unsuccessful. Error code: 409. Description: Conflict: terminated by other getUpdates request; make sure that only one bot instance is running"
2026-09-08 09:43:52,848 (__init__.py:1282 MainThread) ERROR - TeleBot: "Exception traceback:
Traceback (most recent call last):
  File "/root/onyx/venv/lib/python3.12/site-packages/telebot/__init__.py", line 1273, in __threaded_polling
    polling_thread.raise_exceptions()
  File "/root/onyx/venv/lib/python3.12/site-packages/telebot/util.py", line 116, in raise_exceptions
    raise self.exception_info
  File "/root/onyx/venv/lib/python3.12/site-packages/telebot/util.py", line 98, in run
    task(*args, **kwargs)
  File "/root/onyx/venv/lib/python3.12/site-packages/telebot/__init__.py", line 691, in __retrieve_updates
    updates = self.get_updates(offset=(self.last_update_id + 1),
              ^^^^^^^^^^^^^^^^^^^^^^^^^^^^^^^^^^^^^^^^^^^^^^^^^^
  File "/root/onyx/venv/lib/python3.12/site-packages/telebot/__init__.py", line 663, in get_updates
    json_updates = apihelper.get_updates(
                   ^^^^^^^^^^^^^^^^^^^^^^
  File "/root/onyx/venv/lib/python3.12/site-packages/telebot/apihelper.py", line 382, in get_updates
    return _make_request(token, method_url, params=payload)
           ^^^^^^^^^^^^^^^^^^^^^^^^^^^^^^^^^^^^^^^^^^^^^^^^
  File "/root/onyx/venv/lib/python3.12/site-packages/telebot/apihelper.py", line 168, in _make_request
    json_result = _check_result(method_name, result)
                  ^^^^^^^^^^^^^^^^^^^^^^^^^^^^^^^^^^
  File "/root/onyx/venv/lib/python3.12/site-packages/telebot/apihelper.py", line 197, in _check_result
    raise ApiTelegramException(method_name, result, result_json)
telebot.apihelper.ApiTelegramException: A request to the Telegram API was unsuccessful. Error code: 409. Description: Conflict: terminated by other getUpdates request; make sure that only one bot instance is running
"
2026-09-08 09:44:56,126 (__init__.py:1280 MainThread) ERROR - TeleBot: "Threaded polling exception: A request to the Telegram API was unsuccessful. Error code: 409. Description: Conflict: terminated by other getUpdates request; make sure that only one bot instance is running"
2026-09-08 09:44:56,127 (__init__.py:1282 MainThread) ERROR - TeleBot: "Exception traceback:
Traceback (most recent call last):
  File "/root/onyx/venv/lib/python3.12/site-packages/telebot/__init__.py", line 1273, in __threaded_polling
    polling_thread.raise_exceptions()
  File "/root/onyx/venv/lib/python3.12/site-packages/telebot/util.py", line 116, in raise_exceptions
    raise self.exception_info
  File "/root/onyx/venv/lib/python3.12/site-packages/telebot/util.py", line 98, in run
    task(*args, **kwargs)
  File "/root/onyx/venv/lib/python3.12/site-packages/telebot/__init__.py", line 691, in __retrieve_updates
    updates = self.get_updates(offset=(self.last_update_id + 1),
              ^^^^^^^^^^^^^^^^^^^^^^^^^^^^^^^^^^^^^^^^^^^^^^^^^^
  File "/root/onyx/venv/lib/python3.12/site-packages/telebot/__init__.py", line 663, in get_updates
    json_updates = apihelper.get_updates(
                   ^^^^^^^^^^^^^^^^^^^^^^
  File "/root/onyx/venv/lib/python3.12/site-packages/telebot/apihelper.py", line 382, in get_updates
    return _make_request(token, method_url, params=payload)
           ^^^^^^^^^^^^^^^^^^^^^^^^^^^^^^^^^^^^^^^^^^^^^^^^
  File "/root/onyx/venv/lib/python3.12/site-packages/telebot/apihelper.py", line 168, in _make_request
    json_result = _check_result(method_name, result)
                  ^^^^^^^^^^^^^^^^^^^^^^^^^^^^^^^^^^
  File "/root/onyx/venv/lib/python3.12/site-packages/telebot/apihelper.py", line 197, in _check_result
    raise ApiTelegramException(method_name, result, result_json)
telebot.apihelper.ApiTelegramException: A request to the Telegram API was unsuccessful. Error code: 409. Description: Conflict: terminated by other getUpdates request; make sure that only one bot instance is running
"
2026-09-08 09:45:59,405 (__init__.py:1280 MainThread) ERROR - TeleBot: "Threaded polling exception: A request to the Telegram API was unsuccessful. Error code: 409. Description: Conflict: terminated by other getUpdates request; make sure that only one bot instance is running"
2026-09-08 09:45:59,406 (__init__.py:1282 MainThread) ERROR - TeleBot: "Exception traceback:
Traceback (most recent call last):
  File "/root/onyx/venv/lib/python3.12/site-packages/telebot/__init__.py", line 1273, in __threaded_polling
    polling_thread.raise_exceptions()
  File "/root/onyx/venv/lib/python3.12/site-packages/telebot/util.py", line 116, in raise_exceptions
    raise self.exception_info
  File "/root/onyx/venv/lib/python3.12/site-packages/telebot/util.py", line 98, in run
    task(*args, **kwargs)
  File "/root/onyx/venv/lib/python3.12/site-packages/telebot/__init__.py", line 691, in __retrieve_updates
    updates = self.get_updates(offset=(self.last_update_id + 1),
              ^^^^^^^^^^^^^^^^^^^^^^^^^^^^^^^^^^^^^^^^^^^^^^^^^^
  File "/root/onyx/venv/lib/python3.12/site-packages/telebot/__init__.py", line 663, in get_updates
    json_updates = apihelper.get_updates(
                   ^^^^^^^^^^^^^^^^^^^^^^
  File "/root/onyx/venv/lib/python3.12/site-packages/telebot/apihelper.py", line 382, in get_updates
    return _make_request(token, method_url, params=payload)
           ^^^^^^^^^^^^^^^^^^^^^^^^^^^^^^^^^^^^^^^^^^^^^^^^
  File "/root/onyx/venv/lib/python3.12/site-packages/telebot/apihelper.py", line 168, in _make_request
    json_result = _check_result(method_name, result)
                  ^^^^^^^^^^^^^^^^^^^^^^^^^^^^^^^^^^
  File "/root/onyx/venv/lib/python3.12/site-packages/telebot/apihelper.py", line 197, in _check_result
    raise ApiTelegramException(method_name, result, result_json)
telebot.apihelper.ApiTelegramException: A request to the Telegram API was unsuccessful. Error code: 409. Description: Conflict: terminated by other getUpdates request; make sure that only one bot instance is running
"
2026-09-08 09:47:02,855 (__init__.py:1280 MainThread) ERROR - TeleBot: "Threaded polling exception: A request to the Telegram API was unsuccessful. Error code: 409. Description: Conflict: terminated by other getUpdates request; make sure that only one bot instance is running"
2026-09-08 09:47:02,857 (__init__.py:1282 MainThread) ERROR - TeleBot: "Exception traceback:
Traceback (most recent call last):
  File "/root/onyx/venv/lib/python3.12/site-packages/telebot/__init__.py", line 1273, in __threaded_polling
    polling_thread.raise_exceptions()
  File "/root/onyx/venv/lib/python3.12/site-packages/telebot/util.py", line 116, in raise_exceptions
    raise self.exception_info
  File "/root/onyx/venv/lib/python3.12/site-packages/telebot/util.py", line 98, in run
    task(*args, **kwargs)
  File "/root/onyx/venv/lib/python3.12/site-packages/telebot/__init__.py", line 691, in __retrieve_updates
    updates = self.get_updates(offset=(self.last_update_id + 1),
              ^^^^^^^^^^^^^^^^^^^^^^^^^^^^^^^^^^^^^^^^^^^^^^^^^^
  File "/root/onyx/venv/lib/python3.12/site-packages/telebot/__init__.py", line 663, in get_updates
    json_updates = apihelper.get_updates(
                   ^^^^^^^^^^^^^^^^^^^^^^
  File "/root/onyx/venv/lib/python3.12/site-packages/telebot/apihelper.py", line 382, in get_updates
    return _make_request(token, method_url, params=payload)
           ^^^^^^^^^^^^^^^^^^^^^^^^^^^^^^^^^^^^^^^^^^^^^^^^
  File "/root/onyx/venv/lib/python3.12/site-packages/telebot/apihelper.py", line 168, in _make_request
    json_result = _check_result(method_name, result)
                  ^^^^^^^^^^^^^^^^^^^^^^^^^^^^^^^^^^
  File "/root/onyx/venv/lib/python3.12/site-packages/telebot/apihelper.py", line 197, in _check_result
    raise ApiTelegramException(method_name, result, result_json)
telebot.apihelper.ApiTelegramException: A request to the Telegram API was unsuccessful. Error code: 409. Description: Conflict: terminated by other getUpdates request; make sure that only one bot instance is running
"
2026-09-08 09:48:06,147 (__init__.py:1280 MainThread) ERROR - TeleBot: "Threaded polling exception: A request to the Telegram API was unsuccessful. Error code: 409. Description: Conflict: terminated by other getUpdates request; make sure that only one bot instance is running"
2026-09-08 09:48:06,152 (__init__.py:1282 MainThread) ERROR - TeleBot: "Exception traceback:
Traceback (most recent call last):
  File "/root/onyx/venv/lib/python3.12/site-packages/telebot/__init__.py", line 1273, in __threaded_polling
    polling_thread.raise_exceptions()
  File "/root/onyx/venv/lib/python3.12/site-packages/telebot/util.py", line 116, in raise_exceptions
    raise self.exception_info
  File "/root/onyx/venv/lib/python3.12/site-packages/telebot/util.py", line 98, in run
    task(*args, **kwargs)
  File "/root/onyx/venv/lib/python3.12/site-packages/telebot/__init__.py", line 691, in __retrieve_updates
    updates = self.get_updates(offset=(self.last_update_id + 1),
              ^^^^^^^^^^^^^^^^^^^^^^^^^^^^^^^^^^^^^^^^^^^^^^^^^^
  File "/root/onyx/venv/lib/python3.12/site-packages/telebot/__init__.py", line 663, in get_updates
    json_updates = apihelper.get_updates(
                   ^^^^^^^^^^^^^^^^^^^^^^
  File "/root/onyx/venv/lib/python3.12/site-packages/telebot/apihelper.py", line 382, in get_updates
    return _make_request(token, method_url, params=payload)
           ^^^^^^^^^^^^^^^^^^^^^^^^^^^^^^^^^^^^^^^^^^^^^^^^
  File "/root/onyx/venv/lib/python3.12/site-packages/telebot/apihelper.py", line 168, in _make_request
    json_result = _check_result(method_name, result)
                  ^^^^^^^^^^^^^^^^^^^^^^^^^^^^^^^^^^
  File "/root/onyx/venv/lib/python3.12/site-packages/telebot/apihelper.py", line 197, in _check_result
    raise ApiTelegramException(method_name, result, result_json)
telebot.apihelper.ApiTelegramException: A request to the Telegram API was unsuccessful. Error code: 409. Description: Conflict: terminated by other getUpdates request; make sure that only one bot instance is running
"
2026-09-08 09:49:09,428 (__init__.py:1280 MainThread) ERROR - TeleBot: "Threaded polling exception: A request to the Telegram API was unsuccessful. Error code: 409. Description: Conflict: terminated by other getUpdates request; make sure that only one bot instance is running"
2026-09-08 09:49:09,429 (__init__.py:1282 MainThread) ERROR - TeleBot: "Exception traceback:
Traceback (most recent call last):
  File "/root/onyx/venv/lib/python3.12/site-packages/telebot/__init__.py", line 1273, in __threaded_polling
    polling_thread.raise_exceptions()
  File "/root/onyx/venv/lib/python3.12/site-packages/telebot/util.py", line 116, in raise_exceptions
    raise self.exception_info
  File "/root/onyx/venv/lib/python3.12/site-packages/telebot/util.py", line 98, in run
    task(*args, **kwargs)
  File "/root/onyx/venv/lib/python3.12/site-packages/telebot/__init__.py", line 691, in __retrieve_updates
    updates = self.get_updates(offset=(self.last_update_id + 1),
              ^^^^^^^^^^^^^^^^^^^^^^^^^^^^^^^^^^^^^^^^^^^^^^^^^^
  File "/root/onyx/venv/lib/python3.12/site-packages/telebot/__init__.py", line 663, in get_updates
    json_updates = apihelper.get_updates(
                   ^^^^^^^^^^^^^^^^^^^^^^
  File "/root/onyx/venv/lib/python3.12/site-packages/telebot/apihelper.py", line 382, in get_updates
    return _make_request(token, method_url, params=payload)
           ^^^^^^^^^^^^^^^^^^^^^^^^^^^^^^^^^^^^^^^^^^^^^^^^
  File "/root/onyx/venv/lib/python3.12/site-packages/telebot/apihelper.py", line 168, in _make_request
    json_result = _check_result(method_name, result)
                  ^^^^^^^^^^^^^^^^^^^^^^^^^^^^^^^^^^
  File "/root/onyx/venv/lib/python3.12/site-packages/telebot/apihelper.py", line 197, in _check_result
    raise ApiTelegramException(method_name, result, result_json)
telebot.apihelper.ApiTelegramException: A request to the Telegram API was unsuccessful. Error code: 409. Description: Conflict: terminated by other getUpdates request; make sure that only one bot instance is running
"
2026-09-08 09:50:12,706 (__init__.py:1280 MainThread) ERROR - TeleBot: "Threaded polling exception: A request to the Telegram API was unsuccessful. Error code: 409. Description: Conflict: terminated by other getUpdates request; make sure that only one bot instance is running"
2026-09-08 09:50:12,708 (__init__.py:1282 MainThread) ERROR - TeleBot: "Exception traceback:
Traceback (most recent call last):
  File "/root/onyx/venv/lib/python3.12/site-packages/telebot/__init__.py", line 1273, in __threaded_polling
    polling_thread.raise_exceptions()
  File "/root/onyx/venv/lib/python3.12/site-packages/telebot/util.py", line 116, in raise_exceptions
    raise self.exception_info
  File "/root/onyx/venv/lib/python3.12/site-packages/telebot/util.py", line 98, in run
    task(*args, **kwargs)
  File "/root/onyx/venv/lib/python3.12/site-packages/telebot/__init__.py", line 691, in __retrieve_updates
    updates = self.get_updates(offset=(self.last_update_id + 1),
              ^^^^^^^^^^^^^^^^^^^^^^^^^^^^^^^^^^^^^^^^^^^^^^^^^^
  File "/root/onyx/venv/lib/python3.12/site-packages/telebot/__init__.py", line 663, in get_updates
    json_updates = apihelper.get_updates(
                   ^^^^^^^^^^^^^^^^^^^^^^
  File "/root/onyx/venv/lib/python3.12/site-packages/telebot/apihelper.py", line 382, in get_updates
    return _make_request(token, method_url, params=payload)
           ^^^^^^^^^^^^^^^^^^^^^^^^^^^^^^^^^^^^^^^^^^^^^^^^
  File "/root/onyx/venv/lib/python3.12/site-packages/telebot/apihelper.py", line 168, in _make_request
    json_result = _check_result(method_name, result)
                  ^^^^^^^^^^^^^^^^^^^^^^^^^^^^^^^^^^
  File "/root/onyx/venv/lib/python3.12/site-packages/telebot/apihelper.py", line 197, in _check_result
    raise ApiTelegramException(method_name, result, result_json)
telebot.apihelper.ApiTelegramException: A request to the Telegram API was unsuccessful. Error code: 409. Description: Conflict: terminated by other getUpdates request; make sure that only one bot instance is running
"
2026-09-08 09:51:15,985 (__init__.py:1280 MainThread) ERROR - TeleBot: "Threaded polling exception: A request to the Telegram API was unsuccessful. Error code: 409. Description: Conflict: terminated by other getUpdates request; make sure that only one bot instance is running"
2026-09-08 09:51:15,986 (__init__.py:1282 MainThread) ERROR - TeleBot: "Exception traceback:
Traceback (most recent call last):
  File "/root/onyx/venv/lib/python3.12/site-packages/telebot/__init__.py", line 1273, in __threaded_polling
    polling_thread.raise_exceptions()
  File "/root/onyx/venv/lib/python3.12/site-packages/telebot/util.py", line 116, in raise_exceptions
    raise self.exception_info
  File "/root/onyx/venv/lib/python3.12/site-packages/telebot/util.py", line 98, in run
    task(*args, **kwargs)
  File "/root/onyx/venv/lib/python3.12/site-packages/telebot/__init__.py", line 691, in __retrieve_updates
    updates = self.get_updates(offset=(self.last_update_id + 1),
              ^^^^^^^^^^^^^^^^^^^^^^^^^^^^^^^^^^^^^^^^^^^^^^^^^^
  File "/root/onyx/venv/lib/python3.12/site-packages/telebot/__init__.py", line 663, in get_updates
    json_updates = apihelper.get_updates(
                   ^^^^^^^^^^^^^^^^^^^^^^
  File "/root/onyx/venv/lib/python3.12/site-packages/telebot/apihelper.py", line 382, in get_updates
    return _make_request(token, method_url, params=payload)
           ^^^^^^^^^^^^^^^^^^^^^^^^^^^^^^^^^^^^^^^^^^^^^^^^
  File "/root/onyx/venv/lib/python3.12/site-packages/telebot/apihelper.py", line 168, in _make_request
    json_result = _check_result(method_name, result)
                  ^^^^^^^^^^^^^^^^^^^^^^^^^^^^^^^^^^
  File "/root/onyx/venv/lib/python3.12/site-packages/telebot/apihelper.py", line 197, in _check_result
    raise ApiTelegramException(method_name, result, result_json)
telebot.apihelper.ApiTelegramException: A request to the Telegram API was unsuccessful. Error code: 409. Description: Conflict: terminated by other getUpdates request; make sure that only one bot instance is running
"
2026-09-08 09:52:19,259 (__init__.py:1280 MainThread) ERROR - TeleBot: "Threaded polling exception: A request to the Telegram API was unsuccessful. Error code: 409. Description: Conflict: terminated by other getUpdates request; make sure that only one bot instance is running"
2026-09-08 09:52:19,260 (__init__.py:1282 MainThread) ERROR - TeleBot: "Exception traceback:
Traceback (most recent call last):
  File "/root/onyx/venv/lib/python3.12/site-packages/telebot/__init__.py", line 1273, in __threaded_polling
    polling_thread.raise_exceptions()
  File "/root/onyx/venv/lib/python3.12/site-packages/telebot/util.py", line 116, in raise_exceptions
    raise self.exception_info
  File "/root/onyx/venv/lib/python3.12/site-packages/telebot/util.py", line 98, in run
    task(*args, **kwargs)
  File "/root/onyx/venv/lib/python3.12/site-packages/telebot/__init__.py", line 691, in __retrieve_updates
    updates = self.get_updates(offset=(self.last_update_id + 1),
              ^^^^^^^^^^^^^^^^^^^^^^^^^^^^^^^^^^^^^^^^^^^^^^^^^^
  File "/root/onyx/venv/lib/python3.12/site-packages/telebot/__init__.py", line 663, in get_updates
    json_updates = apihelper.get_updates(
                   ^^^^^^^^^^^^^^^^^^^^^^
  File "/root/onyx/venv/lib/python3.12/site-packages/telebot/apihelper.py", line 382, in get_updates
    return _make_request(token, method_url, params=payload)
           ^^^^^^^^^^^^^^^^^^^^^^^^^^^^^^^^^^^^^^^^^^^^^^^^
  File "/root/onyx/venv/lib/python3.12/site-packages/telebot/apihelper.py", line 168, in _make_request
    json_result = _check_result(method_name, result)
                  ^^^^^^^^^^^^^^^^^^^^^^^^^^^^^^^^^^
  File "/root/onyx/venv/lib/python3.12/site-packages/telebot/apihelper.py", line 197, in _check_result
    raise ApiTelegramException(method_name, result, result_json)
telebot.apihelper.ApiTelegramException: A request to the Telegram API was unsuccessful. Error code: 409. Description: Conflict: terminated by other getUpdates request; make sure that only one bot instance is running
"
2026-09-08 09:53:22,536 (__init__.py:1280 MainThread) ERROR - TeleBot: "Threaded polling exception: A request to the Telegram API was unsuccessful. Error code: 409. Description: Conflict: terminated by other getUpdates request; make sure that only one bot instance is running"
2026-09-08 09:53:22,539 (__init__.py:1282 MainThread) ERROR - TeleBot: "Exception traceback:
Traceback (most recent call last):
  File "/root/onyx/venv/lib/python3.12/site-packages/telebot/__init__.py", line 1273, in __threaded_polling
    polling_thread.raise_exceptions()
  File "/root/onyx/venv/lib/python3.12/site-packages/telebot/util.py", line 116, in raise_exceptions
    raise self.exception_info
  File "/root/onyx/venv/lib/python3.12/site-packages/telebot/util.py", line 98, in run
    task(*args, **kwargs)
  File "/root/onyx/venv/lib/python3.12/site-packages/telebot/__init__.py", line 691, in __retrieve_updates
    updates = self.get_updates(offset=(self.last_update_id + 1),
              ^^^^^^^^^^^^^^^^^^^^^^^^^^^^^^^^^^^^^^^^^^^^^^^^^^
  File "/root/onyx/venv/lib/python3.12/site-packages/telebot/__init__.py", line 663, in get_updates
    json_updates = apihelper.get_updates(
                   ^^^^^^^^^^^^^^^^^^^^^^
  File "/root/onyx/venv/lib/python3.12/site-packages/telebot/apihelper.py", line 382, in get_updates
    return _make_request(token, method_url, params=payload)
           ^^^^^^^^^^^^^^^^^^^^^^^^^^^^^^^^^^^^^^^^^^^^^^^^
  File "/root/onyx/venv/lib/python3.12/site-packages/telebot/apihelper.py", line 168, in _make_request
    json_result = _check_result(method_name, result)
                  ^^^^^^^^^^^^^^^^^^^^^^^^^^^^^^^^^^
  File "/root/onyx/venv/lib/python3.12/site-packages/telebot/apihelper.py", line 197, in _check_result
    raise ApiTelegramException(method_name, result, result_json)
telebot.apihelper.ApiTelegramException: A request to the Telegram API was unsuccessful. Error code: 409. Description: Conflict: terminated by other getUpdates request; make sure that only one bot instance is running
"
2026-09-08 09:54:25,814 (__init__.py:1280 MainThread) ERROR - TeleBot: "Threaded polling exception: A request to the Telegram API was unsuccessful. Error code: 409. Description: Conflict: terminated by other getUpdates request; make sure that only one bot instance is running"
2026-09-08 09:54:25,815 (__init__.py:1282 MainThread) ERROR - TeleBot: "Exception traceback:
Traceback (most recent call last):
  File "/root/onyx/venv/lib/python3.12/site-packages/telebot/__init__.py", line 1273, in __threaded_polling
    polling_thread.raise_exceptions()
  File "/root/onyx/venv/lib/python3.12/site-packages/telebot/util.py", line 116, in raise_exceptions
    raise self.exception_info
  File "/root/onyx/venv/lib/python3.12/site-packages/telebot/util.py", line 98, in run
    task(*args, **kwargs)
  File "/root/onyx/venv/lib/python3.12/site-packages/telebot/__init__.py", line 691, in __retrieve_updates
    updates = self.get_updates(offset=(self.last_update_id + 1),
              ^^^^^^^^^^^^^^^^^^^^^^^^^^^^^^^^^^^^^^^^^^^^^^^^^^
  File "/root/onyx/venv/lib/python3.12/site-packages/telebot/__init__.py", line 663, in get_updates
    json_updates = apihelper.get_updates(
                   ^^^^^^^^^^^^^^^^^^^^^^
  File "/root/onyx/venv/lib/python3.12/site-packages/telebot/apihelper.py", line 382, in get_updates
    return _make_request(token, method_url, params=payload)
           ^^^^^^^^^^^^^^^^^^^^^^^^^^^^^^^^^^^^^^^^^^^^^^^^
  File "/root/onyx/venv/lib/python3.12/site-packages/telebot/apihelper.py", line 168, in _make_request
    json_result = _check_result(method_name, result)
                  ^^^^^^^^^^^^^^^^^^^^^^^^^^^^^^^^^^
  File "/root/onyx/venv/lib/python3.12/site-packages/telebot/apihelper.py", line 197, in _check_result
    raise ApiTelegramException(method_name, result, result_json)
telebot.apihelper.ApiTelegramException: A request to the Telegram API was unsuccessful. Error code: 409. Description: Conflict: terminated by other getUpdates request; make sure that only one bot instance is running
"
2026-09-08 09:55:29,092 (__init__.py:1280 MainThread) ERROR - TeleBot: "Threaded polling exception: A request to the Telegram API was unsuccessful. Error code: 409. Description: Conflict: terminated by other getUpdates request; make sure that only one bot instance is running"
2026-09-08 09:55:29,093 (__init__.py:1282 MainThread) ERROR - TeleBot: "Exception traceback:
Traceback (most recent call last):
  File "/root/onyx/venv/lib/python3.12/site-packages/telebot/__init__.py", line 1273, in __threaded_polling
    polling_thread.raise_exceptions()
  File "/root/onyx/venv/lib/python3.12/site-packages/telebot/util.py", line 116, in raise_exceptions
    raise self.exception_info
  File "/root/onyx/venv/lib/python3.12/site-packages/telebot/util.py", line 98, in run
    task(*args, **kwargs)
  File "/root/onyx/venv/lib/python3.12/site-packages/telebot/__init__.py", line 691, in __retrieve_updates
    updates = self.get_updates(offset=(self.last_update_id + 1),
              ^^^^^^^^^^^^^^^^^^^^^^^^^^^^^^^^^^^^^^^^^^^^^^^^^^
  File "/root/onyx/venv/lib/python3.12/site-packages/telebot/__init__.py", line 663, in get_updates
    json_updates = apihelper.get_updates(
                   ^^^^^^^^^^^^^^^^^^^^^^
  File "/root/onyx/venv/lib/python3.12/site-packages/telebot/apihelper.py", line 382, in get_updates
    return _make_request(token, method_url, params=payload)
           ^^^^^^^^^^^^^^^^^^^^^^^^^^^^^^^^^^^^^^^^^^^^^^^^
  File "/root/onyx/venv/lib/python3.12/site-packages/telebot/apihelper.py", line 168, in _make_request
    json_result = _check_result(method_name, result)
                  ^^^^^^^^^^^^^^^^^^^^^^^^^^^^^^^^^^
  File "/root/onyx/venv/lib/python3.12/site-packages/telebot/apihelper.py", line 197, in _check_result
    raise ApiTelegramException(method_name, result, result_json)
telebot.apihelper.ApiTelegramException: A request to the Telegram API was unsuccessful. Error code: 409. Description: Conflict: terminated by other getUpdates request; make sure that only one bot instance is running
"
2026-09-08 09:56:32,369 (__init__.py:1280 MainThread) ERROR - TeleBot: "Threaded polling exception: A request to the Telegram API was unsuccessful. Error code: 409. Description: Conflict: terminated by other getUpdates request; make sure that only one bot instance is running"
2026-09-08 09:56:32,370 (__init__.py:1282 MainThread) ERROR - TeleBot: "Exception traceback:
Traceback (most recent call last):
  File "/root/onyx/venv/lib/python3.12/site-packages/telebot/__init__.py", line 1273, in __threaded_polling
    polling_thread.raise_exceptions()
  File "/root/onyx/venv/lib/python3.12/site-packages/telebot/util.py", line 116, in raise_exceptions
    raise self.exception_info
  File "/root/onyx/venv/lib/python3.12/site-packages/telebot/util.py", line 98, in run
    task(*args, **kwargs)
  File "/root/onyx/venv/lib/python3.12/site-packages/telebot/__init__.py", line 691, in __retrieve_updates
    updates = self.get_updates(offset=(self.last_update_id + 1),
              ^^^^^^^^^^^^^^^^^^^^^^^^^^^^^^^^^^^^^^^^^^^^^^^^^^
  File "/root/onyx/venv/lib/python3.12/site-packages/telebot/__init__.py", line 663, in get_updates
    json_updates = apihelper.get_updates(
                   ^^^^^^^^^^^^^^^^^^^^^^
  File "/root/onyx/venv/lib/python3.12/site-packages/telebot/apihelper.py", line 382, in get_updates
    return _make_request(token, method_url, params=payload)
           ^^^^^^^^^^^^^^^^^^^^^^^^^^^^^^^^^^^^^^^^^^^^^^^^
  File "/root/onyx/venv/lib/python3.12/site-packages/telebot/apihelper.py", line 168, in _make_request
    json_result = _check_result(method_name, result)
                  ^^^^^^^^^^^^^^^^^^^^^^^^^^^^^^^^^^
  File "/root/onyx/venv/lib/python3.12/site-packages/telebot/apihelper.py", line 197, in _check_result
    raise ApiTelegramException(method_name, result, result_json)
telebot.apihelper.ApiTelegramException: A request to the Telegram API was unsuccessful. Error code: 409. Description: Conflict: terminated by other getUpdates request; make sure that only one bot instance is running
"
2026-09-08 09:57:35,716 (__init__.py:1280 MainThread) ERROR - TeleBot: "Threaded polling exception: A request to the Telegram API was unsuccessful. Error code: 409. Description: Conflict: terminated by other getUpdates request; make sure that only one bot instance is running"
2026-09-08 09:57:35,717 (__init__.py:1282 MainThread) ERROR - TeleBot: "Exception traceback:
Traceback (most recent call last):
  File "/root/onyx/venv/lib/python3.12/site-packages/telebot/__init__.py", line 1273, in __threaded_polling
    polling_thread.raise_exceptions()
  File "/root/onyx/venv/lib/python3.12/site-packages/telebot/util.py", line 116, in raise_exceptions
    raise self.exception_info
  File "/root/onyx/venv/lib/python3.12/site-packages/telebot/util.py", line 98, in run
    task(*args, **kwargs)
  File "/root/onyx/venv/lib/python3.12/site-packages/telebot/__init__.py", line 691, in __retrieve_updates
    updates = self.get_updates(offset=(self.last_update_id + 1),
              ^^^^^^^^^^^^^^^^^^^^^^^^^^^^^^^^^^^^^^^^^^^^^^^^^^
  File "/root/onyx/venv/lib/python3.12/site-packages/telebot/__init__.py", line 663, in get_updates
    json_updates = apihelper.get_updates(
                   ^^^^^^^^^^^^^^^^^^^^^^
  File "/root/onyx/venv/lib/python3.12/site-packages/telebot/apihelper.py", line 382, in get_updates
    return _make_request(token, method_url, params=payload)
           ^^^^^^^^^^^^^^^^^^^^^^^^^^^^^^^^^^^^^^^^^^^^^^^^
  File "/root/onyx/venv/lib/python3.12/site-packages/telebot/apihelper.py", line 168, in _make_request
    json_result = _check_result(method_name, result)
                  ^^^^^^^^^^^^^^^^^^^^^^^^^^^^^^^^^^
  File "/root/onyx/venv/lib/python3.12/site-packages/telebot/apihelper.py", line 197, in _check_result
    raise ApiTelegramException(method_name, result, result_json)
telebot.apihelper.ApiTelegramException: A request to the Telegram API was unsuccessful. Error code: 409. Description: Conflict: terminated by other getUpdates request; make sure that only one bot instance is running
"
2026-09-08 09:58:39,016 (__init__.py:1280 MainThread) ERROR - TeleBot: "Threaded polling exception: A request to the Telegram API was unsuccessful. Error code: 409. Description: Conflict: terminated by other getUpdates request; make sure that only one bot instance is running"
2026-09-08 09:58:39,018 (__init__.py:1282 MainThread) ERROR - TeleBot: "Exception traceback:
Traceback (most recent call last):
  File "/root/onyx/venv/lib/python3.12/site-packages/telebot/__init__.py", line 1273, in __threaded_polling
    polling_thread.raise_exceptions()
  File "/root/onyx/venv/lib/python3.12/site-packages/telebot/util.py", line 116, in raise_exceptions
    raise self.exception_info
  File "/root/onyx/venv/lib/python3.12/site-packages/telebot/util.py", line 98, in run
    task(*args, **kwargs)
  File "/root/onyx/venv/lib/python3.12/site-packages/telebot/__init__.py", line 691, in __retrieve_updates
    updates = self.get_updates(offset=(self.last_update_id + 1),
              ^^^^^^^^^^^^^^^^^^^^^^^^^^^^^^^^^^^^^^^^^^^^^^^^^^
  File "/root/onyx/venv/lib/python3.12/site-packages/telebot/__init__.py", line 663, in get_updates
    json_updates = apihelper.get_updates(
                   ^^^^^^^^^^^^^^^^^^^^^^
  File "/root/onyx/venv/lib/python3.12/site-packages/telebot/apihelper.py", line 382, in get_updates
    return _make_request(token, method_url, params=payload)
           ^^^^^^^^^^^^^^^^^^^^^^^^^^^^^^^^^^^^^^^^^^^^^^^^
  File "/root/onyx/venv/lib/python3.12/site-packages/telebot/apihelper.py", line 168, in _make_request
    json_result = _check_result(method_name, result)
                  ^^^^^^^^^^^^^^^^^^^^^^^^^^^^^^^^^^
  File "/root/onyx/venv/lib/python3.12/site-packages/telebot/apihelper.py", line 197, in _check_result
    raise ApiTelegramException(method_name, result, result_json)
telebot.apihelper.ApiTelegramException: A request to the Telegram API was unsuccessful. Error code: 409. Description: Conflict: terminated by other getUpdates request; make sure that only one bot instance is running
"
2026-09-08 09:59:42,300 (__init__.py:1280 MainThread) ERROR - TeleBot: "Threaded polling exception: A request to the Telegram API was unsuccessful. Error code: 409. Description: Conflict: terminated by other getUpdates request; make sure that only one bot instance is running"
2026-09-08 09:59:42,301 (__init__.py:1282 MainThread) ERROR - TeleBot: "Exception traceback:
Traceback (most recent call last):
  File "/root/onyx/venv/lib/python3.12/site-packages/telebot/__init__.py", line 1273, in __threaded_polling
    polling_thread.raise_exceptions()
  File "/root/onyx/venv/lib/python3.12/site-packages/telebot/util.py", line 116, in raise_exceptions
    raise self.exception_info
  File "/root/onyx/venv/lib/python3.12/site-packages/telebot/util.py", line 98, in run
    task(*args, **kwargs)
  File "/root/onyx/venv/lib/python3.12/site-packages/telebot/__init__.py", line 691, in __retrieve_updates
    updates = self.get_updates(offset=(self.last_update_id + 1),
              ^^^^^^^^^^^^^^^^^^^^^^^^^^^^^^^^^^^^^^^^^^^^^^^^^^
  File "/root/onyx/venv/lib/python3.12/site-packages/telebot/__init__.py", line 663, in get_updates
    json_updates = apihelper.get_updates(
                   ^^^^^^^^^^^^^^^^^^^^^^
  File "/root/onyx/venv/lib/python3.12/site-packages/telebot/apihelper.py", line 382, in get_updates
    return _make_request(token, method_url, params=payload)
           ^^^^^^^^^^^^^^^^^^^^^^^^^^^^^^^^^^^^^^^^^^^^^^^^
  File "/root/onyx/venv/lib/python3.12/site-packages/telebot/apihelper.py", line 168, in _make_request
    json_result = _check_result(method_name, result)
                  ^^^^^^^^^^^^^^^^^^^^^^^^^^^^^^^^^^
  File "/root/onyx/venv/lib/python3.12/site-packages/telebot/apihelper.py", line 197, in _check_result
    raise ApiTelegramException(method_name, result, result_json)
telebot.apihelper.ApiTelegramException: A request to the Telegram API was unsuccessful. Error code: 409. Description: Conflict: terminated by other getUpdates request; make sure that only one bot instance is running
"
2026-09-08 10:00:45,592 (__init__.py:1280 MainThread) ERROR - TeleBot: "Threaded polling exception: A request to the Telegram API was unsuccessful. Error code: 409. Description: Conflict: terminated by other getUpdates request; make sure that only one bot instance is running"
2026-09-08 10:00:45,593 (__init__.py:1282 MainThread) ERROR - TeleBot: "Exception traceback:
Traceback (most recent call last):
  File "/root/onyx/venv/lib/python3.12/site-packages/telebot/__init__.py", line 1273, in __threaded_polling
    polling_thread.raise_exceptions()
  File "/root/onyx/venv/lib/python3.12/site-packages/telebot/util.py", line 116, in raise_exceptions
    raise self.exception_info
  File "/root/onyx/venv/lib/python3.12/site-packages/telebot/util.py", line 98, in run
    task(*args, **kwargs)
  File "/root/onyx/venv/lib/python3.12/site-packages/telebot/__init__.py", line 691, in __retrieve_updates
    updates = self.get_updates(offset=(self.last_update_id + 1),
              ^^^^^^^^^^^^^^^^^^^^^^^^^^^^^^^^^^^^^^^^^^^^^^^^^^
  File "/root/onyx/venv/lib/python3.12/site-packages/telebot/__init__.py", line 663, in get_updates
    json_updates = apihelper.get_updates(
                   ^^^^^^^^^^^^^^^^^^^^^^
  File "/root/onyx/venv/lib/python3.12/site-packages/telebot/apihelper.py", line 382, in get_updates
    return _make_request(token, method_url, params=payload)
           ^^^^^^^^^^^^^^^^^^^^^^^^^^^^^^^^^^^^^^^^^^^^^^^^
  File "/root/onyx/venv/lib/python3.12/site-packages/telebot/apihelper.py", line 168, in _make_request
    json_result = _check_result(method_name, result)
                  ^^^^^^^^^^^^^^^^^^^^^^^^^^^^^^^^^^
  File "/root/onyx/venv/lib/python3.12/site-packages/telebot/apihelper.py", line 197, in _check_result
    raise ApiTelegramException(method_name, result, result_json)
telebot.apihelper.ApiTelegramException: A request to the Telegram API was unsuccessful. Error code: 409. Description: Conflict: terminated by other getUpdates request; make sure that only one bot instance is running
"
2026-09-08 10:01:48,877 (__init__.py:1280 MainThread) ERROR - TeleBot: "Threaded polling exception: A request to the Telegram API was unsuccessful. Error code: 409. Description: Conflict: terminated by other getUpdates request; make sure that only one bot instance is running"
2026-09-08 10:01:48,879 (__init__.py:1282 MainThread) ERROR - TeleBot: "Exception traceback:
Traceback (most recent call last):
  File "/root/onyx/venv/lib/python3.12/site-packages/telebot/__init__.py", line 1273, in __threaded_polling
    polling_thread.raise_exceptions()
  File "/root/onyx/venv/lib/python3.12/site-packages/telebot/util.py", line 116, in raise_exceptions
    raise self.exception_info
  File "/root/onyx/venv/lib/python3.12/site-packages/telebot/util.py", line 98, in run
    task(*args, **kwargs)
  File "/root/onyx/venv/lib/python3.12/site-packages/telebot/__init__.py", line 691, in __retrieve_updates
    updates = self.get_updates(offset=(self.last_update_id + 1),
              ^^^^^^^^^^^^^^^^^^^^^^^^^^^^^^^^^^^^^^^^^^^^^^^^^^
  File "/root/onyx/venv/lib/python3.12/site-packages/telebot/__init__.py", line 663, in get_updates
    json_updates = apihelper.get_updates(
                   ^^^^^^^^^^^^^^^^^^^^^^
  File "/root/onyx/venv/lib/python3.12/site-packages/telebot/apihelper.py", line 382, in get_updates
    return _make_request(token, method_url, params=payload)
           ^^^^^^^^^^^^^^^^^^^^^^^^^^^^^^^^^^^^^^^^^^^^^^^^
  File "/root/onyx/venv/lib/python3.12/site-packages/telebot/apihelper.py", line 168, in _make_request
    json_result = _check_result(method_name, result)
                  ^^^^^^^^^^^^^^^^^^^^^^^^^^^^^^^^^^
  File "/root/onyx/venv/lib/python3.12/site-packages/telebot/apihelper.py", line 197, in _check_result
    raise ApiTelegramException(method_name, result, result_json)
telebot.apihelper.ApiTelegramException: A request to the Telegram API was unsuccessful. Error code: 409. Description: Conflict: terminated by other getUpdates request; make sure that only one bot instance is running
"
2026-09-08 10:02:52,162 (__init__.py:1280 MainThread) ERROR - TeleBot: "Threaded polling exception: A request to the Telegram API was unsuccessful. Error code: 409. Description: Conflict: terminated by other getUpdates request; make sure that only one bot instance is running"
2026-09-08 10:02:52,164 (__init__.py:1282 MainThread) ERROR - TeleBot: "Exception traceback:
Traceback (most recent call last):
  File "/root/onyx/venv/lib/python3.12/site-packages/telebot/__init__.py", line 1273, in __threaded_polling
    polling_thread.raise_exceptions()
  File "/root/onyx/venv/lib/python3.12/site-packages/telebot/util.py", line 116, in raise_exceptions
    raise self.exception_info
  File "/root/onyx/venv/lib/python3.12/site-packages/telebot/util.py", line 98, in run
    task(*args, **kwargs)
  File "/root/onyx/venv/lib/python3.12/site-packages/telebot/__init__.py", line 691, in __retrieve_updates
    updates = self.get_updates(offset=(self.last_update_id + 1),
              ^^^^^^^^^^^^^^^^^^^^^^^^^^^^^^^^^^^^^^^^^^^^^^^^^^
  File "/root/onyx/venv/lib/python3.12/site-packages/telebot/__init__.py", line 663, in get_updates
    json_updates = apihelper.get_updates(
                   ^^^^^^^^^^^^^^^^^^^^^^
  File "/root/onyx/venv/lib/python3.12/site-packages/telebot/apihelper.py", line 382, in get_updates
    return _make_request(token, method_url, params=payload)
           ^^^^^^^^^^^^^^^^^^^^^^^^^^^^^^^^^^^^^^^^^^^^^^^^
  File "/root/onyx/venv/lib/python3.12/site-packages/telebot/apihelper.py", line 168, in _make_request
    json_result = _check_result(method_name, result)
                  ^^^^^^^^^^^^^^^^^^^^^^^^^^^^^^^^^^
  File "/root/onyx/venv/lib/python3.12/site-packages/telebot/apihelper.py", line 197, in _check_result
    raise ApiTelegramException(method_name, result, result_json)
telebot.apihelper.ApiTelegramException: A request to the Telegram API was unsuccessful. Error code: 409. Description: Conflict: terminated by other getUpdates request; make sure that only one bot instance is running
"
2026-09-08 10:03:55,453 (__init__.py:1280 MainThread) ERROR - TeleBot: "Threaded polling exception: A request to the Telegram API was unsuccessful. Error code: 409. Description: Conflict: terminated by other getUpdates request; make sure that only one bot instance is running"
2026-09-08 10:03:55,454 (__init__.py:1282 MainThread) ERROR - TeleBot: "Exception traceback:
Traceback (most recent call last):
  File "/root/onyx/venv/lib/python3.12/site-packages/telebot/__init__.py", line 1273, in __threaded_polling
    polling_thread.raise_exceptions()
  File "/root/onyx/venv/lib/python3.12/site-packages/telebot/util.py", line 116, in raise_exceptions
    raise self.exception_info
  File "/root/onyx/venv/lib/python3.12/site-packages/telebot/util.py", line 98, in run
    task(*args, **kwargs)
  File "/root/onyx/venv/lib/python3.12/site-packages/telebot/__init__.py", line 691, in __retrieve_updates
    updates = self.get_updates(offset=(self.last_update_id + 1),
              ^^^^^^^^^^^^^^^^^^^^^^^^^^^^^^^^^^^^^^^^^^^^^^^^^^
  File "/root/onyx/venv/lib/python3.12/site-packages/telebot/__init__.py", line 663, in get_updates
    json_updates = apihelper.get_updates(
                   ^^^^^^^^^^^^^^^^^^^^^^
  File "/root/onyx/venv/lib/python3.12/site-packages/telebot/apihelper.py", line 382, in get_updates
    return _make_request(token, method_url, params=payload)
           ^^^^^^^^^^^^^^^^^^^^^^^^^^^^^^^^^^^^^^^^^^^^^^^^
  File "/root/onyx/venv/lib/python3.12/site-packages/telebot/apihelper.py", line 168, in _make_request
    json_result = _check_result(method_name, result)
                  ^^^^^^^^^^^^^^^^^^^^^^^^^^^^^^^^^^
  File "/root/onyx/venv/lib/python3.12/site-packages/telebot/apihelper.py", line 197, in _check_result
    raise ApiTelegramException(method_name, result, result_json)
telebot.apihelper.ApiTelegramException: A request to the Telegram API was unsuccessful. Error code: 409. Description: Conflict: terminated by other getUpdates request; make sure that only one bot instance is running
"
2026-09-08 10:04:58,739 (__init__.py:1280 MainThread) ERROR - TeleBot: "Threaded polling exception: A request to the Telegram API was unsuccessful. Error code: 409. Description: Conflict: terminated by other getUpdates request; make sure that only one bot instance is running"
2026-09-08 10:04:58,740 (__init__.py:1282 MainThread) ERROR - TeleBot: "Exception traceback:
Traceback (most recent call last):
  File "/root/onyx/venv/lib/python3.12/site-packages/telebot/__init__.py", line 1273, in __threaded_polling
    polling_thread.raise_exceptions()
  File "/root/onyx/venv/lib/python3.12/site-packages/telebot/util.py", line 116, in raise_exceptions
    raise self.exception_info
  File "/root/onyx/venv/lib/python3.12/site-packages/telebot/util.py", line 98, in run
    task(*args, **kwargs)
  File "/root/onyx/venv/lib/python3.12/site-packages/telebot/__init__.py", line 691, in __retrieve_updates
    updates = self.get_updates(offset=(self.last_update_id + 1),
              ^^^^^^^^^^^^^^^^^^^^^^^^^^^^^^^^^^^^^^^^^^^^^^^^^^
  File "/root/onyx/venv/lib/python3.12/site-packages/telebot/__init__.py", line 663, in get_updates
    json_updates = apihelper.get_updates(
                   ^^^^^^^^^^^^^^^^^^^^^^
  File "/root/onyx/venv/lib/python3.12/site-packages/telebot/apihelper.py", line 382, in get_updates
    return _make_request(token, method_url, params=payload)
           ^^^^^^^^^^^^^^^^^^^^^^^^^^^^^^^^^^^^^^^^^^^^^^^^
  File "/root/onyx/venv/lib/python3.12/site-packages/telebot/apihelper.py", line 168, in _make_request
    json_result = _check_result(method_name, result)
                  ^^^^^^^^^^^^^^^^^^^^^^^^^^^^^^^^^^
  File "/root/onyx/venv/lib/python3.12/site-packages/telebot/apihelper.py", line 197, in _check_result
    raise ApiTelegramException(method_name, result, result_json)
telebot.apihelper.ApiTelegramException: A request to the Telegram API was unsuccessful. Error code: 409. Description: Conflict: terminated by other getUpdates request; make sure that only one bot instance is running
"
2026-09-08 10:06:02,023 (__init__.py:1280 MainThread) ERROR - TeleBot: "Threaded polling exception: A request to the Telegram API was unsuccessful. Error code: 409. Description: Conflict: terminated by other getUpdates request; make sure that only one bot instance is running"
2026-09-08 10:06:02,025 (__init__.py:1282 MainThread) ERROR - TeleBot: "Exception traceback:
Traceback (most recent call last):
  File "/root/onyx/venv/lib/python3.12/site-packages/telebot/__init__.py", line 1273, in __threaded_polling
    polling_thread.raise_exceptions()
  File "/root/onyx/venv/lib/python3.12/site-packages/telebot/util.py", line 116, in raise_exceptions
    raise self.exception_info
  File "/root/onyx/venv/lib/python3.12/site-packages/telebot/util.py", line 98, in run
    task(*args, **kwargs)
  File "/root/onyx/venv/lib/python3.12/site-packages/telebot/__init__.py", line 691, in __retrieve_updates
    updates = self.get_updates(offset=(self.last_update_id + 1),
              ^^^^^^^^^^^^^^^^^^^^^^^^^^^^^^^^^^^^^^^^^^^^^^^^^^
  File "/root/onyx/venv/lib/python3.12/site-packages/telebot/__init__.py", line 663, in get_updates
    json_updates = apihelper.get_updates(
                   ^^^^^^^^^^^^^^^^^^^^^^
  File "/root/onyx/venv/lib/python3.12/site-packages/telebot/apihelper.py", line 382, in get_updates
    return _make_request(token, method_url, params=payload)
           ^^^^^^^^^^^^^^^^^^^^^^^^^^^^^^^^^^^^^^^^^^^^^^^^
  File "/root/onyx/venv/lib/python3.12/site-packages/telebot/apihelper.py", line 168, in _make_request
    json_result = _check_result(method_name, result)
                  ^^^^^^^^^^^^^^^^^^^^^^^^^^^^^^^^^^
  File "/root/onyx/venv/lib/python3.12/site-packages/telebot/apihelper.py", line 197, in _check_result
    raise ApiTelegramException(method_name, result, result_json)
telebot.apihelper.ApiTelegramException: A request to the Telegram API was unsuccessful. Error code: 409. Description: Conflict: terminated by other getUpdates request; make sure that only one bot instance is running
"
2026-09-08 10:07:05,311 (__init__.py:1280 MainThread) ERROR - TeleBot: "Threaded polling exception: A request to the Telegram API was unsuccessful. Error code: 409. Description: Conflict: terminated by other getUpdates request; make sure that only one bot instance is running"
2026-09-08 10:07:05,313 (__init__.py:1282 MainThread) ERROR - TeleBot: "Exception traceback:
Traceback (most recent call last):
  File "/root/onyx/venv/lib/python3.12/site-packages/telebot/__init__.py", line 1273, in __threaded_polling
    polling_thread.raise_exceptions()
  File "/root/onyx/venv/lib/python3.12/site-packages/telebot/util.py", line 116, in raise_exceptions
    raise self.exception_info
  File "/root/onyx/venv/lib/python3.12/site-packages/telebot/util.py", line 98, in run
    task(*args, **kwargs)
  File "/root/onyx/venv/lib/python3.12/site-packages/telebot/__init__.py", line 691, in __retrieve_updates
    updates = self.get_updates(offset=(self.last_update_id + 1),
              ^^^^^^^^^^^^^^^^^^^^^^^^^^^^^^^^^^^^^^^^^^^^^^^^^^
  File "/root/onyx/venv/lib/python3.12/site-packages/telebot/__init__.py", line 663, in get_updates
    json_updates = apihelper.get_updates(
                   ^^^^^^^^^^^^^^^^^^^^^^
  File "/root/onyx/venv/lib/python3.12/site-packages/telebot/apihelper.py", line 382, in get_updates
    return _make_request(token, method_url, params=payload)
           ^^^^^^^^^^^^^^^^^^^^^^^^^^^^^^^^^^^^^^^^^^^^^^^^
  File "/root/onyx/venv/lib/python3.12/site-packages/telebot/apihelper.py", line 168, in _make_request
    json_result = _check_result(method_name, result)
                  ^^^^^^^^^^^^^^^^^^^^^^^^^^^^^^^^^^
  File "/root/onyx/venv/lib/python3.12/site-packages/telebot/apihelper.py", line 197, in _check_result
    raise ApiTelegramException(method_name, result, result_json)
telebot.apihelper.ApiTelegramException: A request to the Telegram API was unsuccessful. Error code: 409. Description: Conflict: terminated by other getUpdates request; make sure that only one bot instance is running
"
2026-09-08 10:08:08,673 (__init__.py:1280 MainThread) ERROR - TeleBot: "Threaded polling exception: A request to the Telegram API was unsuccessful. Error code: 409. Description: Conflict: terminated by other getUpdates request; make sure that only one bot instance is running"
2026-09-08 10:08:08,675 (__init__.py:1282 MainThread) ERROR - TeleBot: "Exception traceback:
Traceback (most recent call last):
  File "/root/onyx/venv/lib/python3.12/site-packages/telebot/__init__.py", line 1273, in __threaded_polling
    polling_thread.raise_exceptions()
  File "/root/onyx/venv/lib/python3.12/site-packages/telebot/util.py", line 116, in raise_exceptions
    raise self.exception_info
  File "/root/onyx/venv/lib/python3.12/site-packages/telebot/util.py", line 98, in run
    task(*args, **kwargs)
  File "/root/onyx/venv/lib/python3.12/site-packages/telebot/__init__.py", line 691, in __retrieve_updates
    updates = self.get_updates(offset=(self.last_update_id + 1),
              ^^^^^^^^^^^^^^^^^^^^^^^^^^^^^^^^^^^^^^^^^^^^^^^^^^
  File "/root/onyx/venv/lib/python3.12/site-packages/telebot/__init__.py", line 663, in get_updates
    json_updates = apihelper.get_updates(
                   ^^^^^^^^^^^^^^^^^^^^^^
  File "/root/onyx/venv/lib/python3.12/site-packages/telebot/apihelper.py", line 382, in get_updates
    return _make_request(token, method_url, params=payload)
           ^^^^^^^^^^^^^^^^^^^^^^^^^^^^^^^^^^^^^^^^^^^^^^^^
  File "/root/onyx/venv/lib/python3.12/site-packages/telebot/apihelper.py", line 168, in _make_request
    json_result = _check_result(method_name, result)
                  ^^^^^^^^^^^^^^^^^^^^^^^^^^^^^^^^^^
  File "/root/onyx/venv/lib/python3.12/site-packages/telebot/apihelper.py", line 197, in _check_result
    raise ApiTelegramException(method_name, result, result_json)
telebot.apihelper.ApiTelegramException: A request to the Telegram API was unsuccessful. Error code: 409. Description: Conflict: terminated by other getUpdates request; make sure that only one bot instance is running
"
2026-09-08 10:09:11,974 (__init__.py:1280 MainThread) ERROR - TeleBot: "Threaded polling exception: A request to the Telegram API was unsuccessful. Error code: 409. Description: Conflict: terminated by other getUpdates request; make sure that only one bot instance is running"
2026-09-08 10:09:11,975 (__init__.py:1282 MainThread) ERROR - TeleBot: "Exception traceback:
Traceback (most recent call last):
  File "/root/onyx/venv/lib/python3.12/site-packages/telebot/__init__.py", line 1273, in __threaded_polling
    polling_thread.raise_exceptions()
  File "/root/onyx/venv/lib/python3.12/site-packages/telebot/util.py", line 116, in raise_exceptions
    raise self.exception_info
  File "/root/onyx/venv/lib/python3.12/site-packages/telebot/util.py", line 98, in run
    task(*args, **kwargs)
  File "/root/onyx/venv/lib/python3.12/site-packages/telebot/__init__.py", line 691, in __retrieve_updates
    updates = self.get_updates(offset=(self.last_update_id + 1),
              ^^^^^^^^^^^^^^^^^^^^^^^^^^^^^^^^^^^^^^^^^^^^^^^^^^
  File "/root/onyx/venv/lib/python3.12/site-packages/telebot/__init__.py", line 663, in get_updates
    json_updates = apihelper.get_updates(
                   ^^^^^^^^^^^^^^^^^^^^^^
  File "/root/onyx/venv/lib/python3.12/site-packages/telebot/apihelper.py", line 382, in get_updates
    return _make_request(token, method_url, params=payload)
           ^^^^^^^^^^^^^^^^^^^^^^^^^^^^^^^^^^^^^^^^^^^^^^^^
  File "/root/onyx/venv/lib/python3.12/site-packages/telebot/apihelper.py", line 168, in _make_request
    json_result = _check_result(method_name, result)
                  ^^^^^^^^^^^^^^^^^^^^^^^^^^^^^^^^^^
  File "/root/onyx/venv/lib/python3.12/site-packages/telebot/apihelper.py", line 197, in _check_result
    raise ApiTelegramException(method_name, result, result_json)
telebot.apihelper.ApiTelegramException: A request to the Telegram API was unsuccessful. Error code: 409. Description: Conflict: terminated by other getUpdates request; make sure that only one bot instance is running
"
2026-09-08 10:10:15,268 (__init__.py:1280 MainThread) ERROR - TeleBot: "Threaded polling exception: A request to the Telegram API was unsuccessful. Error code: 409. Description: Conflict: terminated by other getUpdates request; make sure that only one bot instance is running"
2026-09-08 10:10:15,271 (__init__.py:1282 MainThread) ERROR - TeleBot: "Exception traceback:
Traceback (most recent call last):
  File "/root/onyx/venv/lib/python3.12/site-packages/telebot/__init__.py", line 1273, in __threaded_polling
    polling_thread.raise_exceptions()
  File "/root/onyx/venv/lib/python3.12/site-packages/telebot/util.py", line 116, in raise_exceptions
    raise self.exception_info
  File "/root/onyx/venv/lib/python3.12/site-packages/telebot/util.py", line 98, in run
    task(*args, **kwargs)
  File "/root/onyx/venv/lib/python3.12/site-packages/telebot/__init__.py", line 691, in __retrieve_updates
    updates = self.get_updates(offset=(self.last_update_id + 1),
              ^^^^^^^^^^^^^^^^^^^^^^^^^^^^^^^^^^^^^^^^^^^^^^^^^^
  File "/root/onyx/venv/lib/python3.12/site-packages/telebot/__init__.py", line 663, in get_updates
    json_updates = apihelper.get_updates(
                   ^^^^^^^^^^^^^^^^^^^^^^
  File "/root/onyx/venv/lib/python3.12/site-packages/telebot/apihelper.py", line 382, in get_updates
    return _make_request(token, method_url, params=payload)
           ^^^^^^^^^^^^^^^^^^^^^^^^^^^^^^^^^^^^^^^^^^^^^^^^
  File "/root/onyx/venv/lib/python3.12/site-packages/telebot/apihelper.py", line 168, in _make_request
    json_result = _check_result(method_name, result)
                  ^^^^^^^^^^^^^^^^^^^^^^^^^^^^^^^^^^
  File "/root/onyx/venv/lib/python3.12/site-packages/telebot/apihelper.py", line 197, in _check_result
    raise ApiTelegramException(method_name, result, result_json)
telebot.apihelper.ApiTelegramException: A request to the Telegram API was unsuccessful. Error code: 409. Description: Conflict: terminated by other getUpdates request; make sure that only one bot instance is running
"
2026-09-08 10:11:18,552 (__init__.py:1280 MainThread) ERROR - TeleBot: "Threaded polling exception: A request to the Telegram API was unsuccessful. Error code: 409. Description: Conflict: terminated by other getUpdates request; make sure that only one bot instance is running"
2026-09-08 10:11:18,553 (__init__.py:1282 MainThread) ERROR - TeleBot: "Exception traceback:
Traceback (most recent call last):
  File "/root/onyx/venv/lib/python3.12/site-packages/telebot/__init__.py", line 1273, in __threaded_polling
    polling_thread.raise_exceptions()
  File "/root/onyx/venv/lib/python3.12/site-packages/telebot/util.py", line 116, in raise_exceptions
    raise self.exception_info
  File "/root/onyx/venv/lib/python3.12/site-packages/telebot/util.py", line 98, in run
    task(*args, **kwargs)
  File "/root/onyx/venv/lib/python3.12/site-packages/telebot/__init__.py", line 691, in __retrieve_updates
    updates = self.get_updates(offset=(self.last_update_id + 1),
              ^^^^^^^^^^^^^^^^^^^^^^^^^^^^^^^^^^^^^^^^^^^^^^^^^^
  File "/root/onyx/venv/lib/python3.12/site-packages/telebot/__init__.py", line 663, in get_updates
    json_updates = apihelper.get_updates(
                   ^^^^^^^^^^^^^^^^^^^^^^
  File "/root/onyx/venv/lib/python3.12/site-packages/telebot/apihelper.py", line 382, in get_updates
    return _make_request(token, method_url, params=payload)
           ^^^^^^^^^^^^^^^^^^^^^^^^^^^^^^^^^^^^^^^^^^^^^^^^
  File "/root/onyx/venv/lib/python3.12/site-packages/telebot/apihelper.py", line 168, in _make_request
    json_result = _check_result(method_name, result)
                  ^^^^^^^^^^^^^^^^^^^^^^^^^^^^^^^^^^
  File "/root/onyx/venv/lib/python3.12/site-packages/telebot/apihelper.py", line 197, in _check_result
    raise ApiTelegramException(method_name, result, result_json)
telebot.apihelper.ApiTelegramException: A request to the Telegram API was unsuccessful. Error code: 409. Description: Conflict: terminated by other getUpdates request; make sure that only one bot instance is running
"
2026-09-08 10:12:21,834 (__init__.py:1280 MainThread) ERROR - TeleBot: "Threaded polling exception: A request to the Telegram API was unsuccessful. Error code: 409. Description: Conflict: terminated by other getUpdates request; make sure that only one bot instance is running"
2026-09-08 10:12:21,835 (__init__.py:1282 MainThread) ERROR - TeleBot: "Exception traceback:
Traceback (most recent call last):
  File "/root/onyx/venv/lib/python3.12/site-packages/telebot/__init__.py", line 1273, in __threaded_polling
    polling_thread.raise_exceptions()
  File "/root/onyx/venv/lib/python3.12/site-packages/telebot/util.py", line 116, in raise_exceptions
    raise self.exception_info
  File "/root/onyx/venv/lib/python3.12/site-packages/telebot/util.py", line 98, in run
    task(*args, **kwargs)
  File "/root/onyx/venv/lib/python3.12/site-packages/telebot/__init__.py", line 691, in __retrieve_updates
    updates = self.get_updates(offset=(self.last_update_id + 1),
              ^^^^^^^^^^^^^^^^^^^^^^^^^^^^^^^^^^^^^^^^^^^^^^^^^^
  File "/root/onyx/venv/lib/python3.12/site-packages/telebot/__init__.py", line 663, in get_updates
    json_updates = apihelper.get_updates(
                   ^^^^^^^^^^^^^^^^^^^^^^
  File "/root/onyx/venv/lib/python3.12/site-packages/telebot/apihelper.py", line 382, in get_updates
    return _make_request(token, method_url, params=payload)
           ^^^^^^^^^^^^^^^^^^^^^^^^^^^^^^^^^^^^^^^^^^^^^^^^
  File "/root/onyx/venv/lib/python3.12/site-packages/telebot/apihelper.py", line 168, in _make_request
    json_result = _check_result(method_name, result)
                  ^^^^^^^^^^^^^^^^^^^^^^^^^^^^^^^^^^
  File "/root/onyx/venv/lib/python3.12/site-packages/telebot/apihelper.py", line 197, in _check_result
    raise ApiTelegramException(method_name, result, result_json)
telebot.apihelper.ApiTelegramException: A request to the Telegram API was unsuccessful. Error code: 409. Description: Conflict: terminated by other getUpdates request; make sure that only one bot instance is running
"
2026-09-08 10:13:25,123 (__init__.py:1280 MainThread) ERROR - TeleBot: "Threaded polling exception: A request to the Telegram API was unsuccessful. Error code: 409. Description: Conflict: terminated by other getUpdates request; make sure that only one bot instance is running"
2026-09-08 10:13:25,125 (__init__.py:1282 MainThread) ERROR - TeleBot: "Exception traceback:
Traceback (most recent call last):
  File "/root/onyx/venv/lib/python3.12/site-packages/telebot/__init__.py", line 1273, in __threaded_polling
    polling_thread.raise_exceptions()
  File "/root/onyx/venv/lib/python3.12/site-packages/telebot/util.py", line 116, in raise_exceptions
    raise self.exception_info
  File "/root/onyx/venv/lib/python3.12/site-packages/telebot/util.py", line 98, in run
    task(*args, **kwargs)
  File "/root/onyx/venv/lib/python3.12/site-packages/telebot/__init__.py", line 691, in __retrieve_updates
    updates = self.get_updates(offset=(self.last_update_id + 1),
              ^^^^^^^^^^^^^^^^^^^^^^^^^^^^^^^^^^^^^^^^^^^^^^^^^^
  File "/root/onyx/venv/lib/python3.12/site-packages/telebot/__init__.py", line 663, in get_updates
    json_updates = apihelper.get_updates(
                   ^^^^^^^^^^^^^^^^^^^^^^
  File "/root/onyx/venv/lib/python3.12/site-packages/telebot/apihelper.py", line 382, in get_updates
    return _make_request(token, method_url, params=payload)
           ^^^^^^^^^^^^^^^^^^^^^^^^^^^^^^^^^^^^^^^^^^^^^^^^
  File "/root/onyx/venv/lib/python3.12/site-packages/telebot/apihelper.py", line 168, in _make_request
    json_result = _check_result(method_name, result)
                  ^^^^^^^^^^^^^^^^^^^^^^^^^^^^^^^^^^
  File "/root/onyx/venv/lib/python3.12/site-packages/telebot/apihelper.py", line 197, in _check_result
    raise ApiTelegramException(method_name, result, result_json)
telebot.apihelper.ApiTelegramException: A request to the Telegram API was unsuccessful. Error code: 409. Description: Conflict: terminated by other getUpdates request; make sure that only one bot instance is running
"
2026-09-08 10:14:28,450 (__init__.py:1280 MainThread) ERROR - TeleBot: "Threaded polling exception: A request to the Telegram API was unsuccessful. Error code: 409. Description: Conflict: terminated by other getUpdates request; make sure that only one bot instance is running"
2026-09-08 10:14:28,451 (__init__.py:1282 MainThread) ERROR - TeleBot: "Exception traceback:
Traceback (most recent call last):
  File "/root/onyx/venv/lib/python3.12/site-packages/telebot/__init__.py", line 1273, in __threaded_polling
    polling_thread.raise_exceptions()
  File "/root/onyx/venv/lib/python3.12/site-packages/telebot/util.py", line 116, in raise_exceptions
    raise self.exception_info
  File "/root/onyx/venv/lib/python3.12/site-packages/telebot/util.py", line 98, in run
    task(*args, **kwargs)
  File "/root/onyx/venv/lib/python3.12/site-packages/telebot/__init__.py", line 691, in __retrieve_updates
    updates = self.get_updates(offset=(self.last_update_id + 1),
              ^^^^^^^^^^^^^^^^^^^^^^^^^^^^^^^^^^^^^^^^^^^^^^^^^^
  File "/root/onyx/venv/lib/python3.12/site-packages/telebot/__init__.py", line 663, in get_updates
    json_updates = apihelper.get_updates(
                   ^^^^^^^^^^^^^^^^^^^^^^
  File "/root/onyx/venv/lib/python3.12/site-packages/telebot/apihelper.py", line 382, in get_updates
    return _make_request(token, method_url, params=payload)
           ^^^^^^^^^^^^^^^^^^^^^^^^^^^^^^^^^^^^^^^^^^^^^^^^
  File "/root/onyx/venv/lib/python3.12/site-packages/telebot/apihelper.py", line 168, in _make_request
    json_result = _check_result(method_name, result)
                  ^^^^^^^^^^^^^^^^^^^^^^^^^^^^^^^^^^
  File "/root/onyx/venv/lib/python3.12/site-packages/telebot/apihelper.py", line 197, in _check_result
    raise ApiTelegramException(method_name, result, result_json)
telebot.apihelper.ApiTelegramException: A request to the Telegram API was unsuccessful. Error code: 409. Description: Conflict: terminated by other getUpdates request; make sure that only one bot instance is running
"
2026-09-08 10:15:31,736 (__init__.py:1280 MainThread) ERROR - TeleBot: "Threaded polling exception: A request to the Telegram API was unsuccessful. Error code: 409. Description: Conflict: terminated by other getUpdates request; make sure that only one bot instance is running"
2026-09-08 10:15:31,737 (__init__.py:1282 MainThread) ERROR - TeleBot: "Exception traceback:
Traceback (most recent call last):
  File "/root/onyx/venv/lib/python3.12/site-packages/telebot/__init__.py", line 1273, in __threaded_polling
    polling_thread.raise_exceptions()
  File "/root/onyx/venv/lib/python3.12/site-packages/telebot/util.py", line 116, in raise_exceptions
    raise self.exception_info
  File "/root/onyx/venv/lib/python3.12/site-packages/telebot/util.py", line 98, in run
    task(*args, **kwargs)
  File "/root/onyx/venv/lib/python3.12/site-packages/telebot/__init__.py", line 691, in __retrieve_updates
    updates = self.get_updates(offset=(self.last_update_id + 1),
              ^^^^^^^^^^^^^^^^^^^^^^^^^^^^^^^^^^^^^^^^^^^^^^^^^^
  File "/root/onyx/venv/lib/python3.12/site-packages/telebot/__init__.py", line 663, in get_updates
    json_updates = apihelper.get_updates(
                   ^^^^^^^^^^^^^^^^^^^^^^
  File "/root/onyx/venv/lib/python3.12/site-packages/telebot/apihelper.py", line 382, in get_updates
    return _make_request(token, method_url, params=payload)
           ^^^^^^^^^^^^^^^^^^^^^^^^^^^^^^^^^^^^^^^^^^^^^^^^
  File "/root/onyx/venv/lib/python3.12/site-packages/telebot/apihelper.py", line 168, in _make_request
    json_result = _check_result(method_name, result)
                  ^^^^^^^^^^^^^^^^^^^^^^^^^^^^^^^^^^
  File "/root/onyx/venv/lib/python3.12/site-packages/telebot/apihelper.py", line 197, in _check_result
    raise ApiTelegramException(method_name, result, result_json)
telebot.apihelper.ApiTelegramException: A request to the Telegram API was unsuccessful. Error code: 409. Description: Conflict: terminated by other getUpdates request; make sure that only one bot instance is running
"
2026-09-08 10:16:35,018 (__init__.py:1280 MainThread) ERROR - TeleBot: "Threaded polling exception: A request to the Telegram API was unsuccessful. Error code: 409. Description: Conflict: terminated by other getUpdates request; make sure that only one bot instance is running"
2026-09-08 10:16:35,019 (__init__.py:1282 MainThread) ERROR - TeleBot: "Exception traceback:
Traceback (most recent call last):
  File "/root/onyx/venv/lib/python3.12/site-packages/telebot/__init__.py", line 1273, in __threaded_polling
    polling_thread.raise_exceptions()
  File "/root/onyx/venv/lib/python3.12/site-packages/telebot/util.py", line 116, in raise_exceptions
    raise self.exception_info
  File "/root/onyx/venv/lib/python3.12/site-packages/telebot/util.py", line 98, in run
    task(*args, **kwargs)
  File "/root/onyx/venv/lib/python3.12/site-packages/telebot/__init__.py", line 691, in __retrieve_updates
    updates = self.get_updates(offset=(self.last_update_id + 1),
              ^^^^^^^^^^^^^^^^^^^^^^^^^^^^^^^^^^^^^^^^^^^^^^^^^^
  File "/root/onyx/venv/lib/python3.12/site-packages/telebot/__init__.py", line 663, in get_updates
    json_updates = apihelper.get_updates(
                   ^^^^^^^^^^^^^^^^^^^^^^
  File "/root/onyx/venv/lib/python3.12/site-packages/telebot/apihelper.py", line 382, in get_updates
    return _make_request(token, method_url, params=payload)
           ^^^^^^^^^^^^^^^^^^^^^^^^^^^^^^^^^^^^^^^^^^^^^^^^
  File "/root/onyx/venv/lib/python3.12/site-packages/telebot/apihelper.py", line 168, in _make_request
    json_result = _check_result(method_name, result)
                  ^^^^^^^^^^^^^^^^^^^^^^^^^^^^^^^^^^
  File "/root/onyx/venv/lib/python3.12/site-packages/telebot/apihelper.py", line 197, in _check_result
    raise ApiTelegramException(method_name, result, result_json)
telebot.apihelper.ApiTelegramException: A request to the Telegram API was unsuccessful. Error code: 409. Description: Conflict: terminated by other getUpdates request; make sure that only one bot instance is running
"
2026-09-08 10:17:38,306 (__init__.py:1280 MainThread) ERROR - TeleBot: "Threaded polling exception: A request to the Telegram API was unsuccessful. Error code: 409. Description: Conflict: terminated by other getUpdates request; make sure that only one bot instance is running"
2026-09-08 10:17:38,307 (__init__.py:1282 MainThread) ERROR - TeleBot: "Exception traceback:
Traceback (most recent call last):
  File "/root/onyx/venv/lib/python3.12/site-packages/telebot/__init__.py", line 1273, in __threaded_polling
    polling_thread.raise_exceptions()
  File "/root/onyx/venv/lib/python3.12/site-packages/telebot/util.py", line 116, in raise_exceptions
    raise self.exception_info
  File "/root/onyx/venv/lib/python3.12/site-packages/telebot/util.py", line 98, in run
    task(*args, **kwargs)
  File "/root/onyx/venv/lib/python3.12/site-packages/telebot/__init__.py", line 691, in __retrieve_updates
    updates = self.get_updates(offset=(self.last_update_id + 1),
              ^^^^^^^^^^^^^^^^^^^^^^^^^^^^^^^^^^^^^^^^^^^^^^^^^^
  File "/root/onyx/venv/lib/python3.12/site-packages/telebot/__init__.py", line 663, in get_updates
    json_updates = apihelper.get_updates(
                   ^^^^^^^^^^^^^^^^^^^^^^
  File "/root/onyx/venv/lib/python3.12/site-packages/telebot/apihelper.py", line 382, in get_updates
    return _make_request(token, method_url, params=payload)
           ^^^^^^^^^^^^^^^^^^^^^^^^^^^^^^^^^^^^^^^^^^^^^^^^
  File "/root/onyx/venv/lib/python3.12/site-packages/telebot/apihelper.py", line 168, in _make_request
    json_result = _check_result(method_name, result)
                  ^^^^^^^^^^^^^^^^^^^^^^^^^^^^^^^^^^
  File "/root/onyx/venv/lib/python3.12/site-packages/telebot/apihelper.py", line 197, in _check_result
    raise ApiTelegramException(method_name, result, result_json)
telebot.apihelper.ApiTelegramException: A request to the Telegram API was unsuccessful. Error code: 409. Description: Conflict: terminated by other getUpdates request; make sure that only one bot instance is running
"
2026-09-08 10:18:41,687 (__init__.py:1280 MainThread) ERROR - TeleBot: "Threaded polling exception: A request to the Telegram API was unsuccessful. Error code: 409. Description: Conflict: terminated by other getUpdates request; make sure that only one bot instance is running"
2026-09-08 10:18:41,688 (__init__.py:1282 MainThread) ERROR - TeleBot: "Exception traceback:
Traceback (most recent call last):
  File "/root/onyx/venv/lib/python3.12/site-packages/telebot/__init__.py", line 1273, in __threaded_polling
    polling_thread.raise_exceptions()
  File "/root/onyx/venv/lib/python3.12/site-packages/telebot/util.py", line 116, in raise_exceptions
    raise self.exception_info
  File "/root/onyx/venv/lib/python3.12/site-packages/telebot/util.py", line 98, in run
    task(*args, **kwargs)
  File "/root/onyx/venv/lib/python3.12/site-packages/telebot/__init__.py", line 691, in __retrieve_updates
    updates = self.get_updates(offset=(self.last_update_id + 1),
              ^^^^^^^^^^^^^^^^^^^^^^^^^^^^^^^^^^^^^^^^^^^^^^^^^^
  File "/root/onyx/venv/lib/python3.12/site-packages/telebot/__init__.py", line 663, in get_updates
    json_updates = apihelper.get_updates(
                   ^^^^^^^^^^^^^^^^^^^^^^
  File "/root/onyx/venv/lib/python3.12/site-packages/telebot/apihelper.py", line 382, in get_updates
    return _make_request(token, method_url, params=payload)
           ^^^^^^^^^^^^^^^^^^^^^^^^^^^^^^^^^^^^^^^^^^^^^^^^
  File "/root/onyx/venv/lib/python3.12/site-packages/telebot/apihelper.py", line 168, in _make_request
    json_result = _check_result(method_name, result)
                  ^^^^^^^^^^^^^^^^^^^^^^^^^^^^^^^^^^
  File "/root/onyx/venv/lib/python3.12/site-packages/telebot/apihelper.py", line 197, in _check_result
    raise ApiTelegramException(method_name, result, result_json)
telebot.apihelper.ApiTelegramException: A request to the Telegram API was unsuccessful. Error code: 409. Description: Conflict: terminated by other getUpdates request; make sure that only one bot instance is running
"
2026-09-08 10:19:44,986 (__init__.py:1280 MainThread) ERROR - TeleBot: "Threaded polling exception: A request to the Telegram API was unsuccessful. Error code: 409. Description: Conflict: terminated by other getUpdates request; make sure that only one bot instance is running"
2026-09-08 10:19:44,987 (__init__.py:1282 MainThread) ERROR - TeleBot: "Exception traceback:
Traceback (most recent call last):
  File "/root/onyx/venv/lib/python3.12/site-packages/telebot/__init__.py", line 1273, in __threaded_polling
    polling_thread.raise_exceptions()
  File "/root/onyx/venv/lib/python3.12/site-packages/telebot/util.py", line 116, in raise_exceptions
    raise self.exception_info
  File "/root/onyx/venv/lib/python3.12/site-packages/telebot/util.py", line 98, in run
    task(*args, **kwargs)
  File "/root/onyx/venv/lib/python3.12/site-packages/telebot/__init__.py", line 691, in __retrieve_updates
    updates = self.get_updates(offset=(self.last_update_id + 1),
              ^^^^^^^^^^^^^^^^^^^^^^^^^^^^^^^^^^^^^^^^^^^^^^^^^^
  File "/root/onyx/venv/lib/python3.12/site-packages/telebot/__init__.py", line 663, in get_updates
    json_updates = apihelper.get_updates(
                   ^^^^^^^^^^^^^^^^^^^^^^
  File "/root/onyx/venv/lib/python3.12/site-packages/telebot/apihelper.py", line 382, in get_updates
    return _make_request(token, method_url, params=payload)
           ^^^^^^^^^^^^^^^^^^^^^^^^^^^^^^^^^^^^^^^^^^^^^^^^
  File "/root/onyx/venv/lib/python3.12/site-packages/telebot/apihelper.py", line 168, in _make_request
    json_result = _check_result(method_name, result)
                  ^^^^^^^^^^^^^^^^^^^^^^^^^^^^^^^^^^
  File "/root/onyx/venv/lib/python3.12/site-packages/telebot/apihelper.py", line 197, in _check_result
    raise ApiTelegramException(method_name, result, result_json)
telebot.apihelper.ApiTelegramException: A request to the Telegram API was unsuccessful. Error code: 409. Description: Conflict: terminated by other getUpdates request; make sure that only one bot instance is running
"
2026-09-08 10:20:48,281 (__init__.py:1280 MainThread) ERROR - TeleBot: "Threaded polling exception: A request to the Telegram API was unsuccessful. Error code: 409. Description: Conflict: terminated by other getUpdates request; make sure that only one bot instance is running"
2026-09-08 10:20:48,282 (__init__.py:1282 MainThread) ERROR - TeleBot: "Exception traceback:
Traceback (most recent call last):
  File "/root/onyx/venv/lib/python3.12/site-packages/telebot/__init__.py", line 1273, in __threaded_polling
    polling_thread.raise_exceptions()
  File "/root/onyx/venv/lib/python3.12/site-packages/telebot/util.py", line 116, in raise_exceptions
    raise self.exception_info
  File "/root/onyx/venv/lib/python3.12/site-packages/telebot/util.py", line 98, in run
    task(*args, **kwargs)
  File "/root/onyx/venv/lib/python3.12/site-packages/telebot/__init__.py", line 691, in __retrieve_updates
    updates = self.get_updates(offset=(self.last_update_id + 1),
              ^^^^^^^^^^^^^^^^^^^^^^^^^^^^^^^^^^^^^^^^^^^^^^^^^^
  File "/root/onyx/venv/lib/python3.12/site-packages/telebot/__init__.py", line 663, in get_updates
    json_updates = apihelper.get_updates(
                   ^^^^^^^^^^^^^^^^^^^^^^
  File "/root/onyx/venv/lib/python3.12/site-packages/telebot/apihelper.py", line 382, in get_updates
    return _make_request(token, method_url, params=payload)
           ^^^^^^^^^^^^^^^^^^^^^^^^^^^^^^^^^^^^^^^^^^^^^^^^
  File "/root/onyx/venv/lib/python3.12/site-packages/telebot/apihelper.py", line 168, in _make_request
    json_result = _check_result(method_name, result)
                  ^^^^^^^^^^^^^^^^^^^^^^^^^^^^^^^^^^
  File "/root/onyx/venv/lib/python3.12/site-packages/telebot/apihelper.py", line 197, in _check_result
    raise ApiTelegramException(method_name, result, result_json)
telebot.apihelper.ApiTelegramException: A request to the Telegram API was unsuccessful. Error code: 409. Description: Conflict: terminated by other getUpdates request; make sure that only one bot instance is running
"
2026-09-08 10:21:51,569 (__init__.py:1280 MainThread) ERROR - TeleBot: "Threaded polling exception: A request to the Telegram API was unsuccessful. Error code: 409. Description: Conflict: terminated by other getUpdates request; make sure that only one bot instance is running"
2026-09-08 10:21:51,570 (__init__.py:1282 MainThread) ERROR - TeleBot: "Exception traceback:
Traceback (most recent call last):
  File "/root/onyx/venv/lib/python3.12/site-packages/telebot/__init__.py", line 1273, in __threaded_polling
    polling_thread.raise_exceptions()
  File "/root/onyx/venv/lib/python3.12/site-packages/telebot/util.py", line 116, in raise_exceptions
    raise self.exception_info
  File "/root/onyx/venv/lib/python3.12/site-packages/telebot/util.py", line 98, in run
    task(*args, **kwargs)
  File "/root/onyx/venv/lib/python3.12/site-packages/telebot/__init__.py", line 691, in __retrieve_updates
    updates = self.get_updates(offset=(self.last_update_id + 1),
              ^^^^^^^^^^^^^^^^^^^^^^^^^^^^^^^^^^^^^^^^^^^^^^^^^^
  File "/root/onyx/venv/lib/python3.12/site-packages/telebot/__init__.py", line 663, in get_updates
    json_updates = apihelper.get_updates(
                   ^^^^^^^^^^^^^^^^^^^^^^
  File "/root/onyx/venv/lib/python3.12/site-packages/telebot/apihelper.py", line 382, in get_updates
    return _make_request(token, method_url, params=payload)
           ^^^^^^^^^^^^^^^^^^^^^^^^^^^^^^^^^^^^^^^^^^^^^^^^
  File "/root/onyx/venv/lib/python3.12/site-packages/telebot/apihelper.py", line 168, in _make_request
    json_result = _check_result(method_name, result)
                  ^^^^^^^^^^^^^^^^^^^^^^^^^^^^^^^^^^
  File "/root/onyx/venv/lib/python3.12/site-packages/telebot/apihelper.py", line 197, in _check_result
    raise ApiTelegramException(method_name, result, result_json)
telebot.apihelper.ApiTelegramException: A request to the Telegram API was unsuccessful. Error code: 409. Description: Conflict: terminated by other getUpdates request; make sure that only one bot instance is running
"
2026-09-08 10:22:54,861 (__init__.py:1280 MainThread) ERROR - TeleBot: "Threaded polling exception: A request to the Telegram API was unsuccessful. Error code: 409. Description: Conflict: terminated by other getUpdates request; make sure that only one bot instance is running"
2026-09-08 10:22:54,863 (__init__.py:1282 MainThread) ERROR - TeleBot: "Exception traceback:
Traceback (most recent call last):
  File "/root/onyx/venv/lib/python3.12/site-packages/telebot/__init__.py", line 1273, in __threaded_polling
    polling_thread.raise_exceptions()
  File "/root/onyx/venv/lib/python3.12/site-packages/telebot/util.py", line 116, in raise_exceptions
    raise self.exception_info
  File "/root/onyx/venv/lib/python3.12/site-packages/telebot/util.py", line 98, in run
    task(*args, **kwargs)
  File "/root/onyx/venv/lib/python3.12/site-packages/telebot/__init__.py", line 691, in __retrieve_updates
    updates = self.get_updates(offset=(self.last_update_id + 1),
              ^^^^^^^^^^^^^^^^^^^^^^^^^^^^^^^^^^^^^^^^^^^^^^^^^^
  File "/root/onyx/venv/lib/python3.12/site-packages/telebot/__init__.py", line 663, in get_updates
    json_updates = apihelper.get_updates(
                   ^^^^^^^^^^^^^^^^^^^^^^
  File "/root/onyx/venv/lib/python3.12/site-packages/telebot/apihelper.py", line 382, in get_updates
    return _make_request(token, method_url, params=payload)
           ^^^^^^^^^^^^^^^^^^^^^^^^^^^^^^^^^^^^^^^^^^^^^^^^
  File "/root/onyx/venv/lib/python3.12/site-packages/telebot/apihelper.py", line 168, in _make_request
    json_result = _check_result(method_name, result)
                  ^^^^^^^^^^^^^^^^^^^^^^^^^^^^^^^^^^
  File "/root/onyx/venv/lib/python3.12/site-packages/telebot/apihelper.py", line 197, in _check_result
    raise ApiTelegramException(method_name, result, result_json)
telebot.apihelper.ApiTelegramException: A request to the Telegram API was unsuccessful. Error code: 409. Description: Conflict: terminated by other getUpdates request; make sure that only one bot instance is running
"
2026-09-08 10:23:58,151 (__init__.py:1280 MainThread) ERROR - TeleBot: "Threaded polling exception: A request to the Telegram API was unsuccessful. Error code: 409. Description: Conflict: terminated by other getUpdates request; make sure that only one bot instance is running"
2026-09-08 10:23:58,152 (__init__.py:1282 MainThread) ERROR - TeleBot: "Exception traceback:
Traceback (most recent call last):
  File "/root/onyx/venv/lib/python3.12/site-packages/telebot/__init__.py", line 1273, in __threaded_polling
    polling_thread.raise_exceptions()
  File "/root/onyx/venv/lib/python3.12/site-packages/telebot/util.py", line 116, in raise_exceptions
    raise self.exception_info
  File "/root/onyx/venv/lib/python3.12/site-packages/telebot/util.py", line 98, in run
    task(*args, **kwargs)
  File "/root/onyx/venv/lib/python3.12/site-packages/telebot/__init__.py", line 691, in __retrieve_updates
    updates = self.get_updates(offset=(self.last_update_id + 1),
              ^^^^^^^^^^^^^^^^^^^^^^^^^^^^^^^^^^^^^^^^^^^^^^^^^^
  File "/root/onyx/venv/lib/python3.12/site-packages/telebot/__init__.py", line 663, in get_updates
    json_updates = apihelper.get_updates(
                   ^^^^^^^^^^^^^^^^^^^^^^
  File "/root/onyx/venv/lib/python3.12/site-packages/telebot/apihelper.py", line 382, in get_updates
    return _make_request(token, method_url, params=payload)
           ^^^^^^^^^^^^^^^^^^^^^^^^^^^^^^^^^^^^^^^^^^^^^^^^
  File "/root/onyx/venv/lib/python3.12/site-packages/telebot/apihelper.py", line 168, in _make_request
    json_result = _check_result(method_name, result)
                  ^^^^^^^^^^^^^^^^^^^^^^^^^^^^^^^^^^
  File "/root/onyx/venv/lib/python3.12/site-packages/telebot/apihelper.py", line 197, in _check_result
    raise ApiTelegramException(method_name, result, result_json)
telebot.apihelper.ApiTelegramException: A request to the Telegram API was unsuccessful. Error code: 409. Description: Conflict: terminated by other getUpdates request; make sure that only one bot instance is running
"
2026-09-08 10:25:01,443 (__init__.py:1280 MainThread) ERROR - TeleBot: "Threaded polling exception: A request to the Telegram API was unsuccessful. Error code: 409. Description: Conflict: terminated by other getUpdates request; make sure that only one bot instance is running"
2026-09-08 10:25:01,444 (__init__.py:1282 MainThread) ERROR - TeleBot: "Exception traceback:
Traceback (most recent call last):
  File "/root/onyx/venv/lib/python3.12/site-packages/telebot/__init__.py", line 1273, in __threaded_polling
    polling_thread.raise_exceptions()
  File "/root/onyx/venv/lib/python3.12/site-packages/telebot/util.py", line 116, in raise_exceptions
    raise self.exception_info
  File "/root/onyx/venv/lib/python3.12/site-packages/telebot/util.py", line 98, in run
    task(*args, **kwargs)
  File "/root/onyx/venv/lib/python3.12/site-packages/telebot/__init__.py", line 691, in __retrieve_updates
    updates = self.get_updates(offset=(self.last_update_id + 1),
              ^^^^^^^^^^^^^^^^^^^^^^^^^^^^^^^^^^^^^^^^^^^^^^^^^^
  File "/root/onyx/venv/lib/python3.12/site-packages/telebot/__init__.py", line 663, in get_updates
    json_updates = apihelper.get_updates(
                   ^^^^^^^^^^^^^^^^^^^^^^
  File "/root/onyx/venv/lib/python3.12/site-packages/telebot/apihelper.py", line 382, in get_updates
    return _make_request(token, method_url, params=payload)
           ^^^^^^^^^^^^^^^^^^^^^^^^^^^^^^^^^^^^^^^^^^^^^^^^
  File "/root/onyx/venv/lib/python3.12/site-packages/telebot/apihelper.py", line 168, in _make_request
    json_result = _check_result(method_name, result)
                  ^^^^^^^^^^^^^^^^^^^^^^^^^^^^^^^^^^
  File "/root/onyx/venv/lib/python3.12/site-packages/telebot/apihelper.py", line 197, in _check_result
    raise ApiTelegramException(method_name, result, result_json)
telebot.apihelper.ApiTelegramException: A request to the Telegram API was unsuccessful. Error code: 409. Description: Conflict: terminated by other getUpdates request; make sure that only one bot instance is running
"
2026-09-08 10:26:04,736 (__init__.py:1280 MainThread) ERROR - TeleBot: "Threaded polling exception: A request to the Telegram API was unsuccessful. Error code: 409. Description: Conflict: terminated by other getUpdates request; make sure that only one bot instance is running"
2026-09-08 10:26:04,738 (__init__.py:1282 MainThread) ERROR - TeleBot: "Exception traceback:
Traceback (most recent call last):
  File "/root/onyx/venv/lib/python3.12/site-packages/telebot/__init__.py", line 1273, in __threaded_polling
    polling_thread.raise_exceptions()
  File "/root/onyx/venv/lib/python3.12/site-packages/telebot/util.py", line 116, in raise_exceptions
    raise self.exception_info
  File "/root/onyx/venv/lib/python3.12/site-packages/telebot/util.py", line 98, in run
    task(*args, **kwargs)
  File "/root/onyx/venv/lib/python3.12/site-packages/telebot/__init__.py", line 691, in __retrieve_updates
    updates = self.get_updates(offset=(self.last_update_id + 1),
              ^^^^^^^^^^^^^^^^^^^^^^^^^^^^^^^^^^^^^^^^^^^^^^^^^^
  File "/root/onyx/venv/lib/python3.12/site-packages/telebot/__init__.py", line 663, in get_updates
    json_updates = apihelper.get_updates(
                   ^^^^^^^^^^^^^^^^^^^^^^
  File "/root/onyx/venv/lib/python3.12/site-packages/telebot/apihelper.py", line 382, in get_updates
    return _make_request(token, method_url, params=payload)
           ^^^^^^^^^^^^^^^^^^^^^^^^^^^^^^^^^^^^^^^^^^^^^^^^
  File "/root/onyx/venv/lib/python3.12/site-packages/telebot/apihelper.py", line 168, in _make_request
    json_result = _check_result(method_name, result)
                  ^^^^^^^^^^^^^^^^^^^^^^^^^^^^^^^^^^
  File "/root/onyx/venv/lib/python3.12/site-packages/telebot/apihelper.py", line 197, in _check_result
    raise ApiTelegramException(method_name, result, result_json)
telebot.apihelper.ApiTelegramException: A request to the Telegram API was unsuccessful. Error code: 409. Description: Conflict: terminated by other getUpdates request; make sure that only one bot instance is running
"
2026-09-08 10:27:08,031 (__init__.py:1280 MainThread) ERROR - TeleBot: "Threaded polling exception: A request to the Telegram API was unsuccessful. Error code: 409. Description: Conflict: terminated by other getUpdates request; make sure that only one bot instance is running"
2026-09-08 10:27:08,032 (__init__.py:1282 MainThread) ERROR - TeleBot: "Exception traceback:
Traceback (most recent call last):
  File "/root/onyx/venv/lib/python3.12/site-packages/telebot/__init__.py", line 1273, in __threaded_polling
    polling_thread.raise_exceptions()
  File "/root/onyx/venv/lib/python3.12/site-packages/telebot/util.py", line 116, in raise_exceptions
    raise self.exception_info
  File "/root/onyx/venv/lib/python3.12/site-packages/telebot/util.py", line 98, in run
    task(*args, **kwargs)
  File "/root/onyx/venv/lib/python3.12/site-packages/telebot/__init__.py", line 691, in __retrieve_updates
    updates = self.get_updates(offset=(self.last_update_id + 1),
              ^^^^^^^^^^^^^^^^^^^^^^^^^^^^^^^^^^^^^^^^^^^^^^^^^^
  File "/root/onyx/venv/lib/python3.12/site-packages/telebot/__init__.py", line 663, in get_updates
    json_updates = apihelper.get_updates(
                   ^^^^^^^^^^^^^^^^^^^^^^
  File "/root/onyx/venv/lib/python3.12/site-packages/telebot/apihelper.py", line 382, in get_updates
    return _make_request(token, method_url, params=payload)
           ^^^^^^^^^^^^^^^^^^^^^^^^^^^^^^^^^^^^^^^^^^^^^^^^
  File "/root/onyx/venv/lib/python3.12/site-packages/telebot/apihelper.py", line 168, in _make_request
    json_result = _check_result(method_name, result)
                  ^^^^^^^^^^^^^^^^^^^^^^^^^^^^^^^^^^
  File "/root/onyx/venv/lib/python3.12/site-packages/telebot/apihelper.py", line 197, in _check_result
    raise ApiTelegramException(method_name, result, result_json)
telebot.apihelper.ApiTelegramException: A request to the Telegram API was unsuccessful. Error code: 409. Description: Conflict: terminated by other getUpdates request; make sure that only one bot instance is running
"
2026-09-08 10:28:11,319 (__init__.py:1280 MainThread) ERROR - TeleBot: "Threaded polling exception: A request to the Telegram API was unsuccessful. Error code: 409. Description: Conflict: terminated by other getUpdates request; make sure that only one bot instance is running"
2026-09-08 10:28:11,321 (__init__.py:1282 MainThread) ERROR - TeleBot: "Exception traceback:
Traceback (most recent call last):
  File "/root/onyx/venv/lib/python3.12/site-packages/telebot/__init__.py", line 1273, in __threaded_polling
    polling_thread.raise_exceptions()
  File "/root/onyx/venv/lib/python3.12/site-packages/telebot/util.py", line 116, in raise_exceptions
    raise self.exception_info
  File "/root/onyx/venv/lib/python3.12/site-packages/telebot/util.py", line 98, in run
    task(*args, **kwargs)
  File "/root/onyx/venv/lib/python3.12/site-packages/telebot/__init__.py", line 691, in __retrieve_updates
    updates = self.get_updates(offset=(self.last_update_id + 1),
              ^^^^^^^^^^^^^^^^^^^^^^^^^^^^^^^^^^^^^^^^^^^^^^^^^^
  File "/root/onyx/venv/lib/python3.12/site-packages/telebot/__init__.py", line 663, in get_updates
    json_updates = apihelper.get_updates(
                   ^^^^^^^^^^^^^^^^^^^^^^
  File "/root/onyx/venv/lib/python3.12/site-packages/telebot/apihelper.py", line 382, in get_updates
    return _make_request(token, method_url, params=payload)
           ^^^^^^^^^^^^^^^^^^^^^^^^^^^^^^^^^^^^^^^^^^^^^^^^
  File "/root/onyx/venv/lib/python3.12/site-packages/telebot/apihelper.py", line 168, in _make_request
    json_result = _check_result(method_name, result)
                  ^^^^^^^^^^^^^^^^^^^^^^^^^^^^^^^^^^
  File "/root/onyx/venv/lib/python3.12/site-packages/telebot/apihelper.py", line 197, in _check_result
    raise ApiTelegramException(method_name, result, result_json)
telebot.apihelper.ApiTelegramException: A request to the Telegram API was unsuccessful. Error code: 409. Description: Conflict: terminated by other getUpdates request; make sure that only one bot instance is running
"
2026-09-08 10:29:14,710 (__init__.py:1280 MainThread) ERROR - TeleBot: "Threaded polling exception: A request to the Telegram API was unsuccessful. Error code: 409. Description: Conflict: terminated by other getUpdates request; make sure that only one bot instance is running"
2026-09-08 10:29:14,711 (__init__.py:1282 MainThread) ERROR - TeleBot: "Exception traceback:
Traceback (most recent call last):
  File "/root/onyx/venv/lib/python3.12/site-packages/telebot/__init__.py", line 1273, in __threaded_polling
    polling_thread.raise_exceptions()
  File "/root/onyx/venv/lib/python3.12/site-packages/telebot/util.py", line 116, in raise_exceptions
    raise self.exception_info
  File "/root/onyx/venv/lib/python3.12/site-packages/telebot/util.py", line 98, in run
    task(*args, **kwargs)
  File "/root/onyx/venv/lib/python3.12/site-packages/telebot/__init__.py", line 691, in __retrieve_updates
    updates = self.get_updates(offset=(self.last_update_id + 1),
              ^^^^^^^^^^^^^^^^^^^^^^^^^^^^^^^^^^^^^^^^^^^^^^^^^^
  File "/root/onyx/venv/lib/python3.12/site-packages/telebot/__init__.py", line 663, in get_updates
    json_updates = apihelper.get_updates(
                   ^^^^^^^^^^^^^^^^^^^^^^
  File "/root/onyx/venv/lib/python3.12/site-packages/telebot/apihelper.py", line 382, in get_updates
    return _make_request(token, method_url, params=payload)
           ^^^^^^^^^^^^^^^^^^^^^^^^^^^^^^^^^^^^^^^^^^^^^^^^
  File "/root/onyx/venv/lib/python3.12/site-packages/telebot/apihelper.py", line 168, in _make_request
    json_result = _check_result(method_name, result)
                  ^^^^^^^^^^^^^^^^^^^^^^^^^^^^^^^^^^
  File "/root/onyx/venv/lib/python3.12/site-packages/telebot/apihelper.py", line 197, in _check_result
    raise ApiTelegramException(method_name, result, result_json)
telebot.apihelper.ApiTelegramException: A request to the Telegram API was unsuccessful. Error code: 409. Description: Conflict: terminated by other getUpdates request; make sure that only one bot instance is running
"
2026-09-08 10:30:18,009 (__init__.py:1280 MainThread) ERROR - TeleBot: "Threaded polling exception: A request to the Telegram API was unsuccessful. Error code: 409. Description: Conflict: terminated by other getUpdates request; make sure that only one bot instance is running"
2026-09-08 10:30:18,010 (__init__.py:1282 MainThread) ERROR - TeleBot: "Exception traceback:
Traceback (most recent call last):
  File "/root/onyx/venv/lib/python3.12/site-packages/telebot/__init__.py", line 1273, in __threaded_polling
    polling_thread.raise_exceptions()
  File "/root/onyx/venv/lib/python3.12/site-packages/telebot/util.py", line 116, in raise_exceptions
    raise self.exception_info
  File "/root/onyx/venv/lib/python3.12/site-packages/telebot/util.py", line 98, in run
    task(*args, **kwargs)
  File "/root/onyx/venv/lib/python3.12/site-packages/telebot/__init__.py", line 691, in __retrieve_updates
    updates = self.get_updates(offset=(self.last_update_id + 1),
              ^^^^^^^^^^^^^^^^^^^^^^^^^^^^^^^^^^^^^^^^^^^^^^^^^^
  File "/root/onyx/venv/lib/python3.12/site-packages/telebot/__init__.py", line 663, in get_updates
    json_updates = apihelper.get_updates(
                   ^^^^^^^^^^^^^^^^^^^^^^
  File "/root/onyx/venv/lib/python3.12/site-packages/telebot/apihelper.py", line 382, in get_updates
    return _make_request(token, method_url, params=payload)
           ^^^^^^^^^^^^^^^^^^^^^^^^^^^^^^^^^^^^^^^^^^^^^^^^
  File "/root/onyx/venv/lib/python3.12/site-packages/telebot/apihelper.py", line 168, in _make_request
    json_result = _check_result(method_name, result)
                  ^^^^^^^^^^^^^^^^^^^^^^^^^^^^^^^^^^
  File "/root/onyx/venv/lib/python3.12/site-packages/telebot/apihelper.py", line 197, in _check_result
    raise ApiTelegramException(method_name, result, result_json)
telebot.apihelper.ApiTelegramException: A request to the Telegram API was unsuccessful. Error code: 409. Description: Conflict: terminated by other getUpdates request; make sure that only one bot instance is running
"
2026-09-08 10:31:21,295 (__init__.py:1280 MainThread) ERROR - TeleBot: "Threaded polling exception: A request to the Telegram API was unsuccessful. Error code: 409. Description: Conflict: terminated by other getUpdates request; make sure that only one bot instance is running"
2026-09-08 10:31:21,296 (__init__.py:1282 MainThread) ERROR - TeleBot: "Exception traceback:
Traceback (most recent call last):
  File "/root/onyx/venv/lib/python3.12/site-packages/telebot/__init__.py", line 1273, in __threaded_polling
    polling_thread.raise_exceptions()
  File "/root/onyx/venv/lib/python3.12/site-packages/telebot/util.py", line 116, in raise_exceptions
    raise self.exception_info
  File "/root/onyx/venv/lib/python3.12/site-packages/telebot/util.py", line 98, in run
    task(*args, **kwargs)
  File "/root/onyx/venv/lib/python3.12/site-packages/telebot/__init__.py", line 691, in __retrieve_updates
    updates = self.get_updates(offset=(self.last_update_id + 1),
              ^^^^^^^^^^^^^^^^^^^^^^^^^^^^^^^^^^^^^^^^^^^^^^^^^^
  File "/root/onyx/venv/lib/python3.12/site-packages/telebot/__init__.py", line 663, in get_updates
    json_updates = apihelper.get_updates(
                   ^^^^^^^^^^^^^^^^^^^^^^
  File "/root/onyx/venv/lib/python3.12/site-packages/telebot/apihelper.py", line 382, in get_updates
    return _make_request(token, method_url, params=payload)
           ^^^^^^^^^^^^^^^^^^^^^^^^^^^^^^^^^^^^^^^^^^^^^^^^
  File "/root/onyx/venv/lib/python3.12/site-packages/telebot/apihelper.py", line 168, in _make_request
    json_result = _check_result(method_name, result)
                  ^^^^^^^^^^^^^^^^^^^^^^^^^^^^^^^^^^
  File "/root/onyx/venv/lib/python3.12/site-packages/telebot/apihelper.py", line 197, in _check_result
    raise ApiTelegramException(method_name, result, result_json)
telebot.apihelper.ApiTelegramException: A request to the Telegram API was unsuccessful. Error code: 409. Description: Conflict: terminated by other getUpdates request; make sure that only one bot instance is running
"
2026-09-08 10:32:24,578 (__init__.py:1280 MainThread) ERROR - TeleBot: "Threaded polling exception: A request to the Telegram API was unsuccessful. Error code: 409. Description: Conflict: terminated by other getUpdates request; make sure that only one bot instance is running"
2026-09-08 10:32:24,579 (__init__.py:1282 MainThread) ERROR - TeleBot: "Exception traceback:
Traceback (most recent call last):
  File "/root/onyx/venv/lib/python3.12/site-packages/telebot/__init__.py", line 1273, in __threaded_polling
    polling_thread.raise_exceptions()
  File "/root/onyx/venv/lib/python3.12/site-packages/telebot/util.py", line 116, in raise_exceptions
    raise self.exception_info
  File "/root/onyx/venv/lib/python3.12/site-packages/telebot/util.py", line 98, in run
    task(*args, **kwargs)
  File "/root/onyx/venv/lib/python3.12/site-packages/telebot/__init__.py", line 691, in __retrieve_updates
    updates = self.get_updates(offset=(self.last_update_id + 1),
              ^^^^^^^^^^^^^^^^^^^^^^^^^^^^^^^^^^^^^^^^^^^^^^^^^^
  File "/root/onyx/venv/lib/python3.12/site-packages/telebot/__init__.py", line 663, in get_updates
    json_updates = apihelper.get_updates(
                   ^^^^^^^^^^^^^^^^^^^^^^
  File "/root/onyx/venv/lib/python3.12/site-packages/telebot/apihelper.py", line 382, in get_updates
    return _make_request(token, method_url, params=payload)
           ^^^^^^^^^^^^^^^^^^^^^^^^^^^^^^^^^^^^^^^^^^^^^^^^
  File "/root/onyx/venv/lib/python3.12/site-packages/telebot/apihelper.py", line 168, in _make_request
    json_result = _check_result(method_name, result)
                  ^^^^^^^^^^^^^^^^^^^^^^^^^^^^^^^^^^
  File "/root/onyx/venv/lib/python3.12/site-packages/telebot/apihelper.py", line 197, in _check_result
    raise ApiTelegramException(method_name, result, result_json)
telebot.apihelper.ApiTelegramException: A request to the Telegram API was unsuccessful. Error code: 409. Description: Conflict: terminated by other getUpdates request; make sure that only one bot instance is running
"
2026-09-08 10:33:27,877 (__init__.py:1280 MainThread) ERROR - TeleBot: "Threaded polling exception: A request to the Telegram API was unsuccessful. Error code: 409. Description: Conflict: terminated by other getUpdates request; make sure that only one bot instance is running"
2026-09-08 10:33:27,878 (__init__.py:1282 MainThread) ERROR - TeleBot: "Exception traceback:
Traceback (most recent call last):
  File "/root/onyx/venv/lib/python3.12/site-packages/telebot/__init__.py", line 1273, in __threaded_polling
    polling_thread.raise_exceptions()
  File "/root/onyx/venv/lib/python3.12/site-packages/telebot/util.py", line 116, in raise_exceptions
    raise self.exception_info
  File "/root/onyx/venv/lib/python3.12/site-packages/telebot/util.py", line 98, in run
    task(*args, **kwargs)
  File "/root/onyx/venv/lib/python3.12/site-packages/telebot/__init__.py", line 691, in __retrieve_updates
    updates = self.get_updates(offset=(self.last_update_id + 1),
              ^^^^^^^^^^^^^^^^^^^^^^^^^^^^^^^^^^^^^^^^^^^^^^^^^^
  File "/root/onyx/venv/lib/python3.12/site-packages/telebot/__init__.py", line 663, in get_updates
    json_updates = apihelper.get_updates(
                   ^^^^^^^^^^^^^^^^^^^^^^
  File "/root/onyx/venv/lib/python3.12/site-packages/telebot/apihelper.py", line 382, in get_updates
    return _make_request(token, method_url, params=payload)
           ^^^^^^^^^^^^^^^^^^^^^^^^^^^^^^^^^^^^^^^^^^^^^^^^
  File "/root/onyx/venv/lib/python3.12/site-packages/telebot/apihelper.py", line 168, in _make_request
    json_result = _check_result(method_name, result)
                  ^^^^^^^^^^^^^^^^^^^^^^^^^^^^^^^^^^
  File "/root/onyx/venv/lib/python3.12/site-packages/telebot/apihelper.py", line 197, in _check_result
    raise ApiTelegramException(method_name, result, result_json)
telebot.apihelper.ApiTelegramException: A request to the Telegram API was unsuccessful. Error code: 409. Description: Conflict: terminated by other getUpdates request; make sure that only one bot instance is running
"
2026-09-08 10:34:31,169 (__init__.py:1280 MainThread) ERROR - TeleBot: "Threaded polling exception: A request to the Telegram API was unsuccessful. Error code: 409. Description: Conflict: terminated by other getUpdates request; make sure that only one bot instance is running"
2026-09-08 10:34:31,170 (__init__.py:1282 MainThread) ERROR - TeleBot: "Exception traceback:
Traceback (most recent call last):
  File "/root/onyx/venv/lib/python3.12/site-packages/telebot/__init__.py", line 1273, in __threaded_polling
    polling_thread.raise_exceptions()
  File "/root/onyx/venv/lib/python3.12/site-packages/telebot/util.py", line 116, in raise_exceptions
    raise self.exception_info
  File "/root/onyx/venv/lib/python3.12/site-packages/telebot/util.py", line 98, in run
    task(*args, **kwargs)
  File "/root/onyx/venv/lib/python3.12/site-packages/telebot/__init__.py", line 691, in __retrieve_updates
    updates = self.get_updates(offset=(self.last_update_id + 1),
              ^^^^^^^^^^^^^^^^^^^^^^^^^^^^^^^^^^^^^^^^^^^^^^^^^^
  File "/root/onyx/venv/lib/python3.12/site-packages/telebot/__init__.py", line 663, in get_updates
    json_updates = apihelper.get_updates(
                   ^^^^^^^^^^^^^^^^^^^^^^
  File "/root/onyx/venv/lib/python3.12/site-packages/telebot/apihelper.py", line 382, in get_updates
    return _make_request(token, method_url, params=payload)
           ^^^^^^^^^^^^^^^^^^^^^^^^^^^^^^^^^^^^^^^^^^^^^^^^
  File "/root/onyx/venv/lib/python3.12/site-packages/telebot/apihelper.py", line 168, in _make_request
    json_result = _check_result(method_name, result)
                  ^^^^^^^^^^^^^^^^^^^^^^^^^^^^^^^^^^
  File "/root/onyx/venv/lib/python3.12/site-packages/telebot/apihelper.py", line 197, in _check_result
    raise ApiTelegramException(method_name, result, result_json)
telebot.apihelper.ApiTelegramException: A request to the Telegram API was unsuccessful. Error code: 409. Description: Conflict: terminated by other getUpdates request; make sure that only one bot instance is running
"
2026-09-08 10:35:34,456 (__init__.py:1280 MainThread) ERROR - TeleBot: "Threaded polling exception: A request to the Telegram API was unsuccessful. Error code: 409. Description: Conflict: terminated by other getUpdates request; make sure that only one bot instance is running"
2026-09-08 10:35:34,458 (__init__.py:1282 MainThread) ERROR - TeleBot: "Exception traceback:
Traceback (most recent call last):
  File "/root/onyx/venv/lib/python3.12/site-packages/telebot/__init__.py", line 1273, in __threaded_polling
    polling_thread.raise_exceptions()
  File "/root/onyx/venv/lib/python3.12/site-packages/telebot/util.py", line 116, in raise_exceptions
    raise self.exception_info
  File "/root/onyx/venv/lib/python3.12/site-packages/telebot/util.py", line 98, in run
    task(*args, **kwargs)
  File "/root/onyx/venv/lib/python3.12/site-packages/telebot/__init__.py", line 691, in __retrieve_updates
    updates = self.get_updates(offset=(self.last_update_id + 1),
              ^^^^^^^^^^^^^^^^^^^^^^^^^^^^^^^^^^^^^^^^^^^^^^^^^^
  File "/root/onyx/venv/lib/python3.12/site-packages/telebot/__init__.py", line 663, in get_updates
    json_updates = apihelper.get_updates(
                   ^^^^^^^^^^^^^^^^^^^^^^
  File "/root/onyx/venv/lib/python3.12/site-packages/telebot/apihelper.py", line 382, in get_updates
    return _make_request(token, method_url, params=payload)
           ^^^^^^^^^^^^^^^^^^^^^^^^^^^^^^^^^^^^^^^^^^^^^^^^
  File "/root/onyx/venv/lib/python3.12/site-packages/telebot/apihelper.py", line 168, in _make_request
    json_result = _check_result(method_name, result)
                  ^^^^^^^^^^^^^^^^^^^^^^^^^^^^^^^^^^
  File "/root/onyx/venv/lib/python3.12/site-packages/telebot/apihelper.py", line 197, in _check_result
    raise ApiTelegramException(method_name, result, result_json)
telebot.apihelper.ApiTelegramException: A request to the Telegram API was unsuccessful. Error code: 409. Description: Conflict: terminated by other getUpdates request; make sure that only one bot instance is running
"
2026-09-08 10:36:37,738 (__init__.py:1280 MainThread) ERROR - TeleBot: "Threaded polling exception: A request to the Telegram API was unsuccessful. Error code: 409. Description: Conflict: terminated by other getUpdates request; make sure that only one bot instance is running"
2026-09-08 10:36:37,739 (__init__.py:1282 MainThread) ERROR - TeleBot: "Exception traceback:
Traceback (most recent call last):
  File "/root/onyx/venv/lib/python3.12/site-packages/telebot/__init__.py", line 1273, in __threaded_polling
    polling_thread.raise_exceptions()
  File "/root/onyx/venv/lib/python3.12/site-packages/telebot/util.py", line 116, in raise_exceptions
    raise self.exception_info
  File "/root/onyx/venv/lib/python3.12/site-packages/telebot/util.py", line 98, in run
    task(*args, **kwargs)
  File "/root/onyx/venv/lib/python3.12/site-packages/telebot/__init__.py", line 691, in __retrieve_updates
    updates = self.get_updates(offset=(self.last_update_id + 1),
              ^^^^^^^^^^^^^^^^^^^^^^^^^^^^^^^^^^^^^^^^^^^^^^^^^^
  File "/root/onyx/venv/lib/python3.12/site-packages/telebot/__init__.py", line 663, in get_updates
    json_updates = apihelper.get_updates(
                   ^^^^^^^^^^^^^^^^^^^^^^
  File "/root/onyx/venv/lib/python3.12/site-packages/telebot/apihelper.py", line 382, in get_updates
    return _make_request(token, method_url, params=payload)
           ^^^^^^^^^^^^^^^^^^^^^^^^^^^^^^^^^^^^^^^^^^^^^^^^
  File "/root/onyx/venv/lib/python3.12/site-packages/telebot/apihelper.py", line 168, in _make_request
    json_result = _check_result(method_name, result)
                  ^^^^^^^^^^^^^^^^^^^^^^^^^^^^^^^^^^
  File "/root/onyx/venv/lib/python3.12/site-packages/telebot/apihelper.py", line 197, in _check_result
    raise ApiTelegramException(method_name, result, result_json)
telebot.apihelper.ApiTelegramException: A request to the Telegram API was unsuccessful. Error code: 409. Description: Conflict: terminated by other getUpdates request; make sure that only one bot instance is running
"
2026-09-08 10:37:41,029 (__init__.py:1280 MainThread) ERROR - TeleBot: "Threaded polling exception: A request to the Telegram API was unsuccessful. Error code: 409. Description: Conflict: terminated by other getUpdates request; make sure that only one bot instance is running"
2026-09-08 10:37:41,030 (__init__.py:1282 MainThread) ERROR - TeleBot: "Exception traceback:
Traceback (most recent call last):
  File "/root/onyx/venv/lib/python3.12/site-packages/telebot/__init__.py", line 1273, in __threaded_polling
    polling_thread.raise_exceptions()
  File "/root/onyx/venv/lib/python3.12/site-packages/telebot/util.py", line 116, in raise_exceptions
    raise self.exception_info
  File "/root/onyx/venv/lib/python3.12/site-packages/telebot/util.py", line 98, in run
    task(*args, **kwargs)
  File "/root/onyx/venv/lib/python3.12/site-packages/telebot/__init__.py", line 691, in __retrieve_updates
    updates = self.get_updates(offset=(self.last_update_id + 1),
              ^^^^^^^^^^^^^^^^^^^^^^^^^^^^^^^^^^^^^^^^^^^^^^^^^^
  File "/root/onyx/venv/lib/python3.12/site-packages/telebot/__init__.py", line 663, in get_updates
    json_updates = apihelper.get_updates(
                   ^^^^^^^^^^^^^^^^^^^^^^
  File "/root/onyx/venv/lib/python3.12/site-packages/telebot/apihelper.py", line 382, in get_updates
    return _make_request(token, method_url, params=payload)
           ^^^^^^^^^^^^^^^^^^^^^^^^^^^^^^^^^^^^^^^^^^^^^^^^
  File "/root/onyx/venv/lib/python3.12/site-packages/telebot/apihelper.py", line 168, in _make_request
    json_result = _check_result(method_name, result)
                  ^^^^^^^^^^^^^^^^^^^^^^^^^^^^^^^^^^
  File "/root/onyx/venv/lib/python3.12/site-packages/telebot/apihelper.py", line 197, in _check_result
    raise ApiTelegramException(method_name, result, result_json)
telebot.apihelper.ApiTelegramException: A request to the Telegram API was unsuccessful. Error code: 409. Description: Conflict: terminated by other getUpdates request; make sure that only one bot instance is running
"
2026-09-08 10:38:44,311 (__init__.py:1280 MainThread) ERROR - TeleBot: "Threaded polling exception: A request to the Telegram API was unsuccessful. Error code: 409. Description: Conflict: terminated by other getUpdates request; make sure that only one bot instance is running"
2026-09-08 10:38:44,312 (__init__.py:1282 MainThread) ERROR - TeleBot: "Exception traceback:
Traceback (most recent call last):
  File "/root/onyx/venv/lib/python3.12/site-packages/telebot/__init__.py", line 1273, in __threaded_polling
    polling_thread.raise_exceptions()
  File "/root/onyx/venv/lib/python3.12/site-packages/telebot/util.py", line 116, in raise_exceptions
    raise self.exception_info
  File "/root/onyx/venv/lib/python3.12/site-packages/telebot/util.py", line 98, in run
    task(*args, **kwargs)
  File "/root/onyx/venv/lib/python3.12/site-packages/telebot/__init__.py", line 691, in __retrieve_updates
    updates = self.get_updates(offset=(self.last_update_id + 1),
              ^^^^^^^^^^^^^^^^^^^^^^^^^^^^^^^^^^^^^^^^^^^^^^^^^^
  File "/root/onyx/venv/lib/python3.12/site-packages/telebot/__init__.py", line 663, in get_updates
    json_updates = apihelper.get_updates(
                   ^^^^^^^^^^^^^^^^^^^^^^
  File "/root/onyx/venv/lib/python3.12/site-packages/telebot/apihelper.py", line 382, in get_updates
    return _make_request(token, method_url, params=payload)
           ^^^^^^^^^^^^^^^^^^^^^^^^^^^^^^^^^^^^^^^^^^^^^^^^
  File "/root/onyx/venv/lib/python3.12/site-packages/telebot/apihelper.py", line 168, in _make_request
    json_result = _check_result(method_name, result)
                  ^^^^^^^^^^^^^^^^^^^^^^^^^^^^^^^^^^
  File "/root/onyx/venv/lib/python3.12/site-packages/telebot/apihelper.py", line 197, in _check_result
    raise ApiTelegramException(method_name, result, result_json)
telebot.apihelper.ApiTelegramException: A request to the Telegram API was unsuccessful. Error code: 409. Description: Conflict: terminated by other getUpdates request; make sure that only one bot instance is running
"
2026-09-08 10:39:47,682 (__init__.py:1280 MainThread) ERROR - TeleBot: "Threaded polling exception: A request to the Telegram API was unsuccessful. Error code: 409. Description: Conflict: terminated by other getUpdates request; make sure that only one bot instance is running"
2026-09-08 10:39:47,684 (__init__.py:1282 MainThread) ERROR - TeleBot: "Exception traceback:
Traceback (most recent call last):
  File "/root/onyx/venv/lib/python3.12/site-packages/telebot/__init__.py", line 1273, in __threaded_polling
    polling_thread.raise_exceptions()
  File "/root/onyx/venv/lib/python3.12/site-packages/telebot/util.py", line 116, in raise_exceptions
    raise self.exception_info
  File "/root/onyx/venv/lib/python3.12/site-packages/telebot/util.py", line 98, in run
    task(*args, **kwargs)
  File "/root/onyx/venv/lib/python3.12/site-packages/telebot/__init__.py", line 691, in __retrieve_updates
    updates = self.get_updates(offset=(self.last_update_id + 1),
              ^^^^^^^^^^^^^^^^^^^^^^^^^^^^^^^^^^^^^^^^^^^^^^^^^^
  File "/root/onyx/venv/lib/python3.12/site-packages/telebot/__init__.py", line 663, in get_updates
    json_updates = apihelper.get_updates(
                   ^^^^^^^^^^^^^^^^^^^^^^
  File "/root/onyx/venv/lib/python3.12/site-packages/telebot/apihelper.py", line 382, in get_updates
    return _make_request(token, method_url, params=payload)
           ^^^^^^^^^^^^^^^^^^^^^^^^^^^^^^^^^^^^^^^^^^^^^^^^
  File "/root/onyx/venv/lib/python3.12/site-packages/telebot/apihelper.py", line 168, in _make_request
    json_result = _check_result(method_name, result)
                  ^^^^^^^^^^^^^^^^^^^^^^^^^^^^^^^^^^
  File "/root/onyx/venv/lib/python3.12/site-packages/telebot/apihelper.py", line 197, in _check_result
    raise ApiTelegramException(method_name, result, result_json)
telebot.apihelper.ApiTelegramException: A request to the Telegram API was unsuccessful. Error code: 409. Description: Conflict: terminated by other getUpdates request; make sure that only one bot instance is running
"
2026-09-08 10:40:50,961 (__init__.py:1280 MainThread) ERROR - TeleBot: "Threaded polling exception: A request to the Telegram API was unsuccessful. Error code: 409. Description: Conflict: terminated by other getUpdates request; make sure that only one bot instance is running"
2026-09-08 10:40:50,963 (__init__.py:1282 MainThread) ERROR - TeleBot: "Exception traceback:
Traceback (most recent call last):
  File "/root/onyx/venv/lib/python3.12/site-packages/telebot/__init__.py", line 1273, in __threaded_polling
    polling_thread.raise_exceptions()
  File "/root/onyx/venv/lib/python3.12/site-packages/telebot/util.py", line 116, in raise_exceptions
    raise self.exception_info
  File "/root/onyx/venv/lib/python3.12/site-packages/telebot/util.py", line 98, in run
    task(*args, **kwargs)
  File "/root/onyx/venv/lib/python3.12/site-packages/telebot/__init__.py", line 691, in __retrieve_updates
    updates = self.get_updates(offset=(self.last_update_id + 1),
              ^^^^^^^^^^^^^^^^^^^^^^^^^^^^^^^^^^^^^^^^^^^^^^^^^^
  File "/root/onyx/venv/lib/python3.12/site-packages/telebot/__init__.py", line 663, in get_updates
    json_updates = apihelper.get_updates(
                   ^^^^^^^^^^^^^^^^^^^^^^
  File "/root/onyx/venv/lib/python3.12/site-packages/telebot/apihelper.py", line 382, in get_updates
    return _make_request(token, method_url, params=payload)
           ^^^^^^^^^^^^^^^^^^^^^^^^^^^^^^^^^^^^^^^^^^^^^^^^
  File "/root/onyx/venv/lib/python3.12/site-packages/telebot/apihelper.py", line 168, in _make_request
    json_result = _check_result(method_name, result)
                  ^^^^^^^^^^^^^^^^^^^^^^^^^^^^^^^^^^
  File "/root/onyx/venv/lib/python3.12/site-packages/telebot/apihelper.py", line 197, in _check_result
    raise ApiTelegramException(method_name, result, result_json)
telebot.apihelper.ApiTelegramException: A request to the Telegram API was unsuccessful. Error code: 409. Description: Conflict: terminated by other getUpdates request; make sure that only one bot instance is running
"
2026-09-08 10:41:54,237 (__init__.py:1280 MainThread) ERROR - TeleBot: "Threaded polling exception: A request to the Telegram API was unsuccessful. Error code: 409. Description: Conflict: terminated by other getUpdates request; make sure that only one bot instance is running"
2026-09-08 10:41:54,238 (__init__.py:1282 MainThread) ERROR - TeleBot: "Exception traceback:
Traceback (most recent call last):
  File "/root/onyx/venv/lib/python3.12/site-packages/telebot/__init__.py", line 1273, in __threaded_polling
    polling_thread.raise_exceptions()
  File "/root/onyx/venv/lib/python3.12/site-packages/telebot/util.py", line 116, in raise_exceptions
    raise self.exception_info
  File "/root/onyx/venv/lib/python3.12/site-packages/telebot/util.py", line 98, in run
    task(*args, **kwargs)
  File "/root/onyx/venv/lib/python3.12/site-packages/telebot/__init__.py", line 691, in __retrieve_updates
    updates = self.get_updates(offset=(self.last_update_id + 1),
              ^^^^^^^^^^^^^^^^^^^^^^^^^^^^^^^^^^^^^^^^^^^^^^^^^^
  File "/root/onyx/venv/lib/python3.12/site-packages/telebot/__init__.py", line 663, in get_updates
    json_updates = apihelper.get_updates(
                   ^^^^^^^^^^^^^^^^^^^^^^
  File "/root/onyx/venv/lib/python3.12/site-packages/telebot/apihelper.py", line 382, in get_updates
    return _make_request(token, method_url, params=payload)
           ^^^^^^^^^^^^^^^^^^^^^^^^^^^^^^^^^^^^^^^^^^^^^^^^
  File "/root/onyx/venv/lib/python3.12/site-packages/telebot/apihelper.py", line 168, in _make_request
    json_result = _check_result(method_name, result)
                  ^^^^^^^^^^^^^^^^^^^^^^^^^^^^^^^^^^
  File "/root/onyx/venv/lib/python3.12/site-packages/telebot/apihelper.py", line 197, in _check_result
    raise ApiTelegramException(method_name, result, result_json)
telebot.apihelper.ApiTelegramException: A request to the Telegram API was unsuccessful. Error code: 409. Description: Conflict: terminated by other getUpdates request; make sure that only one bot instance is running
"
2026-09-08 10:42:57,515 (__init__.py:1280 MainThread) ERROR - TeleBot: "Threaded polling exception: A request to the Telegram API was unsuccessful. Error code: 409. Description: Conflict: terminated by other getUpdates request; make sure that only one bot instance is running"
2026-09-08 10:42:57,516 (__init__.py:1282 MainThread) ERROR - TeleBot: "Exception traceback:
Traceback (most recent call last):
  File "/root/onyx/venv/lib/python3.12/site-packages/telebot/__init__.py", line 1273, in __threaded_polling
    polling_thread.raise_exceptions()
  File "/root/onyx/venv/lib/python3.12/site-packages/telebot/util.py", line 116, in raise_exceptions
    raise self.exception_info
  File "/root/onyx/venv/lib/python3.12/site-packages/telebot/util.py", line 98, in run
    task(*args, **kwargs)
  File "/root/onyx/venv/lib/python3.12/site-packages/telebot/__init__.py", line 691, in __retrieve_updates
    updates = self.get_updates(offset=(self.last_update_id + 1),
              ^^^^^^^^^^^^^^^^^^^^^^^^^^^^^^^^^^^^^^^^^^^^^^^^^^
  File "/root/onyx/venv/lib/python3.12/site-packages/telebot/__init__.py", line 663, in get_updates
    json_updates = apihelper.get_updates(
                   ^^^^^^^^^^^^^^^^^^^^^^
  File "/root/onyx/venv/lib/python3.12/site-packages/telebot/apihelper.py", line 382, in get_updates
    return _make_request(token, method_url, params=payload)
           ^^^^^^^^^^^^^^^^^^^^^^^^^^^^^^^^^^^^^^^^^^^^^^^^
  File "/root/onyx/venv/lib/python3.12/site-packages/telebot/apihelper.py", line 168, in _make_request
    json_result = _check_result(method_name, result)
                  ^^^^^^^^^^^^^^^^^^^^^^^^^^^^^^^^^^
  File "/root/onyx/venv/lib/python3.12/site-packages/telebot/apihelper.py", line 197, in _check_result
    raise ApiTelegramException(method_name, result, result_json)
telebot.apihelper.ApiTelegramException: A request to the Telegram API was unsuccessful. Error code: 409. Description: Conflict: terminated by other getUpdates request; make sure that only one bot instance is running
"
2026-09-08 10:44:00,791 (__init__.py:1280 MainThread) ERROR - TeleBot: "Threaded polling exception: A request to the Telegram API was unsuccessful. Error code: 409. Description: Conflict: terminated by other getUpdates request; make sure that only one bot instance is running"
2026-09-08 10:44:00,793 (__init__.py:1282 MainThread) ERROR - TeleBot: "Exception traceback:
Traceback (most recent call last):
  File "/root/onyx/venv/lib/python3.12/site-packages/telebot/__init__.py", line 1273, in __threaded_polling
    polling_thread.raise_exceptions()
  File "/root/onyx/venv/lib/python3.12/site-packages/telebot/util.py", line 116, in raise_exceptions
    raise self.exception_info
  File "/root/onyx/venv/lib/python3.12/site-packages/telebot/util.py", line 98, in run
    task(*args, **kwargs)
  File "/root/onyx/venv/lib/python3.12/site-packages/telebot/__init__.py", line 691, in __retrieve_updates
    updates = self.get_updates(offset=(self.last_update_id + 1),
              ^^^^^^^^^^^^^^^^^^^^^^^^^^^^^^^^^^^^^^^^^^^^^^^^^^
  File "/root/onyx/venv/lib/python3.12/site-packages/telebot/__init__.py", line 663, in get_updates
    json_updates = apihelper.get_updates(
                   ^^^^^^^^^^^^^^^^^^^^^^
  File "/root/onyx/venv/lib/python3.12/site-packages/telebot/apihelper.py", line 382, in get_updates
    return _make_request(token, method_url, params=payload)
           ^^^^^^^^^^^^^^^^^^^^^^^^^^^^^^^^^^^^^^^^^^^^^^^^
  File "/root/onyx/venv/lib/python3.12/site-packages/telebot/apihelper.py", line 168, in _make_request
    json_result = _check_result(method_name, result)
                  ^^^^^^^^^^^^^^^^^^^^^^^^^^^^^^^^^^
  File "/root/onyx/venv/lib/python3.12/site-packages/telebot/apihelper.py", line 197, in _check_result
    raise ApiTelegramException(method_name, result, result_json)
telebot.apihelper.ApiTelegramException: A request to the Telegram API was unsuccessful. Error code: 409. Description: Conflict: terminated by other getUpdates request; make sure that only one bot instance is running
"
2026-09-08 10:45:04,074 (__init__.py:1280 MainThread) ERROR - TeleBot: "Threaded polling exception: A request to the Telegram API was unsuccessful. Error code: 409. Description: Conflict: terminated by other getUpdates request; make sure that only one bot instance is running"
2026-09-08 10:45:04,076 (__init__.py:1282 MainThread) ERROR - TeleBot: "Exception traceback:
Traceback (most recent call last):
  File "/root/onyx/venv/lib/python3.12/site-packages/telebot/__init__.py", line 1273, in __threaded_polling
    polling_thread.raise_exceptions()
  File "/root/onyx/venv/lib/python3.12/site-packages/telebot/util.py", line 116, in raise_exceptions
    raise self.exception_info
  File "/root/onyx/venv/lib/python3.12/site-packages/telebot/util.py", line 98, in run
    task(*args, **kwargs)
  File "/root/onyx/venv/lib/python3.12/site-packages/telebot/__init__.py", line 691, in __retrieve_updates
    updates = self.get_updates(offset=(self.last_update_id + 1),
              ^^^^^^^^^^^^^^^^^^^^^^^^^^^^^^^^^^^^^^^^^^^^^^^^^^
  File "/root/onyx/venv/lib/python3.12/site-packages/telebot/__init__.py", line 663, in get_updates
    json_updates = apihelper.get_updates(
                   ^^^^^^^^^^^^^^^^^^^^^^
  File "/root/onyx/venv/lib/python3.12/site-packages/telebot/apihelper.py", line 382, in get_updates
    return _make_request(token, method_url, params=payload)
           ^^^^^^^^^^^^^^^^^^^^^^^^^^^^^^^^^^^^^^^^^^^^^^^^
  File "/root/onyx/venv/lib/python3.12/site-packages/telebot/apihelper.py", line 168, in _make_request
    json_result = _check_result(method_name, result)
                  ^^^^^^^^^^^^^^^^^^^^^^^^^^^^^^^^^^
  File "/root/onyx/venv/lib/python3.12/site-packages/telebot/apihelper.py", line 197, in _check_result
    raise ApiTelegramException(method_name, result, result_json)
telebot.apihelper.ApiTelegramException: A request to the Telegram API was unsuccessful. Error code: 409. Description: Conflict: terminated by other getUpdates request; make sure that only one bot instance is running
"
2026-09-08 10:46:07,353 (__init__.py:1280 MainThread) ERROR - TeleBot: "Threaded polling exception: A request to the Telegram API was unsuccessful. Error code: 409. Description: Conflict: terminated by other getUpdates request; make sure that only one bot instance is running"
2026-09-08 10:46:07,355 (__init__.py:1282 MainThread) ERROR - TeleBot: "Exception traceback:
Traceback (most recent call last):
  File "/root/onyx/venv/lib/python3.12/site-packages/telebot/__init__.py", line 1273, in __threaded_polling
    polling_thread.raise_exceptions()
  File "/root/onyx/venv/lib/python3.12/site-packages/telebot/util.py", line 116, in raise_exceptions
    raise self.exception_info
  File "/root/onyx/venv/lib/python3.12/site-packages/telebot/util.py", line 98, in run
    task(*args, **kwargs)
  File "/root/onyx/venv/lib/python3.12/site-packages/telebot/__init__.py", line 691, in __retrieve_updates
    updates = self.get_updates(offset=(self.last_update_id + 1),
              ^^^^^^^^^^^^^^^^^^^^^^^^^^^^^^^^^^^^^^^^^^^^^^^^^^
  File "/root/onyx/venv/lib/python3.12/site-packages/telebot/__init__.py", line 663, in get_updates
    json_updates = apihelper.get_updates(
                   ^^^^^^^^^^^^^^^^^^^^^^
  File "/root/onyx/venv/lib/python3.12/site-packages/telebot/apihelper.py", line 382, in get_updates
    return _make_request(token, method_url, params=payload)
           ^^^^^^^^^^^^^^^^^^^^^^^^^^^^^^^^^^^^^^^^^^^^^^^^
  File "/root/onyx/venv/lib/python3.12/site-packages/telebot/apihelper.py", line 168, in _make_request
    json_result = _check_result(method_name, result)
                  ^^^^^^^^^^^^^^^^^^^^^^^^^^^^^^^^^^
  File "/root/onyx/venv/lib/python3.12/site-packages/telebot/apihelper.py", line 197, in _check_result
    raise ApiTelegramException(method_name, result, result_json)
telebot.apihelper.ApiTelegramException: A request to the Telegram API was unsuccessful. Error code: 409. Description: Conflict: terminated by other getUpdates request; make sure that only one bot instance is running
"
RROR - TeleBot: "Threaded polling exception: A request to the Telegram API was unsuccessful. Error code: 409. Description: Conflict: terminated by other getUpdates request; make sure that only one bot instance is running"
2026-09-08 10:27:11,300 (__init__.py:1282 MainThread) ERROR - TeleBot: "Exception traceback:
Traceback (most recent call last):
  File "/root/onyx/venv/lib/python3.12/site-packages/telebot/__init__.py", line 1273, in __threaded_polling
    polling_thread.raise_exceptions()
  File "/root/onyx/venv/lib/python3.12/site-packages/telebot/util.py", line 116, in raise_exceptions
    raise self.exception_info
  File "/root/onyx/venv/lib/python3.12/site-packages/telebot/util.py", line 98, in run
    task(*args, **kwargs)
  File "/root/onyx/venv/lib/python3.12/site-packages/telebot/__init__.py", line 691, in __retrieve_updates
    updates = self.get_updates(offset=(self.last_update_id + 1),
              ^^^^^^^^^^^^^^^^^^^^^^^^^^^^^^^^^^^^^^^^^^^^^^^^^^
  File "/root/onyx/venv/lib/python3.12/site-packages/telebot/__init__.py", line 663, in get_updates
    json_updates = apihelper.get_updates(
                   ^^^^^^^^^^^^^^^^^^^^^^
  File "/root/onyx/venv/lib/python3.12/site-packages/telebot/apihelper.py", line 382, in get_updates
    return _make_request(token, method_url, params=payload)
           ^^^^^^^^^^^^^^^^^^^^^^^^^^^^^^^^^^^^^^^^^^^^^^^^
  File "/root/onyx/venv/lib/python3.12/site-packages/telebot/apihelper.py", line 168, in _make_request
    json_result = _check_result(method_name, result)
                  ^^^^^^^^^^^^^^^^^^^^^^^^^^^^^^^^^^
  File "/root/onyx/venv/lib/python3.12/site-packages/telebot/apihelper.py", line 197, in _check_result
    raise ApiTelegramException(method_name, result, result_json)
telebot.apihelper.ApiTelegramException: A request to the Telegram API was unsuccessful. Error code: 409. Description: Conflict: terminated by other getUpdates request; make sure that only one bot instance is running
"
2026-09-08 10:28:14,596 (__init__.py:1280 MainThread) ERROR - TeleBot: "Threaded polling exception: A request to the Telegram API was unsuccessful. Error code: 409. Description: Conflict: terminated by other getUpdates request; make sure that only one bot instance is running"
2026-09-08 10:28:14,597 (__init__.py:1282 MainThread) ERROR - TeleBot: "Exception traceback:
Traceback (most recent call last):
  File "/root/onyx/venv/lib/python3.12/site-packages/telebot/__init__.py", line 1273, in __threaded_polling
    polling_thread.raise_exceptions()
  File "/root/onyx/venv/lib/python3.12/site-packages/telebot/util.py", line 116, in raise_exceptions
    raise self.exception_info
  File "/root/onyx/venv/lib/python3.12/site-packages/telebot/util.py", line 98, in run
    task(*args, **kwargs)
  File "/root/onyx/venv/lib/python3.12/site-packages/telebot/__init__.py", line 691, in __retrieve_updates
    updates = self.get_updates(offset=(self.last_update_id + 1),
              ^^^^^^^^^^^^^^^^^^^^^^^^^^^^^^^^^^^^^^^^^^^^^^^^^^
  File "/root/onyx/venv/lib/python3.12/site-packages/telebot/__init__.py", line 663, in get_updates
    json_updates = apihelper.get_updates(
                   ^^^^^^^^^^^^^^^^^^^^^^
  File "/root/onyx/venv/lib/python3.12/site-packages/telebot/apihelper.py", line 382, in get_updates
    return _make_request(token, method_url, params=payload)
           ^^^^^^^^^^^^^^^^^^^^^^^^^^^^^^^^^^^^^^^^^^^^^^^^
  File "/root/onyx/venv/lib/python3.12/site-packages/telebot/apihelper.py", line 168, in _make_request
    json_result = _check_result(method_name, result)
                  ^^^^^^^^^^^^^^^^^^^^^^^^^^^^^^^^^^
  File "/root/onyx/venv/lib/python3.12/site-packages/telebot/apihelper.py", line 197, in _check_result
    raise ApiTelegramException(method_name, result, result_json)
telebot.apihelper.ApiTelegramException: A request to the Telegram API was unsuccessful. Error code: 409. Description: Conflict: terminated by other getUpdates request; make sure that only one bot instance is running
"
2026-09-08 10:29:17,981 (__init__.py:1280 MainThread) ERROR - TeleBot: "Threaded polling exception: A request to the Telegram API was unsuccessful. Error code: 409. Description: Conflict: terminated by other getUpdates request; make sure that only one bot instance is running"
2026-09-08 10:29:17,982 (__init__.py:1282 MainThread) ERROR - TeleBot: "Exception traceback:
Traceback (most recent call last):
  File "/root/onyx/venv/lib/python3.12/site-packages/telebot/__init__.py", line 1273, in __threaded_polling
    polling_thread.raise_exceptions()
  File "/root/onyx/venv/lib/python3.12/site-packages/telebot/util.py", line 116, in raise_exceptions
    raise self.exception_info
  File "/root/onyx/venv/lib/python3.12/site-packages/telebot/util.py", line 98, in run
    task(*args, **kwargs)
  File "/root/onyx/venv/lib/python3.12/site-packages/telebot/__init__.py", line 691, in __retrieve_updates
    updates = self.get_updates(offset=(self.last_update_id + 1),
              ^^^^^^^^^^^^^^^^^^^^^^^^^^^^^^^^^^^^^^^^^^^^^^^^^^
  File "/root/onyx/venv/lib/python3.12/site-packages/telebot/__init__.py", line 663, in get_updates
    json_updates = apihelper.get_updates(
                   ^^^^^^^^^^^^^^^^^^^^^^
  File "/root/onyx/venv/lib/python3.12/site-packages/telebot/apihelper.py", line 382, in get_updates
    return _make_request(token, method_url, params=payload)
           ^^^^^^^^^^^^^^^^^^^^^^^^^^^^^^^^^^^^^^^^^^^^^^^^
  File "/root/onyx/venv/lib/python3.12/site-packages/telebot/apihelper.py", line 168, in _make_request
    json_result = _check_result(method_name, result)
                  ^^^^^^^^^^^^^^^^^^^^^^^^^^^^^^^^^^
  File "/root/onyx/venv/lib/python3.12/site-packages/telebot/apihelper.py", line 197, in _check_result
    raise ApiTelegramException(method_name, result, result_json)
telebot.apihelper.ApiTelegramException: A request to the Telegram API was unsuccessful. Error code: 409. Description: Conflict: terminated by other getUpdates request; make sure that only one bot instance is running
"
2026-09-08 10:30:21,278 (__init__.py:1280 MainThread) ERROR - TeleBot: "Threaded polling exception: A request to the Telegram API was unsuccessful. Error code: 409. Description: Conflict: terminated by other getUpdates request; make sure that only one bot instance is running"
2026-09-08 10:30:21,280 (__init__.py:1282 MainThread) ERROR - TeleBot: "Exception traceback:
Traceback (most recent call last):
  File "/root/onyx/venv/lib/python3.12/site-packages/telebot/__init__.py", line 1273, in __threaded_polling
    polling_thread.raise_exceptions()
  File "/root/onyx/venv/lib/python3.12/site-packages/telebot/util.py", line 116, in raise_exceptions
    raise self.exception_info
  File "/root/onyx/venv/lib/python3.12/site-packages/telebot/util.py", line 98, in run
    task(*args, **kwargs)
  File "/root/onyx/venv/lib/python3.12/site-packages/telebot/__init__.py", line 691, in __retrieve_updates
    updates = self.get_updates(offset=(self.last_update_id + 1),
              ^^^^^^^^^^^^^^^^^^^^^^^^^^^^^^^^^^^^^^^^^^^^^^^^^^
  File "/root/onyx/venv/lib/python3.12/site-packages/telebot/__init__.py", line 663, in get_updates
    json_updates = apihelper.get_updates(
                   ^^^^^^^^^^^^^^^^^^^^^^
  File "/root/onyx/venv/lib/python3.12/site-packages/telebot/apihelper.py", line 382, in get_updates
    return _make_request(token, method_url, params=payload)
           ^^^^^^^^^^^^^^^^^^^^^^^^^^^^^^^^^^^^^^^^^^^^^^^^
  File "/root/onyx/venv/lib/python3.12/site-packages/telebot/apihelper.py", line 168, in _make_request
    json_result = _check_result(method_name, result)
                  ^^^^^^^^^^^^^^^^^^^^^^^^^^^^^^^^^^
  File "/root/onyx/venv/lib/python3.12/site-packages/telebot/apihelper.py", line 197, in _check_result
    raise ApiTelegramException(method_name, result, result_json)
telebot.apihelper.ApiTelegramException: A request to the Telegram API was unsuccessful. Error code: 409. Description: Conflict: terminated by other getUpdates request; make sure that only one bot instance is running
"
2026-09-08 10:31:24,561 (__init__.py:1280 MainThread) ERROR - TeleBot: "Threaded polling exception: A request to the Telegram API was unsuccessful. Error code: 409. Description: Conflict: terminated by other getUpdates request; make sure that only one bot instance is running"
2026-09-08 10:31:24,563 (__init__.py:1282 MainThread) ERROR - TeleBot: "Exception traceback:
Traceback (most recent call last):
  File "/root/onyx/venv/lib/python3.12/site-packages/telebot/__init__.py", line 1273, in __threaded_polling
    polling_thread.raise_exceptions()
  File "/root/onyx/venv/lib/python3.12/site-packages/telebot/util.py", line 116, in raise_exceptions
    raise self.exception_info
  File "/root/onyx/venv/lib/python3.12/site-packages/telebot/util.py", line 98, in run
    task(*args, **kwargs)
  File "/root/onyx/venv/lib/python3.12/site-packages/telebot/__init__.py", line 691, in __retrieve_updates
    updates = self.get_updates(offset=(self.last_update_id + 1),
              ^^^^^^^^^^^^^^^^^^^^^^^^^^^^^^^^^^^^^^^^^^^^^^^^^^
  File "/root/onyx/venv/lib/python3.12/site-packages/telebot/__init__.py", line 663, in get_updates
    json_updates = apihelper.get_updates(
                   ^^^^^^^^^^^^^^^^^^^^^^
  File "/root/onyx/venv/lib/python3.12/site-packages/telebot/apihelper.py", line 382, in get_updates
    return _make_request(token, method_url, params=payload)
           ^^^^^^^^^^^^^^^^^^^^^^^^^^^^^^^^^^^^^^^^^^^^^^^^
  File "/root/onyx/venv/lib/python3.12/site-packages/telebot/apihelper.py", line 168, in _make_request
    json_result = _check_result(method_name, result)
                  ^^^^^^^^^^^^^^^^^^^^^^^^^^^^^^^^^^
  File "/root/onyx/venv/lib/python3.12/site-packages/telebot/apihelper.py", line 197, in _check_result
    raise ApiTelegramException(method_name, result, result_json)
telebot.apihelper.ApiTelegramException: A request to the Telegram API was unsuccessful. Error code: 409. Description: Conflict: terminated by other getUpdates request; make sure that only one bot instance is running
"
2026-09-08 10:32:27,844 (__init__.py:1280 MainThread) ERROR - TeleBot: "Threaded polling exception: A request to the Telegram API was unsuccessful. Error code: 409. Description: Conflict: terminated by other getUpdates request; make sure that only one bot instance is running"
2026-09-08 10:32:27,845 (__init__.py:1282 MainThread) ERROR - TeleBot: "Exception traceback:
Traceback (most recent call last):
  File "/root/onyx/venv/lib/python3.12/site-packages/telebot/__init__.py", line 1273, in __threaded_polling
    polling_thread.raise_exceptions()
  File "/root/onyx/venv/lib/python3.12/site-packages/telebot/util.py", line 116, in raise_exceptions
    raise self.exception_info
  File "/root/onyx/venv/lib/python3.12/site-packages/telebot/util.py", line 98, in run
    task(*args, **kwargs)
  File "/root/onyx/venv/lib/python3.12/site-packages/telebot/__init__.py", line 691, in __retrieve_updates
    updates = self.get_updates(offset=(self.last_update_id + 1),
              ^^^^^^^^^^^^^^^^^^^^^^^^^^^^^^^^^^^^^^^^^^^^^^^^^^
  File "/root/onyx/venv/lib/python3.12/site-packages/telebot/__init__.py", line 663, in get_updates
    json_updates = apihelper.get_updates(
                   ^^^^^^^^^^^^^^^^^^^^^^
  File "/root/onyx/venv/lib/python3.12/site-packages/telebot/apihelper.py", line 382, in get_updates
    return _make_request(token, method_url, params=payload)
           ^^^^^^^^^^^^^^^^^^^^^^^^^^^^^^^^^^^^^^^^^^^^^^^^
  File "/root/onyx/venv/lib/python3.12/site-packages/telebot/apihelper.py", line 168, in _make_request
    json_result = _check_result(method_name, result)
                  ^^^^^^^^^^^^^^^^^^^^^^^^^^^^^^^^^^
  File "/root/onyx/venv/lib/python3.12/site-packages/telebot/apihelper.py", line 197, in _check_result
    raise ApiTelegramException(method_name, result, result_json)
telebot.apihelper.ApiTelegramException: A request to the Telegram API was unsuccessful. Error code: 409. Description: Conflict: terminated by other getUpdates request; make sure that only one bot instance is running
"
2026-09-08 10:33:31,145 (__init__.py:1280 MainThread) ERROR - TeleBot: "Threaded polling exception: A request to the Telegram API was unsuccessful. Error code: 409. Description: Conflict: terminated by other getUpdates request; make sure that only one bot instance is running"
2026-09-08 10:33:31,147 (__init__.py:1282 MainThread) ERROR - TeleBot: "Exception traceback:
Traceback (most recent call last):
  File "/root/onyx/venv/lib/python3.12/site-packages/telebot/__init__.py", line 1273, in __threaded_polling
    polling_thread.raise_exceptions()
  File "/root/onyx/venv/lib/python3.12/site-packages/telebot/util.py", line 116, in raise_exceptions
    raise self.exception_info
  File "/root/onyx/venv/lib/python3.12/site-packages/telebot/util.py", line 98, in run
    task(*args, **kwargs)
  File "/root/onyx/venv/lib/python3.12/site-packages/telebot/__init__.py", line 691, in __retrieve_updates
    updates = self.get_updates(offset=(self.last_update_id + 1),
              ^^^^^^^^^^^^^^^^^^^^^^^^^^^^^^^^^^^^^^^^^^^^^^^^^^
  File "/root/onyx/venv/lib/python3.12/site-packages/telebot/__init__.py", line 663, in get_updates
    json_updates = apihelper.get_updates(
                   ^^^^^^^^^^^^^^^^^^^^^^
  File "/root/onyx/venv/lib/python3.12/site-packages/telebot/apihelper.py", line 382, in get_updates
    return _make_request(token, method_url, params=payload)
           ^^^^^^^^^^^^^^^^^^^^^^^^^^^^^^^^^^^^^^^^^^^^^^^^
  File "/root/onyx/venv/lib/python3.12/site-packages/telebot/apihelper.py", line 168, in _make_request
    json_result = _check_result(method_name, result)
                  ^^^^^^^^^^^^^^^^^^^^^^^^^^^^^^^^^^
  File "/root/onyx/venv/lib/python3.12/site-packages/telebot/apihelper.py", line 197, in _check_result
    raise ApiTelegramException(method_name, result, result_json)
telebot.apihelper.ApiTelegramException: A request to the Telegram API was unsuccessful. Error code: 409. Description: Conflict: terminated by other getUpdates request; make sure that only one bot instance is running
"
2026-09-08 10:34:34,439 (__init__.py:1280 MainThread) ERROR - TeleBot: "Threaded polling exception: A request to the Telegram API was unsuccessful. Error code: 409. Description: Conflict: terminated by other getUpdates request; make sure that only one bot instance is running"
2026-09-08 10:34:34,440 (__init__.py:1282 MainThread) ERROR - TeleBot: "Exception traceback:
Traceback (most recent call last):
  File "/root/onyx/venv/lib/python3.12/site-packages/telebot/__init__.py", line 1273, in __threaded_polling
    polling_thread.raise_exceptions()
  File "/root/onyx/venv/lib/python3.12/site-packages/telebot/util.py", line 116, in raise_exceptions
    raise self.exception_info
  File "/root/onyx/venv/lib/python3.12/site-packages/telebot/util.py", line 98, in run
    task(*args, **kwargs)
  File "/root/onyx/venv/lib/python3.12/site-packages/telebot/__init__.py", line 691, in __retrieve_updates
    updates = self.get_updates(offset=(self.last_update_id + 1),
              ^^^^^^^^^^^^^^^^^^^^^^^^^^^^^^^^^^^^^^^^^^^^^^^^^^
  File "/root/onyx/venv/lib/python3.12/site-packages/telebot/__init__.py", line 663, in get_updates
    json_updates = apihelper.get_updates(
                   ^^^^^^^^^^^^^^^^^^^^^^
  File "/root/onyx/venv/lib/python3.12/site-packages/telebot/apihelper.py", line 382, in get_updates
    return _make_request(token, method_url, params=payload)
           ^^^^^^^^^^^^^^^^^^^^^^^^^^^^^^^^^^^^^^^^^^^^^^^^
  File "/root/onyx/venv/lib/python3.12/site-packages/telebot/apihelper.py", line 168, in _make_request
    json_result = _check_result(method_name, result)
                  ^^^^^^^^^^^^^^^^^^^^^^^^^^^^^^^^^^
  File "/root/onyx/venv/lib/python3.12/site-packages/telebot/apihelper.py", line 197, in _check_result
    raise ApiTelegramException(method_name, result, result_json)
telebot.apihelper.ApiTelegramException: A request to the Telegram API was unsuccessful. Error code: 409. Description: Conflict: terminated by other getUpdates request; make sure that only one bot instance is running
"
2026-09-08 10:35:37,721 (__init__.py:1280 MainThread) ERROR - TeleBot: "Threaded polling exception: A request to the Telegram API was unsuccessful. Error code: 409. Description: Conflict: terminated by other getUpdates request; make sure that only one bot instance is running"
2026-09-08 10:35:37,723 (__init__.py:1282 MainThread) ERROR - TeleBot: "Exception traceback:
Traceback (most recent call last):
  File "/root/onyx/venv/lib/python3.12/site-packages/telebot/__init__.py", line 1273, in __threaded_polling
    polling_thread.raise_exceptions()
  File "/root/onyx/venv/lib/python3.12/site-packages/telebot/util.py", line 116, in raise_exceptions
    raise self.exception_info
  File "/root/onyx/venv/lib/python3.12/site-packages/telebot/util.py", line 98, in run
    task(*args, **kwargs)
  File "/root/onyx/venv/lib/python3.12/site-packages/telebot/__init__.py", line 691, in __retrieve_updates
    updates = self.get_updates(offset=(self.last_update_id + 1),
              ^^^^^^^^^^^^^^^^^^^^^^^^^^^^^^^^^^^^^^^^^^^^^^^^^^
  File "/root/onyx/venv/lib/python3.12/site-packages/telebot/__init__.py", line 663, in get_updates
    json_updates = apihelper.get_updates(
                   ^^^^^^^^^^^^^^^^^^^^^^
  File "/root/onyx/venv/lib/python3.12/site-packages/telebot/apihelper.py", line 382, in get_updates
    return _make_request(token, method_url, params=payload)
           ^^^^^^^^^^^^^^^^^^^^^^^^^^^^^^^^^^^^^^^^^^^^^^^^
  File "/root/onyx/venv/lib/python3.12/site-packages/telebot/apihelper.py", line 168, in _make_request
    json_result = _check_result(method_name, result)
                  ^^^^^^^^^^^^^^^^^^^^^^^^^^^^^^^^^^
  File "/root/onyx/venv/lib/python3.12/site-packages/telebot/apihelper.py", line 197, in _check_result
    raise ApiTelegramException(method_name, result, result_json)
telebot.apihelper.ApiTelegramException: A request to the Telegram API was unsuccessful. Error code: 409. Description: Conflict: terminated by other getUpdates request; make sure that only one bot instance is running
"
2026-09-08 10:36:41,009 (__init__.py:1280 MainThread) ERROR - TeleBot: "Threaded polling exception: A request to the Telegram API was unsuccessful. Error code: 409. Description: Conflict: terminated by other getUpdates request; make sure that only one bot instance is running"
2026-09-08 10:36:41,011 (__init__.py:1282 MainThread) ERROR - TeleBot: "Exception traceback:
Traceback (most recent call last):
  File "/root/onyx/venv/lib/python3.12/site-packages/telebot/__init__.py", line 1273, in __threaded_polling
    polling_thread.raise_exceptions()
  File "/root/onyx/venv/lib/python3.12/site-packages/telebot/util.py", line 116, in raise_exceptions
    raise self.exception_info
  File "/root/onyx/venv/lib/python3.12/site-packages/telebot/util.py", line 98, in run
    task(*args, **kwargs)
  File "/root/onyx/venv/lib/python3.12/site-packages/telebot/__init__.py", line 691, in __retrieve_updates
    updates = self.get_updates(offset=(self.last_update_id + 1),
              ^^^^^^^^^^^^^^^^^^^^^^^^^^^^^^^^^^^^^^^^^^^^^^^^^^
  File "/root/onyx/venv/lib/python3.12/site-packages/telebot/__init__.py", line 663, in get_updates
    json_updates = apihelper.get_updates(
                   ^^^^^^^^^^^^^^^^^^^^^^
  File "/root/onyx/venv/lib/python3.12/site-packages/telebot/apihelper.py", line 382, in get_updates
    return _make_request(token, method_url, params=payload)
           ^^^^^^^^^^^^^^^^^^^^^^^^^^^^^^^^^^^^^^^^^^^^^^^^
  File "/root/onyx/venv/lib/python3.12/site-packages/telebot/apihelper.py", line 168, in _make_request
    json_result = _check_result(method_name, result)
                  ^^^^^^^^^^^^^^^^^^^^^^^^^^^^^^^^^^
  File "/root/onyx/venv/lib/python3.12/site-packages/telebot/apihelper.py", line 197, in _check_result
    raise ApiTelegramException(method_name, result, result_json)
telebot.apihelper.ApiTelegramException: A request to the Telegram API was unsuccessful. Error code: 409. Description: Conflict: terminated by other getUpdates request; make sure that only one bot instance is running
"
2026-09-08 10:37:44,294 (__init__.py:1280 MainThread) ERROR - TeleBot: "Threaded polling exception: A request to the Telegram API was unsuccessful. Error code: 409. Description: Conflict: terminated by other getUpdates request; make sure that only one bot instance is running"
2026-09-08 10:37:44,295 (__init__.py:1282 MainThread) ERROR - TeleBot: "Exception traceback:
Traceback (most recent call last):
  File "/root/onyx/venv/lib/python3.12/site-packages/telebot/__init__.py", line 1273, in __threaded_polling
    polling_thread.raise_exceptions()
  File "/root/onyx/venv/lib/python3.12/site-packages/telebot/util.py", line 116, in raise_exceptions
    raise self.exception_info
  File "/root/onyx/venv/lib/python3.12/site-packages/telebot/util.py", line 98, in run
    task(*args, **kwargs)
  File "/root/onyx/venv/lib/python3.12/site-packages/telebot/__init__.py", line 691, in __retrieve_updates
    updates = self.get_updates(offset=(self.last_update_id + 1),
              ^^^^^^^^^^^^^^^^^^^^^^^^^^^^^^^^^^^^^^^^^^^^^^^^^^
  File "/root/onyx/venv/lib/python3.12/site-packages/telebot/__init__.py", line 663, in get_updates
    json_updates = apihelper.get_updates(
                   ^^^^^^^^^^^^^^^^^^^^^^
  File "/root/onyx/venv/lib/python3.12/site-packages/telebot/apihelper.py", line 382, in get_updates
    return _make_request(token, method_url, params=payload)
           ^^^^^^^^^^^^^^^^^^^^^^^^^^^^^^^^^^^^^^^^^^^^^^^^
  File "/root/onyx/venv/lib/python3.12/site-packages/telebot/apihelper.py", line 168, in _make_request
    json_result = _check_result(method_name, result)
                  ^^^^^^^^^^^^^^^^^^^^^^^^^^^^^^^^^^
  File "/root/onyx/venv/lib/python3.12/site-packages/telebot/apihelper.py", line 197, in _check_result
    raise ApiTelegramException(method_name, result, result_json)
telebot.apihelper.ApiTelegramException: A request to the Telegram API was unsuccessful. Error code: 409. Description: Conflict: terminated by other getUpdates request; make sure that only one bot instance is running
"
2026-09-08 10:38:47,583 (__init__.py:1280 MainThread) ERROR - TeleBot: "Threaded polling exception: A request to the Telegram API was unsuccessful. Error code: 409. Description: Conflict: terminated by other getUpdates request; make sure that only one bot instance is running"
2026-09-08 10:38:47,584 (__init__.py:1282 MainThread) ERROR - TeleBot: "Exception traceback:
Traceback (most recent call last):
  File "/root/onyx/venv/lib/python3.12/site-packages/telebot/__init__.py", line 1273, in __threaded_polling
    polling_thread.raise_exceptions()
  File "/root/onyx/venv/lib/python3.12/site-packages/telebot/util.py", line 116, in raise_exceptions
    raise self.exception_info
  File "/root/onyx/venv/lib/python3.12/site-packages/telebot/util.py", line 98, in run
    task(*args, **kwargs)
  File "/root/onyx/venv/lib/python3.12/site-packages/telebot/__init__.py", line 691, in __retrieve_updates
    updates = self.get_updates(offset=(self.last_update_id + 1),
              ^^^^^^^^^^^^^^^^^^^^^^^^^^^^^^^^^^^^^^^^^^^^^^^^^^
  File "/root/onyx/venv/lib/python3.12/site-packages/telebot/__init__.py", line 663, in get_updates
    json_updates = apihelper.get_updates(
                   ^^^^^^^^^^^^^^^^^^^^^^
  File "/root/onyx/venv/lib/python3.12/site-packages/telebot/apihelper.py", line 382, in get_updates
    return _make_request(token, method_url, params=payload)
           ^^^^^^^^^^^^^^^^^^^^^^^^^^^^^^^^^^^^^^^^^^^^^^^^
  File "/root/onyx/venv/lib/python3.12/site-packages/telebot/apihelper.py", line 168, in _make_request
    json_result = _check_result(method_name, result)
                  ^^^^^^^^^^^^^^^^^^^^^^^^^^^^^^^^^^
  File "/root/onyx/venv/lib/python3.12/site-packages/telebot/apihelper.py", line 197, in _check_result
    raise ApiTelegramException(method_name, result, result_json)
telebot.apihelper.ApiTelegramException: A request to the Telegram API was unsuccessful. Error code: 409. Description: Conflict: terminated by other getUpdates request; make sure that only one bot instance is running
"
2026-09-08 10:39:50,948 (__init__.py:1280 MainThread) ERROR - TeleBot: "Threaded polling exception: A request to the Telegram API was unsuccessful. Error code: 409. Description: Conflict: terminated by other getUpdates request; make sure that only one bot instance is running"
2026-09-08 10:39:50,949 (__init__.py:1282 MainThread) ERROR - TeleBot: "Exception traceback:
Traceback (most recent call last):
  File "/root/onyx/venv/lib/python3.12/site-packages/telebot/__init__.py", line 1273, in __threaded_polling
    polling_thread.raise_exceptions()
  File "/root/onyx/venv/lib/python3.12/site-packages/telebot/util.py", line 116, in raise_exceptions
    raise self.exception_info
  File "/root/onyx/venv/lib/python3.12/site-packages/telebot/util.py", line 98, in run
    task(*args, **kwargs)
  File "/root/onyx/venv/lib/python3.12/site-packages/telebot/__init__.py", line 691, in __retrieve_updates
    updates = self.get_updates(offset=(self.last_update_id + 1),
              ^^^^^^^^^^^^^^^^^^^^^^^^^^^^^^^^^^^^^^^^^^^^^^^^^^
  File "/root/onyx/venv/lib/python3.12/site-packages/telebot/__init__.py", line 663, in get_updates
    json_updates = apihelper.get_updates(
                   ^^^^^^^^^^^^^^^^^^^^^^
  File "/root/onyx/venv/lib/python3.12/site-packages/telebot/apihelper.py", line 382, in get_updates
    return _make_request(token, method_url, params=payload)
           ^^^^^^^^^^^^^^^^^^^^^^^^^^^^^^^^^^^^^^^^^^^^^^^^
  File "/root/onyx/venv/lib/python3.12/site-packages/telebot/apihelper.py", line 168, in _make_request
    json_result = _check_result(method_name, result)
                  ^^^^^^^^^^^^^^^^^^^^^^^^^^^^^^^^^^
  File "/root/onyx/venv/lib/python3.12/site-packages/telebot/apihelper.py", line 197, in _check_result
    raise ApiTelegramException(method_name, result, result_json)
telebot.apihelper.ApiTelegramException: A request to the Telegram API was unsuccessful. Error code: 409. Description: Conflict: terminated by other getUpdates request; make sure that only one bot instance is running
"
2026-09-08 10:40:54,225 (__init__.py:1280 MainThread) ERROR - TeleBot: "Threaded polling exception: A request to the Telegram API was unsuccessful. Error code: 409. Description: Conflict: terminated by other getUpdates request; make sure that only one bot instance is running"
2026-09-08 10:40:54,226 (__init__.py:1282 MainThread) ERROR - TeleBot: "Exception traceback:
Traceback (most recent call last):
  File "/root/onyx/venv/lib/python3.12/site-packages/telebot/__init__.py", line 1273, in __threaded_polling
    polling_thread.raise_exceptions()
  File "/root/onyx/venv/lib/python3.12/site-packages/telebot/util.py", line 116, in raise_exceptions
    raise self.exception_info
  File "/root/onyx/venv/lib/python3.12/site-packages/telebot/util.py", line 98, in run
    task(*args, **kwargs)
  File "/root/onyx/venv/lib/python3.12/site-packages/telebot/__init__.py", line 691, in __retrieve_updates
    updates = self.get_updates(offset=(self.last_update_id + 1),
              ^^^^^^^^^^^^^^^^^^^^^^^^^^^^^^^^^^^^^^^^^^^^^^^^^^
  File "/root/onyx/venv/lib/python3.12/site-packages/telebot/__init__.py", line 663, in get_updates
    json_updates = apihelper.get_updates(
                   ^^^^^^^^^^^^^^^^^^^^^^
  File "/root/onyx/venv/lib/python3.12/site-packages/telebot/apihelper.py", line 382, in get_updates
    return _make_request(token, method_url, params=payload)
           ^^^^^^^^^^^^^^^^^^^^^^^^^^^^^^^^^^^^^^^^^^^^^^^^
  File "/root/onyx/venv/lib/python3.12/site-packages/telebot/apihelper.py", line 168, in _make_request
    json_result = _check_result(method_name, result)
                  ^^^^^^^^^^^^^^^^^^^^^^^^^^^^^^^^^^
  File "/root/onyx/venv/lib/python3.12/site-packages/telebot/apihelper.py", line 197, in _check_result
    raise ApiTelegramException(method_name, result, result_json)
telebot.apihelper.ApiTelegramException: A request to the Telegram API was unsuccessful. Error code: 409. Description: Conflict: terminated by other getUpdates request; make sure that only one bot instance is running
"
2026-09-08 10:41:57,501 (__init__.py:1280 MainThread) ERROR - TeleBot: "Threaded polling exception: A request to the Telegram API was unsuccessful. Error code: 409. Description: Conflict: terminated by other getUpdates request; make sure that only one bot instance is running"
2026-09-08 10:41:57,502 (__init__.py:1282 MainThread) ERROR - TeleBot: "Exception traceback:
Traceback (most recent call last):
  File "/root/onyx/venv/lib/python3.12/site-packages/telebot/__init__.py", line 1273, in __threaded_polling
    polling_thread.raise_exceptions()
  File "/root/onyx/venv/lib/python3.12/site-packages/telebot/util.py", line 116, in raise_exceptions
    raise self.exception_info
  File "/root/onyx/venv/lib/python3.12/site-packages/telebot/util.py", line 98, in run
    task(*args, **kwargs)
  File "/root/onyx/venv/lib/python3.12/site-packages/telebot/__init__.py", line 691, in __retrieve_updates
    updates = self.get_updates(offset=(self.last_update_id + 1),
              ^^^^^^^^^^^^^^^^^^^^^^^^^^^^^^^^^^^^^^^^^^^^^^^^^^
  File "/root/onyx/venv/lib/python3.12/site-packages/telebot/__init__.py", line 663, in get_updates
    json_updates = apihelper.get_updates(
                   ^^^^^^^^^^^^^^^^^^^^^^
  File "/root/onyx/venv/lib/python3.12/site-packages/telebot/apihelper.py", line 382, in get_updates
    return _make_request(token, method_url, params=payload)
           ^^^^^^^^^^^^^^^^^^^^^^^^^^^^^^^^^^^^^^^^^^^^^^^^
  File "/root/onyx/venv/lib/python3.12/site-packages/telebot/apihelper.py", line 168, in _make_request
    json_result = _check_result(method_name, result)
                  ^^^^^^^^^^^^^^^^^^^^^^^^^^^^^^^^^^
  File "/root/onyx/venv/lib/python3.12/site-packages/telebot/apihelper.py", line 197, in _check_result
    raise ApiTelegramException(method_name, result, result_json)
telebot.apihelper.ApiTelegramException: A request to the Telegram API was unsuccessful. Error code: 409. Description: Conflict: terminated by other getUpdates request; make sure that only one bot instance is running
"
2026-09-08 10:43:00,778 (__init__.py:1280 MainThread) ERROR - TeleBot: "Threaded polling exception: A request to the Telegram API was unsuccessful. Error code: 409. Description: Conflict: terminated by other getUpdates request; make sure that only one bot instance is running"
2026-09-08 10:43:00,779 (__init__.py:1282 MainThread) ERROR - TeleBot: "Exception traceback:
Traceback (most recent call last):
  File "/root/onyx/venv/lib/python3.12/site-packages/telebot/__init__.py", line 1273, in __threaded_polling
    polling_thread.raise_exceptions()
  File "/root/onyx/venv/lib/python3.12/site-packages/telebot/util.py", line 116, in raise_exceptions
    raise self.exception_info
  File "/root/onyx/venv/lib/python3.12/site-packages/telebot/util.py", line 98, in run
    task(*args, **kwargs)
  File "/root/onyx/venv/lib/python3.12/site-packages/telebot/__init__.py", line 691, in __retrieve_updates
    updates = self.get_updates(offset=(self.last_update_id + 1),
              ^^^^^^^^^^^^^^^^^^^^^^^^^^^^^^^^^^^^^^^^^^^^^^^^^^
  File "/root/onyx/venv/lib/python3.12/site-packages/telebot/__init__.py", line 663, in get_updates
    json_updates = apihelper.get_updates(
                   ^^^^^^^^^^^^^^^^^^^^^^
  File "/root/onyx/venv/lib/python3.12/site-packages/telebot/apihelper.py", line 382, in get_updates
    return _make_request(token, method_url, params=payload)
           ^^^^^^^^^^^^^^^^^^^^^^^^^^^^^^^^^^^^^^^^^^^^^^^^
  File "/root/onyx/venv/lib/python3.12/site-packages/telebot/apihelper.py", line 168, in _make_request
    json_result = _check_result(method_name, result)
                  ^^^^^^^^^^^^^^^^^^^^^^^^^^^^^^^^^^
  File "/root/onyx/venv/lib/python3.12/site-packages/telebot/apihelper.py", line 197, in _check_result
    raise ApiTelegramException(method_name, result, result_json)
telebot.apihelper.ApiTelegramException: A request to the Telegram API was unsuccessful. Error code: 409. Description: Conflict: terminated by other getUpdates request; make sure that only one bot instance is running
"
2026-09-08 10:44:04,055 (__init__.py:1280 MainThread) ERROR - TeleBot: "Threaded polling exception: A request to the Telegram API was unsuccessful. Error code: 409. Description: Conflict: terminated by other getUpdates request; make sure that only one bot instance is running"
2026-09-08 10:44:04,056 (__init__.py:1282 MainThread) ERROR - TeleBot: "Exception traceback:
Traceback (most recent call last):
  File "/root/onyx/venv/lib/python3.12/site-packages/telebot/__init__.py", line 1273, in __threaded_polling
    polling_thread.raise_exceptions()
  File "/root/onyx/venv/lib/python3.12/site-packages/telebot/util.py", line 116, in raise_exceptions
    raise self.exception_info
  File "/root/onyx/venv/lib/python3.12/site-packages/telebot/util.py", line 98, in run
    task(*args, **kwargs)
  File "/root/onyx/venv/lib/python3.12/site-packages/telebot/__init__.py", line 691, in __retrieve_updates
    updates = self.get_updates(offset=(self.last_update_id + 1),
              ^^^^^^^^^^^^^^^^^^^^^^^^^^^^^^^^^^^^^^^^^^^^^^^^^^
  File "/root/onyx/venv/lib/python3.12/site-packages/telebot/__init__.py", line 663, in get_updates
    json_updates = apihelper.get_updates(
                   ^^^^^^^^^^^^^^^^^^^^^^
  File "/root/onyx/venv/lib/python3.12/site-packages/telebot/apihelper.py", line 382, in get_updates
    return _make_request(token, method_url, params=payload)
           ^^^^^^^^^^^^^^^^^^^^^^^^^^^^^^^^^^^^^^^^^^^^^^^^
  File "/root/onyx/venv/lib/python3.12/site-packages/telebot/apihelper.py", line 168, in _make_request
    json_result = _check_result(method_name, result)
                  ^^^^^^^^^^^^^^^^^^^^^^^^^^^^^^^^^^
  File "/root/onyx/venv/lib/python3.12/site-packages/telebot/apihelper.py", line 197, in _check_result
    raise ApiTelegramException(method_name, result, result_json)
telebot.apihelper.ApiTelegramException: A request to the Telegram API was unsuccessful. Error code: 409. Description: Conflict: terminated by other getUpdates request; make sure that only one bot instance is running
"
2026-09-08 10:45:07,340 (__init__.py:1280 MainThread) ERROR - TeleBot: "Threaded polling exception: A request to the Telegram API was unsuccessful. Error code: 409. Description: Conflict: terminated by other getUpdates request; make sure that only one bot instance is running"
2026-09-08 10:45:07,341 (__init__.py:1282 MainThread) ERROR - TeleBot: "Exception traceback:
Traceback (most recent call last):
  File "/root/onyx/venv/lib/python3.12/site-packages/telebot/__init__.py", line 1273, in __threaded_polling
    polling_thread.raise_exceptions()
  File "/root/onyx/venv/lib/python3.12/site-packages/telebot/util.py", line 116, in raise_exceptions
    raise self.exception_info
  File "/root/onyx/venv/lib/python3.12/site-packages/telebot/util.py", line 98, in run
    task(*args, **kwargs)
  File "/root/onyx/venv/lib/python3.12/site-packages/telebot/__init__.py", line 691, in __retrieve_updates
    updates = self.get_updates(offset=(self.last_update_id + 1),
              ^^^^^^^^^^^^^^^^^^^^^^^^^^^^^^^^^^^^^^^^^^^^^^^^^^
  File "/root/onyx/venv/lib/python3.12/site-packages/telebot/__init__.py", line 663, in get_updates
    json_updates = apihelper.get_updates(
                   ^^^^^^^^^^^^^^^^^^^^^^
  File "/root/onyx/venv/lib/python3.12/site-packages/telebot/apihelper.py", line 382, in get_updates
    return _make_request(token, method_url, params=payload)
           ^^^^^^^^^^^^^^^^^^^^^^^^^^^^^^^^^^^^^^^^^^^^^^^^
  File "/root/onyx/venv/lib/python3.12/site-packages/telebot/apihelper.py", line 168, in _make_request
    json_result = _check_result(method_name, result)
                  ^^^^^^^^^^^^^^^^^^^^^^^^^^^^^^^^^^
  File "/root/onyx/venv/lib/python3.12/site-packages/telebot/apihelper.py", line 197, in _check_result
    raise ApiTelegramException(method_name, result, result_json)
telebot.apihelper.ApiTelegramException: A request to the Telegram API was unsuccessful. Error code: 409. Description: Conflict: terminated by other getUpdates request; make sure that only one bot instance is running
"
2026-09-08 10:46:10,619 (__init__.py:1280 MainThread) ERROR - TeleBot: "Threaded polling exception: A request to the Telegram API was unsuccessful. Error code: 409. Description: Conflict: terminated by other getUpdates request; make sure that only one bot instance is running"
2026-09-08 10:46:10,621 (__init__.py:1282 MainThread) ERROR - TeleBot: "Exception traceback:
Traceback (most recent call last):
  File "/root/onyx/venv/lib/python3.12/site-packages/telebot/__init__.py", line 1273, in __threaded_polling
    polling_thread.raise_exceptions()
  File "/root/onyx/venv/lib/python3.12/site-packages/telebot/util.py", line 116, in raise_exceptions
    raise self.exception_info
  File "/root/onyx/venv/lib/python3.12/site-packages/telebot/util.py", line 98, in run
    task(*args, **kwargs)
  File "/root/onyx/venv/lib/python3.12/site-packages/telebot/__init__.py", line 691, in __retrieve_updates
    updates = self.get_updates(offset=(self.last_update_id + 1),
              ^^^^^^^^^^^^^^^^^^^^^^^^^^^^^^^^^^^^^^^^^^^^^^^^^^
  File "/root/onyx/venv/lib/python3.12/site-packages/telebot/__init__.py", line 663, in get_updates
    json_updates = apihelper.get_updates(
                   ^^^^^^^^^^^^^^^^^^^^^^
  File "/root/onyx/venv/lib/python3.12/site-packages/telebot/apihelper.py", line 382, in get_updates
    return _make_request(token, method_url, params=payload)
           ^^^^^^^^^^^^^^^^^^^^^^^^^^^^^^^^^^^^^^^^^^^^^^^^
  File "/root/onyx/venv/lib/python3.12/site-packages/telebot/apihelper.py", line 168, in _make_request
    json_result = _check_result(method_name, result)
                  ^^^^^^^^^^^^^^^^^^^^^^^^^^^^^^^^^^
  File "/root/onyx/venv/lib/python3.12/site-packages/telebot/apihelper.py", line 197, in _check_result
    raise ApiTelegramException(method_name, result, result_json)
telebot.apihelper.ApiTelegramException: A request to the Telegram API was unsuccessful. Error code: 409. Description: Conflict: terminated by other getUpdates request; make sure that only one bot instance is running
"
