nohup: ignoring input
Connected to Telegram bot: @OnyxAirRadar_bot (bot ID: 8816902667)
ONYX listener is active.
Press Ctrl+C to stop.
2026-09-06 13:43:40,461 (__init__.py:1280 MainThread) ERROR - TeleBot: "Threaded polling exception: A request to the Telegram API was unsuccessful. Error code: 409. Description: Conflict: terminated by other getUpdates request; make sure that only one bot instance is running"
2026-09-06 13:43:40,462 (__init__.py:1282 MainThread) ERROR - TeleBot: "Exception traceback:
Traceback (most recent call last):
  File "/root/onyx/venv/lib/python3.12/site-packages/telebot/__init__.py", line 1273, in __threaded_polling
    polling_thread.raise_exceptions()
  File "/root/onyx/venv/lib/python3.12/site-packages/telebot/util.py", line 116, in raise_exceptions
    raise self.exception_info
  File "/root/onyx/venv/lib/python3.12/site-packages/telebot/util.py", line 98, in run
    task(*args, **kwargs)
  File "/root/onyx/venv/lib/python3.12/site-packages/telebot/__init__.py", line 691, in __retrieve_updates
    updates = self.get_updates(offset=(self.last_update_id + 1),
              ^^^^^^^^^^^^^^^^^^^^^^^^^^^^^^^^^^^^^^^^^^^^^^^^^^
  File "/root/onyx/venv/lib/python3.12/site-packages/telebot/__init__.py", line 663, in get_updates
    json_updates = apihelper.get_updates(
                   ^^^^^^^^^^^^^^^^^^^^^^
  File "/root/onyx/venv/lib/python3.12/site-packages/telebot/apihelper.py", line 382, in get_updates
    return _make_request(token, method_url, params=payload)
           ^^^^^^^^^^^^^^^^^^^^^^^^^^^^^^^^^^^^^^^^^^^^^^^^
  File "/root/onyx/venv/lib/python3.12/site-packages/telebot/apihelper.py", line 168, in _make_request
    json_result = _check_result(method_name, result)
                  ^^^^^^^^^^^^^^^^^^^^^^^^^^^^^^^^^^
  File "/root/onyx/venv/lib/python3.12/site-packages/telebot/apihelper.py", line 197, in _check_result
    raise ApiTelegramException(method_name, result, result_json)
telebot.apihelper.ApiTelegramException: A request to the Telegram API was unsuccessful. Error code: 409. Description: Conflict: terminated by other getUpdates request; make sure that only one bot instance is running
"
AI Concierge responded to yedidya (1049883799)
2026-09-06 13:43:56,558 (__init__.py:1280 MainThread) ERROR - TeleBot: "Threaded polling exception: A request to the Telegram API was unsuccessful. Error code: 409. Description: Conflict: terminated by other getUpdates request; make sure that only one bot instance is running"
2026-09-06 13:43:56,559 (__init__.py:1282 MainThread) ERROR - TeleBot: "Exception traceback:
Traceback (most recent call last):
  File "/root/onyx/venv/lib/python3.12/site-packages/telebot/__init__.py", line 1273, in __threaded_polling
    polling_thread.raise_exceptions()
  File "/root/onyx/venv/lib/python3.12/site-packages/telebot/util.py", line 116, in raise_exceptions
    raise self.exception_info
  File "/root/onyx/venv/lib/python3.12/site-packages/telebot/util.py", line 98, in run
    task(*args, **kwargs)
  File "/root/onyx/venv/lib/python3.12/site-packages/telebot/__init__.py", line 691, in __retrieve_updates
    updates = self.get_updates(offset=(self.last_update_id + 1),
              ^^^^^^^^^^^^^^^^^^^^^^^^^^^^^^^^^^^^^^^^^^^^^^^^^^
  File "/root/onyx/venv/lib/python3.12/site-packages/telebot/__init__.py", line 663, in get_updates
    json_updates = apihelper.get_updates(
                   ^^^^^^^^^^^^^^^^^^^^^^
  File "/root/onyx/venv/lib/python3.12/site-packages/telebot/apihelper.py", line 382, in get_updates
    return _make_request(token, method_url, params=payload)
           ^^^^^^^^^^^^^^^^^^^^^^^^^^^^^^^^^^^^^^^^^^^^^^^^
  File "/root/onyx/venv/lib/python3.12/site-packages/telebot/apihelper.py", line 168, in _make_request
    json_result = _check_result(method_name, result)
                  ^^^^^^^^^^^^^^^^^^^^^^^^^^^^^^^^^^
  File "/root/onyx/venv/lib/python3.12/site-packages/telebot/apihelper.py", line 197, in _check_result
    raise ApiTelegramException(method_name, result, result_json)
telebot.apihelper.ApiTelegramException: A request to the Telegram API was unsuccessful. Error code: 409. Description: Conflict: terminated by other getUpdates request; make sure that only one bot instance is running
"
Direct MCP Execution Result: {'id': 1, 'jsonrpc': '2.0', 'result': {'content': [{'text': 'Invalid arguments for request_jet_confirmation: missing field `origin`', 'type': 'text'}], 'isError': True}}
AI Concierge responded to yedidya (1049883799)
2026-09-06 13:44:12,784 (__init__.py:1280 MainThread) ERROR - TeleBot: "Threaded polling exception: A request to the Telegram API was unsuccessful. Error code: 409. Description: Conflict: terminated by other getUpdates request; make sure that only one bot instance is running"
2026-09-06 13:44:12,785 (__init__.py:1282 MainThread) ERROR - TeleBot: "Exception traceback:
Traceback (most recent call last):
  File "/root/onyx/venv/lib/python3.12/site-packages/telebot/__init__.py", line 1273, in __threaded_polling
    polling_thread.raise_exceptions()
  File "/root/onyx/venv/lib/python3.12/site-packages/telebot/util.py", line 116, in raise_exceptions
    raise self.exception_info
  File "/root/onyx/venv/lib/python3.12/site-packages/telebot/util.py", line 98, in run
    task(*args, **kwargs)
  File "/root/onyx/venv/lib/python3.12/site-packages/telebot/__init__.py", line 691, in __retrieve_updates
    updates = self.get_updates(offset=(self.last_update_id + 1),
              ^^^^^^^^^^^^^^^^^^^^^^^^^^^^^^^^^^^^^^^^^^^^^^^^^^
  File "/root/onyx/venv/lib/python3.12/site-packages/telebot/__init__.py", line 663, in get_updates
    json_updates = apihelper.get_updates(
                   ^^^^^^^^^^^^^^^^^^^^^^
  File "/root/onyx/venv/lib/python3.12/site-packages/telebot/apihelper.py", line 382, in get_updates
    return _make_request(token, method_url, params=payload)
           ^^^^^^^^^^^^^^^^^^^^^^^^^^^^^^^^^^^^^^^^^^^^^^^^
  File "/root/onyx/venv/lib/python3.12/site-packages/telebot/apihelper.py", line 168, in _make_request
    json_result = _check_result(method_name, result)
                  ^^^^^^^^^^^^^^^^^^^^^^^^^^^^^^^^^^
  File "/root/onyx/venv/lib/python3.12/site-packages/telebot/apihelper.py", line 197, in _check_result
    raise ApiTelegramException(method_name, result, result_json)
telebot.apihelper.ApiTelegramException: A request to the Telegram API was unsuccessful. Error code: 409. Description: Conflict: terminated by other getUpdates request; make sure that only one bot instance is running
"
2026-09-06 13:44:28,740 (__init__.py:1280 MainThread) ERROR - TeleBot: "Threaded polling exception: A request to the Telegram API was unsuccessful. Error code: 409. Description: Conflict: terminated by other getUpdates request; make sure that only one bot instance is running"
2026-09-06 13:44:28,741 (__init__.py:1282 MainThread) ERROR - TeleBot: "Exception traceback:
Traceback (most recent call last):
  File "/root/onyx/venv/lib/python3.12/site-packages/telebot/__init__.py", line 1273, in __threaded_polling
    polling_thread.raise_exceptions()
  File "/root/onyx/venv/lib/python3.12/site-packages/telebot/util.py", line 116, in raise_exceptions
    raise self.exception_info
  File "/root/onyx/venv/lib/python3.12/site-packages/telebot/util.py", line 98, in run
    task(*args, **kwargs)
  File "/root/onyx/venv/lib/python3.12/site-packages/telebot/__init__.py", line 691, in __retrieve_updates
    updates = self.get_updates(offset=(self.last_update_id + 1),
              ^^^^^^^^^^^^^^^^^^^^^^^^^^^^^^^^^^^^^^^^^^^^^^^^^^
  File "/root/onyx/venv/lib/python3.12/site-packages/telebot/__init__.py", line 663, in get_updates
    json_updates = apihelper.get_updates(
                   ^^^^^^^^^^^^^^^^^^^^^^
  File "/root/onyx/venv/lib/python3.12/site-packages/telebot/apihelper.py", line 382, in get_updates
    return _make_request(token, method_url, params=payload)
           ^^^^^^^^^^^^^^^^^^^^^^^^^^^^^^^^^^^^^^^^^^^^^^^^
  File "/root/onyx/venv/lib/python3.12/site-packages/telebot/apihelper.py", line 168, in _make_request
    json_result = _check_result(method_name, result)
                  ^^^^^^^^^^^^^^^^^^^^^^^^^^^^^^^^^^
  File "/root/onyx/venv/lib/python3.12/site-packages/telebot/apihelper.py", line 197, in _check_result
    raise ApiTelegramException(method_name, result, result_json)
telebot.apihelper.ApiTelegramException: A request to the Telegram API was unsuccessful. Error code: 409. Description: Conflict: terminated by other getUpdates request; make sure that only one bot instance is running
"
2026-09-06 13:44:44,967 (__init__.py:1280 MainThread) ERROR - TeleBot: "Threaded polling exception: A request to the Telegram API was unsuccessful. Error code: 409. Description: Conflict: terminated by other getUpdates request; make sure that only one bot instance is running"
2026-09-06 13:44:44,968 (__init__.py:1282 MainThread) ERROR - TeleBot: "Exception traceback:
Traceback (most recent call last):
  File "/root/onyx/venv/lib/python3.12/site-packages/telebot/__init__.py", line 1273, in __threaded_polling
    polling_thread.raise_exceptions()
  File "/root/onyx/venv/lib/python3.12/site-packages/telebot/util.py", line 116, in raise_exceptions
    raise self.exception_info
  File "/root/onyx/venv/lib/python3.12/site-packages/telebot/util.py", line 98, in run
    task(*args, **kwargs)
  File "/root/onyx/venv/lib/python3.12/site-packages/telebot/__init__.py", line 691, in __retrieve_updates
    updates = self.get_updates(offset=(self.last_update_id + 1),
              ^^^^^^^^^^^^^^^^^^^^^^^^^^^^^^^^^^^^^^^^^^^^^^^^^^
  File "/root/onyx/venv/lib/python3.12/site-packages/telebot/__init__.py", line 663, in get_updates
    json_updates = apihelper.get_updates(
                   ^^^^^^^^^^^^^^^^^^^^^^
  File "/root/onyx/venv/lib/python3.12/site-packages/telebot/apihelper.py", line 382, in get_updates
    return _make_request(token, method_url, params=payload)
           ^^^^^^^^^^^^^^^^^^^^^^^^^^^^^^^^^^^^^^^^^^^^^^^^
  File "/root/onyx/venv/lib/python3.12/site-packages/telebot/apihelper.py", line 168, in _make_request
    json_result = _check_result(method_name, result)
                  ^^^^^^^^^^^^^^^^^^^^^^^^^^^^^^^^^^
  File "/root/onyx/venv/lib/python3.12/site-packages/telebot/apihelper.py", line 197, in _check_result
    raise ApiTelegramException(method_name, result, result_json)
telebot.apihelper.ApiTelegramException: A request to the Telegram API was unsuccessful. Error code: 409. Description: Conflict: terminated by other getUpdates request; make sure that only one bot instance is running
"
2026-09-06 13:45:01,926 (__init__.py:1280 MainThread) ERROR - TeleBot: "Threaded polling exception: A request to the Telegram API was unsuccessful. Error code: 409. Description: Conflict: terminated by other getUpdates request; make sure that only one bot instance is running"
2026-09-06 13:45:01,930 (__init__.py:1282 MainThread) ERROR - TeleBot: "Exception traceback:
Traceback (most recent call last):
  File "/root/onyx/venv/lib/python3.12/site-packages/telebot/__init__.py", line 1273, in __threaded_polling
    polling_thread.raise_exceptions()
  File "/root/onyx/venv/lib/python3.12/site-packages/telebot/util.py", line 116, in raise_exceptions
    raise self.exception_info
  File "/root/onyx/venv/lib/python3.12/site-packages/telebot/util.py", line 98, in run
    task(*args, **kwargs)
  File "/root/onyx/venv/lib/python3.12/site-packages/telebot/__init__.py", line 691, in __retrieve_updates
    updates = self.get_updates(offset=(self.last_update_id + 1),
              ^^^^^^^^^^^^^^^^^^^^^^^^^^^^^^^^^^^^^^^^^^^^^^^^^^
  File "/root/onyx/venv/lib/python3.12/site-packages/telebot/__init__.py", line 663, in get_updates
    json_updates = apihelper.get_updates(
                   ^^^^^^^^^^^^^^^^^^^^^^
  File "/root/onyx/venv/lib/python3.12/site-packages/telebot/apihelper.py", line 382, in get_updates
    return _make_request(token, method_url, params=payload)
           ^^^^^^^^^^^^^^^^^^^^^^^^^^^^^^^^^^^^^^^^^^^^^^^^
  File "/root/onyx/venv/lib/python3.12/site-packages/telebot/apihelper.py", line 168, in _make_request
    json_result = _check_result(method_name, result)
                  ^^^^^^^^^^^^^^^^^^^^^^^^^^^^^^^^^^
  File "/root/onyx/venv/lib/python3.12/site-packages/telebot/apihelper.py", line 197, in _check_result
    raise ApiTelegramException(method_name, result, result_json)
telebot.apihelper.ApiTelegramException: A request to the Telegram API was unsuccessful. Error code: 409. Description: Conflict: terminated by other getUpdates request; make sure that only one bot instance is running
"
2026-09-06 13:45:20,093 (__init__.py:1280 MainThread) ERROR - TeleBot: "Threaded polling exception: A request to the Telegram API was unsuccessful. Error code: 409. Description: Conflict: terminated by other getUpdates request; make sure that only one bot instance is running"
2026-09-06 13:45:20,094 (__init__.py:1282 MainThread) ERROR - TeleBot: "Exception traceback:
Traceback (most recent call last):
  File "/root/onyx/venv/lib/python3.12/site-packages/telebot/__init__.py", line 1273, in __threaded_polling
    polling_thread.raise_exceptions()
  File "/root/onyx/venv/lib/python3.12/site-packages/telebot/util.py", line 116, in raise_exceptions
    raise self.exception_info
  File "/root/onyx/venv/lib/python3.12/site-packages/telebot/util.py", line 98, in run
    task(*args, **kwargs)
  File "/root/onyx/venv/lib/python3.12/site-packages/telebot/__init__.py", line 691, in __retrieve_updates
    updates = self.get_updates(offset=(self.last_update_id + 1),
              ^^^^^^^^^^^^^^^^^^^^^^^^^^^^^^^^^^^^^^^^^^^^^^^^^^
  File "/root/onyx/venv/lib/python3.12/site-packages/telebot/__init__.py", line 663, in get_updates
    json_updates = apihelper.get_updates(
                   ^^^^^^^^^^^^^^^^^^^^^^
  File "/root/onyx/venv/lib/python3.12/site-packages/telebot/apihelper.py", line 382, in get_updates
    return _make_request(token, method_url, params=payload)
           ^^^^^^^^^^^^^^^^^^^^^^^^^^^^^^^^^^^^^^^^^^^^^^^^
  File "/root/onyx/venv/lib/python3.12/site-packages/telebot/apihelper.py", line 168, in _make_request
    json_result = _check_result(method_name, result)
                  ^^^^^^^^^^^^^^^^^^^^^^^^^^^^^^^^^^
  File "/root/onyx/venv/lib/python3.12/site-packages/telebot/apihelper.py", line 197, in _check_result
    raise ApiTelegramException(method_name, result, result_json)
telebot.apihelper.ApiTelegramException: A request to the Telegram API was unsuccessful. Error code: 409. Description: Conflict: terminated by other getUpdates request; make sure that only one bot instance is running
"
2026-09-06 13:45:36,828 (__init__.py:1280 MainThread) ERROR - TeleBot: "Threaded polling exception: A request to the Telegram API was unsuccessful. Error code: 409. Description: Conflict: terminated by other getUpdates request; make sure that only one bot instance is running"
2026-09-06 13:45:36,830 (__init__.py:1282 MainThread) ERROR - TeleBot: "Exception traceback:
Traceback (most recent call last):
  File "/root/onyx/venv/lib/python3.12/site-packages/telebot/__init__.py", line 1273, in __threaded_polling
    polling_thread.raise_exceptions()
  File "/root/onyx/venv/lib/python3.12/site-packages/telebot/util.py", line 116, in raise_exceptions
    raise self.exception_info
  File "/root/onyx/venv/lib/python3.12/site-packages/telebot/util.py", line 98, in run
    task(*args, **kwargs)
  File "/root/onyx/venv/lib/python3.12/site-packages/telebot/__init__.py", line 691, in __retrieve_updates
    updates = self.get_updates(offset=(self.last_update_id + 1),
              ^^^^^^^^^^^^^^^^^^^^^^^^^^^^^^^^^^^^^^^^^^^^^^^^^^
  File "/root/onyx/venv/lib/python3.12/site-packages/telebot/__init__.py", line 663, in get_updates
    json_updates = apihelper.get_updates(
                   ^^^^^^^^^^^^^^^^^^^^^^
  File "/root/onyx/venv/lib/python3.12/site-packages/telebot/apihelper.py", line 382, in get_updates
    return _make_request(token, method_url, params=payload)
           ^^^^^^^^^^^^^^^^^^^^^^^^^^^^^^^^^^^^^^^^^^^^^^^^
  File "/root/onyx/venv/lib/python3.12/site-packages/telebot/apihelper.py", line 168, in _make_request
    json_result = _check_result(method_name, result)
                  ^^^^^^^^^^^^^^^^^^^^^^^^^^^^^^^^^^
  File "/root/onyx/venv/lib/python3.12/site-packages/telebot/apihelper.py", line 197, in _check_result
    raise ApiTelegramException(method_name, result, result_json)
telebot.apihelper.ApiTelegramException: A request to the Telegram API was unsuccessful. Error code: 409. Description: Conflict: terminated by other getUpdates request; make sure that only one bot instance is running
"
2026-09-06 13:45:57,824 (__init__.py:1280 MainThread) ERROR - TeleBot: "Threaded polling exception: A request to the Telegram API was unsuccessful. Error code: 409. Description: Conflict: terminated by other getUpdates request; make sure that only one bot instance is running"
2026-09-06 13:45:57,825 (__init__.py:1282 MainThread) ERROR - TeleBot: "Exception traceback:
Traceback (most recent call last):
  File "/root/onyx/venv/lib/python3.12/site-packages/telebot/__init__.py", line 1273, in __threaded_polling
    polling_thread.raise_exceptions()
  File "/root/onyx/venv/lib/python3.12/site-packages/telebot/util.py", line 116, in raise_exceptions
    raise self.exception_info
  File "/root/onyx/venv/lib/python3.12/site-packages/telebot/util.py", line 98, in run
    task(*args, **kwargs)
  File "/root/onyx/venv/lib/python3.12/site-packages/telebot/__init__.py", line 691, in __retrieve_updates
    updates = self.get_updates(offset=(self.last_update_id + 1),
              ^^^^^^^^^^^^^^^^^^^^^^^^^^^^^^^^^^^^^^^^^^^^^^^^^^
  File "/root/onyx/venv/lib/python3.12/site-packages/telebot/__init__.py", line 663, in get_updates
    json_updates = apihelper.get_updates(
                   ^^^^^^^^^^^^^^^^^^^^^^
  File "/root/onyx/venv/lib/python3.12/site-packages/telebot/apihelper.py", line 382, in get_updates
    return _make_request(token, method_url, params=payload)
           ^^^^^^^^^^^^^^^^^^^^^^^^^^^^^^^^^^^^^^^^^^^^^^^^
  File "/root/onyx/venv/lib/python3.12/site-packages/telebot/apihelper.py", line 168, in _make_request
    json_result = _check_result(method_name, result)
                  ^^^^^^^^^^^^^^^^^^^^^^^^^^^^^^^^^^
  File "/root/onyx/venv/lib/python3.12/site-packages/telebot/apihelper.py", line 197, in _check_result
    raise ApiTelegramException(method_name, result, result_json)
telebot.apihelper.ApiTelegramException: A request to the Telegram API was unsuccessful. Error code: 409. Description: Conflict: terminated by other getUpdates request; make sure that only one bot instance is running
"
2026-09-06 13:46:26,592 (__init__.py:1280 MainThread) ERROR - TeleBot: "Threaded polling exception: A request to the Telegram API was unsuccessful. Error code: 409. Description: Conflict: terminated by other getUpdates request; make sure that only one bot instance is running"
2026-09-06 13:46:26,593 (__init__.py:1282 MainThread) ERROR - TeleBot: "Exception traceback:
Traceback (most recent call last):
  File "/root/onyx/venv/lib/python3.12/site-packages/telebot/__init__.py", line 1273, in __threaded_polling
    polling_thread.raise_exceptions()
  File "/root/onyx/venv/lib/python3.12/site-packages/telebot/util.py", line 116, in raise_exceptions
    raise self.exception_info
  File "/root/onyx/venv/lib/python3.12/site-packages/telebot/util.py", line 98, in run
    task(*args, **kwargs)
  File "/root/onyx/venv/lib/python3.12/site-packages/telebot/__init__.py", line 691, in __retrieve_updates
    updates = self.get_updates(offset=(self.last_update_id + 1),
              ^^^^^^^^^^^^^^^^^^^^^^^^^^^^^^^^^^^^^^^^^^^^^^^^^^
  File "/root/onyx/venv/lib/python3.12/site-packages/telebot/__init__.py", line 663, in get_updates
    json_updates = apihelper.get_updates(
                   ^^^^^^^^^^^^^^^^^^^^^^
  File "/root/onyx/venv/lib/python3.12/site-packages/telebot/apihelper.py", line 382, in get_updates
    return _make_request(token, method_url, params=payload)
           ^^^^^^^^^^^^^^^^^^^^^^^^^^^^^^^^^^^^^^^^^^^^^^^^
  File "/root/onyx/venv/lib/python3.12/site-packages/telebot/apihelper.py", line 168, in _make_request
    json_result = _check_result(method_name, result)
                  ^^^^^^^^^^^^^^^^^^^^^^^^^^^^^^^^^^
  File "/root/onyx/venv/lib/python3.12/site-packages/telebot/apihelper.py", line 197, in _check_result
    raise ApiTelegramException(method_name, result, result_json)
telebot.apihelper.ApiTelegramException: A request to the Telegram API was unsuccessful. Error code: 409. Description: Conflict: terminated by other getUpdates request; make sure that only one bot instance is running
"
2026-09-06 13:47:01,881 (__init__.py:1280 MainThread) ERROR - TeleBot: "Threaded polling exception: A request to the Telegram API was unsuccessful. Error code: 409. Description: Conflict: terminated by other getUpdates request; make sure that only one bot instance is running"
2026-09-06 13:47:01,882 (__init__.py:1282 MainThread) ERROR - TeleBot: "Exception traceback:
Traceback (most recent call last):
  File "/root/onyx/venv/lib/python3.12/site-packages/telebot/__init__.py", line 1273, in __threaded_polling
    polling_thread.raise_exceptions()
  File "/root/onyx/venv/lib/python3.12/site-packages/telebot/util.py", line 116, in raise_exceptions
    raise self.exception_info
  File "/root/onyx/venv/lib/python3.12/site-packages/telebot/util.py", line 98, in run
    task(*args, **kwargs)
  File "/root/onyx/venv/lib/python3.12/site-packages/telebot/__init__.py", line 691, in __retrieve_updates
    updates = self.get_updates(offset=(self.last_update_id + 1),
              ^^^^^^^^^^^^^^^^^^^^^^^^^^^^^^^^^^^^^^^^^^^^^^^^^^
  File "/root/onyx/venv/lib/python3.12/site-packages/telebot/__init__.py", line 663, in get_updates
    json_updates = apihelper.get_updates(
                   ^^^^^^^^^^^^^^^^^^^^^^
  File "/root/onyx/venv/lib/python3.12/site-packages/telebot/apihelper.py", line 382, in get_updates
    return _make_request(token, method_url, params=payload)
           ^^^^^^^^^^^^^^^^^^^^^^^^^^^^^^^^^^^^^^^^^^^^^^^^
  File "/root/onyx/venv/lib/python3.12/site-packages/telebot/apihelper.py", line 168, in _make_request
    json_result = _check_result(method_name, result)
                  ^^^^^^^^^^^^^^^^^^^^^^^^^^^^^^^^^^
  File "/root/onyx/venv/lib/python3.12/site-packages/telebot/apihelper.py", line 197, in _check_result
    raise ApiTelegramException(method_name, result, result_json)
telebot.apihelper.ApiTelegramException: A request to the Telegram API was unsuccessful. Error code: 409. Description: Conflict: terminated by other getUpdates request; make sure that only one bot instance is running
"
2026-09-06 13:48:05,276 (__init__.py:1280 MainThread) ERROR - TeleBot: "Threaded polling exception: A request to the Telegram API was unsuccessful. Error code: 409. Description: Conflict: terminated by other getUpdates request; make sure that only one bot instance is running"
2026-09-06 13:48:05,278 (__init__.py:1282 MainThread) ERROR - TeleBot: "Exception traceback:
Traceback (most recent call last):
  File "/root/onyx/venv/lib/python3.12/site-packages/telebot/__init__.py", line 1273, in __threaded_polling
    polling_thread.raise_exceptions()
  File "/root/onyx/venv/lib/python3.12/site-packages/telebot/util.py", line 116, in raise_exceptions
    raise self.exception_info
  File "/root/onyx/venv/lib/python3.12/site-packages/telebot/util.py", line 98, in run
    task(*args, **kwargs)
  File "/root/onyx/venv/lib/python3.12/site-packages/telebot/__init__.py", line 691, in __retrieve_updates
    updates = self.get_updates(offset=(self.last_update_id + 1),
              ^^^^^^^^^^^^^^^^^^^^^^^^^^^^^^^^^^^^^^^^^^^^^^^^^^
  File "/root/onyx/venv/lib/python3.12/site-packages/telebot/__init__.py", line 663, in get_updates
    json_updates = apihelper.get_updates(
                   ^^^^^^^^^^^^^^^^^^^^^^
  File "/root/onyx/venv/lib/python3.12/site-packages/telebot/apihelper.py", line 382, in get_updates
    return _make_request(token, method_url, params=payload)
           ^^^^^^^^^^^^^^^^^^^^^^^^^^^^^^^^^^^^^^^^^^^^^^^^
  File "/root/onyx/venv/lib/python3.12/site-packages/telebot/apihelper.py", line 168, in _make_request
    json_result = _check_result(method_name, result)
                  ^^^^^^^^^^^^^^^^^^^^^^^^^^^^^^^^^^
  File "/root/onyx/venv/lib/python3.12/site-packages/telebot/apihelper.py", line 197, in _check_result
    raise ApiTelegramException(method_name, result, result_json)
telebot.apihelper.ApiTelegramException: A request to the Telegram API was unsuccessful. Error code: 409. Description: Conflict: terminated by other getUpdates request; make sure that only one bot instance is running
"
2026-09-06 13:49:08,572 (__init__.py:1280 MainThread) ERROR - TeleBot: "Threaded polling exception: A request to the Telegram API was unsuccessful. Error code: 409. Description: Conflict: terminated by other getUpdates request; make sure that only one bot instance is running"
2026-09-06 13:49:08,573 (__init__.py:1282 MainThread) ERROR - TeleBot: "Exception traceback:
Traceback (most recent call last):
  File "/root/onyx/venv/lib/python3.12/site-packages/telebot/__init__.py", line 1273, in __threaded_polling
    polling_thread.raise_exceptions()
  File "/root/onyx/venv/lib/python3.12/site-packages/telebot/util.py", line 116, in raise_exceptions
    raise self.exception_info
  File "/root/onyx/venv/lib/python3.12/site-packages/telebot/util.py", line 98, in run
    task(*args, **kwargs)
  File "/root/onyx/venv/lib/python3.12/site-packages/telebot/__init__.py", line 691, in __retrieve_updates
    updates = self.get_updates(offset=(self.last_update_id + 1),
              ^^^^^^^^^^^^^^^^^^^^^^^^^^^^^^^^^^^^^^^^^^^^^^^^^^
  File "/root/onyx/venv/lib/python3.12/site-packages/telebot/__init__.py", line 663, in get_updates
    json_updates = apihelper.get_updates(
                   ^^^^^^^^^^^^^^^^^^^^^^
  File "/root/onyx/venv/lib/python3.12/site-packages/telebot/apihelper.py", line 382, in get_updates
    return _make_request(token, method_url, params=payload)
           ^^^^^^^^^^^^^^^^^^^^^^^^^^^^^^^^^^^^^^^^^^^^^^^^
  File "/root/onyx/venv/lib/python3.12/site-packages/telebot/apihelper.py", line 168, in _make_request
    json_result = _check_result(method_name, result)
                  ^^^^^^^^^^^^^^^^^^^^^^^^^^^^^^^^^^
  File "/root/onyx/venv/lib/python3.12/site-packages/telebot/apihelper.py", line 197, in _check_result
    raise ApiTelegramException(method_name, result, result_json)
telebot.apihelper.ApiTelegramException: A request to the Telegram API was unsuccessful. Error code: 409. Description: Conflict: terminated by other getUpdates request; make sure that only one bot instance is running
"
2026-09-06 13:50:11,870 (__init__.py:1280 MainThread) ERROR - TeleBot: "Threaded polling exception: A request to the Telegram API was unsuccessful. Error code: 409. Description: Conflict: terminated by other getUpdates request; make sure that only one bot instance is running"
2026-09-06 13:50:11,871 (__init__.py:1282 MainThread) ERROR - TeleBot: "Exception traceback:
Traceback (most recent call last):
  File "/root/onyx/venv/lib/python3.12/site-packages/telebot/__init__.py", line 1273, in __threaded_polling
    polling_thread.raise_exceptions()
  File "/root/onyx/venv/lib/python3.12/site-packages/telebot/util.py", line 116, in raise_exceptions
    raise self.exception_info
  File "/root/onyx/venv/lib/python3.12/site-packages/telebot/util.py", line 98, in run
    task(*args, **kwargs)
  File "/root/onyx/venv/lib/python3.12/site-packages/telebot/__init__.py", line 691, in __retrieve_updates
    updates = self.get_updates(offset=(self.last_update_id + 1),
              ^^^^^^^^^^^^^^^^^^^^^^^^^^^^^^^^^^^^^^^^^^^^^^^^^^
  File "/root/onyx/venv/lib/python3.12/site-packages/telebot/__init__.py", line 663, in get_updates
    json_updates = apihelper.get_updates(
                   ^^^^^^^^^^^^^^^^^^^^^^
  File "/root/onyx/venv/lib/python3.12/site-packages/telebot/apihelper.py", line 382, in get_updates
    return _make_request(token, method_url, params=payload)
           ^^^^^^^^^^^^^^^^^^^^^^^^^^^^^^^^^^^^^^^^^^^^^^^^
  File "/root/onyx/venv/lib/python3.12/site-packages/telebot/apihelper.py", line 168, in _make_request
    json_result = _check_result(method_name, result)
                  ^^^^^^^^^^^^^^^^^^^^^^^^^^^^^^^^^^
  File "/root/onyx/venv/lib/python3.12/site-packages/telebot/apihelper.py", line 197, in _check_result
    raise ApiTelegramException(method_name, result, result_json)
telebot.apihelper.ApiTelegramException: A request to the Telegram API was unsuccessful. Error code: 409. Description: Conflict: terminated by other getUpdates request; make sure that only one bot instance is running
"
2026-09-06 13:51:15,158 (__init__.py:1280 MainThread) ERROR - TeleBot: "Threaded polling exception: A request to the Telegram API was unsuccessful. Error code: 409. Description: Conflict: terminated by other getUpdates request; make sure that only one bot instance is running"
2026-09-06 13:51:15,159 (__init__.py:1282 MainThread) ERROR - TeleBot: "Exception traceback:
Traceback (most recent call last):
  File "/root/onyx/venv/lib/python3.12/site-packages/telebot/__init__.py", line 1273, in __threaded_polling
    polling_thread.raise_exceptions()
  File "/root/onyx/venv/lib/python3.12/site-packages/telebot/util.py", line 116, in raise_exceptions
    raise self.exception_info
  File "/root/onyx/venv/lib/python3.12/site-packages/telebot/util.py", line 98, in run
    task(*args, **kwargs)
  File "/root/onyx/venv/lib/python3.12/site-packages/telebot/__init__.py", line 691, in __retrieve_updates
    updates = self.get_updates(offset=(self.last_update_id + 1),
              ^^^^^^^^^^^^^^^^^^^^^^^^^^^^^^^^^^^^^^^^^^^^^^^^^^
  File "/root/onyx/venv/lib/python3.12/site-packages/telebot/__init__.py", line 663, in get_updates
    json_updates = apihelper.get_updates(
                   ^^^^^^^^^^^^^^^^^^^^^^
  File "/root/onyx/venv/lib/python3.12/site-packages/telebot/apihelper.py", line 382, in get_updates
    return _make_request(token, method_url, params=payload)
           ^^^^^^^^^^^^^^^^^^^^^^^^^^^^^^^^^^^^^^^^^^^^^^^^
  File "/root/onyx/venv/lib/python3.12/site-packages/telebot/apihelper.py", line 168, in _make_request
    json_result = _check_result(method_name, result)
                  ^^^^^^^^^^^^^^^^^^^^^^^^^^^^^^^^^^
  File "/root/onyx/venv/lib/python3.12/site-packages/telebot/apihelper.py", line 197, in _check_result
    raise ApiTelegramException(method_name, result, result_json)
telebot.apihelper.ApiTelegramException: A request to the Telegram API was unsuccessful. Error code: 409. Description: Conflict: terminated by other getUpdates request; make sure that only one bot instance is running
"
2026-09-06 13:52:18,446 (__init__.py:1280 MainThread) ERROR - TeleBot: "Threaded polling exception: A request to the Telegram API was unsuccessful. Error code: 409. Description: Conflict: terminated by other getUpdates request; make sure that only one bot instance is running"
2026-09-06 13:52:18,449 (__init__.py:1282 MainThread) ERROR - TeleBot: "Exception traceback:
Traceback (most recent call last):
  File "/root/onyx/venv/lib/python3.12/site-packages/telebot/__init__.py", line 1273, in __threaded_polling
    polling_thread.raise_exceptions()
  File "/root/onyx/venv/lib/python3.12/site-packages/telebot/util.py", line 116, in raise_exceptions
    raise self.exception_info
  File "/root/onyx/venv/lib/python3.12/site-packages/telebot/util.py", line 98, in run
    task(*args, **kwargs)
  File "/root/onyx/venv/lib/python3.12/site-packages/telebot/__init__.py", line 691, in __retrieve_updates
    updates = self.get_updates(offset=(self.last_update_id + 1),
              ^^^^^^^^^^^^^^^^^^^^^^^^^^^^^^^^^^^^^^^^^^^^^^^^^^
  File "/root/onyx/venv/lib/python3.12/site-packages/telebot/__init__.py", line 663, in get_updates
    json_updates = apihelper.get_updates(
                   ^^^^^^^^^^^^^^^^^^^^^^
  File "/root/onyx/venv/lib/python3.12/site-packages/telebot/apihelper.py", line 382, in get_updates
    return _make_request(token, method_url, params=payload)
           ^^^^^^^^^^^^^^^^^^^^^^^^^^^^^^^^^^^^^^^^^^^^^^^^
  File "/root/onyx/venv/lib/python3.12/site-packages/telebot/apihelper.py", line 168, in _make_request
    json_result = _check_result(method_name, result)
                  ^^^^^^^^^^^^^^^^^^^^^^^^^^^^^^^^^^
  File "/root/onyx/venv/lib/python3.12/site-packages/telebot/apihelper.py", line 197, in _check_result
    raise ApiTelegramException(method_name, result, result_json)
telebot.apihelper.ApiTelegramException: A request to the Telegram API was unsuccessful. Error code: 409. Description: Conflict: terminated by other getUpdates request; make sure that only one bot instance is running
"
2026-09-06 13:53:21,742 (__init__.py:1280 MainThread) ERROR - TeleBot: "Threaded polling exception: A request to the Telegram API was unsuccessful. Error code: 409. Description: Conflict: terminated by other getUpdates request; make sure that only one bot instance is running"
2026-09-06 13:53:21,744 (__init__.py:1282 MainThread) ERROR - TeleBot: "Exception traceback:
Traceback (most recent call last):
  File "/root/onyx/venv/lib/python3.12/site-packages/telebot/__init__.py", line 1273, in __threaded_polling
    polling_thread.raise_exceptions()
  File "/root/onyx/venv/lib/python3.12/site-packages/telebot/util.py", line 116, in raise_exceptions
    raise self.exception_info
  File "/root/onyx/venv/lib/python3.12/site-packages/telebot/util.py", line 98, in run
    task(*args, **kwargs)
  File "/root/onyx/venv/lib/python3.12/site-packages/telebot/__init__.py", line 691, in __retrieve_updates
    updates = self.get_updates(offset=(self.last_update_id + 1),
              ^^^^^^^^^^^^^^^^^^^^^^^^^^^^^^^^^^^^^^^^^^^^^^^^^^
  File "/root/onyx/venv/lib/python3.12/site-packages/telebot/__init__.py", line 663, in get_updates
    json_updates = apihelper.get_updates(
                   ^^^^^^^^^^^^^^^^^^^^^^
  File "/root/onyx/venv/lib/python3.12/site-packages/telebot/apihelper.py", line 382, in get_updates
    return _make_request(token, method_url, params=payload)
           ^^^^^^^^^^^^^^^^^^^^^^^^^^^^^^^^^^^^^^^^^^^^^^^^
  File "/root/onyx/venv/lib/python3.12/site-packages/telebot/apihelper.py", line 168, in _make_request
    json_result = _check_result(method_name, result)
                  ^^^^^^^^^^^^^^^^^^^^^^^^^^^^^^^^^^
  File "/root/onyx/venv/lib/python3.12/site-packages/telebot/apihelper.py", line 197, in _check_result
    raise ApiTelegramException(method_name, result, result_json)
telebot.apihelper.ApiTelegramException: A request to the Telegram API was unsuccessful. Error code: 409. Description: Conflict: terminated by other getUpdates request; make sure that only one bot instance is running
"
2026-09-06 13:54:25,119 (__init__.py:1280 MainThread) ERROR - TeleBot: "Threaded polling exception: A request to the Telegram API was unsuccessful. Error code: 409. Description: Conflict: terminated by other getUpdates request; make sure that only one bot instance is running"
2026-09-06 13:54:25,120 (__init__.py:1282 MainThread) ERROR - TeleBot: "Exception traceback:
Traceback (most recent call last):
  File "/root/onyx/venv/lib/python3.12/site-packages/telebot/__init__.py", line 1273, in __threaded_polling
    polling_thread.raise_exceptions()
  File "/root/onyx/venv/lib/python3.12/site-packages/telebot/util.py", line 116, in raise_exceptions
    raise self.exception_info
  File "/root/onyx/venv/lib/python3.12/site-packages/telebot/util.py", line 98, in run
    task(*args, **kwargs)
  File "/root/onyx/venv/lib/python3.12/site-packages/telebot/__init__.py", line 691, in __retrieve_updates
    updates = self.get_updates(offset=(self.last_update_id + 1),
              ^^^^^^^^^^^^^^^^^^^^^^^^^^^^^^^^^^^^^^^^^^^^^^^^^^
  File "/root/onyx/venv/lib/python3.12/site-packages/telebot/__init__.py", line 663, in get_updates
    json_updates = apihelper.get_updates(
                   ^^^^^^^^^^^^^^^^^^^^^^
  File "/root/onyx/venv/lib/python3.12/site-packages/telebot/apihelper.py", line 382, in get_updates
    return _make_request(token, method_url, params=payload)
           ^^^^^^^^^^^^^^^^^^^^^^^^^^^^^^^^^^^^^^^^^^^^^^^^
  File "/root/onyx/venv/lib/python3.12/site-packages/telebot/apihelper.py", line 168, in _make_request
    json_result = _check_result(method_name, result)
                  ^^^^^^^^^^^^^^^^^^^^^^^^^^^^^^^^^^
  File "/root/onyx/venv/lib/python3.12/site-packages/telebot/apihelper.py", line 197, in _check_result
    raise ApiTelegramException(method_name, result, result_json)
telebot.apihelper.ApiTelegramException: A request to the Telegram API was unsuccessful. Error code: 409. Description: Conflict: terminated by other getUpdates request; make sure that only one bot instance is running
"
2026-09-06 13:55:28,407 (__init__.py:1280 MainThread) ERROR - TeleBot: "Threaded polling exception: A request to the Telegram API was unsuccessful. Error code: 409. Description: Conflict: terminated by other getUpdates request; make sure that only one bot instance is running"
2026-09-06 13:55:28,408 (__init__.py:1282 MainThread) ERROR - TeleBot: "Exception traceback:
Traceback (most recent call last):
  File "/root/onyx/venv/lib/python3.12/site-packages/telebot/__init__.py", line 1273, in __threaded_polling
    polling_thread.raise_exceptions()
  File "/root/onyx/venv/lib/python3.12/site-packages/telebot/util.py", line 116, in raise_exceptions
    raise self.exception_info
  File "/root/onyx/venv/lib/python3.12/site-packages/telebot/util.py", line 98, in run
    task(*args, **kwargs)
  File "/root/onyx/venv/lib/python3.12/site-packages/telebot/__init__.py", line 691, in __retrieve_updates
    updates = self.get_updates(offset=(self.last_update_id + 1),
              ^^^^^^^^^^^^^^^^^^^^^^^^^^^^^^^^^^^^^^^^^^^^^^^^^^
  File "/root/onyx/venv/lib/python3.12/site-packages/telebot/__init__.py", line 663, in get_updates
    json_updates = apihelper.get_updates(
                   ^^^^^^^^^^^^^^^^^^^^^^
  File "/root/onyx/venv/lib/python3.12/site-packages/telebot/apihelper.py", line 382, in get_updates
    return _make_request(token, method_url, params=payload)
           ^^^^^^^^^^^^^^^^^^^^^^^^^^^^^^^^^^^^^^^^^^^^^^^^
  File "/root/onyx/venv/lib/python3.12/site-packages/telebot/apihelper.py", line 168, in _make_request
    json_result = _check_result(method_name, result)
                  ^^^^^^^^^^^^^^^^^^^^^^^^^^^^^^^^^^
  File "/root/onyx/venv/lib/python3.12/site-packages/telebot/apihelper.py", line 197, in _check_result
    raise ApiTelegramException(method_name, result, result_json)
telebot.apihelper.ApiTelegramException: A request to the Telegram API was unsuccessful. Error code: 409. Description: Conflict: terminated by other getUpdates request; make sure that only one bot instance is running
"
2026-09-06 13:56:31,692 (__init__.py:1280 MainThread) ERROR - TeleBot: "Threaded polling exception: A request to the Telegram API was unsuccessful. Error code: 409. Description: Conflict: terminated by other getUpdates request; make sure that only one bot instance is running"
2026-09-06 13:56:31,693 (__init__.py:1282 MainThread) ERROR - TeleBot: "Exception traceback:
Traceback (most recent call last):
  File "/root/onyx/venv/lib/python3.12/site-packages/telebot/__init__.py", line 1273, in __threaded_polling
    polling_thread.raise_exceptions()
  File "/root/onyx/venv/lib/python3.12/site-packages/telebot/util.py", line 116, in raise_exceptions
    raise self.exception_info
  File "/root/onyx/venv/lib/python3.12/site-packages/telebot/util.py", line 98, in run
    task(*args, **kwargs)
  File "/root/onyx/venv/lib/python3.12/site-packages/telebot/__init__.py", line 691, in __retrieve_updates
    updates = self.get_updates(offset=(self.last_update_id + 1),
              ^^^^^^^^^^^^^^^^^^^^^^^^^^^^^^^^^^^^^^^^^^^^^^^^^^
  File "/root/onyx/venv/lib/python3.12/site-packages/telebot/__init__.py", line 663, in get_updates
    json_updates = apihelper.get_updates(
                   ^^^^^^^^^^^^^^^^^^^^^^
  File "/root/onyx/venv/lib/python3.12/site-packages/telebot/apihelper.py", line 382, in get_updates
    return _make_request(token, method_url, params=payload)
           ^^^^^^^^^^^^^^^^^^^^^^^^^^^^^^^^^^^^^^^^^^^^^^^^
  File "/root/onyx/venv/lib/python3.12/site-packages/telebot/apihelper.py", line 168, in _make_request
    json_result = _check_result(method_name, result)
                  ^^^^^^^^^^^^^^^^^^^^^^^^^^^^^^^^^^
  File "/root/onyx/venv/lib/python3.12/site-packages/telebot/apihelper.py", line 197, in _check_result
    raise ApiTelegramException(method_name, result, result_json)
telebot.apihelper.ApiTelegramException: A request to the Telegram API was unsuccessful. Error code: 409. Description: Conflict: terminated by other getUpdates request; make sure that only one bot instance is running
"
2026-09-06 13:57:34,983 (__init__.py:1280 MainThread) ERROR - TeleBot: "Threaded polling exception: A request to the Telegram API was unsuccessful. Error code: 409. Description: Conflict: terminated by other getUpdates request; make sure that only one bot instance is running"
2026-09-06 13:57:34,985 (__init__.py:1282 MainThread) ERROR - TeleBot: "Exception traceback:
Traceback (most recent call last):
  File "/root/onyx/venv/lib/python3.12/site-packages/telebot/__init__.py", line 1273, in __threaded_polling
    polling_thread.raise_exceptions()
  File "/root/onyx/venv/lib/python3.12/site-packages/telebot/util.py", line 116, in raise_exceptions
    raise self.exception_info
  File "/root/onyx/venv/lib/python3.12/site-packages/telebot/util.py", line 98, in run
    task(*args, **kwargs)
  File "/root/onyx/venv/lib/python3.12/site-packages/telebot/__init__.py", line 691, in __retrieve_updates
    updates = self.get_updates(offset=(self.last_update_id + 1),
              ^^^^^^^^^^^^^^^^^^^^^^^^^^^^^^^^^^^^^^^^^^^^^^^^^^
  File "/root/onyx/venv/lib/python3.12/site-packages/telebot/__init__.py", line 663, in get_updates
    json_updates = apihelper.get_updates(
                   ^^^^^^^^^^^^^^^^^^^^^^
  File "/root/onyx/venv/lib/python3.12/site-packages/telebot/apihelper.py", line 382, in get_updates
    return _make_request(token, method_url, params=payload)
           ^^^^^^^^^^^^^^^^^^^^^^^^^^^^^^^^^^^^^^^^^^^^^^^^
  File "/root/onyx/venv/lib/python3.12/site-packages/telebot/apihelper.py", line 168, in _make_request
    json_result = _check_result(method_name, result)
                  ^^^^^^^^^^^^^^^^^^^^^^^^^^^^^^^^^^
  File "/root/onyx/venv/lib/python3.12/site-packages/telebot/apihelper.py", line 197, in _check_result
    raise ApiTelegramException(method_name, result, result_json)
telebot.apihelper.ApiTelegramException: A request to the Telegram API was unsuccessful. Error code: 409. Description: Conflict: terminated by other getUpdates request; make sure that only one bot instance is running
"
2026-09-06 13:58:38,269 (__init__.py:1280 MainThread) ERROR - TeleBot: "Threaded polling exception: A request to the Telegram API was unsuccessful. Error code: 409. Description: Conflict: terminated by other getUpdates request; make sure that only one bot instance is running"
2026-09-06 13:58:38,270 (__init__.py:1282 MainThread) ERROR - TeleBot: "Exception traceback:
Traceback (most recent call last):
  File "/root/onyx/venv/lib/python3.12/site-packages/telebot/__init__.py", line 1273, in __threaded_polling
    polling_thread.raise_exceptions()
  File "/root/onyx/venv/lib/python3.12/site-packages/telebot/util.py", line 116, in raise_exceptions
    raise self.exception_info
  File "/root/onyx/venv/lib/python3.12/site-packages/telebot/util.py", line 98, in run
    task(*args, **kwargs)
  File "/root/onyx/venv/lib/python3.12/site-packages/telebot/__init__.py", line 691, in __retrieve_updates
    updates = self.get_updates(offset=(self.last_update_id + 1),
              ^^^^^^^^^^^^^^^^^^^^^^^^^^^^^^^^^^^^^^^^^^^^^^^^^^
  File "/root/onyx/venv/lib/python3.12/site-packages/telebot/__init__.py", line 663, in get_updates
    json_updates = apihelper.get_updates(
                   ^^^^^^^^^^^^^^^^^^^^^^
  File "/root/onyx/venv/lib/python3.12/site-packages/telebot/apihelper.py", line 382, in get_updates
    return _make_request(token, method_url, params=payload)
           ^^^^^^^^^^^^^^^^^^^^^^^^^^^^^^^^^^^^^^^^^^^^^^^^
  File "/root/onyx/venv/lib/python3.12/site-packages/telebot/apihelper.py", line 168, in _make_request
    json_result = _check_result(method_name, result)
                  ^^^^^^^^^^^^^^^^^^^^^^^^^^^^^^^^^^
  File "/root/onyx/venv/lib/python3.12/site-packages/telebot/apihelper.py", line 197, in _check_result
    raise ApiTelegramException(method_name, result, result_json)
telebot.apihelper.ApiTelegramException: A request to the Telegram API was unsuccessful. Error code: 409. Description: Conflict: terminated by other getUpdates request; make sure that only one bot instance is running
"
2026-09-06 13:59:41,553 (__init__.py:1280 MainThread) ERROR - TeleBot: "Threaded polling exception: A request to the Telegram API was unsuccessful. Error code: 409. Description: Conflict: terminated by other getUpdates request; make sure that only one bot instance is running"
2026-09-06 13:59:41,554 (__init__.py:1282 MainThread) ERROR - TeleBot: "Exception traceback:
Traceback (most recent call last):
  File "/root/onyx/venv/lib/python3.12/site-packages/telebot/__init__.py", line 1273, in __threaded_polling
    polling_thread.raise_exceptions()
  File "/root/onyx/venv/lib/python3.12/site-packages/telebot/util.py", line 116, in raise_exceptions
    raise self.exception_info
  File "/root/onyx/venv/lib/python3.12/site-packages/telebot/util.py", line 98, in run
    task(*args, **kwargs)
  File "/root/onyx/venv/lib/python3.12/site-packages/telebot/__init__.py", line 691, in __retrieve_updates
    updates = self.get_updates(offset=(self.last_update_id + 1),
              ^^^^^^^^^^^^^^^^^^^^^^^^^^^^^^^^^^^^^^^^^^^^^^^^^^
  File "/root/onyx/venv/lib/python3.12/site-packages/telebot/__init__.py", line 663, in get_updates
    json_updates = apihelper.get_updates(
                   ^^^^^^^^^^^^^^^^^^^^^^
  File "/root/onyx/venv/lib/python3.12/site-packages/telebot/apihelper.py", line 382, in get_updates
    return _make_request(token, method_url, params=payload)
           ^^^^^^^^^^^^^^^^^^^^^^^^^^^^^^^^^^^^^^^^^^^^^^^^
  File "/root/onyx/venv/lib/python3.12/site-packages/telebot/apihelper.py", line 168, in _make_request
    json_result = _check_result(method_name, result)
                  ^^^^^^^^^^^^^^^^^^^^^^^^^^^^^^^^^^
  File "/root/onyx/venv/lib/python3.12/site-packages/telebot/apihelper.py", line 197, in _check_result
    raise ApiTelegramException(method_name, result, result_json)
telebot.apihelper.ApiTelegramException: A request to the Telegram API was unsuccessful. Error code: 409. Description: Conflict: terminated by other getUpdates request; make sure that only one bot instance is running
"
2026-09-06 14:00:44,836 (__init__.py:1280 MainThread) ERROR - TeleBot: "Threaded polling exception: A request to the Telegram API was unsuccessful. Error code: 409. Description: Conflict: terminated by other getUpdates request; make sure that only one bot instance is running"
2026-09-06 14:00:44,838 (__init__.py:1282 MainThread) ERROR - TeleBot: "Exception traceback:
Traceback (most recent call last):
  File "/root/onyx/venv/lib/python3.12/site-packages/telebot/__init__.py", line 1273, in __threaded_polling
    polling_thread.raise_exceptions()
  File "/root/onyx/venv/lib/python3.12/site-packages/telebot/util.py", line 116, in raise_exceptions
    raise self.exception_info
  File "/root/onyx/venv/lib/python3.12/site-packages/telebot/util.py", line 98, in run
    task(*args, **kwargs)
  File "/root/onyx/venv/lib/python3.12/site-packages/telebot/__init__.py", line 691, in __retrieve_updates
    updates = self.get_updates(offset=(self.last_update_id + 1),
              ^^^^^^^^^^^^^^^^^^^^^^^^^^^^^^^^^^^^^^^^^^^^^^^^^^
  File "/root/onyx/venv/lib/python3.12/site-packages/telebot/__init__.py", line 663, in get_updates
    json_updates = apihelper.get_updates(
                   ^^^^^^^^^^^^^^^^^^^^^^
  File "/root/onyx/venv/lib/python3.12/site-packages/telebot/apihelper.py", line 382, in get_updates
    return _make_request(token, method_url, params=payload)
           ^^^^^^^^^^^^^^^^^^^^^^^^^^^^^^^^^^^^^^^^^^^^^^^^
  File "/root/onyx/venv/lib/python3.12/site-packages/telebot/apihelper.py", line 168, in _make_request
    json_result = _check_result(method_name, result)
                  ^^^^^^^^^^^^^^^^^^^^^^^^^^^^^^^^^^
  File "/root/onyx/venv/lib/python3.12/site-packages/telebot/apihelper.py", line 197, in _check_result
    raise ApiTelegramException(method_name, result, result_json)
telebot.apihelper.ApiTelegramException: A request to the Telegram API was unsuccessful. Error code: 409. Description: Conflict: terminated by other getUpdates request; make sure that only one bot instance is running
"
2026-09-06 14:01:48,126 (__init__.py:1280 MainThread) ERROR - TeleBot: "Threaded polling exception: A request to the Telegram API was unsuccessful. Error code: 409. Description: Conflict: terminated by other getUpdates request; make sure that only one bot instance is running"
2026-09-06 14:01:48,127 (__init__.py:1282 MainThread) ERROR - TeleBot: "Exception traceback:
Traceback (most recent call last):
  File "/root/onyx/venv/lib/python3.12/site-packages/telebot/__init__.py", line 1273, in __threaded_polling
    polling_thread.raise_exceptions()
  File "/root/onyx/venv/lib/python3.12/site-packages/telebot/util.py", line 116, in raise_exceptions
    raise self.exception_info
  File "/root/onyx/venv/lib/python3.12/site-packages/telebot/util.py", line 98, in run
    task(*args, **kwargs)
  File "/root/onyx/venv/lib/python3.12/site-packages/telebot/__init__.py", line 691, in __retrieve_updates
    updates = self.get_updates(offset=(self.last_update_id + 1),
              ^^^^^^^^^^^^^^^^^^^^^^^^^^^^^^^^^^^^^^^^^^^^^^^^^^
  File "/root/onyx/venv/lib/python3.12/site-packages/telebot/__init__.py", line 663, in get_updates
    json_updates = apihelper.get_updates(
                   ^^^^^^^^^^^^^^^^^^^^^^
  File "/root/onyx/venv/lib/python3.12/site-packages/telebot/apihelper.py", line 382, in get_updates
    return _make_request(token, method_url, params=payload)
           ^^^^^^^^^^^^^^^^^^^^^^^^^^^^^^^^^^^^^^^^^^^^^^^^
  File "/root/onyx/venv/lib/python3.12/site-packages/telebot/apihelper.py", line 168, in _make_request
    json_result = _check_result(method_name, result)
                  ^^^^^^^^^^^^^^^^^^^^^^^^^^^^^^^^^^
  File "/root/onyx/venv/lib/python3.12/site-packages/telebot/apihelper.py", line 197, in _check_result
    raise ApiTelegramException(method_name, result, result_json)
telebot.apihelper.ApiTelegramException: A request to the Telegram API was unsuccessful. Error code: 409. Description: Conflict: terminated by other getUpdates request; make sure that only one bot instance is running
"
2026-09-06 14:02:51,408 (__init__.py:1280 MainThread) ERROR - TeleBot: "Threaded polling exception: A request to the Telegram API was unsuccessful. Error code: 409. Description: Conflict: terminated by other getUpdates request; make sure that only one bot instance is running"
2026-09-06 14:02:51,409 (__init__.py:1282 MainThread) ERROR - TeleBot: "Exception traceback:
Traceback (most recent call last):
  File "/root/onyx/venv/lib/python3.12/site-packages/telebot/__init__.py", line 1273, in __threaded_polling
    polling_thread.raise_exceptions()
  File "/root/onyx/venv/lib/python3.12/site-packages/telebot/util.py", line 116, in raise_exceptions
    raise self.exception_info
  File "/root/onyx/venv/lib/python3.12/site-packages/telebot/util.py", line 98, in run
    task(*args, **kwargs)
  File "/root/onyx/venv/lib/python3.12/site-packages/telebot/__init__.py", line 691, in __retrieve_updates
    updates = self.get_updates(offset=(self.last_update_id + 1),
              ^^^^^^^^^^^^^^^^^^^^^^^^^^^^^^^^^^^^^^^^^^^^^^^^^^
  File "/root/onyx/venv/lib/python3.12/site-packages/telebot/__init__.py", line 663, in get_updates
    json_updates = apihelper.get_updates(
                   ^^^^^^^^^^^^^^^^^^^^^^
  File "/root/onyx/venv/lib/python3.12/site-packages/telebot/apihelper.py", line 382, in get_updates
    return _make_request(token, method_url, params=payload)
           ^^^^^^^^^^^^^^^^^^^^^^^^^^^^^^^^^^^^^^^^^^^^^^^^
  File "/root/onyx/venv/lib/python3.12/site-packages/telebot/apihelper.py", line 168, in _make_request
    json_result = _check_result(method_name, result)
                  ^^^^^^^^^^^^^^^^^^^^^^^^^^^^^^^^^^
  File "/root/onyx/venv/lib/python3.12/site-packages/telebot/apihelper.py", line 197, in _check_result
    raise ApiTelegramException(method_name, result, result_json)
telebot.apihelper.ApiTelegramException: A request to the Telegram API was unsuccessful. Error code: 409. Description: Conflict: terminated by other getUpdates request; make sure that only one bot instance is running
"
2026-09-06 14:03:54,701 (__init__.py:1280 MainThread) ERROR - TeleBot: "Threaded polling exception: A request to the Telegram API was unsuccessful. Error code: 409. Description: Conflict: terminated by other getUpdates request; make sure that only one bot instance is running"
2026-09-06 14:03:54,702 (__init__.py:1282 MainThread) ERROR - TeleBot: "Exception traceback:
Traceback (most recent call last):
  File "/root/onyx/venv/lib/python3.12/site-packages/telebot/__init__.py", line 1273, in __threaded_polling
    polling_thread.raise_exceptions()
  File "/root/onyx/venv/lib/python3.12/site-packages/telebot/util.py", line 116, in raise_exceptions
    raise self.exception_info
  File "/root/onyx/venv/lib/python3.12/site-packages/telebot/util.py", line 98, in run
    task(*args, **kwargs)
  File "/root/onyx/venv/lib/python3.12/site-packages/telebot/__init__.py", line 691, in __retrieve_updates
    updates = self.get_updates(offset=(self.last_update_id + 1),
              ^^^^^^^^^^^^^^^^^^^^^^^^^^^^^^^^^^^^^^^^^^^^^^^^^^
  File "/root/onyx/venv/lib/python3.12/site-packages/telebot/__init__.py", line 663, in get_updates
    json_updates = apihelper.get_updates(
                   ^^^^^^^^^^^^^^^^^^^^^^
  File "/root/onyx/venv/lib/python3.12/site-packages/telebot/apihelper.py", line 382, in get_updates
    return _make_request(token, method_url, params=payload)
           ^^^^^^^^^^^^^^^^^^^^^^^^^^^^^^^^^^^^^^^^^^^^^^^^
  File "/root/onyx/venv/lib/python3.12/site-packages/telebot/apihelper.py", line 168, in _make_request
    json_result = _check_result(method_name, result)
                  ^^^^^^^^^^^^^^^^^^^^^^^^^^^^^^^^^^
  File "/root/onyx/venv/lib/python3.12/site-packages/telebot/apihelper.py", line 197, in _check_result
    raise ApiTelegramException(method_name, result, result_json)
telebot.apihelper.ApiTelegramException: A request to the Telegram API was unsuccessful. Error code: 409. Description: Conflict: terminated by other getUpdates request; make sure that only one bot instance is running
"
2026-09-06 14:04:58,071 (__init__.py:1280 MainThread) ERROR - TeleBot: "Threaded polling exception: A request to the Telegram API was unsuccessful. Error code: 409. Description: Conflict: terminated by other getUpdates request; make sure that only one bot instance is running"
2026-09-06 14:04:58,072 (__init__.py:1282 MainThread) ERROR - TeleBot: "Exception traceback:
Traceback (most recent call last):
  File "/root/onyx/venv/lib/python3.12/site-packages/telebot/__init__.py", line 1273, in __threaded_polling
    polling_thread.raise_exceptions()
  File "/root/onyx/venv/lib/python3.12/site-packages/telebot/util.py", line 116, in raise_exceptions
    raise self.exception_info
  File "/root/onyx/venv/lib/python3.12/site-packages/telebot/util.py", line 98, in run
    task(*args, **kwargs)
  File "/root/onyx/venv/lib/python3.12/site-packages/telebot/__init__.py", line 691, in __retrieve_updates
    updates = self.get_updates(offset=(self.last_update_id + 1),
              ^^^^^^^^^^^^^^^^^^^^^^^^^^^^^^^^^^^^^^^^^^^^^^^^^^
  File "/root/onyx/venv/lib/python3.12/site-packages/telebot/__init__.py", line 663, in get_updates
    json_updates = apihelper.get_updates(
                   ^^^^^^^^^^^^^^^^^^^^^^
  File "/root/onyx/venv/lib/python3.12/site-packages/telebot/apihelper.py", line 382, in get_updates
    return _make_request(token, method_url, params=payload)
           ^^^^^^^^^^^^^^^^^^^^^^^^^^^^^^^^^^^^^^^^^^^^^^^^
  File "/root/onyx/venv/lib/python3.12/site-packages/telebot/apihelper.py", line 168, in _make_request
    json_result = _check_result(method_name, result)
                  ^^^^^^^^^^^^^^^^^^^^^^^^^^^^^^^^^^
  File "/root/onyx/venv/lib/python3.12/site-packages/telebot/apihelper.py", line 197, in _check_result
    raise ApiTelegramException(method_name, result, result_json)
telebot.apihelper.ApiTelegramException: A request to the Telegram API was unsuccessful. Error code: 409. Description: Conflict: terminated by other getUpdates request; make sure that only one bot instance is running
"
2026-09-06 14:06:01,364 (__init__.py:1280 MainThread) ERROR - TeleBot: "Threaded polling exception: A request to the Telegram API was unsuccessful. Error code: 409. Description: Conflict: terminated by other getUpdates request; make sure that only one bot instance is running"
2026-09-06 14:06:01,366 (__init__.py:1282 MainThread) ERROR - TeleBot: "Exception traceback:
Traceback (most recent call last):
  File "/root/onyx/venv/lib/python3.12/site-packages/telebot/__init__.py", line 1273, in __threaded_polling
    polling_thread.raise_exceptions()
  File "/root/onyx/venv/lib/python3.12/site-packages/telebot/util.py", line 116, in raise_exceptions
    raise self.exception_info
  File "/root/onyx/venv/lib/python3.12/site-packages/telebot/util.py", line 98, in run
    task(*args, **kwargs)
  File "/root/onyx/venv/lib/python3.12/site-packages/telebot/__init__.py", line 691, in __retrieve_updates
    updates = self.get_updates(offset=(self.last_update_id + 1),
              ^^^^^^^^^^^^^^^^^^^^^^^^^^^^^^^^^^^^^^^^^^^^^^^^^^
  File "/root/onyx/venv/lib/python3.12/site-packages/telebot/__init__.py", line 663, in get_updates
    json_updates = apihelper.get_updates(
                   ^^^^^^^^^^^^^^^^^^^^^^
  File "/root/onyx/venv/lib/python3.12/site-packages/telebot/apihelper.py", line 382, in get_updates
    return _make_request(token, method_url, params=payload)
           ^^^^^^^^^^^^^^^^^^^^^^^^^^^^^^^^^^^^^^^^^^^^^^^^
  File "/root/onyx/venv/lib/python3.12/site-packages/telebot/apihelper.py", line 168, in _make_request
    json_result = _check_result(method_name, result)
                  ^^^^^^^^^^^^^^^^^^^^^^^^^^^^^^^^^^
  File "/root/onyx/venv/lib/python3.12/site-packages/telebot/apihelper.py", line 197, in _check_result
    raise ApiTelegramException(method_name, result, result_json)
telebot.apihelper.ApiTelegramException: A request to the Telegram API was unsuccessful. Error code: 409. Description: Conflict: terminated by other getUpdates request; make sure that only one bot instance is running
"
2026-09-06 14:07:04,757 (__init__.py:1280 MainThread) ERROR - TeleBot: "Threaded polling exception: A request to the Telegram API was unsuccessful. Error code: 409. Description: Conflict: terminated by other getUpdates request; make sure that only one bot instance is running"
2026-09-06 14:07:04,759 (__init__.py:1282 MainThread) ERROR - TeleBot: "Exception traceback:
Traceback (most recent call last):
  File "/root/onyx/venv/lib/python3.12/site-packages/telebot/__init__.py", line 1273, in __threaded_polling
    polling_thread.raise_exceptions()
  File "/root/onyx/venv/lib/python3.12/site-packages/telebot/util.py", line 116, in raise_exceptions
    raise self.exception_info
  File "/root/onyx/venv/lib/python3.12/site-packages/telebot/util.py", line 98, in run
    task(*args, **kwargs)
  File "/root/onyx/venv/lib/python3.12/site-packages/telebot/__init__.py", line 691, in __retrieve_updates
    updates = self.get_updates(offset=(self.last_update_id + 1),
              ^^^^^^^^^^^^^^^^^^^^^^^^^^^^^^^^^^^^^^^^^^^^^^^^^^
  File "/root/onyx/venv/lib/python3.12/site-packages/telebot/__init__.py", line 663, in get_updates
    json_updates = apihelper.get_updates(
                   ^^^^^^^^^^^^^^^^^^^^^^
  File "/root/onyx/venv/lib/python3.12/site-packages/telebot/apihelper.py", line 382, in get_updates
    return _make_request(token, method_url, params=payload)
           ^^^^^^^^^^^^^^^^^^^^^^^^^^^^^^^^^^^^^^^^^^^^^^^^
  File "/root/onyx/venv/lib/python3.12/site-packages/telebot/apihelper.py", line 168, in _make_request
    json_result = _check_result(method_name, result)
                  ^^^^^^^^^^^^^^^^^^^^^^^^^^^^^^^^^^
  File "/root/onyx/venv/lib/python3.12/site-packages/telebot/apihelper.py", line 197, in _check_result
    raise ApiTelegramException(method_name, result, result_json)
telebot.apihelper.ApiTelegramException: A request to the Telegram API was unsuccessful. Error code: 409. Description: Conflict: terminated by other getUpdates request; make sure that only one bot instance is running
"
2026-09-06 14:08:08,044 (__init__.py:1280 MainThread) ERROR - TeleBot: "Threaded polling exception: A request to the Telegram API was unsuccessful. Error code: 409. Description: Conflict: terminated by other getUpdates request; make sure that only one bot instance is running"
2026-09-06 14:08:08,045 (__init__.py:1282 MainThread) ERROR - TeleBot: "Exception traceback:
Traceback (most recent call last):
  File "/root/onyx/venv/lib/python3.12/site-packages/telebot/__init__.py", line 1273, in __threaded_polling
    polling_thread.raise_exceptions()
  File "/root/onyx/venv/lib/python3.12/site-packages/telebot/util.py", line 116, in raise_exceptions
    raise self.exception_info
  File "/root/onyx/venv/lib/python3.12/site-packages/telebot/util.py", line 98, in run
    task(*args, **kwargs)
  File "/root/onyx/venv/lib/python3.12/site-packages/telebot/__init__.py", line 691, in __retrieve_updates
    updates = self.get_updates(offset=(self.last_update_id + 1),
              ^^^^^^^^^^^^^^^^^^^^^^^^^^^^^^^^^^^^^^^^^^^^^^^^^^
  File "/root/onyx/venv/lib/python3.12/site-packages/telebot/__init__.py", line 663, in get_updates
    json_updates = apihelper.get_updates(
                   ^^^^^^^^^^^^^^^^^^^^^^
  File "/root/onyx/venv/lib/python3.12/site-packages/telebot/apihelper.py", line 382, in get_updates
    return _make_request(token, method_url, params=payload)
           ^^^^^^^^^^^^^^^^^^^^^^^^^^^^^^^^^^^^^^^^^^^^^^^^
  File "/root/onyx/venv/lib/python3.12/site-packages/telebot/apihelper.py", line 168, in _make_request
    json_result = _check_result(method_name, result)
                  ^^^^^^^^^^^^^^^^^^^^^^^^^^^^^^^^^^
  File "/root/onyx/venv/lib/python3.12/site-packages/telebot/apihelper.py", line 197, in _check_result
    raise ApiTelegramException(method_name, result, result_json)
telebot.apihelper.ApiTelegramException: A request to the Telegram API was unsuccessful. Error code: 409. Description: Conflict: terminated by other getUpdates request; make sure that only one bot instance is running
"
2026-09-06 14:09:11,333 (__init__.py:1280 MainThread) ERROR - TeleBot: "Threaded polling exception: A request to the Telegram API was unsuccessful. Error code: 409. Description: Conflict: terminated by other getUpdates request; make sure that only one bot instance is running"
2026-09-06 14:09:11,334 (__init__.py:1282 MainThread) ERROR - TeleBot: "Exception traceback:
Traceback (most recent call last):
  File "/root/onyx/venv/lib/python3.12/site-packages/telebot/__init__.py", line 1273, in __threaded_polling
    polling_thread.raise_exceptions()
  File "/root/onyx/venv/lib/python3.12/site-packages/telebot/util.py", line 116, in raise_exceptions
    raise self.exception_info
  File "/root/onyx/venv/lib/python3.12/site-packages/telebot/util.py", line 98, in run
    task(*args, **kwargs)
  File "/root/onyx/venv/lib/python3.12/site-packages/telebot/__init__.py", line 691, in __retrieve_updates
    updates = self.get_updates(offset=(self.last_update_id + 1),
              ^^^^^^^^^^^^^^^^^^^^^^^^^^^^^^^^^^^^^^^^^^^^^^^^^^
  File "/root/onyx/venv/lib/python3.12/site-packages/telebot/__init__.py", line 663, in get_updates
    json_updates = apihelper.get_updates(
                   ^^^^^^^^^^^^^^^^^^^^^^
  File "/root/onyx/venv/lib/python3.12/site-packages/telebot/apihelper.py", line 382, in get_updates
    return _make_request(token, method_url, params=payload)
           ^^^^^^^^^^^^^^^^^^^^^^^^^^^^^^^^^^^^^^^^^^^^^^^^
  File "/root/onyx/venv/lib/python3.12/site-packages/telebot/apihelper.py", line 168, in _make_request
    json_result = _check_result(method_name, result)
                  ^^^^^^^^^^^^^^^^^^^^^^^^^^^^^^^^^^
  File "/root/onyx/venv/lib/python3.12/site-packages/telebot/apihelper.py", line 197, in _check_result
    raise ApiTelegramException(method_name, result, result_json)
telebot.apihelper.ApiTelegramException: A request to the Telegram API was unsuccessful. Error code: 409. Description: Conflict: terminated by other getUpdates request; make sure that only one bot instance is running
"
2026-09-06 14:10:14,626 (__init__.py:1280 MainThread) ERROR - TeleBot: "Threaded polling exception: A request to the Telegram API was unsuccessful. Error code: 409. Description: Conflict: terminated by other getUpdates request; make sure that only one bot instance is running"
2026-09-06 14:10:14,628 (__init__.py:1282 MainThread) ERROR - TeleBot: "Exception traceback:
Traceback (most recent call last):
  File "/root/onyx/venv/lib/python3.12/site-packages/telebot/__init__.py", line 1273, in __threaded_polling
    polling_thread.raise_exceptions()
  File "/root/onyx/venv/lib/python3.12/site-packages/telebot/util.py", line 116, in raise_exceptions
    raise self.exception_info
  File "/root/onyx/venv/lib/python3.12/site-packages/telebot/util.py", line 98, in run
    task(*args, **kwargs)
  File "/root/onyx/venv/lib/python3.12/site-packages/telebot/__init__.py", line 691, in __retrieve_updates
    updates = self.get_updates(offset=(self.last_update_id + 1),
              ^^^^^^^^^^^^^^^^^^^^^^^^^^^^^^^^^^^^^^^^^^^^^^^^^^
  File "/root/onyx/venv/lib/python3.12/site-packages/telebot/__init__.py", line 663, in get_updates
    json_updates = apihelper.get_updates(
                   ^^^^^^^^^^^^^^^^^^^^^^
  File "/root/onyx/venv/lib/python3.12/site-packages/telebot/apihelper.py", line 382, in get_updates
    return _make_request(token, method_url, params=payload)
           ^^^^^^^^^^^^^^^^^^^^^^^^^^^^^^^^^^^^^^^^^^^^^^^^
  File "/root/onyx/venv/lib/python3.12/site-packages/telebot/apihelper.py", line 168, in _make_request
    json_result = _check_result(method_name, result)
                  ^^^^^^^^^^^^^^^^^^^^^^^^^^^^^^^^^^
  File "/root/onyx/venv/lib/python3.12/site-packages/telebot/apihelper.py", line 197, in _check_result
    raise ApiTelegramException(method_name, result, result_json)
telebot.apihelper.ApiTelegramException: A request to the Telegram API was unsuccessful. Error code: 409. Description: Conflict: terminated by other getUpdates request; make sure that only one bot instance is running
"
2026-09-06 14:11:17,915 (__init__.py:1280 MainThread) ERROR - TeleBot: "Threaded polling exception: A request to the Telegram API was unsuccessful. Error code: 409. Description: Conflict: terminated by other getUpdates request; make sure that only one bot instance is running"
2026-09-06 14:11:17,916 (__init__.py:1282 MainThread) ERROR - TeleBot: "Exception traceback:
Traceback (most recent call last):
  File "/root/onyx/venv/lib/python3.12/site-packages/telebot/__init__.py", line 1273, in __threaded_polling
    polling_thread.raise_exceptions()
  File "/root/onyx/venv/lib/python3.12/site-packages/telebot/util.py", line 116, in raise_exceptions
    raise self.exception_info
  File "/root/onyx/venv/lib/python3.12/site-packages/telebot/util.py", line 98, in run
    task(*args, **kwargs)
  File "/root/onyx/venv/lib/python3.12/site-packages/telebot/__init__.py", line 691, in __retrieve_updates
    updates = self.get_updates(offset=(self.last_update_id + 1),
              ^^^^^^^^^^^^^^^^^^^^^^^^^^^^^^^^^^^^^^^^^^^^^^^^^^
  File "/root/onyx/venv/lib/python3.12/site-packages/telebot/__init__.py", line 663, in get_updates
    json_updates = apihelper.get_updates(
                   ^^^^^^^^^^^^^^^^^^^^^^
  File "/root/onyx/venv/lib/python3.12/site-packages/telebot/apihelper.py", line 382, in get_updates
    return _make_request(token, method_url, params=payload)
           ^^^^^^^^^^^^^^^^^^^^^^^^^^^^^^^^^^^^^^^^^^^^^^^^
  File "/root/onyx/venv/lib/python3.12/site-packages/telebot/apihelper.py", line 168, in _make_request
    json_result = _check_result(method_name, result)
                  ^^^^^^^^^^^^^^^^^^^^^^^^^^^^^^^^^^
  File "/root/onyx/venv/lib/python3.12/site-packages/telebot/apihelper.py", line 197, in _check_result
    raise ApiTelegramException(method_name, result, result_json)
telebot.apihelper.ApiTelegramException: A request to the Telegram API was unsuccessful. Error code: 409. Description: Conflict: terminated by other getUpdates request; make sure that only one bot instance is running
"
2026-09-06 14:12:21,198 (__init__.py:1280 MainThread) ERROR - TeleBot: "Threaded polling exception: A request to the Telegram API was unsuccessful. Error code: 409. Description: Conflict: terminated by other getUpdates request; make sure that only one bot instance is running"
2026-09-06 14:12:21,200 (__init__.py:1282 MainThread) ERROR - TeleBot: "Exception traceback:
Traceback (most recent call last):
  File "/root/onyx/venv/lib/python3.12/site-packages/telebot/__init__.py", line 1273, in __threaded_polling
    polling_thread.raise_exceptions()
  File "/root/onyx/venv/lib/python3.12/site-packages/telebot/util.py", line 116, in raise_exceptions
    raise self.exception_info
  File "/root/onyx/venv/lib/python3.12/site-packages/telebot/util.py", line 98, in run
    task(*args, **kwargs)
  File "/root/onyx/venv/lib/python3.12/site-packages/telebot/__init__.py", line 691, in __retrieve_updates
    updates = self.get_updates(offset=(self.last_update_id + 1),
              ^^^^^^^^^^^^^^^^^^^^^^^^^^^^^^^^^^^^^^^^^^^^^^^^^^
  File "/root/onyx/venv/lib/python3.12/site-packages/telebot/__init__.py", line 663, in get_updates
    json_updates = apihelper.get_updates(
                   ^^^^^^^^^^^^^^^^^^^^^^
  File "/root/onyx/venv/lib/python3.12/site-packages/telebot/apihelper.py", line 382, in get_updates
    return _make_request(token, method_url, params=payload)
           ^^^^^^^^^^^^^^^^^^^^^^^^^^^^^^^^^^^^^^^^^^^^^^^^
  File "/root/onyx/venv/lib/python3.12/site-packages/telebot/apihelper.py", line 168, in _make_request
    json_result = _check_result(method_name, result)
                  ^^^^^^^^^^^^^^^^^^^^^^^^^^^^^^^^^^
  File "/root/onyx/venv/lib/python3.12/site-packages/telebot/apihelper.py", line 197, in _check_result
    raise ApiTelegramException(method_name, result, result_json)
telebot.apihelper.ApiTelegramException: A request to the Telegram API was unsuccessful. Error code: 409. Description: Conflict: terminated by other getUpdates request; make sure that only one bot instance is running
"
2026-09-06 14:13:24,483 (__init__.py:1280 MainThread) ERROR - TeleBot: "Threaded polling exception: A request to the Telegram API was unsuccessful. Error code: 409. Description: Conflict: terminated by other getUpdates request; make sure that only one bot instance is running"
2026-09-06 14:13:24,484 (__init__.py:1282 MainThread) ERROR - TeleBot: "Exception traceback:
Traceback (most recent call last):
  File "/root/onyx/venv/lib/python3.12/site-packages/telebot/__init__.py", line 1273, in __threaded_polling
    polling_thread.raise_exceptions()
  File "/root/onyx/venv/lib/python3.12/site-packages/telebot/util.py", line 116, in raise_exceptions
    raise self.exception_info
  File "/root/onyx/venv/lib/python3.12/site-packages/telebot/util.py", line 98, in run
    task(*args, **kwargs)
  File "/root/onyx/venv/lib/python3.12/site-packages/telebot/__init__.py", line 691, in __retrieve_updates
    updates = self.get_updates(offset=(self.last_update_id + 1),
              ^^^^^^^^^^^^^^^^^^^^^^^^^^^^^^^^^^^^^^^^^^^^^^^^^^
  File "/root/onyx/venv/lib/python3.12/site-packages/telebot/__init__.py", line 663, in get_updates
    json_updates = apihelper.get_updates(
                   ^^^^^^^^^^^^^^^^^^^^^^
  File "/root/onyx/venv/lib/python3.12/site-packages/telebot/apihelper.py", line 382, in get_updates
    return _make_request(token, method_url, params=payload)
           ^^^^^^^^^^^^^^^^^^^^^^^^^^^^^^^^^^^^^^^^^^^^^^^^
  File "/root/onyx/venv/lib/python3.12/site-packages/telebot/apihelper.py", line 168, in _make_request
    json_result = _check_result(method_name, result)
                  ^^^^^^^^^^^^^^^^^^^^^^^^^^^^^^^^^^
  File "/root/onyx/venv/lib/python3.12/site-packages/telebot/apihelper.py", line 197, in _check_result
    raise ApiTelegramException(method_name, result, result_json)
telebot.apihelper.ApiTelegramException: A request to the Telegram API was unsuccessful. Error code: 409. Description: Conflict: terminated by other getUpdates request; make sure that only one bot instance is running
"
2026-09-06 14:14:27,774 (__init__.py:1280 MainThread) ERROR - TeleBot: "Threaded polling exception: A request to the Telegram API was unsuccessful. Error code: 409. Description: Conflict: terminated by other getUpdates request; make sure that only one bot instance is running"
2026-09-06 14:14:27,775 (__init__.py:1282 MainThread) ERROR - TeleBot: "Exception traceback:
Traceback (most recent call last):
  File "/root/onyx/venv/lib/python3.12/site-packages/telebot/__init__.py", line 1273, in __threaded_polling
    polling_thread.raise_exceptions()
  File "/root/onyx/venv/lib/python3.12/site-packages/telebot/util.py", line 116, in raise_exceptions
    raise self.exception_info
  File "/root/onyx/venv/lib/python3.12/site-packages/telebot/util.py", line 98, in run
    task(*args, **kwargs)
  File "/root/onyx/venv/lib/python3.12/site-packages/telebot/__init__.py", line 691, in __retrieve_updates
    updates = self.get_updates(offset=(self.last_update_id + 1),
              ^^^^^^^^^^^^^^^^^^^^^^^^^^^^^^^^^^^^^^^^^^^^^^^^^^
  File "/root/onyx/venv/lib/python3.12/site-packages/telebot/__init__.py", line 663, in get_updates
    json_updates = apihelper.get_updates(
                   ^^^^^^^^^^^^^^^^^^^^^^
  File "/root/onyx/venv/lib/python3.12/site-packages/telebot/apihelper.py", line 382, in get_updates
    return _make_request(token, method_url, params=payload)
           ^^^^^^^^^^^^^^^^^^^^^^^^^^^^^^^^^^^^^^^^^^^^^^^^
  File "/root/onyx/venv/lib/python3.12/site-packages/telebot/apihelper.py", line 168, in _make_request
    json_result = _check_result(method_name, result)
                  ^^^^^^^^^^^^^^^^^^^^^^^^^^^^^^^^^^
  File "/root/onyx/venv/lib/python3.12/site-packages/telebot/apihelper.py", line 197, in _check_result
    raise ApiTelegramException(method_name, result, result_json)
telebot.apihelper.ApiTelegramException: A request to the Telegram API was unsuccessful. Error code: 409. Description: Conflict: terminated by other getUpdates request; make sure that only one bot instance is running
"
2026-09-06 14:15:31,187 (__init__.py:1280 MainThread) ERROR - TeleBot: "Threaded polling exception: A request to the Telegram API was unsuccessful. Error code: 409. Description: Conflict: terminated by other getUpdates request; make sure that only one bot instance is running"
2026-09-06 14:15:31,188 (__init__.py:1282 MainThread) ERROR - TeleBot: "Exception traceback:
Traceback (most recent call last):
  File "/root/onyx/venv/lib/python3.12/site-packages/telebot/__init__.py", line 1273, in __threaded_polling
    polling_thread.raise_exceptions()
  File "/root/onyx/venv/lib/python3.12/site-packages/telebot/util.py", line 116, in raise_exceptions
    raise self.exception_info
  File "/root/onyx/venv/lib/python3.12/site-packages/telebot/util.py", line 98, in run
    task(*args, **kwargs)
  File "/root/onyx/venv/lib/python3.12/site-packages/telebot/__init__.py", line 691, in __retrieve_updates
    updates = self.get_updates(offset=(self.last_update_id + 1),
              ^^^^^^^^^^^^^^^^^^^^^^^^^^^^^^^^^^^^^^^^^^^^^^^^^^
  File "/root/onyx/venv/lib/python3.12/site-packages/telebot/__init__.py", line 663, in get_updates
    json_updates = apihelper.get_updates(
                   ^^^^^^^^^^^^^^^^^^^^^^
  File "/root/onyx/venv/lib/python3.12/site-packages/telebot/apihelper.py", line 382, in get_updates
    return _make_request(token, method_url, params=payload)
           ^^^^^^^^^^^^^^^^^^^^^^^^^^^^^^^^^^^^^^^^^^^^^^^^
  File "/root/onyx/venv/lib/python3.12/site-packages/telebot/apihelper.py", line 168, in _make_request
    json_result = _check_result(method_name, result)
                  ^^^^^^^^^^^^^^^^^^^^^^^^^^^^^^^^^^
  File "/root/onyx/venv/lib/python3.12/site-packages/telebot/apihelper.py", line 197, in _check_result
    raise ApiTelegramException(method_name, result, result_json)
telebot.apihelper.ApiTelegramException: A request to the Telegram API was unsuccessful. Error code: 409. Description: Conflict: terminated by other getUpdates request; make sure that only one bot instance is running
"
2026-09-06 14:16:34,491 (__init__.py:1280 MainThread) ERROR - TeleBot: "Threaded polling exception: A request to the Telegram API was unsuccessful. Error code: 409. Description: Conflict: terminated by other getUpdates request; make sure that only one bot instance is running"
2026-09-06 14:16:34,492 (__init__.py:1282 MainThread) ERROR - TeleBot: "Exception traceback:
Traceback (most recent call last):
  File "/root/onyx/venv/lib/python3.12/site-packages/telebot/__init__.py", line 1273, in __threaded_polling
    polling_thread.raise_exceptions()
  File "/root/onyx/venv/lib/python3.12/site-packages/telebot/util.py", line 116, in raise_exceptions
    raise self.exception_info
  File "/root/onyx/venv/lib/python3.12/site-packages/telebot/util.py", line 98, in run
    task(*args, **kwargs)
  File "/root/onyx/venv/lib/python3.12/site-packages/telebot/__init__.py", line 691, in __retrieve_updates
    updates = self.get_updates(offset=(self.last_update_id + 1),
              ^^^^^^^^^^^^^^^^^^^^^^^^^^^^^^^^^^^^^^^^^^^^^^^^^^
  File "/root/onyx/venv/lib/python3.12/site-packages/telebot/__init__.py", line 663, in get_updates
    json_updates = apihelper.get_updates(
                   ^^^^^^^^^^^^^^^^^^^^^^
  File "/root/onyx/venv/lib/python3.12/site-packages/telebot/apihelper.py", line 382, in get_updates
    return _make_request(token, method_url, params=payload)
           ^^^^^^^^^^^^^^^^^^^^^^^^^^^^^^^^^^^^^^^^^^^^^^^^
  File "/root/onyx/venv/lib/python3.12/site-packages/telebot/apihelper.py", line 168, in _make_request
    json_result = _check_result(method_name, result)
                  ^^^^^^^^^^^^^^^^^^^^^^^^^^^^^^^^^^
  File "/root/onyx/venv/lib/python3.12/site-packages/telebot/apihelper.py", line 197, in _check_result
    raise ApiTelegramException(method_name, result, result_json)
telebot.apihelper.ApiTelegramException: A request to the Telegram API was unsuccessful. Error code: 409. Description: Conflict: terminated by other getUpdates request; make sure that only one bot instance is running
"
2026-09-06 14:17:37,782 (__init__.py:1280 MainThread) ERROR - TeleBot: "Threaded polling exception: A request to the Telegram API was unsuccessful. Error code: 409. Description: Conflict: terminated by other getUpdates request; make sure that only one bot instance is running"
2026-09-06 14:17:37,783 (__init__.py:1282 MainThread) ERROR - TeleBot: "Exception traceback:
Traceback (most recent call last):
  File "/root/onyx/venv/lib/python3.12/site-packages/telebot/__init__.py", line 1273, in __threaded_polling
    polling_thread.raise_exceptions()
  File "/root/onyx/venv/lib/python3.12/site-packages/telebot/util.py", line 116, in raise_exceptions
    raise self.exception_info
  File "/root/onyx/venv/lib/python3.12/site-packages/telebot/util.py", line 98, in run
    task(*args, **kwargs)
  File "/root/onyx/venv/lib/python3.12/site-packages/telebot/__init__.py", line 691, in __retrieve_updates
    updates = self.get_updates(offset=(self.last_update_id + 1),
              ^^^^^^^^^^^^^^^^^^^^^^^^^^^^^^^^^^^^^^^^^^^^^^^^^^
  File "/root/onyx/venv/lib/python3.12/site-packages/telebot/__init__.py", line 663, in get_updates
    json_updates = apihelper.get_updates(
                   ^^^^^^^^^^^^^^^^^^^^^^
  File "/root/onyx/venv/lib/python3.12/site-packages/telebot/apihelper.py", line 382, in get_updates
    return _make_request(token, method_url, params=payload)
           ^^^^^^^^^^^^^^^^^^^^^^^^^^^^^^^^^^^^^^^^^^^^^^^^
  File "/root/onyx/venv/lib/python3.12/site-packages/telebot/apihelper.py", line 168, in _make_request
    json_result = _check_result(method_name, result)
                  ^^^^^^^^^^^^^^^^^^^^^^^^^^^^^^^^^^
  File "/root/onyx/venv/lib/python3.12/site-packages/telebot/apihelper.py", line 197, in _check_result
    raise ApiTelegramException(method_name, result, result_json)
telebot.apihelper.ApiTelegramException: A request to the Telegram API was unsuccessful. Error code: 409. Description: Conflict: terminated by other getUpdates request; make sure that only one bot instance is running
"
2026-09-06 14:18:41,073 (__init__.py:1280 MainThread) ERROR - TeleBot: "Threaded polling exception: A request to the Telegram API was unsuccessful. Error code: 409. Description: Conflict: terminated by other getUpdates request; make sure that only one bot instance is running"
2026-09-06 14:18:41,074 (__init__.py:1282 MainThread) ERROR - TeleBot: "Exception traceback:
Traceback (most recent call last):
  File "/root/onyx/venv/lib/python3.12/site-packages/telebot/__init__.py", line 1273, in __threaded_polling
    polling_thread.raise_exceptions()
  File "/root/onyx/venv/lib/python3.12/site-packages/telebot/util.py", line 116, in raise_exceptions
    raise self.exception_info
  File "/root/onyx/venv/lib/python3.12/site-packages/telebot/util.py", line 98, in run
    task(*args, **kwargs)
  File "/root/onyx/venv/lib/python3.12/site-packages/telebot/__init__.py", line 691, in __retrieve_updates
    updates = self.get_updates(offset=(self.last_update_id + 1),
              ^^^^^^^^^^^^^^^^^^^^^^^^^^^^^^^^^^^^^^^^^^^^^^^^^^
  File "/root/onyx/venv/lib/python3.12/site-packages/telebot/__init__.py", line 663, in get_updates
    json_updates = apihelper.get_updates(
                   ^^^^^^^^^^^^^^^^^^^^^^
  File "/root/onyx/venv/lib/python3.12/site-packages/telebot/apihelper.py", line 382, in get_updates
    return _make_request(token, method_url, params=payload)
           ^^^^^^^^^^^^^^^^^^^^^^^^^^^^^^^^^^^^^^^^^^^^^^^^
  File "/root/onyx/venv/lib/python3.12/site-packages/telebot/apihelper.py", line 168, in _make_request
    json_result = _check_result(method_name, result)
                  ^^^^^^^^^^^^^^^^^^^^^^^^^^^^^^^^^^
  File "/root/onyx/venv/lib/python3.12/site-packages/telebot/apihelper.py", line 197, in _check_result
    raise ApiTelegramException(method_name, result, result_json)
telebot.apihelper.ApiTelegramException: A request to the Telegram API was unsuccessful. Error code: 409. Description: Conflict: terminated by other getUpdates request; make sure that only one bot instance is running
"
2026-09-06 14:19:44,362 (__init__.py:1280 MainThread) ERROR - TeleBot: "Threaded polling exception: A request to the Telegram API was unsuccessful. Error code: 409. Description: Conflict: terminated by other getUpdates request; make sure that only one bot instance is running"
2026-09-06 14:19:44,363 (__init__.py:1282 MainThread) ERROR - TeleBot: "Exception traceback:
Traceback (most recent call last):
  File "/root/onyx/venv/lib/python3.12/site-packages/telebot/__init__.py", line 1273, in __threaded_polling
    polling_thread.raise_exceptions()
  File "/root/onyx/venv/lib/python3.12/site-packages/telebot/util.py", line 116, in raise_exceptions
    raise self.exception_info
  File "/root/onyx/venv/lib/python3.12/site-packages/telebot/util.py", line 98, in run
    task(*args, **kwargs)
  File "/root/onyx/venv/lib/python3.12/site-packages/telebot/__init__.py", line 691, in __retrieve_updates
    updates = self.get_updates(offset=(self.last_update_id + 1),
              ^^^^^^^^^^^^^^^^^^^^^^^^^^^^^^^^^^^^^^^^^^^^^^^^^^
  File "/root/onyx/venv/lib/python3.12/site-packages/telebot/__init__.py", line 663, in get_updates
    json_updates = apihelper.get_updates(
                   ^^^^^^^^^^^^^^^^^^^^^^
  File "/root/onyx/venv/lib/python3.12/site-packages/telebot/apihelper.py", line 382, in get_updates
    return _make_request(token, method_url, params=payload)
           ^^^^^^^^^^^^^^^^^^^^^^^^^^^^^^^^^^^^^^^^^^^^^^^^
  File "/root/onyx/venv/lib/python3.12/site-packages/telebot/apihelper.py", line 168, in _make_request
    json_result = _check_result(method_name, result)
                  ^^^^^^^^^^^^^^^^^^^^^^^^^^^^^^^^^^
  File "/root/onyx/venv/lib/python3.12/site-packages/telebot/apihelper.py", line 197, in _check_result
    raise ApiTelegramException(method_name, result, result_json)
telebot.apihelper.ApiTelegramException: A request to the Telegram API was unsuccessful. Error code: 409. Description: Conflict: terminated by other getUpdates request; make sure that only one bot instance is running
"
2026-09-06 14:20:47,651 (__init__.py:1280 MainThread) ERROR - TeleBot: "Threaded polling exception: A request to the Telegram API was unsuccessful. Error code: 409. Description: Conflict: terminated by other getUpdates request; make sure that only one bot instance is running"
2026-09-06 14:20:47,653 (__init__.py:1282 MainThread) ERROR - TeleBot: "Exception traceback:
Traceback (most recent call last):
  File "/root/onyx/venv/lib/python3.12/site-packages/telebot/__init__.py", line 1273, in __threaded_polling
    polling_thread.raise_exceptions()
  File "/root/onyx/venv/lib/python3.12/site-packages/telebot/util.py", line 116, in raise_exceptions
    raise self.exception_info
  File "/root/onyx/venv/lib/python3.12/site-packages/telebot/util.py", line 98, in run
    task(*args, **kwargs)
  File "/root/onyx/venv/lib/python3.12/site-packages/telebot/__init__.py", line 691, in __retrieve_updates
    updates = self.get_updates(offset=(self.last_update_id + 1),
              ^^^^^^^^^^^^^^^^^^^^^^^^^^^^^^^^^^^^^^^^^^^^^^^^^^
  File "/root/onyx/venv/lib/python3.12/site-packages/telebot/__init__.py", line 663, in get_updates
    json_updates = apihelper.get_updates(
                   ^^^^^^^^^^^^^^^^^^^^^^
  File "/root/onyx/venv/lib/python3.12/site-packages/telebot/apihelper.py", line 382, in get_updates
    return _make_request(token, method_url, params=payload)
           ^^^^^^^^^^^^^^^^^^^^^^^^^^^^^^^^^^^^^^^^^^^^^^^^
  File "/root/onyx/venv/lib/python3.12/site-packages/telebot/apihelper.py", line 168, in _make_request
    json_result = _check_result(method_name, result)
                  ^^^^^^^^^^^^^^^^^^^^^^^^^^^^^^^^^^
  File "/root/onyx/venv/lib/python3.12/site-packages/telebot/apihelper.py", line 197, in _check_result
    raise ApiTelegramException(method_name, result, result_json)
telebot.apihelper.ApiTelegramException: A request to the Telegram API was unsuccessful. Error code: 409. Description: Conflict: terminated by other getUpdates request; make sure that only one bot instance is running
"
2026-09-06 14:21:50,945 (__init__.py:1280 MainThread) ERROR - TeleBot: "Threaded polling exception: A request to the Telegram API was unsuccessful. Error code: 409. Description: Conflict: terminated by other getUpdates request; make sure that only one bot instance is running"
2026-09-06 14:21:50,946 (__init__.py:1282 MainThread) ERROR - TeleBot: "Exception traceback:
Traceback (most recent call last):
  File "/root/onyx/venv/lib/python3.12/site-packages/telebot/__init__.py", line 1273, in __threaded_polling
    polling_thread.raise_exceptions()
  File "/root/onyx/venv/lib/python3.12/site-packages/telebot/util.py", line 116, in raise_exceptions
    raise self.exception_info
  File "/root/onyx/venv/lib/python3.12/site-packages/telebot/util.py", line 98, in run
    task(*args, **kwargs)
  File "/root/onyx/venv/lib/python3.12/site-packages/telebot/__init__.py", line 691, in __retrieve_updates
    updates = self.get_updates(offset=(self.last_update_id + 1),
              ^^^^^^^^^^^^^^^^^^^^^^^^^^^^^^^^^^^^^^^^^^^^^^^^^^
  File "/root/onyx/venv/lib/python3.12/site-packages/telebot/__init__.py", line 663, in get_updates
    json_updates = apihelper.get_updates(
                   ^^^^^^^^^^^^^^^^^^^^^^
  File "/root/onyx/venv/lib/python3.12/site-packages/telebot/apihelper.py", line 382, in get_updates
    return _make_request(token, method_url, params=payload)
           ^^^^^^^^^^^^^^^^^^^^^^^^^^^^^^^^^^^^^^^^^^^^^^^^
  File "/root/onyx/venv/lib/python3.12/site-packages/telebot/apihelper.py", line 168, in _make_request
    json_result = _check_result(method_name, result)
                  ^^^^^^^^^^^^^^^^^^^^^^^^^^^^^^^^^^
  File "/root/onyx/venv/lib/python3.12/site-packages/telebot/apihelper.py", line 197, in _check_result
    raise ApiTelegramException(method_name, result, result_json)
telebot.apihelper.ApiTelegramException: A request to the Telegram API was unsuccessful. Error code: 409. Description: Conflict: terminated by other getUpdates request; make sure that only one bot instance is running
"
2026-09-06 14:22:54,229 (__init__.py:1280 MainThread) ERROR - TeleBot: "Threaded polling exception: A request to the Telegram API was unsuccessful. Error code: 409. Description: Conflict: terminated by other getUpdates request; make sure that only one bot instance is running"
2026-09-06 14:22:54,230 (__init__.py:1282 MainThread) ERROR - TeleBot: "Exception traceback:
Traceback (most recent call last):
  File "/root/onyx/venv/lib/python3.12/site-packages/telebot/__init__.py", line 1273, in __threaded_polling
    polling_thread.raise_exceptions()
  File "/root/onyx/venv/lib/python3.12/site-packages/telebot/util.py", line 116, in raise_exceptions
    raise self.exception_info
  File "/root/onyx/venv/lib/python3.12/site-packages/telebot/util.py", line 98, in run
    task(*args, **kwargs)
  File "/root/onyx/venv/lib/python3.12/site-packages/telebot/__init__.py", line 691, in __retrieve_updates
    updates = self.get_updates(offset=(self.last_update_id + 1),
              ^^^^^^^^^^^^^^^^^^^^^^^^^^^^^^^^^^^^^^^^^^^^^^^^^^
  File "/root/onyx/venv/lib/python3.12/site-packages/telebot/__init__.py", line 663, in get_updates
    json_updates = apihelper.get_updates(
                   ^^^^^^^^^^^^^^^^^^^^^^
  File "/root/onyx/venv/lib/python3.12/site-packages/telebot/apihelper.py", line 382, in get_updates
    return _make_request(token, method_url, params=payload)
           ^^^^^^^^^^^^^^^^^^^^^^^^^^^^^^^^^^^^^^^^^^^^^^^^
  File "/root/onyx/venv/lib/python3.12/site-packages/telebot/apihelper.py", line 168, in _make_request
    json_result = _check_result(method_name, result)
                  ^^^^^^^^^^^^^^^^^^^^^^^^^^^^^^^^^^
  File "/root/onyx/venv/lib/python3.12/site-packages/telebot/apihelper.py", line 197, in _check_result
    raise ApiTelegramException(method_name, result, result_json)
telebot.apihelper.ApiTelegramException: A request to the Telegram API was unsuccessful. Error code: 409. Description: Conflict: terminated by other getUpdates request; make sure that only one bot instance is running
"
2026-09-06 14:23:57,511 (__init__.py:1280 MainThread) ERROR - TeleBot: "Threaded polling exception: A request to the Telegram API was unsuccessful. Error code: 409. Description: Conflict: terminated by other getUpdates request; make sure that only one bot instance is running"
2026-09-06 14:23:57,513 (__init__.py:1282 MainThread) ERROR - TeleBot: "Exception traceback:
Traceback (most recent call last):
  File "/root/onyx/venv/lib/python3.12/site-packages/telebot/__init__.py", line 1273, in __threaded_polling
    polling_thread.raise_exceptions()
  File "/root/onyx/venv/lib/python3.12/site-packages/telebot/util.py", line 116, in raise_exceptions
    raise self.exception_info
  File "/root/onyx/venv/lib/python3.12/site-packages/telebot/util.py", line 98, in run
    task(*args, **kwargs)
  File "/root/onyx/venv/lib/python3.12/site-packages/telebot/__init__.py", line 691, in __retrieve_updates
    updates = self.get_updates(offset=(self.last_update_id + 1),
              ^^^^^^^^^^^^^^^^^^^^^^^^^^^^^^^^^^^^^^^^^^^^^^^^^^
  File "/root/onyx/venv/lib/python3.12/site-packages/telebot/__init__.py", line 663, in get_updates
    json_updates = apihelper.get_updates(
                   ^^^^^^^^^^^^^^^^^^^^^^
  File "/root/onyx/venv/lib/python3.12/site-packages/telebot/apihelper.py", line 382, in get_updates
    return _make_request(token, method_url, params=payload)
           ^^^^^^^^^^^^^^^^^^^^^^^^^^^^^^^^^^^^^^^^^^^^^^^^
  File "/root/onyx/venv/lib/python3.12/site-packages/telebot/apihelper.py", line 168, in _make_request
    json_result = _check_result(method_name, result)
                  ^^^^^^^^^^^^^^^^^^^^^^^^^^^^^^^^^^
  File "/root/onyx/venv/lib/python3.12/site-packages/telebot/apihelper.py", line 197, in _check_result
    raise ApiTelegramException(method_name, result, result_json)
telebot.apihelper.ApiTelegramException: A request to the Telegram API was unsuccessful. Error code: 409. Description: Conflict: terminated by other getUpdates request; make sure that only one bot instance is running
"
2026-09-06 14:25:00,813 (__init__.py:1280 MainThread) ERROR - TeleBot: "Threaded polling exception: A request to the Telegram API was unsuccessful. Error code: 409. Description: Conflict: terminated by other getUpdates request; make sure that only one bot instance is running"
2026-09-06 14:25:00,815 (__init__.py:1282 MainThread) ERROR - TeleBot: "Exception traceback:
Traceback (most recent call last):
  File "/root/onyx/venv/lib/python3.12/site-packages/telebot/__init__.py", line 1273, in __threaded_polling
    polling_thread.raise_exceptions()
  File "/root/onyx/venv/lib/python3.12/site-packages/telebot/util.py", line 116, in raise_exceptions
    raise self.exception_info
  File "/root/onyx/venv/lib/python3.12/site-packages/telebot/util.py", line 98, in run
    task(*args, **kwargs)
  File "/root/onyx/venv/lib/python3.12/site-packages/telebot/__init__.py", line 691, in __retrieve_updates
    updates = self.get_updates(offset=(self.last_update_id + 1),
              ^^^^^^^^^^^^^^^^^^^^^^^^^^^^^^^^^^^^^^^^^^^^^^^^^^
  File "/root/onyx/venv/lib/python3.12/site-packages/telebot/__init__.py", line 663, in get_updates
    json_updates = apihelper.get_updates(
                   ^^^^^^^^^^^^^^^^^^^^^^
  File "/root/onyx/venv/lib/python3.12/site-packages/telebot/apihelper.py", line 382, in get_updates
    return _make_request(token, method_url, params=payload)
           ^^^^^^^^^^^^^^^^^^^^^^^^^^^^^^^^^^^^^^^^^^^^^^^^
  File "/root/onyx/venv/lib/python3.12/site-packages/telebot/apihelper.py", line 168, in _make_request
    json_result = _check_result(method_name, result)
                  ^^^^^^^^^^^^^^^^^^^^^^^^^^^^^^^^^^
  File "/root/onyx/venv/lib/python3.12/site-packages/telebot/apihelper.py", line 197, in _check_result
    raise ApiTelegramException(method_name, result, result_json)
telebot.apihelper.ApiTelegramException: A request to the Telegram API was unsuccessful. Error code: 409. Description: Conflict: terminated by other getUpdates request; make sure that only one bot instance is running
"
2026-09-06 14:26:04,171 (__init__.py:1280 MainThread) ERROR - TeleBot: "Threaded polling exception: A request to the Telegram API was unsuccessful. Error code: 409. Description: Conflict: terminated by other getUpdates request; make sure that only one bot instance is running"
2026-09-06 14:26:04,173 (__init__.py:1282 MainThread) ERROR - TeleBot: "Exception traceback:
Traceback (most recent call last):
  File "/root/onyx/venv/lib/python3.12/site-packages/telebot/__init__.py", line 1273, in __threaded_polling
    polling_thread.raise_exceptions()
  File "/root/onyx/venv/lib/python3.12/site-packages/telebot/util.py", line 116, in raise_exceptions
    raise self.exception_info
  File "/root/onyx/venv/lib/python3.12/site-packages/telebot/util.py", line 98, in run
    task(*args, **kwargs)
  File "/root/onyx/venv/lib/python3.12/site-packages/telebot/__init__.py", line 691, in __retrieve_updates
    updates = self.get_updates(offset=(self.last_update_id + 1),
              ^^^^^^^^^^^^^^^^^^^^^^^^^^^^^^^^^^^^^^^^^^^^^^^^^^
  File "/root/onyx/venv/lib/python3.12/site-packages/telebot/__init__.py", line 663, in get_updates
    json_updates = apihelper.get_updates(
                   ^^^^^^^^^^^^^^^^^^^^^^
  File "/root/onyx/venv/lib/python3.12/site-packages/telebot/apihelper.py", line 382, in get_updates
    return _make_request(token, method_url, params=payload)
           ^^^^^^^^^^^^^^^^^^^^^^^^^^^^^^^^^^^^^^^^^^^^^^^^
  File "/root/onyx/venv/lib/python3.12/site-packages/telebot/apihelper.py", line 168, in _make_request
    json_result = _check_result(method_name, result)
                  ^^^^^^^^^^^^^^^^^^^^^^^^^^^^^^^^^^
  File "/root/onyx/venv/lib/python3.12/site-packages/telebot/apihelper.py", line 197, in _check_result
    raise ApiTelegramException(method_name, result, result_json)
telebot.apihelper.ApiTelegramException: A request to the Telegram API was unsuccessful. Error code: 409. Description: Conflict: terminated by other getUpdates request; make sure that only one bot instance is running
"
2026-09-06 14:27:07,456 (__init__.py:1280 MainThread) ERROR - TeleBot: "Threaded polling exception: A request to the Telegram API was unsuccessful. Error code: 409. Description: Conflict: terminated by other getUpdates request; make sure that only one bot instance is running"
2026-09-06 14:27:07,457 (__init__.py:1282 MainThread) ERROR - TeleBot: "Exception traceback:
Traceback (most recent call last):
  File "/root/onyx/venv/lib/python3.12/site-packages/telebot/__init__.py", line 1273, in __threaded_polling
    polling_thread.raise_exceptions()
  File "/root/onyx/venv/lib/python3.12/site-packages/telebot/util.py", line 116, in raise_exceptions
    raise self.exception_info
  File "/root/onyx/venv/lib/python3.12/site-packages/telebot/util.py", line 98, in run
    task(*args, **kwargs)
  File "/root/onyx/venv/lib/python3.12/site-packages/telebot/__init__.py", line 691, in __retrieve_updates
    updates = self.get_updates(offset=(self.last_update_id + 1),
              ^^^^^^^^^^^^^^^^^^^^^^^^^^^^^^^^^^^^^^^^^^^^^^^^^^
  File "/root/onyx/venv/lib/python3.12/site-packages/telebot/__init__.py", line 663, in get_updates
    json_updates = apihelper.get_updates(
                   ^^^^^^^^^^^^^^^^^^^^^^
  File "/root/onyx/venv/lib/python3.12/site-packages/telebot/apihelper.py", line 382, in get_updates
    return _make_request(token, method_url, params=payload)
           ^^^^^^^^^^^^^^^^^^^^^^^^^^^^^^^^^^^^^^^^^^^^^^^^
  File "/root/onyx/venv/lib/python3.12/site-packages/telebot/apihelper.py", line 168, in _make_request
    json_result = _check_result(method_name, result)
                  ^^^^^^^^^^^^^^^^^^^^^^^^^^^^^^^^^^
  File "/root/onyx/venv/lib/python3.12/site-packages/telebot/apihelper.py", line 197, in _check_result
    raise ApiTelegramException(method_name, result, result_json)
telebot.apihelper.ApiTelegramException: A request to the Telegram API was unsuccessful. Error code: 409. Description: Conflict: terminated by other getUpdates request; make sure that only one bot instance is running
"
2026-09-06 14:28:10,736 (__init__.py:1280 MainThread) ERROR - TeleBot: "Threaded polling exception: A request to the Telegram API was unsuccessful. Error code: 409. Description: Conflict: terminated by other getUpdates request; make sure that only one bot instance is running"
2026-09-06 14:28:10,739 (__init__.py:1282 MainThread) ERROR - TeleBot: "Exception traceback:
Traceback (most recent call last):
  File "/root/onyx/venv/lib/python3.12/site-packages/telebot/__init__.py", line 1273, in __threaded_polling
    polling_thread.raise_exceptions()
  File "/root/onyx/venv/lib/python3.12/site-packages/telebot/util.py", line 116, in raise_exceptions
    raise self.exception_info
  File "/root/onyx/venv/lib/python3.12/site-packages/telebot/util.py", line 98, in run
    task(*args, **kwargs)
  File "/root/onyx/venv/lib/python3.12/site-packages/telebot/__init__.py", line 691, in __retrieve_updates
    updates = self.get_updates(offset=(self.last_update_id + 1),
              ^^^^^^^^^^^^^^^^^^^^^^^^^^^^^^^^^^^^^^^^^^^^^^^^^^
  File "/root/onyx/venv/lib/python3.12/site-packages/telebot/__init__.py", line 663, in get_updates
    json_updates = apihelper.get_updates(
                   ^^^^^^^^^^^^^^^^^^^^^^
  File "/root/onyx/venv/lib/python3.12/site-packages/telebot/apihelper.py", line 382, in get_updates
    return _make_request(token, method_url, params=payload)
           ^^^^^^^^^^^^^^^^^^^^^^^^^^^^^^^^^^^^^^^^^^^^^^^^
  File "/root/onyx/venv/lib/python3.12/site-packages/telebot/apihelper.py", line 168, in _make_request
    json_result = _check_result(method_name, result)
                  ^^^^^^^^^^^^^^^^^^^^^^^^^^^^^^^^^^
  File "/root/onyx/venv/lib/python3.12/site-packages/telebot/apihelper.py", line 197, in _check_result
    raise ApiTelegramException(method_name, result, result_json)
telebot.apihelper.ApiTelegramException: A request to the Telegram API was unsuccessful. Error code: 409. Description: Conflict: terminated by other getUpdates request; make sure that only one bot instance is running
"
2026-09-06 14:29:14,014 (__init__.py:1280 MainThread) ERROR - TeleBot: "Threaded polling exception: A request to the Telegram API was unsuccessful. Error code: 409. Description: Conflict: terminated by other getUpdates request; make sure that only one bot instance is running"
2026-09-06 14:29:14,015 (__init__.py:1282 MainThread) ERROR - TeleBot: "Exception traceback:
Traceback (most recent call last):
  File "/root/onyx/venv/lib/python3.12/site-packages/telebot/__init__.py", line 1273, in __threaded_polling
    polling_thread.raise_exceptions()
  File "/root/onyx/venv/lib/python3.12/site-packages/telebot/util.py", line 116, in raise_exceptions
    raise self.exception_info
  File "/root/onyx/venv/lib/python3.12/site-packages/telebot/util.py", line 98, in run
    task(*args, **kwargs)
  File "/root/onyx/venv/lib/python3.12/site-packages/telebot/__init__.py", line 691, in __retrieve_updates
    updates = self.get_updates(offset=(self.last_update_id + 1),
              ^^^^^^^^^^^^^^^^^^^^^^^^^^^^^^^^^^^^^^^^^^^^^^^^^^
  File "/root/onyx/venv/lib/python3.12/site-packages/telebot/__init__.py", line 663, in get_updates
    json_updates = apihelper.get_updates(
                   ^^^^^^^^^^^^^^^^^^^^^^
  File "/root/onyx/venv/lib/python3.12/site-packages/telebot/apihelper.py", line 382, in get_updates
    return _make_request(token, method_url, params=payload)
           ^^^^^^^^^^^^^^^^^^^^^^^^^^^^^^^^^^^^^^^^^^^^^^^^
  File "/root/onyx/venv/lib/python3.12/site-packages/telebot/apihelper.py", line 168, in _make_request
    json_result = _check_result(method_name, result)
                  ^^^^^^^^^^^^^^^^^^^^^^^^^^^^^^^^^^
  File "/root/onyx/venv/lib/python3.12/site-packages/telebot/apihelper.py", line 197, in _check_result
    raise ApiTelegramException(method_name, result, result_json)
telebot.apihelper.ApiTelegramException: A request to the Telegram API was unsuccessful. Error code: 409. Description: Conflict: terminated by other getUpdates request; make sure that only one bot instance is running
"
2026-09-06 14:30:17,290 (__init__.py:1280 MainThread) ERROR - TeleBot: "Threaded polling exception: A request to the Telegram API was unsuccessful. Error code: 409. Description: Conflict: terminated by other getUpdates request; make sure that only one bot instance is running"
2026-09-06 14:30:17,291 (__init__.py:1282 MainThread) ERROR - TeleBot: "Exception traceback:
Traceback (most recent call last):
  File "/root/onyx/venv/lib/python3.12/site-packages/telebot/__init__.py", line 1273, in __threaded_polling
    polling_thread.raise_exceptions()
  File "/root/onyx/venv/lib/python3.12/site-packages/telebot/util.py", line 116, in raise_exceptions
    raise self.exception_info
  File "/root/onyx/venv/lib/python3.12/site-packages/telebot/util.py", line 98, in run
    task(*args, **kwargs)
  File "/root/onyx/venv/lib/python3.12/site-packages/telebot/__init__.py", line 691, in __retrieve_updates
    updates = self.get_updates(offset=(self.last_update_id + 1),
              ^^^^^^^^^^^^^^^^^^^^^^^^^^^^^^^^^^^^^^^^^^^^^^^^^^
  File "/root/onyx/venv/lib/python3.12/site-packages/telebot/__init__.py", line 663, in get_updates
    json_updates = apihelper.get_updates(
                   ^^^^^^^^^^^^^^^^^^^^^^
  File "/root/onyx/venv/lib/python3.12/site-packages/telebot/apihelper.py", line 382, in get_updates
    return _make_request(token, method_url, params=payload)
           ^^^^^^^^^^^^^^^^^^^^^^^^^^^^^^^^^^^^^^^^^^^^^^^^
  File "/root/onyx/venv/lib/python3.12/site-packages/telebot/apihelper.py", line 168, in _make_request
    json_result = _check_result(method_name, result)
                  ^^^^^^^^^^^^^^^^^^^^^^^^^^^^^^^^^^
  File "/root/onyx/venv/lib/python3.12/site-packages/telebot/apihelper.py", line 197, in _check_result
    raise ApiTelegramException(method_name, result, result_json)
telebot.apihelper.ApiTelegramException: A request to the Telegram API was unsuccessful. Error code: 409. Description: Conflict: terminated by other getUpdates request; make sure that only one bot instance is running
"
2026-09-06 14:31:20,572 (__init__.py:1280 MainThread) ERROR - TeleBot: "Threaded polling exception: A request to the Telegram API was unsuccessful. Error code: 409. Description: Conflict: terminated by other getUpdates request; make sure that only one bot instance is running"
2026-09-06 14:31:20,573 (__init__.py:1282 MainThread) ERROR - TeleBot: "Exception traceback:
Traceback (most recent call last):
  File "/root/onyx/venv/lib/python3.12/site-packages/telebot/__init__.py", line 1273, in __threaded_polling
    polling_thread.raise_exceptions()
  File "/root/onyx/venv/lib/python3.12/site-packages/telebot/util.py", line 116, in raise_exceptions
    raise self.exception_info
  File "/root/onyx/venv/lib/python3.12/site-packages/telebot/util.py", line 98, in run
    task(*args, **kwargs)
  File "/root/onyx/venv/lib/python3.12/site-packages/telebot/__init__.py", line 691, in __retrieve_updates
    updates = self.get_updates(offset=(self.last_update_id + 1),
              ^^^^^^^^^^^^^^^^^^^^^^^^^^^^^^^^^^^^^^^^^^^^^^^^^^
  File "/root/onyx/venv/lib/python3.12/site-packages/telebot/__init__.py", line 663, in get_updates
    json_updates = apihelper.get_updates(
                   ^^^^^^^^^^^^^^^^^^^^^^
  File "/root/onyx/venv/lib/python3.12/site-packages/telebot/apihelper.py", line 382, in get_updates
    return _make_request(token, method_url, params=payload)
           ^^^^^^^^^^^^^^^^^^^^^^^^^^^^^^^^^^^^^^^^^^^^^^^^
  File "/root/onyx/venv/lib/python3.12/site-packages/telebot/apihelper.py", line 168, in _make_request
    json_result = _check_result(method_name, result)
                  ^^^^^^^^^^^^^^^^^^^^^^^^^^^^^^^^^^
  File "/root/onyx/venv/lib/python3.12/site-packages/telebot/apihelper.py", line 197, in _check_result
    raise ApiTelegramException(method_name, result, result_json)
telebot.apihelper.ApiTelegramException: A request to the Telegram API was unsuccessful. Error code: 409. Description: Conflict: terminated by other getUpdates request; make sure that only one bot instance is running
"
2026-09-06 14:32:23,847 (__init__.py:1280 MainThread) ERROR - TeleBot: "Threaded polling exception: A request to the Telegram API was unsuccessful. Error code: 409. Description: Conflict: terminated by other getUpdates request; make sure that only one bot instance is running"
2026-09-06 14:32:23,849 (__init__.py:1282 MainThread) ERROR - TeleBot: "Exception traceback:
Traceback (most recent call last):
  File "/root/onyx/venv/lib/python3.12/site-packages/telebot/__init__.py", line 1273, in __threaded_polling
    polling_thread.raise_exceptions()
  File "/root/onyx/venv/lib/python3.12/site-packages/telebot/util.py", line 116, in raise_exceptions
    raise self.exception_info
  File "/root/onyx/venv/lib/python3.12/site-packages/telebot/util.py", line 98, in run
    task(*args, **kwargs)
  File "/root/onyx/venv/lib/python3.12/site-packages/telebot/__init__.py", line 691, in __retrieve_updates
    updates = self.get_updates(offset=(self.last_update_id + 1),
              ^^^^^^^^^^^^^^^^^^^^^^^^^^^^^^^^^^^^^^^^^^^^^^^^^^
  File "/root/onyx/venv/lib/python3.12/site-packages/telebot/__init__.py", line 663, in get_updates
    json_updates = apihelper.get_updates(
                   ^^^^^^^^^^^^^^^^^^^^^^
  File "/root/onyx/venv/lib/python3.12/site-packages/telebot/apihelper.py", line 382, in get_updates
    return _make_request(token, method_url, params=payload)
           ^^^^^^^^^^^^^^^^^^^^^^^^^^^^^^^^^^^^^^^^^^^^^^^^
  File "/root/onyx/venv/lib/python3.12/site-packages/telebot/apihelper.py", line 168, in _make_request
    json_result = _check_result(method_name, result)
                  ^^^^^^^^^^^^^^^^^^^^^^^^^^^^^^^^^^
  File "/root/onyx/venv/lib/python3.12/site-packages/telebot/apihelper.py", line 197, in _check_result
    raise ApiTelegramException(method_name, result, result_json)
telebot.apihelper.ApiTelegramException: A request to the Telegram API was unsuccessful. Error code: 409. Description: Conflict: terminated by other getUpdates request; make sure that only one bot instance is running
"
2026-09-06 14:33:27,127 (__init__.py:1280 MainThread) ERROR - TeleBot: "Threaded polling exception: A request to the Telegram API was unsuccessful. Error code: 409. Description: Conflict: terminated by other getUpdates request; make sure that only one bot instance is running"
2026-09-06 14:33:27,128 (__init__.py:1282 MainThread) ERROR - TeleBot: "Exception traceback:
Traceback (most recent call last):
  File "/root/onyx/venv/lib/python3.12/site-packages/telebot/__init__.py", line 1273, in __threaded_polling
    polling_thread.raise_exceptions()
  File "/root/onyx/venv/lib/python3.12/site-packages/telebot/util.py", line 116, in raise_exceptions
    raise self.exception_info
  File "/root/onyx/venv/lib/python3.12/site-packages/telebot/util.py", line 98, in run
    task(*args, **kwargs)
  File "/root/onyx/venv/lib/python3.12/site-packages/telebot/__init__.py", line 691, in __retrieve_updates
    updates = self.get_updates(offset=(self.last_update_id + 1),
              ^^^^^^^^^^^^^^^^^^^^^^^^^^^^^^^^^^^^^^^^^^^^^^^^^^
  File "/root/onyx/venv/lib/python3.12/site-packages/telebot/__init__.py", line 663, in get_updates
    json_updates = apihelper.get_updates(
                   ^^^^^^^^^^^^^^^^^^^^^^
  File "/root/onyx/venv/lib/python3.12/site-packages/telebot/apihelper.py", line 382, in get_updates
    return _make_request(token, method_url, params=payload)
           ^^^^^^^^^^^^^^^^^^^^^^^^^^^^^^^^^^^^^^^^^^^^^^^^
  File "/root/onyx/venv/lib/python3.12/site-packages/telebot/apihelper.py", line 168, in _make_request
    json_result = _check_result(method_name, result)
                  ^^^^^^^^^^^^^^^^^^^^^^^^^^^^^^^^^^
  File "/root/onyx/venv/lib/python3.12/site-packages/telebot/apihelper.py", line 197, in _check_result
    raise ApiTelegramException(method_name, result, result_json)
telebot.apihelper.ApiTelegramException: A request to the Telegram API was unsuccessful. Error code: 409. Description: Conflict: terminated by other getUpdates request; make sure that only one bot instance is running
"
2026-09-06 14:34:30,405 (__init__.py:1280 MainThread) ERROR - TeleBot: "Threaded polling exception: A request to the Telegram API was unsuccessful. Error code: 409. Description: Conflict: terminated by other getUpdates request; make sure that only one bot instance is running"
2026-09-06 14:34:30,406 (__init__.py:1282 MainThread) ERROR - TeleBot: "Exception traceback:
Traceback (most recent call last):
  File "/root/onyx/venv/lib/python3.12/site-packages/telebot/__init__.py", line 1273, in __threaded_polling
    polling_thread.raise_exceptions()
  File "/root/onyx/venv/lib/python3.12/site-packages/telebot/util.py", line 116, in raise_exceptions
    raise self.exception_info
  File "/root/onyx/venv/lib/python3.12/site-packages/telebot/util.py", line 98, in run
    task(*args, **kwargs)
  File "/root/onyx/venv/lib/python3.12/site-packages/telebot/__init__.py", line 691, in __retrieve_updates
    updates = self.get_updates(offset=(self.last_update_id + 1),
              ^^^^^^^^^^^^^^^^^^^^^^^^^^^^^^^^^^^^^^^^^^^^^^^^^^
  File "/root/onyx/venv/lib/python3.12/site-packages/telebot/__init__.py", line 663, in get_updates
    json_updates = apihelper.get_updates(
                   ^^^^^^^^^^^^^^^^^^^^^^
  File "/root/onyx/venv/lib/python3.12/site-packages/telebot/apihelper.py", line 382, in get_updates
    return _make_request(token, method_url, params=payload)
           ^^^^^^^^^^^^^^^^^^^^^^^^^^^^^^^^^^^^^^^^^^^^^^^^
  File "/root/onyx/venv/lib/python3.12/site-packages/telebot/apihelper.py", line 168, in _make_request
    json_result = _check_result(method_name, result)
                  ^^^^^^^^^^^^^^^^^^^^^^^^^^^^^^^^^^
  File "/root/onyx/venv/lib/python3.12/site-packages/telebot/apihelper.py", line 197, in _check_result
    raise ApiTelegramException(method_name, result, result_json)
telebot.apihelper.ApiTelegramException: A request to the Telegram API was unsuccessful. Error code: 409. Description: Conflict: terminated by other getUpdates request; make sure that only one bot instance is running
"
2026-09-06 14:35:33,684 (__init__.py:1280 MainThread) ERROR - TeleBot: "Threaded polling exception: A request to the Telegram API was unsuccessful. Error code: 409. Description: Conflict: terminated by other getUpdates request; make sure that only one bot instance is running"
2026-09-06 14:35:33,687 (__init__.py:1282 MainThread) ERROR - TeleBot: "Exception traceback:
Traceback (most recent call last):
  File "/root/onyx/venv/lib/python3.12/site-packages/telebot/__init__.py", line 1273, in __threaded_polling
    polling_thread.raise_exceptions()
  File "/root/onyx/venv/lib/python3.12/site-packages/telebot/util.py", line 116, in raise_exceptions
    raise self.exception_info
  File "/root/onyx/venv/lib/python3.12/site-packages/telebot/util.py", line 98, in run
    task(*args, **kwargs)
  File "/root/onyx/venv/lib/python3.12/site-packages/telebot/__init__.py", line 691, in __retrieve_updates
    updates = self.get_updates(offset=(self.last_update_id + 1),
              ^^^^^^^^^^^^^^^^^^^^^^^^^^^^^^^^^^^^^^^^^^^^^^^^^^
  File "/root/onyx/venv/lib/python3.12/site-packages/telebot/__init__.py", line 663, in get_updates
    json_updates = apihelper.get_updates(
                   ^^^^^^^^^^^^^^^^^^^^^^
  File "/root/onyx/venv/lib/python3.12/site-packages/telebot/apihelper.py", line 382, in get_updates
    return _make_request(token, method_url, params=payload)
           ^^^^^^^^^^^^^^^^^^^^^^^^^^^^^^^^^^^^^^^^^^^^^^^^
  File "/root/onyx/venv/lib/python3.12/site-packages/telebot/apihelper.py", line 168, in _make_request
    json_result = _check_result(method_name, result)
                  ^^^^^^^^^^^^^^^^^^^^^^^^^^^^^^^^^^
  File "/root/onyx/venv/lib/python3.12/site-packages/telebot/apihelper.py", line 197, in _check_result
    raise ApiTelegramException(method_name, result, result_json)
telebot.apihelper.ApiTelegramException: A request to the Telegram API was unsuccessful. Error code: 409. Description: Conflict: terminated by other getUpdates request; make sure that only one bot instance is running
"
2026-09-06 14:36:37,046 (__init__.py:1280 MainThread) ERROR - TeleBot: "Threaded polling exception: A request to the Telegram API was unsuccessful. Error code: 409. Description: Conflict: terminated by other getUpdates request; make sure that only one bot instance is running"
2026-09-06 14:36:37,048 (__init__.py:1282 MainThread) ERROR - TeleBot: "Exception traceback:
Traceback (most recent call last):
  File "/root/onyx/venv/lib/python3.12/site-packages/telebot/__init__.py", line 1273, in __threaded_polling
    polling_thread.raise_exceptions()
  File "/root/onyx/venv/lib/python3.12/site-packages/telebot/util.py", line 116, in raise_exceptions
    raise self.exception_info
  File "/root/onyx/venv/lib/python3.12/site-packages/telebot/util.py", line 98, in run
    task(*args, **kwargs)
  File "/root/onyx/venv/lib/python3.12/site-packages/telebot/__init__.py", line 691, in __retrieve_updates
    updates = self.get_updates(offset=(self.last_update_id + 1),
              ^^^^^^^^^^^^^^^^^^^^^^^^^^^^^^^^^^^^^^^^^^^^^^^^^^
  File "/root/onyx/venv/lib/python3.12/site-packages/telebot/__init__.py", line 663, in get_updates
    json_updates = apihelper.get_updates(
                   ^^^^^^^^^^^^^^^^^^^^^^
  File "/root/onyx/venv/lib/python3.12/site-packages/telebot/apihelper.py", line 382, in get_updates
    return _make_request(token, method_url, params=payload)
           ^^^^^^^^^^^^^^^^^^^^^^^^^^^^^^^^^^^^^^^^^^^^^^^^
  File "/root/onyx/venv/lib/python3.12/site-packages/telebot/apihelper.py", line 168, in _make_request
    json_result = _check_result(method_name, result)
                  ^^^^^^^^^^^^^^^^^^^^^^^^^^^^^^^^^^
  File "/root/onyx/venv/lib/python3.12/site-packages/telebot/apihelper.py", line 197, in _check_result
    raise ApiTelegramException(method_name, result, result_json)
telebot.apihelper.ApiTelegramException: A request to the Telegram API was unsuccessful. Error code: 409. Description: Conflict: terminated by other getUpdates request; make sure that only one bot instance is running
"
2026-09-06 14:37:40,399 (__init__.py:1280 MainThread) ERROR - TeleBot: "Threaded polling exception: A request to the Telegram API was unsuccessful. Error code: 409. Description: Conflict: terminated by other getUpdates request; make sure that only one bot instance is running"
2026-09-06 14:37:40,400 (__init__.py:1282 MainThread) ERROR - TeleBot: "Exception traceback:
Traceback (most recent call last):
  File "/root/onyx/venv/lib/python3.12/site-packages/telebot/__init__.py", line 1273, in __threaded_polling
    polling_thread.raise_exceptions()
  File "/root/onyx/venv/lib/python3.12/site-packages/telebot/util.py", line 116, in raise_exceptions
    raise self.exception_info
  File "/root/onyx/venv/lib/python3.12/site-packages/telebot/util.py", line 98, in run
    task(*args, **kwargs)
  File "/root/onyx/venv/lib/python3.12/site-packages/telebot/__init__.py", line 691, in __retrieve_updates
    updates = self.get_updates(offset=(self.last_update_id + 1),
              ^^^^^^^^^^^^^^^^^^^^^^^^^^^^^^^^^^^^^^^^^^^^^^^^^^
  File "/root/onyx/venv/lib/python3.12/site-packages/telebot/__init__.py", line 663, in get_updates
    json_updates = apihelper.get_updates(
                   ^^^^^^^^^^^^^^^^^^^^^^
  File "/root/onyx/venv/lib/python3.12/site-packages/telebot/apihelper.py", line 382, in get_updates
    return _make_request(token, method_url, params=payload)
           ^^^^^^^^^^^^^^^^^^^^^^^^^^^^^^^^^^^^^^^^^^^^^^^^
  File "/root/onyx/venv/lib/python3.12/site-packages/telebot/apihelper.py", line 168, in _make_request
    json_result = _check_result(method_name, result)
                  ^^^^^^^^^^^^^^^^^^^^^^^^^^^^^^^^^^
  File "/root/onyx/venv/lib/python3.12/site-packages/telebot/apihelper.py", line 197, in _check_result
    raise ApiTelegramException(method_name, result, result_json)
telebot.apihelper.ApiTelegramException: A request to the Telegram API was unsuccessful. Error code: 409. Description: Conflict: terminated by other getUpdates request; make sure that only one bot instance is running
"
2026-09-06 14:38:43,681 (__init__.py:1280 MainThread) ERROR - TeleBot: "Threaded polling exception: A request to the Telegram API was unsuccessful. Error code: 409. Description: Conflict: terminated by other getUpdates request; make sure that only one bot instance is running"
2026-09-06 14:38:43,682 (__init__.py:1282 MainThread) ERROR - TeleBot: "Exception traceback:
Traceback (most recent call last):
  File "/root/onyx/venv/lib/python3.12/site-packages/telebot/__init__.py", line 1273, in __threaded_polling
    polling_thread.raise_exceptions()
  File "/root/onyx/venv/lib/python3.12/site-packages/telebot/util.py", line 116, in raise_exceptions
    raise self.exception_info
  File "/root/onyx/venv/lib/python3.12/site-packages/telebot/util.py", line 98, in run
    task(*args, **kwargs)
  File "/root/onyx/venv/lib/python3.12/site-packages/telebot/__init__.py", line 691, in __retrieve_updates
    updates = self.get_updates(offset=(self.last_update_id + 1),
              ^^^^^^^^^^^^^^^^^^^^^^^^^^^^^^^^^^^^^^^^^^^^^^^^^^
  File "/root/onyx/venv/lib/python3.12/site-packages/telebot/__init__.py", line 663, in get_updates
    json_updates = apihelper.get_updates(
                   ^^^^^^^^^^^^^^^^^^^^^^
  File "/root/onyx/venv/lib/python3.12/site-packages/telebot/apihelper.py", line 382, in get_updates
    return _make_request(token, method_url, params=payload)
           ^^^^^^^^^^^^^^^^^^^^^^^^^^^^^^^^^^^^^^^^^^^^^^^^
  File "/root/onyx/venv/lib/python3.12/site-packages/telebot/apihelper.py", line 168, in _make_request
    json_result = _check_result(method_name, result)
                  ^^^^^^^^^^^^^^^^^^^^^^^^^^^^^^^^^^
  File "/root/onyx/venv/lib/python3.12/site-packages/telebot/apihelper.py", line 197, in _check_result
    raise ApiTelegramException(method_name, result, result_json)
telebot.apihelper.ApiTelegramException: A request to the Telegram API was unsuccessful. Error code: 409. Description: Conflict: terminated by other getUpdates request; make sure that only one bot instance is running
"
2026-09-06 14:39:46,963 (__init__.py:1280 MainThread) ERROR - TeleBot: "Threaded polling exception: A request to the Telegram API was unsuccessful. Error code: 409. Description: Conflict: terminated by other getUpdates request; make sure that only one bot instance is running"
2026-09-06 14:39:46,964 (__init__.py:1282 MainThread) ERROR - TeleBot: "Exception traceback:
Traceback (most recent call last):
  File "/root/onyx/venv/lib/python3.12/site-packages/telebot/__init__.py", line 1273, in __threaded_polling
    polling_thread.raise_exceptions()
  File "/root/onyx/venv/lib/python3.12/site-packages/telebot/util.py", line 116, in raise_exceptions
    raise self.exception_info
  File "/root/onyx/venv/lib/python3.12/site-packages/telebot/util.py", line 98, in run
    task(*args, **kwargs)
  File "/root/onyx/venv/lib/python3.12/site-packages/telebot/__init__.py", line 691, in __retrieve_updates
    updates = self.get_updates(offset=(self.last_update_id + 1),
              ^^^^^^^^^^^^^^^^^^^^^^^^^^^^^^^^^^^^^^^^^^^^^^^^^^
  File "/root/onyx/venv/lib/python3.12/site-packages/telebot/__init__.py", line 663, in get_updates
    json_updates = apihelper.get_updates(
                   ^^^^^^^^^^^^^^^^^^^^^^
  File "/root/onyx/venv/lib/python3.12/site-packages/telebot/apihelper.py", line 382, in get_updates
    return _make_request(token, method_url, params=payload)
           ^^^^^^^^^^^^^^^^^^^^^^^^^^^^^^^^^^^^^^^^^^^^^^^^
  File "/root/onyx/venv/lib/python3.12/site-packages/telebot/apihelper.py", line 168, in _make_request
    json_result = _check_result(method_name, result)
                  ^^^^^^^^^^^^^^^^^^^^^^^^^^^^^^^^^^
  File "/root/onyx/venv/lib/python3.12/site-packages/telebot/apihelper.py", line 197, in _check_result
    raise ApiTelegramException(method_name, result, result_json)
telebot.apihelper.ApiTelegramException: A request to the Telegram API was unsuccessful. Error code: 409. Description: Conflict: terminated by other getUpdates request; make sure that only one bot instance is running
"
2026-09-06 14:40:50,246 (__init__.py:1280 MainThread) ERROR - TeleBot: "Threaded polling exception: A request to the Telegram API was unsuccessful. Error code: 409. Description: Conflict: terminated by other getUpdates request; make sure that only one bot instance is running"
2026-09-06 14:40:50,247 (__init__.py:1282 MainThread) ERROR - TeleBot: "Exception traceback:
Traceback (most recent call last):
  File "/root/onyx/venv/lib/python3.12/site-packages/telebot/__init__.py", line 1273, in __threaded_polling
    polling_thread.raise_exceptions()
  File "/root/onyx/venv/lib/python3.12/site-packages/telebot/util.py", line 116, in raise_exceptions
    raise self.exception_info
  File "/root/onyx/venv/lib/python3.12/site-packages/telebot/util.py", line 98, in run
    task(*args, **kwargs)
  File "/root/onyx/venv/lib/python3.12/site-packages/telebot/__init__.py", line 691, in __retrieve_updates
    updates = self.get_updates(offset=(self.last_update_id + 1),
              ^^^^^^^^^^^^^^^^^^^^^^^^^^^^^^^^^^^^^^^^^^^^^^^^^^
  File "/root/onyx/venv/lib/python3.12/site-packages/telebot/__init__.py", line 663, in get_updates
    json_updates = apihelper.get_updates(
                   ^^^^^^^^^^^^^^^^^^^^^^
  File "/root/onyx/venv/lib/python3.12/site-packages/telebot/apihelper.py", line 382, in get_updates
    return _make_request(token, method_url, params=payload)
           ^^^^^^^^^^^^^^^^^^^^^^^^^^^^^^^^^^^^^^^^^^^^^^^^
  File "/root/onyx/venv/lib/python3.12/site-packages/telebot/apihelper.py", line 168, in _make_request
    json_result = _check_result(method_name, result)
                  ^^^^^^^^^^^^^^^^^^^^^^^^^^^^^^^^^^
  File "/root/onyx/venv/lib/python3.12/site-packages/telebot/apihelper.py", line 197, in _check_result
    raise ApiTelegramException(method_name, result, result_json)
telebot.apihelper.ApiTelegramException: A request to the Telegram API was unsuccessful. Error code: 409. Description: Conflict: terminated by other getUpdates request; make sure that only one bot instance is running
"
2026-09-06 14:41:53,526 (__init__.py:1280 MainThread) ERROR - TeleBot: "Threaded polling exception: A request to the Telegram API was unsuccessful. Error code: 409. Description: Conflict: terminated by other getUpdates request; make sure that only one bot instance is running"
2026-09-06 14:41:53,528 (__init__.py:1282 MainThread) ERROR - TeleBot: "Exception traceback:
Traceback (most recent call last):
  File "/root/onyx/venv/lib/python3.12/site-packages/telebot/__init__.py", line 1273, in __threaded_polling
    polling_thread.raise_exceptions()
  File "/root/onyx/venv/lib/python3.12/site-packages/telebot/util.py", line 116, in raise_exceptions
    raise self.exception_info
  File "/root/onyx/venv/lib/python3.12/site-packages/telebot/util.py", line 98, in run
    task(*args, **kwargs)
  File "/root/onyx/venv/lib/python3.12/site-packages/telebot/__init__.py", line 691, in __retrieve_updates
    updates = self.get_updates(offset=(self.last_update_id + 1),
              ^^^^^^^^^^^^^^^^^^^^^^^^^^^^^^^^^^^^^^^^^^^^^^^^^^
  File "/root/onyx/venv/lib/python3.12/site-packages/telebot/__init__.py", line 663, in get_updates
    json_updates = apihelper.get_updates(
                   ^^^^^^^^^^^^^^^^^^^^^^
  File "/root/onyx/venv/lib/python3.12/site-packages/telebot/apihelper.py", line 382, in get_updates
    return _make_request(token, method_url, params=payload)
           ^^^^^^^^^^^^^^^^^^^^^^^^^^^^^^^^^^^^^^^^^^^^^^^^
  File "/root/onyx/venv/lib/python3.12/site-packages/telebot/apihelper.py", line 168, in _make_request
    json_result = _check_result(method_name, result)
                  ^^^^^^^^^^^^^^^^^^^^^^^^^^^^^^^^^^
  File "/root/onyx/venv/lib/python3.12/site-packages/telebot/apihelper.py", line 197, in _check_result
    raise ApiTelegramException(method_name, result, result_json)
telebot.apihelper.ApiTelegramException: A request to the Telegram API was unsuccessful. Error code: 409. Description: Conflict: terminated by other getUpdates request; make sure that only one bot instance is running
"
2026-09-06 14:42:57,207 (__init__.py:1280 MainThread) ERROR - TeleBot: "Threaded polling exception: A request to the Telegram API was unsuccessful. Error code: 409. Description: Conflict: terminated by other getUpdates request; make sure that only one bot instance is running"
2026-09-06 14:42:57,210 (__init__.py:1282 MainThread) ERROR - TeleBot: "Exception traceback:
Traceback (most recent call last):
  File "/root/onyx/venv/lib/python3.12/site-packages/telebot/__init__.py", line 1273, in __threaded_polling
    polling_thread.raise_exceptions()
  File "/root/onyx/venv/lib/python3.12/site-packages/telebot/util.py", line 116, in raise_exceptions
    raise self.exception_info
  File "/root/onyx/venv/lib/python3.12/site-packages/telebot/util.py", line 98, in run
    task(*args, **kwargs)
  File "/root/onyx/venv/lib/python3.12/site-packages/telebot/__init__.py", line 691, in __retrieve_updates
    updates = self.get_updates(offset=(self.last_update_id + 1),
              ^^^^^^^^^^^^^^^^^^^^^^^^^^^^^^^^^^^^^^^^^^^^^^^^^^
  File "/root/onyx/venv/lib/python3.12/site-packages/telebot/__init__.py", line 663, in get_updates
    json_updates = apihelper.get_updates(
                   ^^^^^^^^^^^^^^^^^^^^^^
  File "/root/onyx/venv/lib/python3.12/site-packages/telebot/apihelper.py", line 382, in get_updates
    return _make_request(token, method_url, params=payload)
           ^^^^^^^^^^^^^^^^^^^^^^^^^^^^^^^^^^^^^^^^^^^^^^^^
  File "/root/onyx/venv/lib/python3.12/site-packages/telebot/apihelper.py", line 168, in _make_request
    json_result = _check_result(method_name, result)
                  ^^^^^^^^^^^^^^^^^^^^^^^^^^^^^^^^^^
  File "/root/onyx/venv/lib/python3.12/site-packages/telebot/apihelper.py", line 197, in _check_result
    raise ApiTelegramException(method_name, result, result_json)
telebot.apihelper.ApiTelegramException: A request to the Telegram API was unsuccessful. Error code: 409. Description: Conflict: terminated by other getUpdates request; make sure that only one bot instance is running
"
2026-09-06 14:44:00,490 (__init__.py:1280 MainThread) ERROR - TeleBot: "Threaded polling exception: A request to the Telegram API was unsuccessful. Error code: 409. Description: Conflict: terminated by other getUpdates request; make sure that only one bot instance is running"
2026-09-06 14:44:00,491 (__init__.py:1282 MainThread) ERROR - TeleBot: "Exception traceback:
Traceback (most recent call last):
  File "/root/onyx/venv/lib/python3.12/site-packages/telebot/__init__.py", line 1273, in __threaded_polling
    polling_thread.raise_exceptions()
  File "/root/onyx/venv/lib/python3.12/site-packages/telebot/util.py", line 116, in raise_exceptions
    raise self.exception_info
  File "/root/onyx/venv/lib/python3.12/site-packages/telebot/util.py", line 98, in run
    task(*args, **kwargs)
  File "/root/onyx/venv/lib/python3.12/site-packages/telebot/__init__.py", line 691, in __retrieve_updates
    updates = self.get_updates(offset=(self.last_update_id + 1),
              ^^^^^^^^^^^^^^^^^^^^^^^^^^^^^^^^^^^^^^^^^^^^^^^^^^
  File "/root/onyx/venv/lib/python3.12/site-packages/telebot/__init__.py", line 663, in get_updates
    json_updates = apihelper.get_updates(
                   ^^^^^^^^^^^^^^^^^^^^^^
  File "/root/onyx/venv/lib/python3.12/site-packages/telebot/apihelper.py", line 382, in get_updates
    return _make_request(token, method_url, params=payload)
           ^^^^^^^^^^^^^^^^^^^^^^^^^^^^^^^^^^^^^^^^^^^^^^^^
  File "/root/onyx/venv/lib/python3.12/site-packages/telebot/apihelper.py", line 168, in _make_request
    json_result = _check_result(method_name, result)
                  ^^^^^^^^^^^^^^^^^^^^^^^^^^^^^^^^^^
  File "/root/onyx/venv/lib/python3.12/site-packages/telebot/apihelper.py", line 197, in _check_result
    raise ApiTelegramException(method_name, result, result_json)
telebot.apihelper.ApiTelegramException: A request to the Telegram API was unsuccessful. Error code: 409. Description: Conflict: terminated by other getUpdates request; make sure that only one bot instance is running
"
2026-09-06 14:45:03,772 (__init__.py:1280 MainThread) ERROR - TeleBot: "Threaded polling exception: A request to the Telegram API was unsuccessful. Error code: 409. Description: Conflict: terminated by other getUpdates request; make sure that only one bot instance is running"
2026-09-06 14:45:03,773 (__init__.py:1282 MainThread) ERROR - TeleBot: "Exception traceback:
Traceback (most recent call last):
  File "/root/onyx/venv/lib/python3.12/site-packages/telebot/__init__.py", line 1273, in __threaded_polling
    polling_thread.raise_exceptions()
  File "/root/onyx/venv/lib/python3.12/site-packages/telebot/util.py", line 116, in raise_exceptions
    raise self.exception_info
  File "/root/onyx/venv/lib/python3.12/site-packages/telebot/util.py", line 98, in run
    task(*args, **kwargs)
  File "/root/onyx/venv/lib/python3.12/site-packages/telebot/__init__.py", line 691, in __retrieve_updates
    updates = self.get_updates(offset=(self.last_update_id + 1),
              ^^^^^^^^^^^^^^^^^^^^^^^^^^^^^^^^^^^^^^^^^^^^^^^^^^
  File "/root/onyx/venv/lib/python3.12/site-packages/telebot/__init__.py", line 663, in get_updates
    json_updates = apihelper.get_updates(
                   ^^^^^^^^^^^^^^^^^^^^^^
  File "/root/onyx/venv/lib/python3.12/site-packages/telebot/apihelper.py", line 382, in get_updates
    return _make_request(token, method_url, params=payload)
           ^^^^^^^^^^^^^^^^^^^^^^^^^^^^^^^^^^^^^^^^^^^^^^^^
  File "/root/onyx/venv/lib/python3.12/site-packages/telebot/apihelper.py", line 168, in _make_request
    json_result = _check_result(method_name, result)
                  ^^^^^^^^^^^^^^^^^^^^^^^^^^^^^^^^^^
  File "/root/onyx/venv/lib/python3.12/site-packages/telebot/apihelper.py", line 197, in _check_result
    raise ApiTelegramException(method_name, result, result_json)
telebot.apihelper.ApiTelegramException: A request to the Telegram API was unsuccessful. Error code: 409. Description: Conflict: terminated by other getUpdates request; make sure that only one bot instance is running
"
2026-09-06 14:46:07,055 (__init__.py:1280 MainThread) ERROR - TeleBot: "Threaded polling exception: A request to the Telegram API was unsuccessful. Error code: 409. Description: Conflict: terminated by other getUpdates request; make sure that only one bot instance is running"
2026-09-06 14:46:07,056 (__init__.py:1282 MainThread) ERROR - TeleBot: "Exception traceback:
Traceback (most recent call last):
  File "/root/onyx/venv/lib/python3.12/site-packages/telebot/__init__.py", line 1273, in __threaded_polling
    polling_thread.raise_exceptions()
  File "/root/onyx/venv/lib/python3.12/site-packages/telebot/util.py", line 116, in raise_exceptions
    raise self.exception_info
  File "/root/onyx/venv/lib/python3.12/site-packages/telebot/util.py", line 98, in run
    task(*args, **kwargs)
  File "/root/onyx/venv/lib/python3.12/site-packages/telebot/__init__.py", line 691, in __retrieve_updates
    updates = self.get_updates(offset=(self.last_update_id + 1),
              ^^^^^^^^^^^^^^^^^^^^^^^^^^^^^^^^^^^^^^^^^^^^^^^^^^
  File "/root/onyx/venv/lib/python3.12/site-packages/telebot/__init__.py", line 663, in get_updates
    json_updates = apihelper.get_updates(
                   ^^^^^^^^^^^^^^^^^^^^^^
  File "/root/onyx/venv/lib/python3.12/site-packages/telebot/apihelper.py", line 382, in get_updates
    return _make_request(token, method_url, params=payload)
           ^^^^^^^^^^^^^^^^^^^^^^^^^^^^^^^^^^^^^^^^^^^^^^^^
  File "/root/onyx/venv/lib/python3.12/site-packages/telebot/apihelper.py", line 168, in _make_request
    json_result = _check_result(method_name, result)
                  ^^^^^^^^^^^^^^^^^^^^^^^^^^^^^^^^^^
  File "/root/onyx/venv/lib/python3.12/site-packages/telebot/apihelper.py", line 197, in _check_result
    raise ApiTelegramException(method_name, result, result_json)
telebot.apihelper.ApiTelegramException: A request to the Telegram API was unsuccessful. Error code: 409. Description: Conflict: terminated by other getUpdates request; make sure that only one bot instance is running
"
