source_id,status,change_type,first_seen_at,last_seen_at,inactive_since,title,description,aircraft_type,origin_airport_raw,origin_icao,origin_iata,origin_airport_name,origin_city,origin_country,destination_airport_raw,destination_icao,destination_iata,destination_airport_name,destination_city,destination_country,departure_date_raw,departure_date_iso,departure_time,arrival_time,flight_duration,price_raw,price_amount,price_currency,price_currency_symbol,seats_available,tracking_link,rss_link,booking_link,published,fetched_at
https://villiers.ai/empty-legs/cyyz-kbuf-challenger-300-2026-09-26-2dba0aab?id=ADHUHR,active,new,2026-09-26T13:47:01+00:00,2026-09-26T13:47:01+00:00,,"Challenger 300 | Toronto Lester B. Pearson International Airport → Buffalo Niagara International Airport | $8,600",,Challenger 300,CYYZ - Toronto Lester B. Pearson International Airport,CYYZ,YYZ,Toronto Pearson International Airport,Mississauga,CA,KBUF - Buffalo Niagara International Airport,KBUF,BUF,Buffalo Niagara International Airport,Buffalo,US,26 September 2026,2026-09-26,12:00,12:37,38m,"$8,600",8600,USD,$,10,https://villiers.ai/empty-legs/cyyz-kbuf-challenger-300-2026-09-26-2dba0aab?id=ADHUHR,https://villiers.ai/empty-legs/cyyz-kbuf-challenger-300-2026-09-26-2dba0aab?id=ADHUHR,https://villiers.ai/empty-legs/cyyz-kbuf-challenger-300-2026-09-26-2dba0aab?id=ADHUHR,"Sat, 26 Sep 2026 13:17:03 GMT",2026-09-26T13:47:01+00:00
https://villiers.ai/empty-legs/kbct-kdal-citation-x-2026-09-26-854064fe?id=ADHUHR,active,new,2026-09-26T13:47:01+00:00,2026-09-26T13:47:01+00:00,,"Citation X | Boca Raton Airport → Dallas Love Field | $12,900",,Citation X,KBCT - Boca Raton Airport,KBCT,BCT,Boca Raton Airport,Boca Raton,US,KDAL - Dallas Love Field,KDAL,DAL,Dallas Love Field,Dallas,US,26 September 2026,2026-09-26,12:00,14:31,2h 32m,"$12,900",12900,USD,$,12,https://villiers.ai/empty-legs/kbct-kdal-citation-x-2026-09-26-854064fe?id=ADHUHR,https://villiers.ai/empty-legs/kbct-kdal-citation-x-2026-09-26-854064fe?id=ADHUHR,https://villiers.ai/empty-legs/kbct-kdal-citation-x-2026-09-26-854064fe?id=ADHUHR,"Sat, 26 Sep 2026 13:17:11 GMT",2026-09-26T13:47:01+00:00
https://villiers.ai/empty-legs/kbdl-kteb-citation-x-2026-09-26-6c94c689?id=ADHUHR,active,new,2026-09-26T13:47:01+00:00,2026-09-26T13:47:01+00:00,,"Citation X | Bradley International Airport → Teterboro Airport | $8,600",,Citation X,KBDL - Bradley International Airport,KBDL,BDL,Bradley International Airport,Windsor Locks,US,KTEB - Teterboro Airport,KTEB,TEB,Teterboro Airport,Teterboro,US,26 September 2026,2026-09-26,12:00,12:41,41m,"$8,600",8600,USD,$,12,https://villiers.ai/empty-legs/kbdl-kteb-citation-x-2026-09-26-6c94c689?id=ADHUHR,https://villiers.ai/empty-legs/kbdl-kteb-citation-x-2026-09-26-6c94c689?id=ADHUHR,https://villiers.ai/empty-legs/kbdl-kteb-citation-x-2026-09-26-6c94c689?id=ADHUHR,"Sat, 26 Sep 2026 13:17:11 GMT",2026-09-26T13:47:01+00:00
https://villiers.ai/empty-legs/kbfi-cyvr-citation-x-2026-09-26-3d2132e7?id=ADHUHR,active,new,2026-09-26T13:47:01+00:00,2026-09-26T13:47:01+00:00,,"Citation X | Boeing Field King County International Airport → Vancouver International Airport | $8,600",,Citation X,KBFI - Boeing Field King County International Airport,KBFI,BFI,Boeing Field/King County International Airport,Seattle,US,CYVR - Vancouver International Airport,CYVR,YVR,Vancouver International Airport,Richmond,CA,26 September 2026,2026-09-26,12:00,12:43,44m,"$8,600",8600,USD,$,12,https://villiers.ai/empty-legs/kbfi-cyvr-citation-x-2026-09-26-3d2132e7?id=ADHUHR,https://villiers.ai/empty-legs/kbfi-cyvr-citation-x-2026-09-26-3d2132e7?id=ADHUHR,https://villiers.ai/empty-legs/kbfi-cyvr-citation-x-2026-09-26-3d2132e7?id=ADHUHR,"Sat, 26 Sep 2026 13:17:12 GMT",2026-09-26T13:47:01+00:00
https://villiers.ai/empty-legs/kbtl-kptk-citation-x-2026-09-26-eb6448a3?id=ADHUHR,active,new,2026-09-26T13:47:01+00:00,2026-09-26T13:47:01+00:00,,"Citation X | Battle Creek Executive Airport at Kellogg Field → Oakland County International Airport | $8,600",,Citation X,KBTL - Battle Creek Executive Airport at Kellogg Field,KBTL,BTL,Battle Creek Executive At Kellogg Field,Battle Creek,US,KPTK - Oakland County International Airport,KPTK,PTK,Oakland County International Airport,Pontiac,US,26 September 2026,2026-09-26,12:00,12:40,41m,"$8,600",8600,USD,$,12,https://villiers.ai/empty-legs/kbtl-kptk-citation-x-2026-09-26-eb6448a3?id=ADHUHR,https://villiers.ai/empty-legs/kbtl-kptk-citation-x-2026-09-26-eb6448a3?id=ADHUHR,https://villiers.ai/empty-legs/kbtl-kptk-citation-x-2026-09-26-eb6448a3?id=ADHUHR,"Sat, 26 Sep 2026 13:17:12 GMT",2026-09-26T13:47:01+00:00
https://villiers.ai/empty-legs/kcho-klwb-citation-x-2026-09-26-55e3fe26?id=ADHUHR,active,new,2026-09-26T13:47:01+00:00,2026-09-26T13:47:01+00:00,,"Citation X | Charlottesville Albemarle Airport → Greenbrier Valley Airport | $8,600",,Citation X,KCHO - Charlottesville Albemarle Airport,KCHO,CHO,Charlottesville-Albemarle Airport,Charlottesville,US,KLWB - Greenbrier Valley Airport,KLWB,LWB,Greenbrier Valley Airport,Lewisburg,US,26 September 2026,2026-09-26,12:00,12:41,42m,"$8,600",8600,USD,$,12,https://villiers.ai/empty-legs/kcho-klwb-citation-x-2026-09-26-55e3fe26?id=ADHUHR,https://villiers.ai/empty-legs/kcho-klwb-citation-x-2026-09-26-55e3fe26?id=ADHUHR,https://villiers.ai/empty-legs/kcho-klwb-citation-x-2026-09-26-55e3fe26?id=ADHUHR,"Sat, 26 Sep 2026 13:17:13 GMT",2026-09-26T13:47:01+00:00
https://villiers.ai/empty-legs/kcod-kbzn-citation-x-2026-09-26-42535e24?id=ADHUHR,active,new,2026-09-26T13:47:01+00:00,2026-09-26T13:47:01+00:00,,"Citation X | Yellowstone Regional Airport → Bozeman Yellowstone International Airport | $8,600",,Citation X,KCOD - Yellowstone Regional Airport,KCOD,COD,Yellowstone Regional Airport,Cody,US,KBZN - Bozeman Yellowstone International Airport,KBZN,BZN,Bozeman Yellowstone International Airport,Bozeman,US,26 September 2026,2026-09-26,12:00,12:45,45m,"$8,600",8600,USD,$,12,https://villiers.ai/empty-legs/kcod-kbzn-citation-x-2026-09-26-42535e24?id=ADHUHR,https://villiers.ai/empty-legs/kcod-kbzn-citation-x-2026-09-26-42535e24?id=ADHUHR,https://villiers.ai/empty-legs/kcod-kbzn-citation-x-2026-09-26-42535e24?id=ADHUHR,"Sat, 26 Sep 2026 13:17:13 GMT",2026-09-26T13:47:01+00:00
https://villiers.ai/empty-legs/kcos-kcxo-citation-x-2026-09-26-7f34ec97?id=ADHUHR,active,new,2026-09-26T13:47:01+00:00,2026-09-26T13:47:01+00:00,,"Citation X | City of Colorado Springs Municipal Airport → Conroe-North Houston Regional Airport | $12,900",,Citation X,KCOS - City of Colorado Springs Municipal Airport,KCOS,COS,City Of Colorado Springs Municipal Airport,Colorado Springs,US,KCXO - Conroe-North Houston Regional Airport,KCXO,CXO,Conroe/North Houston Regional Airport,Houston,US,26 September 2026,2026-09-26,12:00,13:57,1h 57m,"$12,900",12900,USD,$,12,https://villiers.ai/empty-legs/kcos-kcxo-citation-x-2026-09-26-7f34ec97?id=ADHUHR,https://villiers.ai/empty-legs/kcos-kcxo-citation-x-2026-09-26-7f34ec97?id=ADHUHR,https://villiers.ai/empty-legs/kcos-kcxo-citation-x-2026-09-26-7f34ec97?id=ADHUHR,"Sat, 26 Sep 2026 13:17:13 GMT",2026-09-26T13:47:01+00:00
https://villiers.ai/empty-legs/kdal-kgxy-citation-x-2026-09-26-fcf9bedb?id=ADHUHR,active,new,2026-09-26T13:47:01+00:00,2026-09-26T13:47:01+00:00,,"Citation X | Dallas Love Field → Greeley–Weld County Airport | $8,600",,Citation X,KDAL - Dallas Love Field,KDAL,DAL,Dallas Love Field,Dallas,US,KGXY - Greeley–Weld County Airport,KGXY,GXY,Greeley-Weld County Airport,Greeley,US,26 September 2026,2026-09-26,12:00,13:45,1h 45m,"$8,600",8600,USD,$,12,https://villiers.ai/empty-legs/kdal-kgxy-citation-x-2026-09-26-fcf9bedb?id=ADHUHR,https://villiers.ai/empty-legs/kdal-kgxy-citation-x-2026-09-26-fcf9bedb?id=ADHUHR,https://villiers.ai/empty-legs/kdal-kgxy-citation-x-2026-09-26-fcf9bedb?id=ADHUHR,"Sat, 26 Sep 2026 13:17:14 GMT",2026-09-26T13:47:01+00:00
https://villiers.ai/empty-legs/kdtw-kmkc-citation-x-2026-09-26-46f69da0?id=ADHUHR,active,new,2026-09-26T13:47:01+00:00,2026-09-26T13:47:01+00:00,,"Citation X | Detroit Metropolitan Wayne County Airport → Charles B. Wheeler Downtown Airport | $9,675",,Citation X,KDTW - Detroit Metropolitan Wayne County Airport,KDTW,DTW,Detroit Metro Wayne County Airport,Detroit,US,KMKC - Charles B. Wheeler Downtown Airport,KMKC,MKC,Kansas City Downtown/Wheeler Field,Kansas City,US,26 September 2026,2026-09-26,12:00,13:39,1h 39m,"$9,675",9675,USD,$,12,https://villiers.ai/empty-legs/kdtw-kmkc-citation-x-2026-09-26-46f69da0?id=ADHUHR,https://villiers.ai/empty-legs/kdtw-kmkc-citation-x-2026-09-26-46f69da0?id=ADHUHR,https://villiers.ai/empty-legs/kdtw-kmkc-citation-x-2026-09-26-46f69da0?id=ADHUHR,"Sat, 26 Sep 2026 13:17:14 GMT",2026-09-26T13:47:01+00:00
https://villiers.ai/empty-legs/kfll-knew-citation-x-2026-09-26-b8cd1388?id=ADHUHR,active,new,2026-09-26T13:47:01+00:00,2026-09-26T13:47:01+00:00,,"Citation X | Fort Lauderdale Hollywood International Airport → Lakefront Airport | $9,675",,Citation X,KFLL - Fort Lauderdale Hollywood International Airport,KFLL,FLL,Fort Lauderdale/Hollywood International Airport,Fort Lauderdale,US,KNEW - Lakefront Airport,KNEW,NEW,Lakefront Airport,New Orleans,US,26 September 2026,2026-09-26,12:00,13:43,1h 43m,"$9,675",9675,USD,$,12,https://villiers.ai/empty-legs/kfll-knew-citation-x-2026-09-26-b8cd1388?id=ADHUHR,https://villiers.ai/empty-legs/kfll-knew-citation-x-2026-09-26-b8cd1388?id=ADHUHR,https://villiers.ai/empty-legs/kfll-knew-citation-x-2026-09-26-b8cd1388?id=ADHUHR,"Sat, 26 Sep 2026 13:17:14 GMT",2026-09-26T13:47:01+00:00
https://villiers.ai/empty-legs/klas-koak-citation-x-2026-09-26-6d370525?id=ADHUHR,active,new,2026-09-26T13:47:01+00:00,2026-09-26T13:47:01+00:00,,"Citation X | Harry Reid International Airport → San Francisco Bay Oakland International Airport | $8,600",,Citation X,KLAS - Harry Reid International Airport,KLAS,LAS,Harry Reid International Airport,Las Vegas,US,KOAK - San Francisco Bay Oakland International Airport,KOAK,OAK,Oakland San Francisco Bay Airport,Oakland,US,26 September 2026,2026-09-26,12:00,13:15,1h 15m,"$8,600",8600,USD,$,12,https://villiers.ai/empty-legs/klas-koak-citation-x-2026-09-26-6d370525?id=ADHUHR,https://villiers.ai/empty-legs/klas-koak-citation-x-2026-09-26-6d370525?id=ADHUHR,https://villiers.ai/empty-legs/klas-koak-citation-x-2026-09-26-6d370525?id=ADHUHR,"Sat, 26 Sep 2026 13:17:15 GMT",2026-09-26T13:47:01+00:00
https://villiers.ai/empty-legs/kmdw-kals-citation-x-2026-09-26-02696f6d?id=ADHUHR,active,new,2026-09-26T13:47:01+00:00,2026-09-26T13:47:01+00:00,,"Citation X | Chicago Midway International Airport → San Luis Valley Regional Airport/Bergman Field | $10,750",,Citation X,KMDW - Chicago Midway International Airport,KMDW,MDW,Chicago Midway International Airport,Chicago,US,KALS - San Luis Valley Regional Airport/Bergman Field,KALS,ALS,San Luis Valley Regional/Bergman Field,Alamosa,US,26 September 2026,2026-09-26,12:00,14:21,2h 22m,"$10,750",10750,USD,$,12,https://villiers.ai/empty-legs/kmdw-kals-citation-x-2026-09-26-02696f6d?id=ADHUHR,https://villiers.ai/empty-legs/kmdw-kals-citation-x-2026-09-26-02696f6d?id=ADHUHR,https://villiers.ai/empty-legs/kmdw-kals-citation-x-2026-09-26-02696f6d?id=ADHUHR,"Sat, 26 Sep 2026 13:17:15 GMT",2026-09-26T13:47:01+00:00
https://villiers.ai/empty-legs/kpsp-kvgt-challenger-300-2026-09-26-82b5b609?id=ADHUHR,active,new,2026-09-26T13:47:01+00:00,2026-09-26T13:47:01+00:00,,"Challenger 300 | Palm Springs International Airport → North Las Vegas Metropolitan International Airport | $8,600",,Challenger 300,KPSP - Palm Springs International Airport,KPSP,PSP,Palm Springs International Airport,Palm Springs,US,KVGT - North Las Vegas Metropolitan International Airport,KVGT,VGT,North Las Vegas Airport,Las Vegas,US,26 September 2026,2026-09-26,12:00,12:50,50m,"$8,600",8600,USD,$,10,https://villiers.ai/empty-legs/kpsp-kvgt-challenger-300-2026-09-26-82b5b609?id=ADHUHR,https://villiers.ai/empty-legs/kpsp-kvgt-challenger-300-2026-09-26-82b5b609?id=ADHUHR,https://villiers.ai/empty-legs/kpsp-kvgt-challenger-300-2026-09-26-82b5b609?id=ADHUHR,"Sat, 26 Sep 2026 13:17:02 GMT",2026-09-26T13:47:01+00:00
https://villiers.ai/empty-legs/ksgu-kase-citation-x-2026-09-26-6cf9688a?id=ADHUHR,active,new,2026-09-26T13:47:01+00:00,2026-09-26T13:47:01+00:00,,"Citation X | St George Regional Airport → Aspen-Pitkin County Airport (Sardy Field) | $9,675",,Citation X,KSGU - St George Regional Airport,KSGU,SGU,St George Regional Airport,St George,US,KASE - Aspen-Pitkin County Airport (Sardy Field),KASE,ASE,Aspen-Pitkin County/Sardy Field,Aspen,US,26 September 2026,2026-09-26,12:00,13:13,1h 13m,"$9,675",9675,USD,$,12,https://villiers.ai/empty-legs/ksgu-kase-citation-x-2026-09-26-6cf9688a?id=ADHUHR,https://villiers.ai/empty-legs/ksgu-kase-citation-x-2026-09-26-6cf9688a?id=ADHUHR,https://villiers.ai/empty-legs/ksgu-kase-citation-x-2026-09-26-6cf9688a?id=ADHUHR,"Sat, 26 Sep 2026 13:17:16 GMT",2026-09-26T13:47:01+00:00
https://villiers.ai/empty-legs/ksts-kbfi-citation-x-2026-09-26-b3150328?id=ADHUHR,active,new,2026-09-26T13:47:01+00:00,2026-09-26T13:47:01+00:00,,"Citation X | Charles M. Schulz Sonoma County Airport → Boeing Field King County International Airport | $9,675",,Citation X,KSTS - Charles M. Schulz Sonoma County Airport,KSTS,STS,Charles M Schulz/Sonoma County Airport,Santa Rosa,US,KBFI - Boeing Field King County International Airport,KBFI,BFI,Boeing Field/King County International Airport,Seattle,US,26 September 2026,2026-09-26,12:00,13:39,1h 39m,"$9,675",9675,USD,$,12,https://villiers.ai/empty-legs/ksts-kbfi-citation-x-2026-09-26-b3150328?id=ADHUHR,https://villiers.ai/empty-legs/ksts-kbfi-citation-x-2026-09-26-b3150328?id=ADHUHR,https://villiers.ai/empty-legs/ksts-kbfi-citation-x-2026-09-26-b3150328?id=ADHUHR,"Sat, 26 Sep 2026 13:17:17 GMT",2026-09-26T13:47:01+00:00
https://villiers.ai/empty-legs/ksua-mynn-challenger-300-2026-09-26-ae759688?id=ADHUHR,active,new,2026-09-26T13:47:01+00:00,2026-09-26T13:47:01+00:00,,"Challenger 300 | Witham Field → Lynden Pindling International Airport | $8,600",,Challenger 300,KSUA - Witham Field,KSUA,SUA,Witham Field,Stuart,US,MYNN - Lynden Pindling International Airport,MYNN,NAS,Lynden Pindling International Airport,Nassau,BS,26 September 2026,2026-09-26,12:00,12:55,55m,"$8,600",8600,USD,$,10,https://villiers.ai/empty-legs/ksua-mynn-challenger-300-2026-09-26-ae759688?id=ADHUHR,https://villiers.ai/empty-legs/ksua-mynn-challenger-300-2026-09-26-ae759688?id=ADHUHR,https://villiers.ai/empty-legs/ksua-mynn-challenger-300-2026-09-26-ae759688?id=ADHUHR,"Sat, 26 Sep 2026 13:17:02 GMT",2026-09-26T13:47:01+00:00
https://villiers.ai/empty-legs/ktpa-kopf-challenger-300-2026-09-26-24151ce6?id=ADHUHR,active,new,2026-09-26T13:47:01+00:00,2026-09-26T13:47:01+00:00,,"Challenger 300 | Tampa International Airport → Miami-Opa Locka Executive Airport | $8,600",,Challenger 300,KTPA - Tampa International Airport,KTPA,TPA,Tampa International Airport,Tampa,US,KOPF - Miami-Opa Locka Executive Airport,KOPF,OPF,Miami-Opa Locka Executive Airport,Miami,US,26 September 2026,2026-09-26,12:00,12:52,52m,"$8,600",8600,USD,$,10,https://villiers.ai/empty-legs/ktpa-kopf-challenger-300-2026-09-26-24151ce6?id=ADHUHR,https://villiers.ai/empty-legs/ktpa-kopf-challenger-300-2026-09-26-24151ce6?id=ADHUHR,https://villiers.ai/empty-legs/ktpa-kopf-challenger-300-2026-09-26-24151ce6?id=ADHUHR,"Sat, 26 Sep 2026 13:17:03 GMT",2026-09-26T13:47:01+00:00
https://villiers.ai/empty-legs/kttn-ktys-challenger-300-2026-09-26-eb07d607?id=ADHUHR,active,new,2026-09-26T13:47:01+00:00,2026-09-26T13:47:01+00:00,,"Challenger 300 | Trenton Mercer Airport → McGhee Tyson Airport | $9,675",,Challenger 300,KTTN - Trenton Mercer Airport,KTTN,TTN,Trenton Mercer Airport,Trenton,US,KTYS - McGhee Tyson Airport,KTYS,TYS,Mc Ghee Tyson Airport,Knoxville,US,26 September 2026,2026-09-26,12:00,13:35,1h 35m,"$9,675",9675,USD,$,10,https://villiers.ai/empty-legs/kttn-ktys-challenger-300-2026-09-26-eb07d607?id=ADHUHR,https://villiers.ai/empty-legs/kttn-ktys-challenger-300-2026-09-26-eb07d607?id=ADHUHR,https://villiers.ai/empty-legs/kttn-ktys-challenger-300-2026-09-26-eb07d607?id=ADHUHR,"Sat, 26 Sep 2026 13:17:03 GMT",2026-09-26T13:47:01+00:00
https://villiers.ai/empty-legs/kvny-kpga-citation-x-2026-09-26-592b7e2b?id=ADHUHR,active,new,2026-09-26T13:47:01+00:00,2026-09-26T13:47:01+00:00,,"Citation X | Van Nuys Airport → Page Municipal Airport | $8,600",,Citation X,KVNY - Van Nuys Airport,KVNY,VNY,Van Nuys Airport,Van Nuys,US,KPGA - Page Municipal Airport,KPGA,PGA,Page Municipal Airport,Page,US,26 September 2026,2026-09-26,12:00,13:18,1h 19m,"$8,600",8600,USD,$,12,https://villiers.ai/empty-legs/kvny-kpga-citation-x-2026-09-26-592b7e2b?id=ADHUHR,https://villiers.ai/empty-legs/kvny-kpga-citation-x-2026-09-26-592b7e2b?id=ADHUHR,https://villiers.ai/empty-legs/kvny-kpga-citation-x-2026-09-26-592b7e2b?id=ADHUHR,"Sat, 26 Sep 2026 13:17:11 GMT",2026-09-26T13:47:01+00:00
https://villiers.ai/empty-legs/sboi-kteb-citation-x-2026-09-26-3560f18a?id=ADHUHR,active,new,2026-09-26T13:47:01+00:00,2026-09-26T13:47:01+00:00,,"Citation X | Oiapoque Airport → Teterboro Airport | $8,600",,Citation X,SBOI - Oiapoque Airport,SBOI,OYK,Oiapoque Airport,Oiapoque,BR,KTEB - Teterboro Airport,KTEB,TEB,Teterboro Airport,Teterboro,US,26 September 2026,2026-09-26,12:00,17:52,5h 52m,"$8,600",8600,USD,$,12,https://villiers.ai/empty-legs/sboi-kteb-citation-x-2026-09-26-3560f18a?id=ADHUHR,https://villiers.ai/empty-legs/sboi-kteb-citation-x-2026-09-26-3560f18a?id=ADHUHR,https://villiers.ai/empty-legs/sboi-kteb-citation-x-2026-09-26-3560f18a?id=ADHUHR,"Sat, 26 Sep 2026 13:17:16 GMT",2026-09-26T13:47:01+00:00
https://villiers.ai/empty-legs/tjsj-katl-citation-x-2026-09-26-d5d692fe?id=ADHUHR,active,new,2026-09-26T13:47:01+00:00,2026-09-26T13:47:01+00:00,,"Citation X | Luis Munoz Marin International Airport → Hartsfield Jackson Atlanta International Airport | $15,050",,Citation X,TJSJ - Luis Munoz Marin International Airport,TJSJ,SJU,Luis Munoz Marin International Airport,San Juan,US,KATL - Hartsfield Jackson Atlanta International Airport,KATL,ATL,Hartsfield/Jackson Atlanta International Airport,Atlanta,US,26 September 2026,2026-09-26,12:00,15:21,3h 22m,"$15,050",15050,USD,$,12,https://villiers.ai/empty-legs/tjsj-katl-citation-x-2026-09-26-d5d692fe?id=ADHUHR,https://villiers.ai/empty-legs/tjsj-katl-citation-x-2026-09-26-d5d692fe?id=ADHUHR,https://villiers.ai/empty-legs/tjsj-katl-citation-x-2026-09-26-d5d692fe?id=ADHUHR,"Sat, 26 Sep 2026 13:17:16 GMT",2026-09-26T13:47:01+00:00
https://villiers.ai/empty-legs/tvsm-kmdw-citation-x-2026-09-26-a1be1a8a?id=ADHUHR,active,new,2026-09-26T13:47:01+00:00,2026-09-26T13:47:01+00:00,,"Citation X | Mustique Airport → Chicago Midway International Airport | $8,600",,Citation X,TVSM - Mustique Airport,TVSM,MQS,Mustique Airport,Mustique Island,VC,KMDW - Chicago Midway International Airport,KMDW,MDW,Chicago Midway International Airport,Chicago,US,26 September 2026,2026-09-26,12:00,17:13,5h 14m,"$8,600",8600,USD,$,12,https://villiers.ai/empty-legs/tvsm-kmdw-citation-x-2026-09-26-a1be1a8a?id=ADHUHR,https://villiers.ai/empty-legs/tvsm-kmdw-citation-x-2026-09-26-a1be1a8a?id=ADHUHR,https://villiers.ai/empty-legs/tvsm-kmdw-citation-x-2026-09-26-a1be1a8a?id=ADHUHR,"Sat, 26 Sep 2026 13:17:15 GMT",2026-09-26T13:47:01+00:00
https://villiers.ai/empty-legs/kapa-ksna-challenger-300-2026-09-27-5715095d?id=ADHUHR,active,new,2026-09-26T13:47:01+00:00,2026-09-26T13:47:01+00:00,,"Challenger 300 | Centennial Airport → John Wayne Orange County International Airport | $12,900",,Challenger 300,KAPA - Centennial Airport,KAPA,APA,Centennial Airport,Denver,US,KSNA - John Wayne Orange County International Airport,KSNA,SNA,John Wayne/Orange County Airport,Santa Ana,US,27 September 2026,2026-09-27,12:00,14:01,2h 2m,"$12,900",12900,USD,$,10,https://villiers.ai/empty-legs/kapa-ksna-challenger-300-2026-09-27-5715095d?id=ADHUHR,https://villiers.ai/empty-legs/kapa-ksna-challenger-300-2026-09-27-5715095d?id=ADHUHR,https://villiers.ai/empty-legs/kapa-ksna-challenger-300-2026-09-27-5715095d?id=ADHUHR,"Sat, 26 Sep 2026 13:17:04 GMT",2026-09-26T13:47:01+00:00
https://villiers.ai/empty-legs/kcho-kric-citation-x-2026-09-27-3a2ffc2d?id=ADHUHR,active,new,2026-09-26T13:47:01+00:00,2026-09-26T13:47:01+00:00,,"Citation X | Charlottesville Albemarle Airport → Richmond International Airport | $8,600",,Citation X,KCHO - Charlottesville Albemarle Airport,KCHO,CHO,Charlottesville-Albemarle Airport,Charlottesville,US,KRIC - Richmond International Airport,KRIC,RIC,Richmond International Airport,Richmond,US,27 September 2026,2026-09-27,12:00,12:38,38m,"$8,600",8600,USD,$,12,https://villiers.ai/empty-legs/kcho-kric-citation-x-2026-09-27-3a2ffc2d?id=ADHUHR,https://villiers.ai/empty-legs/kcho-kric-citation-x-2026-09-27-3a2ffc2d?id=ADHUHR,https://villiers.ai/empty-legs/kcho-kric-citation-x-2026-09-27-3a2ffc2d?id=ADHUHR,"Sat, 26 Sep 2026 13:17:19 GMT",2026-09-26T13:47:01+00:00
https://villiers.ai/empty-legs/kfll-knew-citation-x-2026-09-27-94756f5d?id=ADHUHR,active,new,2026-09-26T13:47:01+00:00,2026-09-26T13:47:01+00:00,,"Citation X | Fort Lauderdale Hollywood International Airport → Lakefront Airport | $9,675",,Citation X,KFLL - Fort Lauderdale Hollywood International Airport,KFLL,FLL,Fort Lauderdale/Hollywood International Airport,Fort Lauderdale,US,KNEW - Lakefront Airport,KNEW,NEW,Lakefront Airport,New Orleans,US,27 September 2026,2026-09-27,12:00,13:43,1h 43m,"$9,675",9675,USD,$,12,https://villiers.ai/empty-legs/kfll-knew-citation-x-2026-09-27-94756f5d?id=ADHUHR,https://villiers.ai/empty-legs/kfll-knew-citation-x-2026-09-27-94756f5d?id=ADHUHR,https://villiers.ai/empty-legs/kfll-knew-citation-x-2026-09-27-94756f5d?id=ADHUHR,"Sat, 26 Sep 2026 13:17:20 GMT",2026-09-26T13:47:01+00:00
https://villiers.ai/empty-legs/kfrg-khpn-citation-x-2026-09-27-87861d98?id=ADHUHR,active,new,2026-09-26T13:47:01+00:00,2026-09-26T13:47:01+00:00,,"Citation X | Republic Airport → Westchester County Airport | $8,600",,Citation X,KFRG - Republic Airport,KFRG,FRG,Republic Airport,Farmingdale,US,KHPN - Westchester County Airport,KHPN,HPN,Westchester County Airport,White Plains,US,27 September 2026,2026-09-27,12:00,12:33,33m,"$8,600",8600,USD,$,12,https://villiers.ai/empty-legs/kfrg-khpn-citation-x-2026-09-27-87861d98?id=ADHUHR,https://villiers.ai/empty-legs/kfrg-khpn-citation-x-2026-09-27-87861d98?id=ADHUHR,https://villiers.ai/empty-legs/kfrg-khpn-citation-x-2026-09-27-87861d98?id=ADHUHR,"Sat, 26 Sep 2026 13:17:21 GMT",2026-09-26T13:47:01+00:00
https://villiers.ai/empty-legs/kiad-kfok-challenger-300-2026-09-27-38a5eec3?id=ADHUHR,active,new,2026-09-26T13:47:01+00:00,2026-09-26T13:47:01+00:00,,"Challenger 300 | Washington Dulles International Airport → Francis S Gabreski Airport | $8,600",,Challenger 300,KIAD - Washington Dulles International Airport,KIAD,IAD,Washington Dulles International Airport,Washington,US,KFOK - Francis S Gabreski Airport,KFOK,FOK,Francis S Gabreski Airport,Westhampton Beach,US,27 September 2026,2026-09-27,12:00,13:01,1h 2m,"$8,600",8600,USD,$,10,https://villiers.ai/empty-legs/kiad-kfok-challenger-300-2026-09-27-38a5eec3?id=ADHUHR,https://villiers.ai/empty-legs/kiad-kfok-challenger-300-2026-09-27-38a5eec3?id=ADHUHR,https://villiers.ai/empty-legs/kiad-kfok-challenger-300-2026-09-27-38a5eec3?id=ADHUHR,"Sat, 26 Sep 2026 13:17:05 GMT",2026-09-26T13:47:01+00:00
https://villiers.ai/empty-legs/kiag-kmjx-citation-x-2026-09-27-bce9a560?id=ADHUHR,active,new,2026-09-26T13:47:01+00:00,2026-09-26T13:47:01+00:00,,"Citation X | Niagara Falls International Airport → Ocean County Airport | $8,600",,Citation X,KIAG - Niagara Falls International Airport,KIAG,IAG,Niagara Falls International Airport,Niagara Falls,US,KMJX - Ocean County Airport,KMJX,MJX,Ocean County Airport,Toms River,US,27 September 2026,2026-09-27,12:00,13:06,1h 6m,"$8,600",8600,USD,$,12,https://villiers.ai/empty-legs/kiag-kmjx-citation-x-2026-09-27-bce9a560?id=ADHUHR,https://villiers.ai/empty-legs/kiag-kmjx-citation-x-2026-09-27-bce9a560?id=ADHUHR,https://villiers.ai/empty-legs/kiag-kmjx-citation-x-2026-09-27-bce9a560?id=ADHUHR,"Sat, 26 Sep 2026 13:17:21 GMT",2026-09-26T13:47:01+00:00
https://villiers.ai/empty-legs/klas-ksgu-citation-x-2026-09-27-b99ba72a?id=ADHUHR,active,new,2026-09-26T13:47:01+00:00,2026-09-26T13:47:01+00:00,,"Citation X | Harry Reid International Airport → St George Regional Airport | $8,600",,Citation X,KLAS - Harry Reid International Airport,KLAS,LAS,Harry Reid International Airport,Las Vegas,US,KSGU - St George Regional Airport,KSGU,SGU,St George Regional Airport,St George,US,27 September 2026,2026-09-27,12:00,12:42,42m,"$8,600",8600,USD,$,12,https://villiers.ai/empty-legs/klas-ksgu-citation-x-2026-09-27-b99ba72a?id=ADHUHR,https://villiers.ai/empty-legs/klas-ksgu-citation-x-2026-09-27-b99ba72a?id=ADHUHR,https://villiers.ai/empty-legs/klas-ksgu-citation-x-2026-09-27-b99ba72a?id=ADHUHR,"Sat, 26 Sep 2026 13:17:21 GMT",2026-09-26T13:47:01+00:00
https://villiers.ai/empty-legs/kmdd-kpga-citation-x-2026-09-27-5b27fd88?id=ADHUHR,active,new,2026-09-26T13:47:01+00:00,2026-09-26T13:47:01+00:00,,"Citation X | Midland Airpark → Page Municipal Airport | $10,750",,Citation X,KMDD - Midland Airpark,KMDD,MDD,Midland Airpark,Midland,US,KPGA - Page Municipal Airport,KPGA,PGA,Page Municipal Airport,Page,US,27 September 2026,2026-09-27,12:00,13:39,1h 40m,"$10,750",10750,USD,$,12,https://villiers.ai/empty-legs/kmdd-kpga-citation-x-2026-09-27-5b27fd88?id=ADHUHR,https://villiers.ai/empty-legs/kmdd-kpga-citation-x-2026-09-27-5b27fd88?id=ADHUHR,https://villiers.ai/empty-legs/kmdd-kpga-citation-x-2026-09-27-5b27fd88?id=ADHUHR,"Sat, 26 Sep 2026 13:17:22 GMT",2026-09-26T13:47:01+00:00
https://villiers.ai/empty-legs/kmlb-kopf-citation-x-2026-09-27-f9d07e00?id=ADHUHR,active,new,2026-09-26T13:47:01+00:00,2026-09-26T13:47:01+00:00,,"Citation X | Melbourne Orlando International Airport → Miami-Opa Locka Executive Airport | $8,600",,Citation X,KMLB - Melbourne Orlando International Airport,KMLB,MLB,Melbourne Orlando International Airport,Melbourne,US,KOPF - Miami-Opa Locka Executive Airport,KOPF,OPF,Miami-Opa Locka Executive Airport,Miami,US,27 September 2026,2026-09-27,12:00,12:47,47m,"$8,600",8600,USD,$,12,https://villiers.ai/empty-legs/kmlb-kopf-citation-x-2026-09-27-f9d07e00?id=ADHUHR,https://villiers.ai/empty-legs/kmlb-kopf-citation-x-2026-09-27-f9d07e00?id=ADHUHR,https://villiers.ai/empty-legs/kmlb-kopf-citation-x-2026-09-27-f9d07e00?id=ADHUHR,"Sat, 26 Sep 2026 13:17:22 GMT",2026-09-26T13:47:01+00:00
https://villiers.ai/empty-legs/koak-knuq-citation-x-2026-09-27-344b5a68?id=ADHUHR,active,new,2026-09-26T13:47:01+00:00,2026-09-26T13:47:01+00:00,,"Citation X | San Francisco Bay Oakland International Airport → Moffett Federal Airfield | $8,600",,Citation X,KOAK - San Francisco Bay Oakland International Airport,KOAK,OAK,Oakland San Francisco Bay Airport,Oakland,US,KNUQ - Moffett Federal Airfield,KNUQ,NUQ,Moffett Federal Airfield,Mountain View,US,27 September 2026,2026-09-27,12:00,12:32,33m,"$8,600",8600,USD,$,12,https://villiers.ai/empty-legs/koak-knuq-citation-x-2026-09-27-344b5a68?id=ADHUHR,https://villiers.ai/empty-legs/koak-knuq-citation-x-2026-09-27-344b5a68?id=ADHUHR,https://villiers.ai/empty-legs/koak-knuq-citation-x-2026-09-27-344b5a68?id=ADHUHR,"Sat, 26 Sep 2026 13:17:23 GMT",2026-09-26T13:47:01+00:00
https://villiers.ai/empty-legs/kpdk-kdjt-citation-x-2026-09-27-505b78e3?id=ADHUHR,active,new,2026-09-26T13:47:01+00:00,2026-09-26T13:47:01+00:00,,"Citation X | DeKalb Peachtree Airport → President Donald J. Trump International Airport | $8,600",,Citation X,KPDK - DeKalb Peachtree Airport,KPDK,PDK,Dekalb-Peachtree Airport,Atlanta,US,KDJT - President Donald J. Trump International Airport,KDJT,PBI,President Donald J Trump International Airport,West Palm Beach,US,27 September 2026,2026-09-27,12:00,13:31,1h 32m,"$8,600",8600,USD,$,12,https://villiers.ai/empty-legs/kpdk-kdjt-citation-x-2026-09-27-505b78e3?id=ADHUHR,https://villiers.ai/empty-legs/kpdk-kdjt-citation-x-2026-09-27-505b78e3?id=ADHUHR,https://villiers.ai/empty-legs/kpdk-kdjt-citation-x-2026-09-27-505b78e3?id=ADHUHR,"Sat, 26 Sep 2026 13:17:23 GMT",2026-09-26T13:47:01+00:00
https://villiers.ai/empty-legs/ksfo-kapc-citation-x-2026-09-27-12b2c333?id=ADHUHR,active,new,2026-09-26T13:47:01+00:00,2026-09-26T13:47:01+00:00,,"Citation X | San Francisco International Airport → Napa County Airport | $8,600",,Citation X,KSFO - San Francisco International Airport,KSFO,SFO,San Francisco International Airport,San Francisco,US,KAPC - Napa County Airport,KAPC,APC,Napa County Airport,Napa,US,27 September 2026,2026-09-27,12:00,12:34,35m,"$8,600",8600,USD,$,12,https://villiers.ai/empty-legs/ksfo-kapc-citation-x-2026-09-27-12b2c333?id=ADHUHR,https://villiers.ai/empty-legs/ksfo-kapc-citation-x-2026-09-27-12b2c333?id=ADHUHR,https://villiers.ai/empty-legs/ksfo-kapc-citation-x-2026-09-27-12b2c333?id=ADHUHR,"Sat, 26 Sep 2026 13:17:24 GMT",2026-09-26T13:47:01+00:00
https://villiers.ai/empty-legs/kstl-kmdw-citation-x-2026-09-27-1aa80236?id=ADHUHR,active,new,2026-09-26T13:47:01+00:00,2026-09-26T13:47:01+00:00,,"Citation X | St. Louis Lambert International Airport → Chicago Midway International Airport | $8,600",,Citation X,KSTL - St. Louis Lambert International Airport,KSTL,STL,St Louis Lambert International Airport,St Louis,US,KMDW - Chicago Midway International Airport,KMDW,MDW,Chicago Midway International Airport,Chicago,US,27 September 2026,2026-09-27,12:00,12:57,58m,"$8,600",8600,USD,$,12,https://villiers.ai/empty-legs/kstl-kmdw-citation-x-2026-09-27-1aa80236?id=ADHUHR,https://villiers.ai/empty-legs/kstl-kmdw-citation-x-2026-09-27-1aa80236?id=ADHUHR,https://villiers.ai/empty-legs/kstl-kmdw-citation-x-2026-09-27-1aa80236?id=ADHUHR,"Sat, 26 Sep 2026 13:17:24 GMT",2026-09-26T13:47:01+00:00
https://villiers.ai/empty-legs/ksts-kvny-challenger-300-2026-09-27-6ef153f4?id=ADHUHR,active,new,2026-09-26T13:47:01+00:00,2026-09-26T13:47:01+00:00,,"Challenger 300 | Charles M. Schulz Sonoma County Airport → Van Nuys Airport | $8,600",,Challenger 300,KSTS - Charles M. Schulz Sonoma County Airport,KSTS,STS,Charles M Schulz/Sonoma County Airport,Santa Rosa,US,KVNY - Van Nuys Airport,KVNY,VNY,Van Nuys Airport,Van Nuys,US,27 September 2026,2026-09-27,12:00,13:12,1h 12m,"$8,600",8600,USD,$,10,https://villiers.ai/empty-legs/ksts-kvny-challenger-300-2026-09-27-6ef153f4?id=ADHUHR,https://villiers.ai/empty-legs/ksts-kvny-challenger-300-2026-09-27-6ef153f4?id=ADHUHR,https://villiers.ai/empty-legs/ksts-kvny-challenger-300-2026-09-27-6ef153f4?id=ADHUHR,"Sat, 26 Sep 2026 13:17:06 GMT",2026-09-26T13:47:01+00:00
https://villiers.ai/empty-legs/ksua-kdjt-citation-x-2026-09-27-10ee9fdd?id=ADHUHR,active,new,2026-09-26T13:47:01+00:00,2026-09-26T13:47:01+00:00,,"Citation X | Witham Field → President Donald J. Trump International Airport | $8,600",,Citation X,KSUA - Witham Field,KSUA,SUA,Witham Field,Stuart,US,KDJT - President Donald J. Trump International Airport,KDJT,PBI,President Donald J Trump International Airport,West Palm Beach,US,27 September 2026,2026-09-27,12:00,12:33,34m,"$8,600",8600,USD,$,12,https://villiers.ai/empty-legs/ksua-kdjt-citation-x-2026-09-27-10ee9fdd?id=ADHUHR,https://villiers.ai/empty-legs/ksua-kdjt-citation-x-2026-09-27-10ee9fdd?id=ADHUHR,https://villiers.ai/empty-legs/ksua-kdjt-citation-x-2026-09-27-10ee9fdd?id=ADHUHR,"Sat, 26 Sep 2026 13:17:24 GMT",2026-09-26T13:47:01+00:00
https://villiers.ai/empty-legs/kteb-kbdl-citation-x-2026-09-27-10710f9f?id=ADHUHR,active,new,2026-09-26T13:47:01+00:00,2026-09-26T13:47:01+00:00,,"Citation X | Teterboro Airport → Bradley International Airport | $8,600",,Citation X,KTEB - Teterboro Airport,KTEB,TEB,Teterboro Airport,Teterboro,US,KBDL - Bradley International Airport,KBDL,BDL,Bradley International Airport,Windsor Locks,US,27 September 2026,2026-09-27,12:00,12:41,41m,"$8,600",8600,USD,$,12,https://villiers.ai/empty-legs/kteb-kbdl-citation-x-2026-09-27-10710f9f?id=ADHUHR,https://villiers.ai/empty-legs/kteb-kbdl-citation-x-2026-09-27-10710f9f?id=ADHUHR,https://villiers.ai/empty-legs/kteb-kbdl-citation-x-2026-09-27-10710f9f?id=ADHUHR,"Sat, 26 Sep 2026 13:17:18 GMT",2026-09-26T13:47:01+00:00
https://villiers.ai/empty-legs/kteb-kewb-citation-x-2026-09-27-b62912ff?id=ADHUHR,active,new,2026-09-26T13:47:01+00:00,2026-09-26T13:47:01+00:00,,"Citation X | Teterboro Airport → New Bedford Regional Airport | $8,600",,Citation X,KTEB - Teterboro Airport,KTEB,TEB,Teterboro Airport,Teterboro,US,KEWB - New Bedford Regional Airport,KEWB,EWB,New Bedford Regional Airport,New Bedford,US,27 September 2026,2026-09-27,12:00,12:48,49m,"$8,600",8600,USD,$,12,https://villiers.ai/empty-legs/kteb-kewb-citation-x-2026-09-27-b62912ff?id=ADHUHR,https://villiers.ai/empty-legs/kteb-kewb-citation-x-2026-09-27-b62912ff?id=ADHUHR,https://villiers.ai/empty-legs/kteb-kewb-citation-x-2026-09-27-b62912ff?id=ADHUHR,"Sat, 26 Sep 2026 13:17:18 GMT",2026-09-26T13:47:01+00:00
https://villiers.ai/empty-legs/kteb-kpsm-challenger-300-2026-09-27-d09a6a5d?id=ADHUHR,active,new,2026-09-26T13:47:01+00:00,2026-09-26T13:47:01+00:00,,"Challenger 300 | Teterboro Airport → Portsmouth International at Pease Airport | $8,600",,Challenger 300,KTEB - Teterboro Airport,KTEB,TEB,Teterboro Airport,Teterboro,US,KPSM - Portsmouth International at Pease Airport,KPSM,PSM,Portsmouth International At Pease Airport,Portsmouth,US,27 September 2026,2026-09-27,12:00,12:55,55m,"$8,600",8600,USD,$,10,https://villiers.ai/empty-legs/kteb-kpsm-challenger-300-2026-09-27-d09a6a5d?id=ADHUHR,https://villiers.ai/empty-legs/kteb-kpsm-challenger-300-2026-09-27-d09a6a5d?id=ADHUHR,https://villiers.ai/empty-legs/kteb-kpsm-challenger-300-2026-09-27-d09a6a5d?id=ADHUHR,"Sat, 26 Sep 2026 13:17:04 GMT",2026-09-26T13:47:01+00:00
https://villiers.ai/empty-legs/kteb-ksna-citation-x-2026-09-27-e514302d?id=ADHUHR,active,new,2026-09-26T13:47:01+00:00,2026-09-26T13:47:01+00:00,,"Citation X | Teterboro Airport → John Wayne Orange County International Airport | $25,800",,Citation X,KTEB - Teterboro Airport,KTEB,TEB,Teterboro Airport,Teterboro,US,KSNA - John Wayne Orange County International Airport,KSNA,SNA,John Wayne/Orange County Airport,Santa Ana,US,27 September 2026,2026-09-27,12:00,16:59,4h 60m,"$25,800",25800,USD,$,12,https://villiers.ai/empty-legs/kteb-ksna-citation-x-2026-09-27-e514302d?id=ADHUHR,https://villiers.ai/empty-legs/kteb-ksna-citation-x-2026-09-27-e514302d?id=ADHUHR,https://villiers.ai/empty-legs/kteb-ksna-citation-x-2026-09-27-e514302d?id=ADHUHR,"Sat, 26 Sep 2026 13:17:19 GMT",2026-09-26T13:47:01+00:00
https://villiers.ai/empty-legs/ktpa-kdjt-citation-x-2026-09-27-9f2ccf5f?id=ADHUHR,active,new,2026-09-26T13:47:01+00:00,2026-09-26T13:47:01+00:00,,"Citation X | Tampa International Airport → President Donald J. Trump International Airport | $8,600",,Citation X,KTPA - Tampa International Airport,KTPA,TPA,Tampa International Airport,Tampa,US,KDJT - President Donald J. Trump International Airport,KDJT,PBI,President Donald J Trump International Airport,West Palm Beach,US,27 September 2026,2026-09-27,12:00,12:49,49m,"$8,600",8600,USD,$,12,https://villiers.ai/empty-legs/ktpa-kdjt-citation-x-2026-09-27-9f2ccf5f?id=ADHUHR,https://villiers.ai/empty-legs/ktpa-kdjt-citation-x-2026-09-27-9f2ccf5f?id=ADHUHR,https://villiers.ai/empty-legs/ktpa-kdjt-citation-x-2026-09-27-9f2ccf5f?id=ADHUHR,"Sat, 26 Sep 2026 13:17:25 GMT",2026-09-26T13:47:01+00:00
https://villiers.ai/empty-legs/ktus-ksna-challenger-300-2026-09-27-3d08c204?id=ADHUHR,active,new,2026-09-26T13:47:01+00:00,2026-09-26T13:47:01+00:00,,"Challenger 300 | Tucson International Airport / Morris Air National Guard Base → John Wayne Orange County International Airport | $8,600",,Challenger 300,KTUS - Tucson International Airport / Morris Air National Guard Base,KTUS,TUS,Tucson International Airport,Tucson,US,KSNA - John Wayne Orange County International Airport,KSNA,SNA,John Wayne/Orange County Airport,Santa Ana,US,27 September 2026,2026-09-27,12:00,13:16,1h 16m,"$8,600",8600,USD,$,10,https://villiers.ai/empty-legs/ktus-ksna-challenger-300-2026-09-27-3d08c204?id=ADHUHR,https://villiers.ai/empty-legs/ktus-ksna-challenger-300-2026-09-27-3d08c204?id=ADHUHR,https://villiers.ai/empty-legs/ktus-ksna-challenger-300-2026-09-27-3d08c204?id=ADHUHR,"Sat, 26 Sep 2026 13:17:06 GMT",2026-09-26T13:47:01+00:00
https://villiers.ai/empty-legs/kvny-kbfi-citation-x-2026-09-27-6a7fddaf?id=ADHUHR,active,new,2026-09-26T13:47:01+00:00,2026-09-26T13:47:01+00:00,,"Citation X | Van Nuys Airport → Boeing Field King County International Airport | $10,750",,Citation X,KVNY - Van Nuys Airport,KVNY,VNY,Van Nuys Airport,Van Nuys,US,KBFI - Boeing Field King County International Airport,KBFI,BFI,Boeing Field/King County International Airport,Seattle,US,27 September 2026,2026-09-27,12:00,14:14,2h 14m,"$10,750",10750,USD,$,12,https://villiers.ai/empty-legs/kvny-kbfi-citation-x-2026-09-27-6a7fddaf?id=ADHUHR,https://villiers.ai/empty-legs/kvny-kbfi-citation-x-2026-09-27-6a7fddaf?id=ADHUHR,https://villiers.ai/empty-legs/kvny-kbfi-citation-x-2026-09-27-6a7fddaf?id=ADHUHR,"Sat, 26 Sep 2026 13:17:18 GMT",2026-09-26T13:47:01+00:00
https://villiers.ai/empty-legs/mynn-kopf-citation-x-2026-09-27-0d4573c3?id=ADHUHR,active,new,2026-09-26T13:47:01+00:00,2026-09-26T13:47:01+00:00,,"Citation X | Lynden Pindling International Airport → Miami-Opa Locka Executive Airport | $8,600",,Citation X,MYNN - Lynden Pindling International Airport,MYNN,NAS,Lynden Pindling International Airport,Nassau,BS,KOPF - Miami-Opa Locka Executive Airport,KOPF,OPF,Miami-Opa Locka Executive Airport,Miami,US,27 September 2026,2026-09-27,12:00,12:50,51m,"$8,600",8600,USD,$,12,https://villiers.ai/empty-legs/mynn-kopf-citation-x-2026-09-27-0d4573c3?id=ADHUHR,https://villiers.ai/empty-legs/mynn-kopf-citation-x-2026-09-27-0d4573c3?id=ADHUHR,https://villiers.ai/empty-legs/mynn-kopf-citation-x-2026-09-27-0d4573c3?id=ADHUHR,"Sat, 26 Sep 2026 13:17:23 GMT",2026-09-26T13:47:01+00:00
https://villiers.ai/empty-legs/wahl-rjtt-citation-x-2026-09-27-9aa94ba5?id=ADHUHR,active,new,2026-09-26T13:47:01+00:00,2026-09-26T13:47:01+00:00,,"Citation X | Tunggul Wulung Airport → Tokyo Haneda Airport | $8,600",,Citation X,WAHL - Tunggul Wulung Airport,WAHL,,Tunggul Wulung Airport,,,RJTT - Tokyo Haneda Airport,RJTT,HND,Tokyo International Airport,Tokyo,JP,27 September 2026,2026-09-27,12:00,19:08,7h 9m,"$8,600",8600,USD,$,12,https://villiers.ai/empty-legs/wahl-rjtt-citation-x-2026-09-27-9aa94ba5?id=ADHUHR,https://villiers.ai/empty-legs/wahl-rjtt-citation-x-2026-09-27-9aa94ba5?id=ADHUHR,https://villiers.ai/empty-legs/wahl-rjtt-citation-x-2026-09-27-9aa94ba5?id=ADHUHR,"Sat, 26 Sep 2026 13:17:20 GMT",2026-09-26T13:47:01+00:00
https://villiers.ai/empty-legs/kads-kaus-citation-x-2026-09-28-33d4fbd9?id=ADHUHR,active,new,2026-09-26T13:47:01+00:00,2026-09-26T13:47:01+00:00,,"Citation X | Addison Airport → Austin Bergstrom International Airport | $8,600",,Citation X,KADS - Addison Airport,KADS,ADS,Addison Airport,Dallas,US,KAUS - Austin Bergstrom International Airport,KAUS,AUS,Austin-Bergstrom International Airport,Austin,US,28 September 2026,2026-09-28,12:00,12:51,52m,"$8,600",8600,USD,$,12,https://villiers.ai/empty-legs/kads-kaus-citation-x-2026-09-28-33d4fbd9?id=ADHUHR,https://villiers.ai/empty-legs/kads-kaus-citation-x-2026-09-28-33d4fbd9?id=ADHUHR,https://villiers.ai/empty-legs/kads-kaus-citation-x-2026-09-28-33d4fbd9?id=ADHUHR,"Sat, 26 Sep 2026 13:17:26 GMT",2026-09-26T13:47:01+00:00
https://villiers.ai/empty-legs/kafo-kpga-challenger-300-2026-09-28-7f84fa37?id=ADHUHR,active,new,2026-09-26T13:47:01+00:00,2026-09-26T13:47:01+00:00,,"Challenger 300 | Afton Municipal Airport → Page Municipal Airport | $12,900",,Challenger 300,KAFO - Afton Municipal Airport,KAFO,AFO,Afton Lincoln County/General Boyd L Eddins Field,Afton,US,KPGA - Page Municipal Airport,KPGA,PGA,Page Municipal Airport,Page,US,28 September 2026,2026-09-28,12:00,13:14,1h 14m,"$12,900",12900,USD,$,10,https://villiers.ai/empty-legs/kafo-kpga-challenger-300-2026-09-28-7f84fa37?id=ADHUHR,https://villiers.ai/empty-legs/kafo-kpga-challenger-300-2026-09-28-7f84fa37?id=ADHUHR,https://villiers.ai/empty-legs/kafo-kpga-challenger-300-2026-09-28-7f84fa37?id=ADHUHR,"Sat, 26 Sep 2026 13:17:07 GMT",2026-09-26T13:47:01+00:00
https://villiers.ai/empty-legs/kapf-kopf-citation-x-2026-09-28-7e04de6d?id=ADHUHR,active,new,2026-09-26T13:47:01+00:00,2026-09-26T13:47:01+00:00,,"Citation X | Naples Municipal Airport → Miami-Opa Locka Executive Airport | $8,600",,Citation X,KAPF - Naples Municipal Airport,KAPF,APF,Naples Municipal Airport,Naples,US,KOPF - Miami-Opa Locka Executive Airport,KOPF,OPF,Miami-Opa Locka Executive Airport,Miami,US,28 September 2026,2026-09-28,12:00,12:40,40m,"$8,600",8600,USD,$,12,https://villiers.ai/empty-legs/kapf-kopf-citation-x-2026-09-28-7e04de6d?id=ADHUHR,https://villiers.ai/empty-legs/kapf-kopf-citation-x-2026-09-28-7e04de6d?id=ADHUHR,https://villiers.ai/empty-legs/kapf-kopf-citation-x-2026-09-28-7e04de6d?id=ADHUHR,"Sat, 26 Sep 2026 13:17:27 GMT",2026-09-26T13:47:01+00:00
https://villiers.ai/empty-legs/kbjc-khdn-citation-x-2026-09-28-8b58949b?id=ADHUHR,active,new,2026-09-26T13:47:01+00:00,2026-09-26T13:47:01+00:00,,"Citation X | Rocky Mountain Metropolitan Airport → Yampa Valley Airport | $8,600",,Citation X,KBJC - Rocky Mountain Metropolitan Airport,KBJC,BJC,Rocky Mountain Metro Airport,Denver,US,KHDN - Yampa Valley Airport,KHDN,HDN,Yampa Valley Airport,Hayden,US,28 September 2026,2026-09-28,12:00,12:43,43m,"$8,600",8600,USD,$,12,https://villiers.ai/empty-legs/kbjc-khdn-citation-x-2026-09-28-8b58949b?id=ADHUHR,https://villiers.ai/empty-legs/kbjc-khdn-citation-x-2026-09-28-8b58949b?id=ADHUHR,https://villiers.ai/empty-legs/kbjc-khdn-citation-x-2026-09-28-8b58949b?id=ADHUHR,"Sat, 26 Sep 2026 13:17:27 GMT",2026-09-26T13:47:01+00:00
https://villiers.ai/empty-legs/kcho-kiad-challenger-300-2026-09-28-d1041823?id=ADHUHR,active,new,2026-09-26T13:47:01+00:00,2026-09-26T13:47:01+00:00,,"Challenger 300 | Charlottesville Albemarle Airport → Washington Dulles International Airport | $8,600",,Challenger 300,KCHO - Charlottesville Albemarle Airport,KCHO,CHO,Charlottesville-Albemarle Airport,Charlottesville,US,KIAD - Washington Dulles International Airport,KIAD,IAD,Washington Dulles International Airport,Washington,US,28 September 2026,2026-09-28,12:00,12:38,39m,"$8,600",8600,USD,$,10,https://villiers.ai/empty-legs/kcho-kiad-challenger-300-2026-09-28-d1041823?id=ADHUHR,https://villiers.ai/empty-legs/kcho-kiad-challenger-300-2026-09-28-d1041823?id=ADHUHR,https://villiers.ai/empty-legs/kcho-kiad-challenger-300-2026-09-28-d1041823?id=ADHUHR,"Sat, 26 Sep 2026 13:17:08 GMT",2026-09-26T13:47:01+00:00
https://villiers.ai/empty-legs/keyw-korl-challenger-300-2026-09-28-487c470b?id=ADHUHR,active,new,2026-09-26T13:47:01+00:00,2026-09-26T13:47:01+00:00,,"Challenger 300 | Key West International Airport → Orlando Executive Airport | $8,600",,Challenger 300,KEYW - Key West International Airport,KEYW,EYW,Key West International Airport,Key West,US,KORL - Orlando Executive Airport,KORL,ORL,Orlando Executive Airport,Orlando,US,28 September 2026,2026-09-28,12:00,13:00,1h 1m,"$8,600",8600,USD,$,10,https://villiers.ai/empty-legs/keyw-korl-challenger-300-2026-09-28-487c470b?id=ADHUHR,https://villiers.ai/empty-legs/keyw-korl-challenger-300-2026-09-28-487c470b?id=ADHUHR,https://villiers.ai/empty-legs/keyw-korl-challenger-300-2026-09-28-487c470b?id=ADHUHR,"Sat, 26 Sep 2026 13:17:08 GMT",2026-09-26T13:47:01+00:00
https://villiers.ai/empty-legs/kftw-kaus-citation-x-2026-09-28-ea832126?id=ADHUHR,active,new,2026-09-26T13:47:01+00:00,2026-09-26T13:47:01+00:00,,"Citation X | Fort Worth Meacham International Airport → Austin Bergstrom International Airport | $8,600",,Citation X,KFTW - Fort Worth Meacham International Airport,KFTW,FTW,Fort Worth Meacham International Airport,Fort Worth,US,KAUS - Austin Bergstrom International Airport,KAUS,AUS,Austin-Bergstrom International Airport,Austin,US,28 September 2026,2026-09-28,12:00,12:50,50m,"$8,600",8600,USD,$,12,https://villiers.ai/empty-legs/kftw-kaus-citation-x-2026-09-28-ea832126?id=ADHUHR,https://villiers.ai/empty-legs/kftw-kaus-citation-x-2026-09-28-ea832126?id=ADHUHR,https://villiers.ai/empty-legs/kftw-kaus-citation-x-2026-09-28-ea832126?id=ADHUHR,"Sat, 26 Sep 2026 13:17:28 GMT",2026-09-26T13:47:01+00:00
https://villiers.ai/empty-legs/kggg-kftw-challenger-300-2026-09-28-d99a0098?id=ADHUHR,active,new,2026-09-26T13:47:01+00:00,2026-09-26T13:47:01+00:00,,"Challenger 300 | East Texas Regional Airport → Fort Worth Meacham International Airport | $8,600",,Challenger 300,KGGG - East Texas Regional Airport,KGGG,GGG,East Texas Regional Airport,Longview,US,KFTW - Fort Worth Meacham International Airport,KFTW,FTW,Fort Worth Meacham International Airport,Fort Worth,US,28 September 2026,2026-09-28,12:00,12:47,47m,"$8,600",8600,USD,$,10,https://villiers.ai/empty-legs/kggg-kftw-challenger-300-2026-09-28-d99a0098?id=ADHUHR,https://villiers.ai/empty-legs/kggg-kftw-challenger-300-2026-09-28-d99a0098?id=ADHUHR,https://villiers.ai/empty-legs/kggg-kftw-challenger-300-2026-09-28-d99a0098?id=ADHUHR,"Sat, 26 Sep 2026 13:17:08 GMT",2026-09-26T13:47:01+00:00
https://villiers.ai/empty-legs/kguc-ksaa-citation-x-2026-09-28-f20d8487?id=ADHUHR,active,new,2026-09-26T13:47:01+00:00,2026-09-26T13:47:01+00:00,,"Citation X | Gunnison Crested Butte Regional Airport → Shively Field | $9,675",,Citation X,KGUC - Gunnison Crested Butte Regional Airport,KGUC,GUC,Gunnison-Crested Butte Regional Airport,Gunnison,US,KSAA - Shively Field,KSAA,SAA,Shively Field,Saratoga,US,28 September 2026,2026-09-28,12:00,12:52,52m,"$9,675",9675,USD,$,12,https://villiers.ai/empty-legs/kguc-ksaa-citation-x-2026-09-28-f20d8487?id=ADHUHR,https://villiers.ai/empty-legs/kguc-ksaa-citation-x-2026-09-28-f20d8487?id=ADHUHR,https://villiers.ai/empty-legs/kguc-ksaa-citation-x-2026-09-28-f20d8487?id=ADHUHR,"Sat, 26 Sep 2026 13:17:28 GMT",2026-09-26T13:47:01+00:00
https://villiers.ai/empty-legs/khou-kdal-citation-x-2026-09-28-9798d2a3?id=ADHUHR,active,new,2026-09-26T13:47:01+00:00,2026-09-26T13:47:01+00:00,,"Citation X | William P. Hobby Airport → Dallas Love Field | $8,600",,Citation X,KHOU - William P. Hobby Airport,KHOU,HOU,William P Hobby Airport,Houston,US,KDAL - Dallas Love Field,KDAL,DAL,Dallas Love Field,Dallas,US,28 September 2026,2026-09-28,12:00,12:56,57m,"$8,600",8600,USD,$,12,https://villiers.ai/empty-legs/khou-kdal-citation-x-2026-09-28-9798d2a3?id=ADHUHR,https://villiers.ai/empty-legs/khou-kdal-citation-x-2026-09-28-9798d2a3?id=ADHUHR,https://villiers.ai/empty-legs/khou-kdal-citation-x-2026-09-28-9798d2a3?id=ADHUHR,"Sat, 26 Sep 2026 13:17:29 GMT",2026-09-26T13:47:01+00:00
https://villiers.ai/empty-legs/kmdw-kteb-challenger-300-2026-09-28-8c6a7321?id=ADHUHR,active,new,2026-09-26T13:47:01+00:00,2026-09-26T13:47:01+00:00,,"Challenger 300 | Chicago Midway International Airport → Teterboro Airport | $12,900",,Challenger 300,KMDW - Chicago Midway International Airport,KMDW,MDW,Chicago Midway International Airport,Chicago,US,KTEB - Teterboro Airport,KTEB,TEB,Teterboro Airport,Teterboro,US,28 September 2026,2026-09-28,12:00,13:49,1h 49m,"$12,900",12900,USD,$,10,https://villiers.ai/empty-legs/kmdw-kteb-challenger-300-2026-09-28-8c6a7321?id=ADHUHR,https://villiers.ai/empty-legs/kmdw-kteb-challenger-300-2026-09-28-8c6a7321?id=ADHUHR,https://villiers.ai/empty-legs/kmdw-kteb-challenger-300-2026-09-28-8c6a7321?id=ADHUHR,"Sat, 26 Sep 2026 13:17:09 GMT",2026-09-26T13:47:01+00:00
https://villiers.ai/empty-legs/kphl-kteb-challenger-300-2026-09-28-d256a3e8?id=ADHUHR,active,new,2026-09-26T13:47:01+00:00,2026-09-26T13:47:01+00:00,,"Challenger 300 | Philadelphia International Airport → Teterboro Airport | $8,600",,Challenger 300,KPHL - Philadelphia International Airport,KPHL,PHL,Philadelphia International Airport,Philadelphia,US,KTEB - Teterboro Airport,KTEB,TEB,Teterboro Airport,Teterboro,US,28 September 2026,2026-09-28,12:00,12:40,40m,"$8,600",8600,USD,$,10,https://villiers.ai/empty-legs/kphl-kteb-challenger-300-2026-09-28-d256a3e8?id=ADHUHR,https://villiers.ai/empty-legs/kphl-kteb-challenger-300-2026-09-28-d256a3e8?id=ADHUHR,https://villiers.ai/empty-legs/kphl-kteb-challenger-300-2026-09-28-d256a3e8?id=ADHUHR,"Sat, 26 Sep 2026 13:17:09 GMT",2026-09-26T13:47:01+00:00
https://villiers.ai/empty-legs/ksbm-kaus-challenger-300-2026-09-28-cb494b71?id=ADHUHR,active,new,2026-09-26T13:47:01+00:00,2026-09-26T13:47:01+00:00,,"Challenger 300 | Sheboygan County Memorial Airport → Austin Bergstrom International Airport | $12,900",,Challenger 300,KSBM - Sheboygan County Memorial Airport,KSBM,SBM,Sheboygan County Memorial International Airport,Sheboygan,US,KAUS - Austin Bergstrom International Airport,KAUS,AUS,Austin-Bergstrom International Airport,Austin,US,28 September 2026,2026-09-28,12:00,14:29,2h 30m,"$12,900",12900,USD,$,10,https://villiers.ai/empty-legs/ksbm-kaus-challenger-300-2026-09-28-cb494b71?id=ADHUHR,https://villiers.ai/empty-legs/ksbm-kaus-challenger-300-2026-09-28-cb494b71?id=ADHUHR,https://villiers.ai/empty-legs/ksbm-kaus-challenger-300-2026-09-28-cb494b71?id=ADHUHR,"Sat, 26 Sep 2026 13:17:10 GMT",2026-09-26T13:47:01+00:00
https://villiers.ai/empty-legs/kteb-cyow-citation-x-2026-09-28-00df3a61?id=ADHUHR,active,new,2026-09-26T13:47:01+00:00,2026-09-26T13:47:01+00:00,,"Citation X | Teterboro Airport → Ottawa Macdonald-Cartier International Airport | $12,900",,Citation X,KTEB - Teterboro Airport,KTEB,TEB,Teterboro Airport,Teterboro,US,CYOW - Ottawa Macdonald-Cartier International Airport,CYOW,YOW,Ottawa / Macdonald-Cartier International Airport,Ottawa,CA,28 September 2026,2026-09-28,12:00,13:05,1h 5m,"$12,900",12900,USD,$,12,https://villiers.ai/empty-legs/kteb-cyow-citation-x-2026-09-28-00df3a61?id=ADHUHR,https://villiers.ai/empty-legs/kteb-cyow-citation-x-2026-09-28-00df3a61?id=ADHUHR,https://villiers.ai/empty-legs/kteb-cyow-citation-x-2026-09-28-00df3a61?id=ADHUHR,"Sat, 26 Sep 2026 13:17:26 GMT",2026-09-26T13:47:01+00:00
https://villiers.ai/empty-legs/kteb-cyyz-citation-x-2026-09-28-38221ddd?id=ADHUHR,active,new,2026-09-26T13:47:01+00:00,2026-09-26T13:47:01+00:00,,"Citation X | Teterboro Airport → Toronto Lester B. Pearson International Airport | $10,750",,Citation X,KTEB - Teterboro Airport,KTEB,TEB,Teterboro Airport,Teterboro,US,CYYZ - Toronto Lester B. Pearson International Airport,CYYZ,YYZ,Toronto Pearson International Airport,Mississauga,CA,28 September 2026,2026-09-28,12:00,13:08,1h 8m,"$10,750",10750,USD,$,12,https://villiers.ai/empty-legs/kteb-cyyz-citation-x-2026-09-28-38221ddd?id=ADHUHR,https://villiers.ai/empty-legs/kteb-cyyz-citation-x-2026-09-28-38221ddd?id=ADHUHR,https://villiers.ai/empty-legs/kteb-cyyz-citation-x-2026-09-28-38221ddd?id=ADHUHR,"Sat, 26 Sep 2026 13:17:26 GMT",2026-09-26T13:47:01+00:00
https://villiers.ai/empty-legs/kteb-kvny-challenger-300-2026-09-28-dbe2df51?id=ADHUHR,active,new,2026-09-26T13:47:01+00:00,2026-09-26T13:47:01+00:00,,"Challenger 300 | Teterboro Airport → Van Nuys Airport | $34,400",,Challenger 300,KTEB - Teterboro Airport,KTEB,TEB,Teterboro Airport,Teterboro,US,KVNY - Van Nuys Airport,KVNY,VNY,Van Nuys Airport,Van Nuys,US,28 September 2026,2026-09-28,12:00,17:01,5h 2m,"$34,400",34400,USD,$,10,https://villiers.ai/empty-legs/kteb-kvny-challenger-300-2026-09-28-dbe2df51?id=ADHUHR,https://villiers.ai/empty-legs/kteb-kvny-challenger-300-2026-09-28-dbe2df51?id=ADHUHR,https://villiers.ai/empty-legs/kteb-kvny-challenger-300-2026-09-28-dbe2df51?id=ADHUHR,"Sat, 26 Sep 2026 13:17:07 GMT",2026-09-26T13:47:01+00:00
https://villiers.ai/empty-legs/egwu-liri-citation-cj3-2026-09-29-16b2befb?id=ADHUHR,inactive,removed,2026-09-05T00:17:02+00:00,2026-09-26T13:17:01+00:00,2026-09-26T13:47:01+00:00,"Citation CJ3+ | RAF Northolt → Salerno Costa d'Amalfi Airport | £9,836",,Citation CJ3+,EGWU - RAF Northolt,EGWU,NHT,RAF Northolt,London,GB,LIRI - Salerno Costa d'Amalfi Airport,LIRI,QSR,Salerno / Pontecagnano Airport,Salerno,IT,29 September 2026,2026-09-29,12:00,14:26,2h 26m,"£9,836",9836,GBP,£,6,https://villiers.ai/empty-legs/egwu-liri-citation-cj3-2026-09-29-16b2befb?id=ADHUHR,https://villiers.ai/empty-legs/egwu-liri-citation-cj3-2026-09-29-16b2befb?id=ADHUHR,https://villiers.ai/empty-legs/egwu-liri-citation-cj3-2026-09-29-16b2befb?id=ADHUHR,"Sat, 05 Sep 2026 00:13:19 GMT",2026-09-26T13:47:01+00:00
https://villiers.ai/empty-legs/kaus-khou-cessna-citation-v-2026-09-29-f24238d7?id=ADHUHR,inactive,removed,2026-09-19T17:49:50+00:00,2026-09-26T13:17:01+00:00,2026-09-26T13:47:01+00:00,"Cessna Citation V | Austin Bergstrom International Airport → William P. Hobby Airport | $2,150",,Cessna Citation V,KAUS - Austin Bergstrom International Airport,KAUS,AUS,Austin-Bergstrom International Airport,Austin,US,KHOU - William P. Hobby Airport,KHOU,HOU,William P Hobby Airport,Houston,US,29 September 2026,2026-09-29,12:00,12:46,46m,"$2,150",2150,USD,$,7,https://villiers.ai/empty-legs/kaus-khou-cessna-citation-v-2026-09-29-f24238d7?id=ADHUHR,https://villiers.ai/empty-legs/kaus-khou-cessna-citation-v-2026-09-29-f24238d7?id=ADHUHR,https://villiers.ai/empty-legs/kaus-khou-cessna-citation-v-2026-09-29-f24238d7?id=ADHUHR,"Thu, 10 Sep 2026 15:42:53 GMT",2026-09-26T13:47:01+00:00
https://villiers.ai/empty-legs/kdjt-kcmh-aircraft-2026-09-29-c1bfeb36?id=ADHUHR,inactive,removed,2026-09-25T21:17:02+00:00,2026-09-26T13:17:01+00:00,2026-09-26T13:47:01+00:00,"Private Jet | President Donald J. Trump International Airport → John Glenn Columbus International Airport | $13,653",,Private Jet,KDJT - President Donald J. Trump International Airport,KDJT,PBI,President Donald J Trump International Airport,West Palm Beach,US,KCMH - John Glenn Columbus International Airport,KCMH,CMH,John Glenn Columbus International Airport,Columbus,US,29 September 2026,2026-09-29,12:00,14:13,2h 14m,"$13,653",13653,USD,$,,https://villiers.ai/empty-legs/kdjt-kcmh-aircraft-2026-09-29-c1bfeb36?id=ADHUHR,https://villiers.ai/empty-legs/kdjt-kcmh-aircraft-2026-09-29-c1bfeb36?id=ADHUHR,https://villiers.ai/empty-legs/kdjt-kcmh-aircraft-2026-09-29-c1bfeb36?id=ADHUHR,"Fri, 25 Sep 2026 21:15:01 GMT",2026-09-26T13:47:01+00:00
https://villiers.ai/empty-legs/khou-kaus-cessna-citation-ultra-2026-09-29-1fc7312f?id=ADHUHR,inactive,removed,2026-09-20T16:47:02+00:00,2026-09-26T13:17:01+00:00,2026-09-26T13:47:01+00:00,"Cessna Citation Ultra | William P. Hobby Airport → Austin Bergstrom International Airport | $2,473",,Cessna Citation Ultra,KHOU - William P. Hobby Airport,KHOU,HOU,William P Hobby Airport,Houston,US,KAUS - Austin Bergstrom International Airport,KAUS,AUS,Austin-Bergstrom International Airport,Austin,US,29 September 2026,2026-09-29,12:00,12:46,46m,"$2,473",2473,USD,$,7,https://villiers.ai/empty-legs/khou-kaus-cessna-citation-ultra-2026-09-29-1fc7312f?id=ADHUHR,https://villiers.ai/empty-legs/khou-kaus-cessna-citation-ultra-2026-09-29-1fc7312f?id=ADHUHR,https://villiers.ai/empty-legs/khou-kaus-cessna-citation-ultra-2026-09-29-1fc7312f?id=ADHUHR,"Sun, 20 Sep 2026 16:20:20 GMT",2026-09-26T13:47:01+00:00
https://villiers.ai/empty-legs/khou-kosu-pilatus-pc-12-ng-2026-09-29-f28d1d29?id=ADHUHR,inactive,removed,2026-08-22T00:17:02+00:00,2026-09-26T13:17:01+00:00,2026-09-26T13:47:01+00:00,"Pilatus PC 12 NG | William P. Hobby Airport → The Ohio State University Airport - Don Scott Field | $7,740",,Pilatus PC 12 NG,KHOU - William P. Hobby Airport,KHOU,HOU,William P Hobby Airport,Houston,US,KOSU - The Ohio State University Airport - Don Scott Field,KOSU,OSU,Ohio State University Airport,Columbus,US,29 September 2026,2026-09-29,12:00,14:20,2h 21m,"$7,740",7740,USD,$,7,https://villiers.ai/empty-legs/khou-kosu-pilatus-pc-12-ng-2026-09-29-f28d1d29?id=ADHUHR,https://villiers.ai/empty-legs/khou-kosu-pilatus-pc-12-ng-2026-09-29-f28d1d29?id=ADHUHR,https://villiers.ai/empty-legs/khou-kosu-pilatus-pc-12-ng-2026-09-29-f28d1d29?id=ADHUHR,"Fri, 21 Aug 2026 18:42:16 GMT",2026-09-26T13:47:01+00:00
https://villiers.ai/empty-legs/kiad-kdal-cessna-citation-ultra-2026-09-29-a74eec7c?id=ADHUHR,inactive,removed,2026-09-21T18:17:02+00:00,2026-09-26T13:17:01+00:00,2026-09-26T13:47:01+00:00,"Cessna Citation Ultra | Washington Dulles International Airport → Dallas Love Field | $12,040",,Cessna Citation Ultra,KIAD - Washington Dulles International Airport,KIAD,IAD,Washington Dulles International Airport,Washington,US,KDAL - Dallas Love Field,KDAL,DAL,Dallas Love Field,Dallas,US,29 September 2026,2026-09-29,12:00,14:38,2h 39m,"$12,040",12040,USD,$,7,https://villiers.ai/empty-legs/kiad-kdal-cessna-citation-ultra-2026-09-29-a74eec7c?id=ADHUHR,https://villiers.ai/empty-legs/kiad-kdal-cessna-citation-ultra-2026-09-29-a74eec7c?id=ADHUHR,https://villiers.ai/empty-legs/kiad-kdal-cessna-citation-ultra-2026-09-29-a74eec7c?id=ADHUHR,"Mon, 21 Sep 2026 17:48:28 GMT",2026-09-26T13:47:01+00:00
https://villiers.ai/empty-legs/kiad-khou-cessna-citation-ultra-2026-09-29-17f130ea?id=ADHUHR,inactive,removed,2026-09-24T18:47:02+00:00,2026-09-26T13:17:01+00:00,2026-09-26T13:47:01+00:00,"Cessna Citation Ultra | Washington Dulles International Airport → William P. Hobby Airport | $12,470",,Cessna Citation Ultra,KIAD - Washington Dulles International Airport,KIAD,IAD,Washington Dulles International Airport,Washington,US,KHOU - William P. Hobby Airport,KHOU,HOU,William P Hobby Airport,Houston,US,29 September 2026,2026-09-29,12:00,14:43,2h 43m,"$12,470",12470,USD,$,7,https://villiers.ai/empty-legs/kiad-khou-cessna-citation-ultra-2026-09-29-17f130ea?id=ADHUHR,https://villiers.ai/empty-legs/kiad-khou-cessna-citation-ultra-2026-09-29-17f130ea?id=ADHUHR,https://villiers.ai/empty-legs/kiad-khou-cessna-citation-ultra-2026-09-29-17f130ea?id=ADHUHR,"Thu, 24 Sep 2026 18:28:45 GMT",2026-09-26T13:47:01+00:00
https://villiers.ai/empty-legs/klft-kaus-cessna-citation-ultra-2026-09-29-9bbafdc7?id=ADHUHR,inactive,removed,2026-09-19T17:49:50+00:00,2026-09-26T13:17:01+00:00,2026-09-26T13:47:01+00:00,"Cessna Citation Ultra | Lafayette Regional Airport → Austin Bergstrom International Airport | $4,193",,Cessna Citation Ultra,KLFT - Lafayette Regional Airport,KLFT,LFT,Lafayette Regional/Paul Fournet Field,Lafayette,US,KAUS - Austin Bergstrom International Airport,KAUS,AUS,Austin-Bergstrom International Airport,Austin,US,29 September 2026,2026-09-29,12:00,13:07,1h 8m,"$4,193",4193,USD,$,7,https://villiers.ai/empty-legs/klft-kaus-cessna-citation-ultra-2026-09-29-9bbafdc7?id=ADHUHR,https://villiers.ai/empty-legs/klft-kaus-cessna-citation-ultra-2026-09-29-9bbafdc7?id=ADHUHR,https://villiers.ai/empty-legs/klft-kaus-cessna-citation-ultra-2026-09-29-9bbafdc7?id=ADHUHR,"Sat, 19 Sep 2026 15:36:21 GMT",2026-09-26T13:47:01+00:00
https://villiers.ai/empty-legs/kcrq-krno-gulfstream-g450-2026-10-01-9547de6f?id=ADHUHR,inactive,removed,2026-09-25T02:17:02+00:00,2026-09-26T13:17:01+00:00,2026-09-26T13:47:01+00:00,"Gulfstream G450 | McClellan-Palomar Airport → Reno Tahoe International Airport | $16,125",,Gulfstream G450,KCRQ - McClellan-Palomar Airport,KCRQ,CLD,Mc Clellan-Palomar Airport,Carlsbad,US,KRNO - Reno Tahoe International Airport,KRNO,RNO,Reno/Tahoe International Airport,Reno,US,01 October 2026,2026-10-01,12:00,13:21,1h 21m,"$16,125",16125,USD,$,14,https://villiers.ai/empty-legs/kcrq-krno-gulfstream-g450-2026-10-01-9547de6f?id=ADHUHR,https://villiers.ai/empty-legs/kcrq-krno-gulfstream-g450-2026-10-01-9547de6f?id=ADHUHR,https://villiers.ai/empty-legs/kcrq-krno-gulfstream-g450-2026-10-01-9547de6f?id=ADHUHR,"Fri, 25 Sep 2026 01:57:19 GMT",2026-09-26T13:47:01+00:00
https://villiers.ai/empty-legs/kcrq-mmsd-challenger-350-2026-10-01-4c0896ac?id=ADHUHR,inactive,removed,2026-09-19T17:49:50+00:00,2026-09-26T13:17:01+00:00,2026-09-26T13:47:01+00:00,"Challenger 350 | McClellan-Palomar Airport → Los Cabos International Airport | $24,671",,Challenger 350,KCRQ - McClellan-Palomar Airport,KCRQ,CLD,Mc Clellan-Palomar Airport,Carlsbad,US,MMSD - Los Cabos International Airport,MMSD,SJD,Los Cabos International Airport,San Jose del Cabo,MX,01 October 2026,2026-10-01,12:00,14:01,2h 2m,"$24,671",24671,USD,$,10,https://villiers.ai/empty-legs/kcrq-mmsd-challenger-350-2026-10-01-4c0896ac?id=ADHUHR,https://villiers.ai/empty-legs/kcrq-mmsd-challenger-350-2026-10-01-4c0896ac?id=ADHUHR,https://villiers.ai/empty-legs/kcrq-mmsd-challenger-350-2026-10-01-4c0896ac?id=ADHUHR,"Wed, 16 Sep 2026 01:21:10 GMT",2026-09-26T13:47:01+00:00
https://villiers.ai/empty-legs/klas-kcrq-citation-cj3-2026-10-01-d211a9bd?id=ADHUHR,inactive,removed,2026-09-24T00:17:02+00:00,2026-09-26T13:17:01+00:00,2026-09-26T13:47:01+00:00,"Citation CJ3 | Harry Reid International Airport → McClellan-Palomar Airport | $6,396",,Citation CJ3,KLAS - Harry Reid International Airport,KLAS,LAS,Harry Reid International Airport,Las Vegas,US,KCRQ - McClellan-Palomar Airport,KCRQ,CLD,Mc Clellan-Palomar Airport,Carlsbad,US,01 October 2026,2026-10-01,12:00,12:56,56m,"$6,396",6396,USD,$,8,https://villiers.ai/empty-legs/klas-kcrq-citation-cj3-2026-10-01-d211a9bd?id=ADHUHR,https://villiers.ai/empty-legs/klas-kcrq-citation-cj3-2026-10-01-d211a9bd?id=ADHUHR,https://villiers.ai/empty-legs/klas-kcrq-citation-cj3-2026-10-01-d211a9bd?id=ADHUHR,"Wed, 23 Sep 2026 00:01:33 GMT",2026-09-26T13:47:01+00:00
https://villiers.ai/empty-legs/kpsp-kcrq-citation-m2-2026-10-01-3da6128c?id=ADHUHR,inactive,removed,2026-09-19T17:49:50+00:00,2026-09-26T13:17:01+00:00,2026-09-26T13:47:01+00:00,"Citation M2 | Palm Springs International Airport → McClellan-Palomar Airport | $5,375",,Citation M2,KPSP - Palm Springs International Airport,KPSP,PSP,Palm Springs International Airport,Palm Springs,US,KCRQ - McClellan-Palomar Airport,KCRQ,CLD,Mc Clellan-Palomar Airport,Carlsbad,US,01 October 2026,2026-10-01,12:00,12:37,37m,"$5,375",5375,USD,$,7,https://villiers.ai/empty-legs/kpsp-kcrq-citation-m2-2026-10-01-3da6128c?id=ADHUHR,https://villiers.ai/empty-legs/kpsp-kcrq-citation-m2-2026-10-01-3da6128c?id=ADHUHR,https://villiers.ai/empty-legs/kpsp-kcrq-citation-m2-2026-10-01-3da6128c?id=ADHUHR,"Wed, 16 Sep 2026 01:21:09 GMT",2026-09-26T13:47:01+00:00
https://villiers.ai/empty-legs/kvgt-kcrq-citation-cj3-2026-10-01-3e44e1f3?id=ADHUHR,inactive,removed,2026-09-19T17:49:50+00:00,2026-09-26T13:17:01+00:00,2026-09-26T13:47:01+00:00,"Citation CJ3 | North Las Vegas Metropolitan International Airport → McClellan-Palomar Airport | $6,396",,Citation CJ3,KVGT - North Las Vegas Metropolitan International Airport,KVGT,VGT,North Las Vegas Airport,Las Vegas,US,KCRQ - McClellan-Palomar Airport,KCRQ,CLD,Mc Clellan-Palomar Airport,Carlsbad,US,01 October 2026,2026-10-01,12:00,12:57,57m,"$6,396",6396,USD,$,8,https://villiers.ai/empty-legs/kvgt-kcrq-citation-cj3-2026-10-01-3e44e1f3?id=ADHUHR,https://villiers.ai/empty-legs/kvgt-kcrq-citation-cj3-2026-10-01-3e44e1f3?id=ADHUHR,https://villiers.ai/empty-legs/kvgt-kcrq-citation-cj3-2026-10-01-3e44e1f3?id=ADHUHR,"Wed, 16 Sep 2026 01:21:09 GMT",2026-09-26T13:47:01+00:00
https://villiers.ai/empty-legs/mynn-kopf-bombardier-challenger-300-2026-10-01-83871af6?id=ADHUHR,inactive,removed,2026-09-24T18:47:02+00:00,2026-09-26T13:17:01+00:00,2026-09-26T13:47:01+00:00,"Bombardier Challenger 300 | Lynden Pindling International Airport → Miami-Opa Locka Executive Airport | $5,590",,Bombardier Challenger 300,MYNN - Lynden Pindling International Airport,MYNN,NAS,Lynden Pindling International Airport,Nassau,BS,KOPF - Miami-Opa Locka Executive Airport,KOPF,OPF,Miami-Opa Locka Executive Airport,Miami,US,01 October 2026,2026-10-01,12:00,12:50,51m,"$5,590",5590,USD,$,9,https://villiers.ai/empty-legs/mynn-kopf-bombardier-challenger-300-2026-10-01-83871af6?id=ADHUHR,https://villiers.ai/empty-legs/mynn-kopf-bombardier-challenger-300-2026-10-01-83871af6?id=ADHUHR,https://villiers.ai/empty-legs/mynn-kopf-bombardier-challenger-300-2026-10-01-83871af6?id=ADHUHR,"Thu, 24 Sep 2026 18:28:45 GMT",2026-09-26T13:47:01+00:00
https://villiers.ai/empty-legs/sadf-saar-learjet-40xr-2026-10-02-a24dfe0a?id=ADHUHR,inactive,removed,2026-09-22T00:17:02+00:00,2026-09-26T13:17:01+00:00,2026-09-26T13:47:01+00:00,"Learjet 40XR | San Fernando Airport → Rosario Islas Malvinas International Airport | $3,225",,Learjet 40XR,SADF - San Fernando Airport,SADF,FDO,San Fernando Airport,San Fernando,AR,SAAR - Rosario Islas Malvinas International Airport,SAAR,ROS,Islas Malvinas Airport,Rosario,AR,02 October 2026,2026-10-02,07:17,08:05,48m,"$3,225",3225,USD,$,7,https://villiers.ai/empty-legs/sadf-saar-learjet-40xr-2026-10-02-a24dfe0a?id=ADHUHR,https://villiers.ai/empty-legs/sadf-saar-learjet-40xr-2026-10-02-a24dfe0a?id=ADHUHR,https://villiers.ai/empty-legs/sadf-saar-learjet-40xr-2026-10-02-a24dfe0a?id=ADHUHR,"Mon, 21 Sep 2026 17:50:33 GMT",2026-09-26T13:47:01+00:00
https://villiers.ai/empty-legs/eglf-lfpb-piaggio-avanti-ii-2026-10-02-58c1156e?id=ADHUHR,inactive,removed,2026-09-19T17:49:50+00:00,2026-09-26T13:17:01+00:00,2026-09-26T13:47:01+00:00,"Piaggio Avanti II | Farnborough Airport → Paris Le Bourget Airport | £7,633",,Piaggio Avanti II,EGLF - Farnborough Airport,EGLF,FAB,Farnborough Airport,Farnborough,GB,LFPB - Paris Le Bourget Airport,LFPB,LBG,Paris-Le Bourget Airport,Paris,FR,02 October 2026,2026-10-02,12:00,12:53,54m,"£7,633",7633,GBP,£,7,https://villiers.ai/empty-legs/eglf-lfpb-piaggio-avanti-ii-2026-10-02-58c1156e?id=ADHUHR,https://villiers.ai/empty-legs/eglf-lfpb-piaggio-avanti-ii-2026-10-02-58c1156e?id=ADHUHR,https://villiers.ai/empty-legs/eglf-lfpb-piaggio-avanti-ii-2026-10-02-58c1156e?id=ADHUHR,"Fri, 18 Sep 2026 23:50:16 GMT",2026-09-26T13:47:01+00:00
https://villiers.ai/empty-legs/egph-eglf-hondajet-2026-10-02-cfd1cf00?id=ADHUHR,inactive,removed,2026-09-19T17:49:50+00:00,2026-09-26T13:17:01+00:00,2026-09-26T13:47:01+00:00,"HondaJet | Edinburgh Airport → Farnborough Airport | £5,160",,HondaJet,EGPH - Edinburgh Airport,EGPH,EDI,Edinburgh Airport,Edinburgh,GB,EGLF - Farnborough Airport,EGLF,FAB,Farnborough Airport,Farnborough,GB,02 October 2026,2026-10-02,12:00,13:07,1h 8m,"£5,160",5160,GBP,£,5,https://villiers.ai/empty-legs/egph-eglf-hondajet-2026-10-02-cfd1cf00?id=ADHUHR,https://villiers.ai/empty-legs/egph-eglf-hondajet-2026-10-02-cfd1cf00?id=ADHUHR,https://villiers.ai/empty-legs/egph-eglf-hondajet-2026-10-02-cfd1cf00?id=ADHUHR,"Fri, 18 Sep 2026 23:50:16 GMT",2026-09-26T13:47:01+00:00
https://villiers.ai/empty-legs/kdal-kpvu-cessna-citation-ultra-2026-10-02-49401516?id=ADHUHR,inactive,removed,2026-09-22T00:17:02+00:00,2026-09-26T13:17:01+00:00,2026-09-26T13:47:01+00:00,"Cessna Citation Ultra | Dallas Love Field → Provo-Utah Lake International Airport | $9,998",,Cessna Citation Ultra,KDAL - Dallas Love Field,KDAL,DAL,Dallas Love Field,Dallas,US,KPVU - Provo-Utah Lake International Airport,KPVU,PVU,Provo Municipal Airport,Provo,US,02 October 2026,2026-10-02,12:00,14:17,2h 17m,"$9,998",9998,USD,$,7,https://villiers.ai/empty-legs/kdal-kpvu-cessna-citation-ultra-2026-10-02-49401516?id=ADHUHR,https://villiers.ai/empty-legs/kdal-kpvu-cessna-citation-ultra-2026-10-02-49401516?id=ADHUHR,https://villiers.ai/empty-legs/kdal-kpvu-cessna-citation-ultra-2026-10-02-49401516?id=ADHUHR,"Mon, 21 Sep 2026 17:48:28 GMT",2026-09-26T13:47:01+00:00
https://villiers.ai/empty-legs/kdwh-kmsl-cessna-citation-ultra-2026-10-02-03a98014?id=ADHUHR,inactive,removed,2026-09-22T00:17:02+00:00,2026-09-26T13:17:01+00:00,2026-09-26T13:47:01+00:00,"Cessna Citation Ultra | David Wayne Hooks Memorial Airport → Northwest Alabama Regional Airport | $5,160",,Cessna Citation Ultra,KDWH - David Wayne Hooks Memorial Airport,KDWH,DWH,David Wayne Hooks Memorial Airport,Houston,US,KMSL - Northwest Alabama Regional Airport,KMSL,MSL,Northwest Alabama Regional Airport,Muscle Shoals,US,02 October 2026,2026-10-02,12:00,13:32,1h 33m,"$5,160",5160,USD,$,7,https://villiers.ai/empty-legs/kdwh-kmsl-cessna-citation-ultra-2026-10-02-03a98014?id=ADHUHR,https://villiers.ai/empty-legs/kdwh-kmsl-cessna-citation-ultra-2026-10-02-03a98014?id=ADHUHR,https://villiers.ai/empty-legs/kdwh-kmsl-cessna-citation-ultra-2026-10-02-03a98014?id=ADHUHR,"Mon, 21 Sep 2026 17:48:28 GMT",2026-09-26T13:47:01+00:00
https://villiers.ai/empty-legs/kerv-khou-cessna-citation-ultra-2026-10-02-aae60ceb?id=ADHUHR,inactive,removed,2026-09-19T17:49:50+00:00,2026-09-26T13:17:01+00:00,2026-09-26T13:47:01+00:00,"Cessna Citation Ultra | Kerrville / Kerr County Airport at Louis Schreiner Field → William P. Hobby Airport | $2,795",,Cessna Citation Ultra,KERV - Kerrville / Kerr County Airport at Louis Schreiner Field,KERV,ERV,Kerrville Municipal/Louis Schreiner Field,Kerrville,US,KHOU - William P. Hobby Airport,KHOU,HOU,William P Hobby Airport,Houston,US,02 October 2026,2026-10-02,12:00,12:55,55m,"$2,795",2795,USD,$,7,https://villiers.ai/empty-legs/kerv-khou-cessna-citation-ultra-2026-10-02-aae60ceb?id=ADHUHR,https://villiers.ai/empty-legs/kerv-khou-cessna-citation-ultra-2026-10-02-aae60ceb?id=ADHUHR,https://villiers.ai/empty-legs/kerv-khou-cessna-citation-ultra-2026-10-02-aae60ceb?id=ADHUHR,"Tue, 08 Sep 2026 13:36:35 GMT",2026-09-26T13:47:01+00:00
https://villiers.ai/empty-legs/kpvu-kerv-cessna-citation-ultra-2026-10-02-ae8bc6d2?id=ADHUHR,inactive,removed,2026-09-20T16:47:02+00:00,2026-09-26T13:17:01+00:00,2026-09-26T13:47:01+00:00,"Cessna Citation Ultra | Provo-Utah Lake International Airport → Kerrville / Kerr County Airport at Louis Schreiner Field | $7,955",,Cessna Citation Ultra,KPVU - Provo-Utah Lake International Airport,KPVU,PVU,Provo Municipal Airport,Provo,US,KERV - Kerrville / Kerr County Airport at Louis Schreiner Field,KERV,ERV,Kerrville Municipal/Louis Schreiner Field,Kerrville,US,02 October 2026,2026-10-02,12:00,14:21,2h 21m,"$7,955",7955,USD,$,7,https://villiers.ai/empty-legs/kpvu-kerv-cessna-citation-ultra-2026-10-02-ae8bc6d2?id=ADHUHR,https://villiers.ai/empty-legs/kpvu-kerv-cessna-citation-ultra-2026-10-02-ae8bc6d2?id=ADHUHR,https://villiers.ai/empty-legs/kpvu-kerv-cessna-citation-ultra-2026-10-02-ae8bc6d2?id=ADHUHR,"Sun, 20 Sep 2026 16:20:20 GMT",2026-09-26T13:47:01+00:00
https://villiers.ai/empty-legs/saar-sadf-learjet-40xr-2026-10-02-8797df7f?id=ADHUHR,inactive,removed,2026-09-22T00:17:02+00:00,2026-09-26T13:17:01+00:00,2026-09-26T13:47:01+00:00,"Learjet 40XR | Rosario Islas Malvinas International Airport → San Fernando Airport | $3,225",,Learjet 40XR,SAAR - Rosario Islas Malvinas International Airport,SAAR,ROS,Islas Malvinas Airport,Rosario,AR,SADF - San Fernando Airport,SADF,FDO,San Fernando Airport,San Fernando,AR,02 October 2026,2026-10-02,17:33,18:21,48m,"$3,225",3225,USD,$,7,https://villiers.ai/empty-legs/saar-sadf-learjet-40xr-2026-10-02-8797df7f?id=ADHUHR,https://villiers.ai/empty-legs/saar-sadf-learjet-40xr-2026-10-02-8797df7f?id=ADHUHR,https://villiers.ai/empty-legs/saar-sadf-learjet-40xr-2026-10-02-8797df7f?id=ADHUHR,"Mon, 21 Sep 2026 17:50:33 GMT",2026-09-26T13:47:01+00:00
https://villiers.ai/empty-legs/edja-egkb-phenom-300e-2026-10-03-22717cb5?id=ADHUHR,inactive,removed,2026-09-19T17:49:50+00:00,2026-09-26T13:17:01+00:00,2026-09-26T13:47:01+00:00,"Phenom 300E | Memmingen Allgau Airport → Biggin Hill Airport | £7,095",,Phenom 300E,EDJA - Memmingen Allgau Airport,EDJA,FMM,Memmingen Allgau Airport,Memmingen,DE,EGKB - Biggin Hill Airport,EGKB,BQH,London Biggin Hill Airport,London,GB,03 October 2026,2026-10-03,12:00,13:26,1h 27m,"£7,095",7095,GBP,£,9,https://villiers.ai/empty-legs/edja-egkb-phenom-300e-2026-10-03-22717cb5?id=ADHUHR,https://villiers.ai/empty-legs/edja-egkb-phenom-300e-2026-10-03-22717cb5?id=ADHUHR,https://villiers.ai/empty-legs/edja-egkb-phenom-300e-2026-10-03-22717cb5?id=ADHUHR,"Fri, 18 Sep 2026 23:50:16 GMT",2026-09-26T13:47:01+00:00
https://villiers.ai/empty-legs/kase-kpvu-cessna-citation-ultra-2026-10-03-b7c67d70?id=ADHUHR,inactive,removed,2026-09-24T18:47:02+00:00,2026-09-26T13:17:01+00:00,2026-09-26T13:47:01+00:00,"Cessna Citation Ultra | Aspen-Pitkin County Airport (Sardy Field) → Provo-Utah Lake International Airport | $3,440",,Cessna Citation Ultra,KASE - Aspen-Pitkin County Airport (Sardy Field),KASE,ASE,Aspen-Pitkin County/Sardy Field,Aspen,US,KPVU - Provo-Utah Lake International Airport,KPVU,PVU,Provo Municipal Airport,Provo,US,03 October 2026,2026-10-03,12:00,12:59,60m,"$3,440",3440,USD,$,7,https://villiers.ai/empty-legs/kase-kpvu-cessna-citation-ultra-2026-10-03-b7c67d70?id=ADHUHR,https://villiers.ai/empty-legs/kase-kpvu-cessna-citation-ultra-2026-10-03-b7c67d70?id=ADHUHR,https://villiers.ai/empty-legs/kase-kpvu-cessna-citation-ultra-2026-10-03-b7c67d70?id=ADHUHR,"Thu, 24 Sep 2026 18:27:50 GMT",2026-09-26T13:47:01+00:00
https://villiers.ai/empty-legs/kcrq-ktrk-citation-m2-2026-10-03-34bbbf45?id=ADHUHR,inactive,removed,2026-09-19T17:49:50+00:00,2026-09-26T13:17:01+00:00,2026-09-26T13:47:01+00:00,"Citation M2 | McClellan-Palomar Airport → Truckee Tahoe Airport | $7,525",,Citation M2,KCRQ - McClellan-Palomar Airport,KCRQ,CLD,Mc Clellan-Palomar Airport,Carlsbad,US,KTRK - Truckee Tahoe Airport,KTRK,TKF,Truckee-Tahoe Airport,Truckee,US,03 October 2026,2026-10-03,12:00,13:20,1h 21m,"$7,525",7525,USD,$,7,https://villiers.ai/empty-legs/kcrq-ktrk-citation-m2-2026-10-03-34bbbf45?id=ADHUHR,https://villiers.ai/empty-legs/kcrq-ktrk-citation-m2-2026-10-03-34bbbf45?id=ADHUHR,https://villiers.ai/empty-legs/kcrq-ktrk-citation-m2-2026-10-03-34bbbf45?id=ADHUHR,"Wed, 16 Sep 2026 01:21:10 GMT",2026-09-26T13:47:01+00:00
https://villiers.ai/empty-legs/khou-kchs-cessna-citation-ultra-2026-10-03-08b0cbcb?id=ADHUHR,inactive,removed,2026-09-19T17:49:50+00:00,2026-09-26T13:17:01+00:00,2026-09-26T13:47:01+00:00,"Cessna Citation Ultra | William P. Hobby Airport → Charleston International Airport | $7,633",,Cessna Citation Ultra,KHOU - William P. Hobby Airport,KHOU,HOU,William P Hobby Airport,Houston,US,KCHS - Charleston International Airport,KCHS,CHS,Charleston Afb/International Airport,Charleston,US,03 October 2026,2026-10-03,12:00,14:12,2h 13m,"$7,633",7633,USD,$,7,https://villiers.ai/empty-legs/khou-kchs-cessna-citation-ultra-2026-10-03-08b0cbcb?id=ADHUHR,https://villiers.ai/empty-legs/khou-kchs-cessna-citation-ultra-2026-10-03-08b0cbcb?id=ADHUHR,https://villiers.ai/empty-legs/khou-kchs-cessna-citation-ultra-2026-10-03-08b0cbcb?id=ADHUHR,"Sat, 19 Sep 2026 15:36:21 GMT",2026-09-26T13:47:01+00:00
https://villiers.ai/empty-legs/kiad-kchs-cessna-citation-ultra-2026-10-03-42e61634?id=ADHUHR,inactive,removed,2026-09-20T16:47:02+00:00,2026-09-26T13:17:01+00:00,2026-09-26T13:47:01+00:00,"Cessna Citation Ultra | Washington Dulles International Airport → Charleston International Airport | $5,160",,Cessna Citation Ultra,KIAD - Washington Dulles International Airport,KIAD,IAD,Washington Dulles International Airport,Washington,US,KCHS - Charleston International Airport,KCHS,CHS,Charleston Afb/International Airport,Charleston,US,03 October 2026,2026-10-03,12:00,13:19,1h 19m,"$5,160",5160,USD,$,7,https://villiers.ai/empty-legs/kiad-kchs-cessna-citation-ultra-2026-10-03-42e61634?id=ADHUHR,https://villiers.ai/empty-legs/kiad-kchs-cessna-citation-ultra-2026-10-03-42e61634?id=ADHUHR,https://villiers.ai/empty-legs/kiad-kchs-cessna-citation-ultra-2026-10-03-42e61634?id=ADHUHR,"Sun, 20 Sep 2026 16:20:20 GMT",2026-09-26T13:47:01+00:00
https://villiers.ai/empty-legs/kase-kgtu-cessna-citation-ultra-2026-10-04-0fcdaa72?id=ADHUHR,inactive,removed,2026-09-19T17:49:50+00:00,2026-09-26T13:17:01+00:00,2026-09-26T13:47:01+00:00,"Cessna Citation Ultra | Aspen-Pitkin County Airport (Sardy Field) → Georgetown Executive Airport at Johnny Gantt Field | $6,558",,Cessna Citation Ultra,KASE - Aspen-Pitkin County Airport (Sardy Field),KASE,ASE,Aspen-Pitkin County/Sardy Field,Aspen,US,KGTU - Georgetown Executive Airport at Johnny Gantt Field,KGTU,,Georgetown Executive Airport,Georgetown,US,04 October 2026,2026-10-04,12:00,13:57,1h 57m,"$6,558",6558,USD,$,7,https://villiers.ai/empty-legs/kase-kgtu-cessna-citation-ultra-2026-10-04-0fcdaa72?id=ADHUHR,https://villiers.ai/empty-legs/kase-kgtu-cessna-citation-ultra-2026-10-04-0fcdaa72?id=ADHUHR,https://villiers.ai/empty-legs/kase-kgtu-cessna-citation-ultra-2026-10-04-0fcdaa72?id=ADHUHR,"Sat, 19 Sep 2026 15:36:21 GMT",2026-09-26T13:47:01+00:00
https://villiers.ai/empty-legs/kclt-kfwa-cessna-citation-ultra-2026-10-04-815f0348?id=ADHUHR,inactive,removed,2026-09-25T13:47:01+00:00,2026-09-26T13:17:01+00:00,2026-09-26T13:47:01+00:00,"Cessna Citation Ultra | Charlotte Douglas International Airport → Fort Wayne International Airport | $5,160",,Cessna Citation Ultra,KCLT - Charlotte Douglas International Airport,KCLT,CLT,Charlotte/Douglas International Airport,Charlotte,US,KFWA - Fort Wayne International Airport,KFWA,FWA,Fort Wayne International Airport,Fort Wayne,US,04 October 2026,2026-10-04,12:00,13:21,1h 21m,"$5,160",5160,USD,$,7,https://villiers.ai/empty-legs/kclt-kfwa-cessna-citation-ultra-2026-10-04-815f0348?id=ADHUHR,https://villiers.ai/empty-legs/kclt-kfwa-cessna-citation-ultra-2026-10-04-815f0348?id=ADHUHR,https://villiers.ai/empty-legs/kclt-kfwa-cessna-citation-ultra-2026-10-04-815f0348?id=ADHUHR,"Fri, 25 Sep 2026 13:43:51 GMT",2026-09-26T13:47:01+00:00
https://villiers.ai/empty-legs/khou-kfwa-cessna-citation-ultra-2026-10-04-cf212e44?id=ADHUHR,inactive,removed,2026-08-20T00:17:02+00:00,2026-09-26T13:17:01+00:00,2026-09-26T13:47:01+00:00,"Cessna Citation Ultra | William P. Hobby Airport → Fort Wayne International Airport | $7,955",,Cessna Citation Ultra,KHOU - William P. Hobby Airport,KHOU,HOU,William P Hobby Airport,Houston,US,KFWA - Fort Wayne International Airport,KFWA,FWA,Fort Wayne International Airport,Fort Wayne,US,04 October 2026,2026-10-04,12:00,14:17,2h 17m,"$7,955",7955,USD,$,7,https://villiers.ai/empty-legs/khou-kfwa-cessna-citation-ultra-2026-10-04-cf212e44?id=ADHUHR,https://villiers.ai/empty-legs/khou-kfwa-cessna-citation-ultra-2026-10-04-cf212e44?id=ADHUHR,https://villiers.ai/empty-legs/khou-kfwa-cessna-citation-ultra-2026-10-04-cf212e44?id=ADHUHR,"Wed, 19 Aug 2026 22:51:09 GMT",2026-09-26T13:47:01+00:00
https://villiers.ai/empty-legs/khou-kgtu-cessna-citation-ultra-2026-10-04-017a2a96?id=ADHUHR,inactive,removed,2026-09-24T18:47:02+00:00,2026-09-26T13:17:01+00:00,2026-09-26T13:47:01+00:00,"Cessna Citation Ultra | William P. Hobby Airport → Georgetown Executive Airport at Johnny Gantt Field | $2,473",,Cessna Citation Ultra,KHOU - William P. Hobby Airport,KHOU,HOU,William P Hobby Airport,Houston,US,KGTU - Georgetown Executive Airport at Johnny Gantt Field,KGTU,,Georgetown Executive Airport,Georgetown,US,04 October 2026,2026-10-04,12:00,12:47,48m,"$2,473",2473,USD,$,7,https://villiers.ai/empty-legs/khou-kgtu-cessna-citation-ultra-2026-10-04-017a2a96?id=ADHUHR,https://villiers.ai/empty-legs/khou-kgtu-cessna-citation-ultra-2026-10-04-017a2a96?id=ADHUHR,https://villiers.ai/empty-legs/khou-kgtu-cessna-citation-ultra-2026-10-04-017a2a96?id=ADHUHR,"Thu, 24 Sep 2026 18:27:50 GMT",2026-09-26T13:47:01+00:00
https://villiers.ai/empty-legs/kopf-ktys-bombardier-challenger-300-2026-10-04-43ab3d98?id=ADHUHR,inactive,removed,2026-09-25T13:47:01+00:00,2026-09-26T13:17:01+00:00,2026-09-26T13:47:01+00:00,"Bombardier Challenger 300 | Miami-Opa Locka Executive Airport → McGhee Tyson Airport | $13,438",,Bombardier Challenger 300,KOPF - Miami-Opa Locka Executive Airport,KOPF,OPF,Miami-Opa Locka Executive Airport,Miami,US,KTYS - McGhee Tyson Airport,KTYS,TYS,Mc Ghee Tyson Airport,Knoxville,US,04 October 2026,2026-10-04,12:00,13:49,1h 50m,"$13,438",13438,USD,$,9,https://villiers.ai/empty-legs/kopf-ktys-bombardier-challenger-300-2026-10-04-43ab3d98?id=ADHUHR,https://villiers.ai/empty-legs/kopf-ktys-bombardier-challenger-300-2026-10-04-43ab3d98?id=ADHUHR,https://villiers.ai/empty-legs/kopf-ktys-bombardier-challenger-300-2026-10-04-43ab3d98?id=ADHUHR,"Fri, 25 Sep 2026 13:43:51 GMT",2026-09-26T13:47:01+00:00
https://villiers.ai/empty-legs/eggw-lfpb-legacy-500-2026-10-05-e7e21e73?id=ADHUHR,inactive,removed,2026-09-25T21:17:02+00:00,2026-09-26T13:17:01+00:00,2026-09-26T13:47:01+00:00,"Legacy 500 | London Luton Airport → Paris Le Bourget Airport | £8,546",,Legacy 500,EGGW - London Luton Airport,EGGW,LTN,London Luton Airport,London,GB,LFPB - Paris Le Bourget Airport,LFPB,LBG,Paris-Le Bourget Airport,Paris,FR,05 October 2026,2026-10-05,12:00,12:56,56m,"£8,546",8546,GBP,£,7,https://villiers.ai/empty-legs/eggw-lfpb-legacy-500-2026-10-05-e7e21e73?id=ADHUHR,https://villiers.ai/empty-legs/eggw-lfpb-legacy-500-2026-10-05-e7e21e73?id=ADHUHR,https://villiers.ai/empty-legs/eggw-lfpb-legacy-500-2026-10-05-e7e21e73?id=ADHUHR,"Fri, 25 Sep 2026 21:15:39 GMT",2026-09-26T13:47:01+00:00
https://villiers.ai/empty-legs/kgtu-kdal-cessna-citation-ultra-2026-10-05-c1344830?id=ADHUHR,inactive,removed,2026-09-20T00:17:02+00:00,2026-09-26T13:17:01+00:00,2026-09-26T13:47:01+00:00,"Cessna Citation Ultra | Georgetown Executive Airport at Johnny Gantt Field → Dallas Love Field | $2,150",,Cessna Citation Ultra,KGTU - Georgetown Executive Airport at Johnny Gantt Field,KGTU,,Georgetown Executive Airport,Georgetown,US,KDAL - Dallas Love Field,KDAL,DAL,Dallas Love Field,Dallas,US,05 October 2026,2026-10-05,12:00,12:47,47m,"$2,150",2150,USD,$,7,https://villiers.ai/empty-legs/kgtu-kdal-cessna-citation-ultra-2026-10-05-c1344830?id=ADHUHR,https://villiers.ai/empty-legs/kgtu-kdal-cessna-citation-ultra-2026-10-05-c1344830?id=ADHUHR,https://villiers.ai/empty-legs/kgtu-kdal-cessna-citation-ultra-2026-10-05-c1344830?id=ADHUHR,"Wed, 09 Sep 2026 15:22:21 GMT",2026-09-26T13:47:01+00:00
https://villiers.ai/empty-legs/kopf-mynn-bombardier-challenger-300-2026-10-05-b30c9467?id=ADHUHR,inactive,removed,2026-09-25T00:17:02+00:00,2026-09-26T13:17:01+00:00,2026-09-26T13:47:01+00:00,"Bombardier Challenger 300 | Miami-Opa Locka Executive Airport → Lynden Pindling International Airport | $4,730",,Bombardier Challenger 300,KOPF - Miami-Opa Locka Executive Airport,KOPF,OPF,Miami-Opa Locka Executive Airport,Miami,US,MYNN - Lynden Pindling International Airport,MYNN,NAS,Lynden Pindling International Airport,Nassau,BS,05 October 2026,2026-10-05,12:00,12:50,51m,"$4,730",4730,USD,$,9,https://villiers.ai/empty-legs/kopf-mynn-bombardier-challenger-300-2026-10-05-b30c9467?id=ADHUHR,https://villiers.ai/empty-legs/kopf-mynn-bombardier-challenger-300-2026-10-05-b30c9467?id=ADHUHR,https://villiers.ai/empty-legs/kopf-mynn-bombardier-challenger-300-2026-10-05-b30c9467?id=ADHUHR,"Thu, 24 Sep 2026 18:28:45 GMT",2026-09-26T13:47:01+00:00
https://villiers.ai/empty-legs/kosu-kbna-pilatus-pc-12-ng-2026-10-05-cb075261?id=ADHUHR,inactive,removed,2026-08-22T00:17:02+00:00,2026-09-26T13:17:01+00:00,2026-09-26T13:47:01+00:00,"Pilatus PC 12 NG | The Ohio State University Airport - Don Scott Field → Nashville International Airport | $4,730",,Pilatus PC 12 NG,KOSU - The Ohio State University Airport - Don Scott Field,KOSU,OSU,Ohio State University Airport,Columbus,US,KBNA - Nashville International Airport,KBNA,BNA,Nashville International Airport,Nashville,US,05 October 2026,2026-10-05,12:00,13:07,1h 7m,"$4,730",4730,USD,$,7,https://villiers.ai/empty-legs/kosu-kbna-pilatus-pc-12-ng-2026-10-05-cb075261?id=ADHUHR,https://villiers.ai/empty-legs/kosu-kbna-pilatus-pc-12-ng-2026-10-05-cb075261?id=ADHUHR,https://villiers.ai/empty-legs/kosu-kbna-pilatus-pc-12-ng-2026-10-05-cb075261?id=ADHUHR,"Fri, 21 Aug 2026 18:42:16 GMT",2026-09-26T13:47:01+00:00
https://villiers.ai/empty-legs/kosu-khou-pilatus-pc-12-ng-2026-10-05-1168b108?id=ADHUHR,inactive,removed,2026-09-05T00:17:02+00:00,2026-09-26T13:17:01+00:00,2026-09-26T13:47:01+00:00,"Pilatus PC-12 NG | The Ohio State University Airport - Don Scott Field → William P. Hobby Airport | $12,255",,Pilatus PC-12 NG,KOSU - The Ohio State University Airport - Don Scott Field,KOSU,OSU,Ohio State University Airport,Columbus,US,KHOU - William P. Hobby Airport,KHOU,HOU,William P Hobby Airport,Houston,US,05 October 2026,2026-10-05,12:00,14:20,2h 21m,"$12,255",12255,USD,$,7,https://villiers.ai/empty-legs/kosu-khou-pilatus-pc-12-ng-2026-10-05-1168b108?id=ADHUHR,https://villiers.ai/empty-legs/kosu-khou-pilatus-pc-12-ng-2026-10-05-1168b108?id=ADHUHR,https://villiers.ai/empty-legs/kosu-khou-pilatus-pc-12-ng-2026-10-05-1168b108?id=ADHUHR,"Thu, 03 Sep 2026 17:44:01 GMT",2026-09-26T13:47:01+00:00
https://villiers.ai/empty-legs/kpie-mynn-bombardier-challenger-300-2026-10-05-7b5d2712?id=ADHUHR,inactive,removed,2026-09-25T13:47:01+00:00,2026-09-26T13:17:01+00:00,2026-09-26T13:47:01+00:00,"Bombardier Challenger 300 | St. Petersburg Clearwater International Airport → Lynden Pindling International Airport | $7,095",,Bombardier Challenger 300,KPIE - St. Petersburg Clearwater International Airport,KPIE,PIE,St Pete-Clearwater International Airport,St Petersburg-Clearwater,US,MYNN - Lynden Pindling International Airport,MYNN,NAS,Lynden Pindling International Airport,Nassau,BS,05 October 2026,2026-10-05,12:00,13:12,1h 12m,"$7,095",7095,USD,$,9,https://villiers.ai/empty-legs/kpie-mynn-bombardier-challenger-300-2026-10-05-7b5d2712?id=ADHUHR,https://villiers.ai/empty-legs/kpie-mynn-bombardier-challenger-300-2026-10-05-7b5d2712?id=ADHUHR,https://villiers.ai/empty-legs/kpie-mynn-bombardier-challenger-300-2026-10-05-7b5d2712?id=ADHUHR,"Fri, 25 Sep 2026 13:43:51 GMT",2026-09-26T13:47:01+00:00
https://villiers.ai/empty-legs/ksez-kcrq-citation-cj3-2026-10-05-b7f2d1ee?id=ADHUHR,inactive,removed,2026-09-20T00:17:02+00:00,2026-09-26T13:17:01+00:00,2026-09-26T13:47:01+00:00,"Citation CJ3 | Sedona Airport → McClellan-Palomar Airport | $6,396",,Citation CJ3,KSEZ - Sedona Airport,KSEZ,SDX,Sedona Airport,Sedona,US,KCRQ - McClellan-Palomar Airport,KCRQ,CLD,Mc Clellan-Palomar Airport,Carlsbad,US,05 October 2026,2026-10-05,12:00,13:07,1h 7m,"$6,396",6396,USD,$,8,https://villiers.ai/empty-legs/ksez-kcrq-citation-cj3-2026-10-05-b7f2d1ee?id=ADHUHR,https://villiers.ai/empty-legs/ksez-kcrq-citation-cj3-2026-10-05-b7f2d1ee?id=ADHUHR,https://villiers.ai/empty-legs/ksez-kcrq-citation-cj3-2026-10-05-b7f2d1ee?id=ADHUHR,"Wed, 16 Sep 2026 01:21:10 GMT",2026-09-26T13:47:01+00:00
https://villiers.ai/empty-legs/egcc-eppo-challenger-3500-2026-10-06-1c5941ce?id=ADHUHR,inactive,removed,2026-09-25T21:17:02+00:00,2026-09-26T13:17:01+00:00,2026-09-26T13:47:01+00:00,"Challenger 3500 | Manchester Airport → Poznań-Ławica Airport | £15,910",,Challenger 3500,EGCC - Manchester Airport,EGCC,MAN,Manchester Airport,Manchester,GB,EPPO - Poznań-Ławica Airport,EPPO,POZ,Poznań-Ławica Airport,Poznań,PL,06 October 2026,2026-10-06,12:00,13:58,1h 58m,"£15,910",15910,GBP,£,9,https://villiers.ai/empty-legs/egcc-eppo-challenger-3500-2026-10-06-1c5941ce?id=ADHUHR,https://villiers.ai/empty-legs/egcc-eppo-challenger-3500-2026-10-06-1c5941ce?id=ADHUHR,https://villiers.ai/empty-legs/egcc-eppo-challenger-3500-2026-10-06-1c5941ce?id=ADHUHR,"Fri, 25 Sep 2026 21:15:40 GMT",2026-09-26T13:47:01+00:00
https://villiers.ai/empty-legs/khou-kclt-cessna-citation-ultra-2026-10-06-16144764?id=ADHUHR,inactive,removed,2026-09-25T13:47:01+00:00,2026-09-26T13:17:01+00:00,2026-09-26T13:47:01+00:00,"Cessna Citation Ultra | William P. Hobby Airport → Charlotte Douglas International Airport | $7,633",,Cessna Citation Ultra,KHOU - William P. Hobby Airport,KHOU,HOU,William P Hobby Airport,Houston,US,KCLT - Charlotte Douglas International Airport,KCLT,CLT,Charlotte/Douglas International Airport,Charlotte,US,06 October 2026,2026-10-06,12:00,14:11,2h 12m,"$7,633",7633,USD,$,7,https://villiers.ai/empty-legs/khou-kclt-cessna-citation-ultra-2026-10-06-16144764?id=ADHUHR,https://villiers.ai/empty-legs/khou-kclt-cessna-citation-ultra-2026-10-06-16144764?id=ADHUHR,https://villiers.ai/empty-legs/khou-kclt-cessna-citation-ultra-2026-10-06-16144764?id=ADHUHR,"Fri, 25 Sep 2026 13:43:51 GMT",2026-09-26T13:47:01+00:00
https://villiers.ai/empty-legs/sadf-saar-learjet-40xr-2026-10-06-d3624c2c?id=ADHUHR,inactive,removed,2026-09-20T00:17:02+00:00,2026-09-26T13:17:01+00:00,2026-09-26T13:47:01+00:00,"Learjet 40XR | San Fernando Airport → Rosario Islas Malvinas International Airport | $3,225",,Learjet 40XR,SADF - San Fernando Airport,SADF,FDO,San Fernando Airport,San Fernando,AR,SAAR - Rosario Islas Malvinas International Airport,SAAR,ROS,Islas Malvinas Airport,Rosario,AR,06 October 2026,2026-10-06,12:00,12:48,48m,"$3,225",3225,USD,$,7,https://villiers.ai/empty-legs/sadf-saar-learjet-40xr-2026-10-06-d3624c2c?id=ADHUHR,https://villiers.ai/empty-legs/sadf-saar-learjet-40xr-2026-10-06-d3624c2c?id=ADHUHR,https://villiers.ai/empty-legs/sadf-saar-learjet-40xr-2026-10-06-d3624c2c?id=ADHUHR,"Mon, 14 Sep 2026 17:24:01 GMT",2026-09-26T13:47:01+00:00
https://villiers.ai/empty-legs/eggw-milan_all-citation-xls-2026-10-07-9ede2a2e?id=ADHUHR,inactive,removed,2026-09-25T21:17:02+00:00,2026-09-26T13:17:01+00:00,2026-09-26T13:47:01+00:00,"Citation XLS+ | London Luton Airport → All Milan, Italy Airports | £10,320",,Citation XLS+,EGGW - London Luton Airport,EGGW,LTN,London Luton Airport,London,GB,"MILAN_ALL - All Milan, Italy Airports",,,"All Milan, Italy Airports",,,07 October 2026,2026-10-07,12:00,13:38,1h 39m,"£10,320",10320,GBP,£,7,https://villiers.ai/empty-legs/eggw-milan_all-citation-xls-2026-10-07-9ede2a2e?id=ADHUHR,https://villiers.ai/empty-legs/eggw-milan_all-citation-xls-2026-10-07-9ede2a2e?id=ADHUHR,https://villiers.ai/empty-legs/eggw-milan_all-citation-xls-2026-10-07-9ede2a2e?id=ADHUHR,"Fri, 25 Sep 2026 21:15:40 GMT",2026-09-26T13:47:01+00:00
https://villiers.ai/empty-legs/kboi-kslc-cessna-citation-ultra-2026-10-07-d72baf72?id=ADHUHR,inactive,removed,2026-09-24T00:17:02+00:00,2026-09-26T13:17:01+00:00,2026-09-26T13:47:01+00:00,"Cessna Citation Ultra | Boise Air Terminal/Gowen Field → Salt Lake City International Airport | $3,118",,Cessna Citation Ultra,KBOI - Boise Air Terminal/Gowen Field,KBOI,BOI,Boise Air Trml/Gowen Field,Boise,US,KSLC - Salt Lake City International Airport,KSLC,SLC,Salt Lake City International Airport,Salt Lake City,US,07 October 2026,2026-10-07,12:00,13:02,1h 2m,"$3,118",3118,USD,$,7,https://villiers.ai/empty-legs/kboi-kslc-cessna-citation-ultra-2026-10-07-d72baf72?id=ADHUHR,https://villiers.ai/empty-legs/kboi-kslc-cessna-citation-ultra-2026-10-07-d72baf72?id=ADHUHR,https://villiers.ai/empty-legs/kboi-kslc-cessna-citation-ultra-2026-10-07-d72baf72?id=ADHUHR,"Tue, 22 Sep 2026 15:15:30 GMT",2026-09-26T13:47:01+00:00
https://villiers.ai/empty-legs/khou-kdal-cessna-citation-v-2026-10-07-7d4e75b5?id=ADHUHR,inactive,removed,2026-09-24T00:17:02+00:00,2026-09-26T13:17:01+00:00,2026-09-26T13:47:01+00:00,"Cessna Citation V | William P. Hobby Airport → Dallas Love Field | $3,118",,Cessna Citation V,KHOU - William P. Hobby Airport,KHOU,HOU,William P Hobby Airport,Houston,US,KDAL - Dallas Love Field,KDAL,DAL,Dallas Love Field,Dallas,US,07 October 2026,2026-10-07,12:00,12:56,57m,"$3,118",3118,USD,$,7,https://villiers.ai/empty-legs/khou-kdal-cessna-citation-v-2026-10-07-7d4e75b5?id=ADHUHR,https://villiers.ai/empty-legs/khou-kdal-cessna-citation-v-2026-10-07-7d4e75b5?id=ADHUHR,https://villiers.ai/empty-legs/khou-kdal-cessna-citation-v-2026-10-07-7d4e75b5?id=ADHUHR,"Tue, 22 Sep 2026 15:15:30 GMT",2026-09-26T13:47:01+00:00
https://villiers.ai/empty-legs/kslc-kcrq-beechjet-400xp-2026-10-07-36041137?id=ADHUHR,inactive,removed,2026-09-24T00:17:02+00:00,2026-09-26T13:17:01+00:00,2026-09-26T13:47:01+00:00,"Beechjet 400XP | Salt Lake City International Airport → McClellan-Palomar Airport | $9,675",,Beechjet 400XP,KSLC - Salt Lake City International Airport,KSLC,SLC,Salt Lake City International Airport,Salt Lake City,US,KCRQ - McClellan-Palomar Airport,KCRQ,CLD,Mc Clellan-Palomar Airport,Carlsbad,US,07 October 2026,2026-10-07,12:00,13:37,1h 37m,"$9,675",9675,USD,$,8,https://villiers.ai/empty-legs/kslc-kcrq-beechjet-400xp-2026-10-07-36041137?id=ADHUHR,https://villiers.ai/empty-legs/kslc-kcrq-beechjet-400xp-2026-10-07-36041137?id=ADHUHR,https://villiers.ai/empty-legs/kslc-kcrq-beechjet-400xp-2026-10-07-36041137?id=ADHUHR,"Wed, 23 Sep 2026 00:01:33 GMT",2026-09-26T13:47:01+00:00
https://villiers.ai/empty-legs/saar-sadf-learjet-40xr-2026-10-07-4c636b4b?id=ADHUHR,inactive,removed,2026-09-20T00:17:02+00:00,2026-09-26T13:17:01+00:00,2026-09-26T13:47:01+00:00,"Learjet 40XR | Rosario Islas Malvinas International Airport → San Fernando Airport | $3,225",,Learjet 40XR,SAAR - Rosario Islas Malvinas International Airport,SAAR,ROS,Islas Malvinas Airport,Rosario,AR,SADF - San Fernando Airport,SADF,FDO,San Fernando Airport,San Fernando,AR,07 October 2026,2026-10-07,12:00,12:48,48m,"$3,225",3225,USD,$,7,https://villiers.ai/empty-legs/saar-sadf-learjet-40xr-2026-10-07-4c636b4b?id=ADHUHR,https://villiers.ai/empty-legs/saar-sadf-learjet-40xr-2026-10-07-4c636b4b?id=ADHUHR,https://villiers.ai/empty-legs/saar-sadf-learjet-40xr-2026-10-07-4c636b4b?id=ADHUHR,"Mon, 14 Sep 2026 17:24:01 GMT",2026-09-26T13:47:01+00:00
https://villiers.ai/empty-legs/keye-kojc-pilatus-pc-12-ng-2026-10-08-180c89e7?id=ADHUHR,inactive,removed,2026-09-20T00:17:02+00:00,2026-09-26T13:17:01+00:00,2026-09-26T13:47:01+00:00,"Pilatus PC 12 NG | Eagle Creek Airpark → Johnson County Executive Airport | $6,880",,Pilatus PC 12 NG,KEYE - Eagle Creek Airpark,KEYE,,Eagle Creek Airpark,Indianapolis,US,KOJC - Johnson County Executive Airport,KOJC,OJC,Johnson County Executive Airport,Olathe,US,08 October 2026,2026-10-08,12:00,13:20,1h 21m,"$6,880",6880,USD,$,7,https://villiers.ai/empty-legs/keye-kojc-pilatus-pc-12-ng-2026-10-08-180c89e7?id=ADHUHR,https://villiers.ai/empty-legs/keye-kojc-pilatus-pc-12-ng-2026-10-08-180c89e7?id=ADHUHR,https://villiers.ai/empty-legs/keye-kojc-pilatus-pc-12-ng-2026-10-08-180c89e7?id=ADHUHR,"Tue, 08 Sep 2026 13:36:35 GMT",2026-09-26T13:47:01+00:00
https://villiers.ai/empty-legs/kiws-kgtu-pilatus-pc-12-ng-2026-10-08-b43df294?id=ADHUHR,inactive,removed,2026-09-20T00:17:02+00:00,2026-09-26T13:17:01+00:00,2026-09-26T13:47:01+00:00,"Pilatus PC 12 NG | West Houston Airport → Georgetown Executive Airport at Johnny Gantt Field | $1,935",,Pilatus PC 12 NG,KIWS - West Houston Airport,KIWS,IWS,West Houston Airport,Houston,US,KGTU - Georgetown Executive Airport at Johnny Gantt Field,KGTU,,Georgetown Executive Airport,Georgetown,US,08 October 2026,2026-10-08,12:00,12:44,45m,"$1,935",1935,USD,$,7,https://villiers.ai/empty-legs/kiws-kgtu-pilatus-pc-12-ng-2026-10-08-b43df294?id=ADHUHR,https://villiers.ai/empty-legs/kiws-kgtu-pilatus-pc-12-ng-2026-10-08-b43df294?id=ADHUHR,https://villiers.ai/empty-legs/kiws-kgtu-pilatus-pc-12-ng-2026-10-08-b43df294?id=ADHUHR,"Thu, 17 Sep 2026 15:37:49 GMT",2026-09-26T13:47:01+00:00
https://villiers.ai/empty-legs/kcrq-kaus-hawker-900xp-2026-10-09-1e03123d?id=ADHUHR,inactive,removed,2026-09-25T00:17:02+00:00,2026-09-26T13:17:01+00:00,2026-09-26T13:47:01+00:00,"Hawker 900XP | McClellan-Palomar Airport → Austin Bergstrom International Airport | $18,275",,Hawker 900XP,KCRQ - McClellan-Palomar Airport,KCRQ,CLD,Mc Clellan-Palomar Airport,Carlsbad,US,KAUS - Austin Bergstrom International Airport,KAUS,AUS,Austin-Bergstrom International Airport,Austin,US,09 October 2026,2026-10-09,12:00,14:39,2h 40m,"$18,275",18275,USD,$,9,https://villiers.ai/empty-legs/kcrq-kaus-hawker-900xp-2026-10-09-1e03123d?id=ADHUHR,https://villiers.ai/empty-legs/kcrq-kaus-hawker-900xp-2026-10-09-1e03123d?id=ADHUHR,https://villiers.ai/empty-legs/kcrq-kaus-hawker-900xp-2026-10-09-1e03123d?id=ADHUHR,"Wed, 23 Sep 2026 00:01:33 GMT",2026-09-26T13:47:01+00:00
https://villiers.ai/empty-legs/kdal-khou-cessna-citation-ultra-2026-10-09-22d2d87f?id=ADHUHR,inactive,removed,2026-09-20T00:17:02+00:00,2026-09-26T13:17:01+00:00,2026-09-26T13:47:01+00:00,"Cessna Citation Ultra | Dallas Love Field → William P. Hobby Airport | $2,795",,Cessna Citation Ultra,KDAL - Dallas Love Field,KDAL,DAL,Dallas Love Field,Dallas,US,KHOU - William P. Hobby Airport,KHOU,HOU,William P Hobby Airport,Houston,US,09 October 2026,2026-10-09,12:00,12:56,57m,"$2,795",2795,USD,$,7,https://villiers.ai/empty-legs/kdal-khou-cessna-citation-ultra-2026-10-09-22d2d87f?id=ADHUHR,https://villiers.ai/empty-legs/kdal-khou-cessna-citation-ultra-2026-10-09-22d2d87f?id=ADHUHR,https://villiers.ai/empty-legs/kdal-khou-cessna-citation-ultra-2026-10-09-22d2d87f?id=ADHUHR,"Wed, 16 Sep 2026 15:09:04 GMT",2026-09-26T13:47:01+00:00
https://villiers.ai/empty-legs/kidi-kteb-cessna-citation-ultra-2026-10-09-88e7c995?id=ADHUHR,inactive,removed,2026-09-25T00:17:02+00:00,2026-09-26T13:17:01+00:00,2026-09-26T13:47:01+00:00,"Cessna Citation Ultra | Indiana County–Jimmy Stewart Airport → Teterboro Airport | $2,473",,Cessna Citation Ultra,KIDI - Indiana County–Jimmy Stewart Airport,KIDI,IDI,Indiana County/Jimmy Stewart Field,Indiana,US,KTEB - Teterboro Airport,KTEB,TEB,Teterboro Airport,Teterboro,US,09 October 2026,2026-10-09,12:00,12:59,59m,"$2,473",2473,USD,$,7,https://villiers.ai/empty-legs/kidi-kteb-cessna-citation-ultra-2026-10-09-88e7c995?id=ADHUHR,https://villiers.ai/empty-legs/kidi-kteb-cessna-citation-ultra-2026-10-09-88e7c995?id=ADHUHR,https://villiers.ai/empty-legs/kidi-kteb-cessna-citation-ultra-2026-10-09-88e7c995?id=ADHUHR,"Tue, 22 Sep 2026 15:15:30 GMT",2026-09-26T13:47:01+00:00
https://villiers.ai/empty-legs/kiws-kaus-pilatus-pc-12-ng-2026-10-09-dc6b909f?id=ADHUHR,inactive,removed,2026-08-20T00:17:02+00:00,2026-09-26T13:17:01+00:00,2026-09-26T13:47:01+00:00,"Pilatus PC-12 NG | West Houston Airport → Austin Bergstrom International Airport | $1,935",,Pilatus PC-12 NG,KIWS - West Houston Airport,KIWS,IWS,West Houston Airport,Houston,US,KAUS - Austin Bergstrom International Airport,KAUS,AUS,Austin-Bergstrom International Airport,Austin,US,09 October 2026,2026-10-09,12:00,12:43,44m,"$1,935",1935,USD,$,7,https://villiers.ai/empty-legs/kiws-kaus-pilatus-pc-12-ng-2026-10-09-dc6b909f?id=ADHUHR,https://villiers.ai/empty-legs/kiws-kaus-pilatus-pc-12-ng-2026-10-09-dc6b909f?id=ADHUHR,https://villiers.ai/empty-legs/kiws-kaus-pilatus-pc-12-ng-2026-10-09-dc6b909f?id=ADHUHR,"Wed, 19 Aug 2026 22:51:09 GMT",2026-09-26T13:47:01+00:00
https://villiers.ai/empty-legs/kmth-kdal-cessna-citation-ultra-2026-10-09-ace1b0f6?id=ADHUHR,inactive,removed,2026-09-20T00:17:02+00:00,2026-09-26T13:17:01+00:00,2026-09-26T13:47:01+00:00,"Cessna Citation Ultra | The Florida Keys Marathon Airport → Dallas Love Field | $10,320",,Cessna Citation Ultra,KMTH - The Florida Keys Marathon Airport,KMTH,MTH,The Florida Keys Marathon International Airport,Marathon,US,KDAL - Dallas Love Field,KDAL,DAL,Dallas Love Field,Dallas,US,09 October 2026,2026-10-09,12:00,14:32,2h 33m,"$10,320",10320,USD,$,7,https://villiers.ai/empty-legs/kmth-kdal-cessna-citation-ultra-2026-10-09-ace1b0f6?id=ADHUHR,https://villiers.ai/empty-legs/kmth-kdal-cessna-citation-ultra-2026-10-09-ace1b0f6?id=ADHUHR,https://villiers.ai/empty-legs/kmth-kdal-cessna-citation-ultra-2026-10-09-ace1b0f6?id=ADHUHR,"Sat, 19 Sep 2026 15:36:21 GMT",2026-09-26T13:47:01+00:00
https://villiers.ai/empty-legs/kmth-khou-cessna-citation-ultra-2026-10-09-1480fd65?id=ADHUHR,inactive,removed,2026-09-25T00:17:02+00:00,2026-09-26T13:17:01+00:00,2026-09-26T13:47:01+00:00,"Cessna Citation Ultra | The Florida Keys Marathon Airport → William P. Hobby Airport | $9,030",,Cessna Citation Ultra,KMTH - The Florida Keys Marathon Airport,KMTH,MTH,The Florida Keys Marathon International Airport,Marathon,US,KHOU - William P. Hobby Airport,KHOU,HOU,William P Hobby Airport,Houston,US,09 October 2026,2026-10-09,12:00,14:13,2h 14m,"$9,030",9030,USD,$,7,https://villiers.ai/empty-legs/kmth-khou-cessna-citation-ultra-2026-10-09-1480fd65?id=ADHUHR,https://villiers.ai/empty-legs/kmth-khou-cessna-citation-ultra-2026-10-09-1480fd65?id=ADHUHR,https://villiers.ai/empty-legs/kmth-khou-cessna-citation-ultra-2026-10-09-1480fd65?id=ADHUHR,"Tue, 22 Sep 2026 15:15:30 GMT",2026-09-26T13:47:01+00:00
https://villiers.ai/empty-legs/ksdl-khou-cessna-citation-v-2026-10-09-a6b484e9?id=ADHUHR,inactive,removed,2026-09-20T00:17:02+00:00,2026-09-26T13:17:01+00:00,2026-09-26T13:47:01+00:00,"Cessna Citation V | Scottsdale Airport → William P. Hobby Airport | $8,600",,Cessna Citation V,KSDL - Scottsdale Airport,KSDL,SCF,Scottsdale Airport,Scottsdale,US,KHOU - William P. Hobby Airport,KHOU,HOU,William P Hobby Airport,Houston,US,09 October 2026,2026-10-09,12:00,14:22,2h 23m,"$8,600",8600,USD,$,7,https://villiers.ai/empty-legs/ksdl-khou-cessna-citation-v-2026-10-09-a6b484e9?id=ADHUHR,https://villiers.ai/empty-legs/ksdl-khou-cessna-citation-v-2026-10-09-a6b484e9?id=ADHUHR,https://villiers.ai/empty-legs/ksdl-khou-cessna-citation-v-2026-10-09-a6b484e9?id=ADHUHR,"Sat, 19 Sep 2026 15:36:21 GMT",2026-09-26T13:47:01+00:00
https://villiers.ai/empty-legs/kbhm-kase-cessna-citation-v-2026-10-10-10c6299a?id=ADHUHR,inactive,removed,2026-09-20T00:17:02+00:00,2026-09-26T13:17:01+00:00,2026-09-26T13:47:01+00:00,"Cessna Citation V | Birmingham-Shuttlesworth International Airport → Aspen-Pitkin County Airport (Sardy Field) | $12,793",,Cessna Citation V,KBHM - Birmingham-Shuttlesworth International Airport,KBHM,BHM,Birmingham-Shuttlesworth International Airport,Birmingham,US,KASE - Aspen-Pitkin County Airport (Sardy Field),KASE,ASE,Aspen-Pitkin County/Sardy Field,Aspen,US,10 October 2026,2026-10-10,12:00,14:41,2h 41m,"$12,793",12793,USD,$,7,https://villiers.ai/empty-legs/kbhm-kase-cessna-citation-v-2026-10-10-10c6299a?id=ADHUHR,https://villiers.ai/empty-legs/kbhm-kase-cessna-citation-v-2026-10-10-10c6299a?id=ADHUHR,https://villiers.ai/empty-legs/kbhm-kase-cessna-citation-v-2026-10-10-10c6299a?id=ADHUHR,"Sat, 19 Sep 2026 15:36:21 GMT",2026-09-26T13:47:01+00:00
https://villiers.ai/empty-legs/khbv-kdal-cessna-citation-ultra-2026-10-10-aabd5fe8?id=ADHUHR,inactive,removed,2026-08-25T00:17:02+00:00,2026-09-26T13:17:01+00:00,2026-09-26T13:47:01+00:00,"Cessna Citation Ultra | Jim Hogg County Airport → Dallas Love Field | $3,870",,Cessna Citation Ultra,KHBV - Jim Hogg County Airport,KHBV,,Jim Hogg County Airport,Hebbronville,US,KDAL - Dallas Love Field,KDAL,DAL,Dallas Love Field,Dallas,US,10 October 2026,2026-10-10,12:00,13:13,1h 14m,"$3,870",3870,USD,$,7,https://villiers.ai/empty-legs/khbv-kdal-cessna-citation-ultra-2026-10-10-aabd5fe8?id=ADHUHR,https://villiers.ai/empty-legs/khbv-kdal-cessna-citation-ultra-2026-10-10-aabd5fe8?id=ADHUHR,https://villiers.ai/empty-legs/khbv-kdal-cessna-citation-ultra-2026-10-10-aabd5fe8?id=ADHUHR,"Sun, 23 Aug 2026 18:23:24 GMT",2026-09-26T13:47:01+00:00
https://villiers.ai/empty-legs/khbv-kdfw-cessna-citation-ultra-2026-10-10-de6d620e?id=ADHUHR,inactive,removed,2026-09-20T00:17:02+00:00,2026-09-26T13:17:01+00:00,2026-09-26T13:47:01+00:00,"Cessna Citation Ultra | Jim Hogg County Airport → Dallas Fort Worth International Airport | $3,870",,Cessna Citation Ultra,KHBV - Jim Hogg County Airport,KHBV,,Jim Hogg County Airport,Hebbronville,US,KDFW - Dallas Fort Worth International Airport,KDFW,DFW,Dallas-Fort Worth International Airport,Dallas-Fort Worth,US,10 October 2026,2026-10-10,12:00,13:13,1h 14m,"$3,870",3870,USD,$,7,https://villiers.ai/empty-legs/khbv-kdfw-cessna-citation-ultra-2026-10-10-de6d620e?id=ADHUHR,https://villiers.ai/empty-legs/khbv-kdfw-cessna-citation-ultra-2026-10-10-de6d620e?id=ADHUHR,https://villiers.ai/empty-legs/khbv-kdfw-cessna-citation-ultra-2026-10-10-de6d620e?id=ADHUHR,"Sun, 13 Sep 2026 15:36:36 GMT",2026-09-26T13:47:01+00:00
https://villiers.ai/empty-legs/khbv-khou-cessna-citation-ultra-2026-10-10-c71064ec?id=ADHUHR,inactive,removed,2026-09-20T00:17:02+00:00,2026-09-26T13:17:01+00:00,2026-09-26T13:47:01+00:00,"Cessna Citation Ultra | Jim Hogg County Airport → William P. Hobby Airport | $2,795",,Cessna Citation Ultra,KHBV - Jim Hogg County Airport,KHBV,,Jim Hogg County Airport,Hebbronville,US,KHOU - William P. Hobby Airport,KHOU,HOU,William P Hobby Airport,Houston,US,10 October 2026,2026-10-10,12:00,12:59,59m,"$2,795",2795,USD,$,7,https://villiers.ai/empty-legs/khbv-khou-cessna-citation-ultra-2026-10-10-c71064ec?id=ADHUHR,https://villiers.ai/empty-legs/khbv-khou-cessna-citation-ultra-2026-10-10-c71064ec?id=ADHUHR,https://villiers.ai/empty-legs/khbv-khou-cessna-citation-ultra-2026-10-10-c71064ec?id=ADHUHR,"Thu, 03 Sep 2026 17:44:01 GMT",2026-09-26T13:47:01+00:00
https://villiers.ai/empty-legs/khbv-ksdl-cessna-citation-ultra-2026-10-10-4ce357c8?id=ADHUHR,inactive,removed,2026-09-20T00:17:02+00:00,2026-09-26T13:17:01+00:00,2026-09-26T13:47:01+00:00,"Cessna Citation Ultra | Jim Hogg County Airport → Scottsdale Airport | $9,353",,Cessna Citation Ultra,KHBV - Jim Hogg County Airport,KHBV,,Jim Hogg County Airport,Hebbronville,US,KSDL - Scottsdale Airport,KSDL,SCF,Scottsdale Airport,Scottsdale,US,10 October 2026,2026-10-10,12:00,14:09,2h 9m,"$9,353",9353,USD,$,7,https://villiers.ai/empty-legs/khbv-ksdl-cessna-citation-ultra-2026-10-10-4ce357c8?id=ADHUHR,https://villiers.ai/empty-legs/khbv-ksdl-cessna-citation-ultra-2026-10-10-4ce357c8?id=ADHUHR,https://villiers.ai/empty-legs/khbv-ksdl-cessna-citation-ultra-2026-10-10-4ce357c8?id=ADHUHR,"Sat, 19 Sep 2026 15:36:21 GMT",2026-09-26T13:47:01+00:00
https://villiers.ai/empty-legs/khou-kdal-cessna-citation-ultra-2026-10-10-4603e2fa?id=ADHUHR,inactive,removed,2026-09-20T00:17:02+00:00,2026-09-26T13:17:01+00:00,2026-09-26T13:47:01+00:00,"Cessna Citation Ultra | William P. Hobby Airport → Dallas Love Field | $3,118",,Cessna Citation Ultra,KHOU - William P. Hobby Airport,KHOU,HOU,William P Hobby Airport,Houston,US,KDAL - Dallas Love Field,KDAL,DAL,Dallas Love Field,Dallas,US,10 October 2026,2026-10-10,12:00,12:56,57m,"$3,118",3118,USD,$,7,https://villiers.ai/empty-legs/khou-kdal-cessna-citation-ultra-2026-10-10-4603e2fa?id=ADHUHR,https://villiers.ai/empty-legs/khou-kdal-cessna-citation-ultra-2026-10-10-4603e2fa?id=ADHUHR,https://villiers.ai/empty-legs/khou-kdal-cessna-citation-ultra-2026-10-10-4603e2fa?id=ADHUHR,"Sun, 06 Sep 2026 22:31:22 GMT",2026-09-26T13:47:01+00:00
https://villiers.ai/empty-legs/kslc-kboi-cessna-citation-ultra-2026-10-11-c891c739?id=ADHUHR,inactive,removed,2026-09-25T00:17:02+00:00,2026-09-26T13:17:01+00:00,2026-09-26T13:47:01+00:00,"Cessna Citation Ultra | Salt Lake City International Airport → Boise Air Terminal/Gowen Field | $3,440",,Cessna Citation Ultra,KSLC - Salt Lake City International Airport,KSLC,SLC,Salt Lake City International Airport,Salt Lake City,US,KBOI - Boise Air Terminal/Gowen Field,KBOI,BOI,Boise Air Trml/Gowen Field,Boise,US,11 October 2026,2026-10-11,12:00,13:02,1h 2m,"$3,440",3440,USD,$,7,https://villiers.ai/empty-legs/kslc-kboi-cessna-citation-ultra-2026-10-11-c891c739?id=ADHUHR,https://villiers.ai/empty-legs/kslc-kboi-cessna-citation-ultra-2026-10-11-c891c739?id=ADHUHR,https://villiers.ai/empty-legs/kslc-kboi-cessna-citation-ultra-2026-10-11-c891c739?id=ADHUHR,"Tue, 22 Sep 2026 15:15:30 GMT",2026-09-26T13:47:01+00:00
