source_id,status,change_type,first_seen_at,last_seen_at,inactive_since,title,description,aircraft_type,origin_airport_raw,origin_icao,origin_iata,origin_airport_name,origin_city,origin_country,destination_airport_raw,destination_icao,destination_iata,destination_airport_name,destination_city,destination_country,departure_date_raw,departure_date_iso,departure_time,arrival_time,flight_duration,price_raw,price_amount,price_currency,price_currency_symbol,seats_available,tracking_link,rss_link,booking_link,published,fetched_at
https://villiers.ai/empty-legs/kacy-kteb-2026-08-05?id=ADHUHR,inactive,inactive,2026-08-05T22:38:36+00:00,2026-08-05T23:47:01+00:00,2026-08-06T00:17:01+00:00,"Cessna Citation X | Atlantic City International Airport → Teterboro Airport | $8,600",,Cessna Citation X,KACY - Atlantic City International Airport,KACY,ACY,Atlantic City International Airport,Atlantic City,US,KTEB - Teterboro Airport,KTEB,TEB,Teterboro Airport,Teterboro,US,05 August 2026,2026-08-05,12:00,12:41,41m,"$8,600",8600,USD,$,12,https://villiers.ai/empty-legs/kacy-kteb-2026-08-05?id=ADHUHR,https://villiers.ai/empty-legs/kacy-kteb-2026-08-05?id=ADHUHR,https://villiers.ai/empty-legs/kacy-kteb-2026-08-05?id=ADHUHR,"Mon, 03 Aug 2026 15:35:03 GMT",2026-08-06T00:17:01+00:00
https://villiers.ai/empty-legs/kcle-kteb-2026-08-05?id=ADHUHR,inactive,inactive,2026-08-05T22:38:36+00:00,2026-08-05T23:47:01+00:00,2026-08-06T00:17:01+00:00,"Cessna Citation X | Cleveland Hopkins International Airport → Teterboro Airport | $10,750",,Cessna Citation X,KCLE - Cleveland Hopkins International Airport,KCLE,CLE,Cleveland-Hopkins International Airport,Cleveland,US,KTEB - Teterboro Airport,KTEB,TEB,Teterboro Airport,Teterboro,US,05 August 2026,2026-08-05,12:00,13:15,1h 15m,"$10,750",10750,USD,$,12,https://villiers.ai/empty-legs/kcle-kteb-2026-08-05?id=ADHUHR,https://villiers.ai/empty-legs/kcle-kteb-2026-08-05?id=ADHUHR,https://villiers.ai/empty-legs/kcle-kteb-2026-08-05?id=ADHUHR,"Mon, 03 Aug 2026 15:35:03 GMT",2026-08-06T00:17:01+00:00
https://villiers.ai/empty-legs/kcrq-kjac-2026-08-05?id=ADHUHR,inactive,inactive,2026-08-05T22:38:36+00:00,2026-08-05T23:47:01+00:00,2026-08-06T00:17:01+00:00,"Cessna Citation CJ3 | McClellan-Palomar Airport → Jackson Hole Airport | $11,771",,Cessna Citation CJ3,KCRQ - McClellan-Palomar Airport,KCRQ,CLD,Mc Clellan-Palomar Airport,Carlsbad,US,KJAC - Jackson Hole Airport,KJAC,JAC,Jackson Hole Airport,Jackson,US,05 August 2026,2026-08-05,12:00,13:59,1h 59m,"$11,771",11771,USD,$,8,https://villiers.ai/empty-legs/kcrq-kjac-2026-08-05?id=ADHUHR,https://villiers.ai/empty-legs/kcrq-kjac-2026-08-05?id=ADHUHR,https://villiers.ai/empty-legs/kcrq-kjac-2026-08-05?id=ADHUHR,"Tue, 04 Aug 2026 18:21:34 GMT",2026-08-06T00:17:01+00:00
https://villiers.ai/empty-legs/kdal-khou-2026-08-05?id=ADHUHR,inactive,inactive,2026-08-05T22:38:36+00:00,2026-08-05T23:47:01+00:00,2026-08-06T00:17:01+00:00,"Cessna Citation Ultra | Dallas Love Field → William P. Hobby Airport | $2,795",,Cessna Citation Ultra,KDAL - Dallas Love Field,KDAL,DAL,Dallas Love Field,Dallas,US,KHOU - William P. Hobby Airport,KHOU,HOU,William P Hobby Airport,Houston,US,05 August 2026,2026-08-05,12:00,12:56,57m,"$2,795",2795,USD,$,7,https://villiers.ai/empty-legs/kdal-khou-2026-08-05?id=ADHUHR,https://villiers.ai/empty-legs/kdal-khou-2026-08-05?id=ADHUHR,https://villiers.ai/empty-legs/kdal-khou-2026-08-05?id=ADHUHR,"Fri, 31 Jul 2026 14:23:08 GMT",2026-08-06T00:17:01+00:00
https://villiers.ai/empty-legs/kfok-kmdw-2026-08-05?id=ADHUHR,inactive,inactive,2026-08-05T22:38:36+00:00,2026-08-05T23:47:01+00:00,2026-08-06T00:17:01+00:00,"Bombardier Challenger 300 | Francis S Gabreski Airport → Chicago Midway International Airport | $12,900",,Bombardier Challenger 300,KFOK - Francis S Gabreski Airport,KFOK,FOK,Francis S Gabreski Airport,Westhampton Beach,US,KMDW - Chicago Midway International Airport,KMDW,MDW,Chicago Midway International Airport,Chicago,US,05 August 2026,2026-08-05,12:00,13:57,1h 57m,"$12,900",12900,USD,$,10,https://villiers.ai/empty-legs/kfok-kmdw-2026-08-05?id=ADHUHR,https://villiers.ai/empty-legs/kfok-kmdw-2026-08-05?id=ADHUHR,https://villiers.ai/empty-legs/kfok-kmdw-2026-08-05?id=ADHUHR,"Mon, 03 Aug 2026 15:34:58 GMT",2026-08-06T00:17:01+00:00
https://villiers.ai/empty-legs/kfok-kteb-2026-08-05?id=ADHUHR,inactive,inactive,2026-08-05T22:38:36+00:00,2026-08-05T23:47:01+00:00,2026-08-06T00:17:01+00:00,"Bombardier Challenger 300 | Francis S Gabreski Airport → Teterboro Airport | $8,600",,Bombardier Challenger 300,KFOK - Francis S Gabreski Airport,KFOK,FOK,Francis S Gabreski Airport,Westhampton Beach,US,KTEB - Teterboro Airport,KTEB,TEB,Teterboro Airport,Teterboro,US,05 August 2026,2026-08-05,12:00,12:38,38m,"$8,600",8600,USD,$,10,https://villiers.ai/empty-legs/kfok-kteb-2026-08-05?id=ADHUHR,https://villiers.ai/empty-legs/kfok-kteb-2026-08-05?id=ADHUHR,https://villiers.ai/empty-legs/kfok-kteb-2026-08-05?id=ADHUHR,"Mon, 03 Aug 2026 15:34:58 GMT",2026-08-06T00:17:01+00:00
https://villiers.ai/empty-legs/kiad-kmdd-2026-08-05?id=ADHUHR,inactive,inactive,2026-08-05T22:38:36+00:00,2026-08-05T23:47:01+00:00,2026-08-06T00:17:01+00:00,"Cessna Citation X | Washington Dulles International Airport → Midland Airpark | $21,500",,Cessna Citation X,KIAD - Washington Dulles International Airport,KIAD,IAD,Washington Dulles International Airport,Washington,US,KMDD - Midland Airpark,KMDD,MDD,Midland Airpark,Midland,US,05 August 2026,2026-08-05,12:00,15:12,3h 12m,"$21,500",21500,USD,$,12,https://villiers.ai/empty-legs/kiad-kmdd-2026-08-05?id=ADHUHR,https://villiers.ai/empty-legs/kiad-kmdd-2026-08-05?id=ADHUHR,https://villiers.ai/empty-legs/kiad-kmdd-2026-08-05?id=ADHUHR,"Mon, 03 Aug 2026 15:35:03 GMT",2026-08-06T00:17:01+00:00
https://villiers.ai/empty-legs/kjac-kcos-2026-08-05?id=ADHUHR,inactive,inactive,2026-08-05T22:38:36+00:00,2026-08-05T23:47:01+00:00,2026-08-06T00:17:01+00:00,"Cessna Citation X | Jackson Hole Airport → City of Colorado Springs Municipal Airport | $9,675",,Cessna Citation X,KJAC - Jackson Hole Airport,KJAC,JAC,Jackson Hole Airport,Jackson,US,KCOS - City of Colorado Springs Municipal Airport,KCOS,COS,City Of Colorado Springs Municipal Airport,Colorado Springs,US,05 August 2026,2026-08-05,12:00,13:20,1h 21m,"$9,675",9675,USD,$,12,https://villiers.ai/empty-legs/kjac-kcos-2026-08-05?id=ADHUHR,https://villiers.ai/empty-legs/kjac-kcos-2026-08-05?id=ADHUHR,https://villiers.ai/empty-legs/kjac-kcos-2026-08-05?id=ADHUHR,"Mon, 03 Aug 2026 15:35:03 GMT",2026-08-06T00:17:01+00:00
https://villiers.ai/empty-legs/klbb-kaus-2026-08-05?id=ADHUHR,inactive,inactive,2026-08-05T22:38:36+00:00,2026-08-05T23:47:01+00:00,2026-08-06T00:17:01+00:00,"Cessna Citation V | Lubbock Preston Smith International Airport → Austin Bergstrom International Airport | $3,870",,Cessna Citation V,KLBB - Lubbock Preston Smith International Airport,KLBB,LBB,Lubbock Preston Smith International Airport,Lubbock,US,KAUS - Austin Bergstrom International Airport,KAUS,AUS,Austin-Bergstrom International Airport,Austin,US,05 August 2026,2026-08-05,12:00,13:07,1h 8m,"$3,870",3870,USD,$,7,https://villiers.ai/empty-legs/klbb-kaus-2026-08-05?id=ADHUHR,https://villiers.ai/empty-legs/klbb-kaus-2026-08-05?id=ADHUHR,https://villiers.ai/empty-legs/klbb-kaus-2026-08-05?id=ADHUHR,"Wed, 05 Aug 2026 15:25:58 GMT",2026-08-06T00:17:01+00:00
https://villiers.ai/empty-legs/klbb-khou-2026-08-05?id=ADHUHR,inactive,inactive,2026-08-05T22:38:36+00:00,2026-08-05T23:47:01+00:00,2026-08-06T00:17:01+00:00,"Cessna Citation Ultra | Lubbock Preston Smith International Airport → William P. Hobby Airport | $4,515",,Cessna Citation Ultra,KLBB - Lubbock Preston Smith International Airport,KLBB,LBB,Lubbock Preston Smith International Airport,Lubbock,US,KHOU - William P. Hobby Airport,KHOU,HOU,William P Hobby Airport,Houston,US,05 August 2026,2026-08-05,12:00,13:22,1h 23m,"$4,515",4515,USD,$,7,https://villiers.ai/empty-legs/klbb-khou-2026-08-05?id=ADHUHR,https://villiers.ai/empty-legs/klbb-khou-2026-08-05?id=ADHUHR,https://villiers.ai/empty-legs/klbb-khou-2026-08-05?id=ADHUHR,"Thu, 30 Jul 2026 14:21:37 GMT",2026-08-06T00:17:01+00:00
https://villiers.ai/empty-legs/kmry-kase-2026-08-05?id=ADHUHR,inactive,inactive,2026-08-05T22:38:36+00:00,2026-08-05T23:47:01+00:00,2026-08-06T00:17:01+00:00,"Bombardier Challenger 300 | Monterey Peninsula Airport → Aspen-Pitkin County Airport (Sardy Field) | $15,050",,Bombardier Challenger 300,KMRY - Monterey Peninsula Airport,KMRY,MRY,Monterey Regional Airport,Monterey,US,KASE - Aspen-Pitkin County Airport (Sardy Field),KASE,ASE,Aspen-Pitkin County/Sardy Field,Aspen,US,05 August 2026,2026-08-05,12:00,14:02,2h 3m,"$15,050",15050,USD,$,10,https://villiers.ai/empty-legs/kmry-kase-2026-08-05?id=ADHUHR,https://villiers.ai/empty-legs/kmry-kase-2026-08-05?id=ADHUHR,https://villiers.ai/empty-legs/kmry-kase-2026-08-05?id=ADHUHR,"Mon, 03 Aug 2026 15:34:59 GMT",2026-08-06T00:17:01+00:00
https://villiers.ai/empty-legs/kmry-ksna-2026-08-05?id=ADHUHR,inactive,inactive,2026-08-05T22:38:36+00:00,2026-08-05T23:47:01+00:00,2026-08-06T00:17:01+00:00,"Cessna Citation X | Monterey Peninsula Airport → John Wayne Orange County International Airport | $8,600",,Cessna Citation X,KMRY - Monterey Peninsula Airport,KMRY,MRY,Monterey Regional Airport,Monterey,US,KSNA - John Wayne Orange County International Airport,KSNA,SNA,John Wayne/Orange County Airport,Santa Ana,US,05 August 2026,2026-08-05,12:00,13:03,1h 3m,"$8,600",8600,USD,$,12,https://villiers.ai/empty-legs/kmry-ksna-2026-08-05?id=ADHUHR,https://villiers.ai/empty-legs/kmry-ksna-2026-08-05?id=ADHUHR,https://villiers.ai/empty-legs/kmry-ksna-2026-08-05?id=ADHUHR,"Mon, 03 Aug 2026 15:35:03 GMT",2026-08-06T00:17:01+00:00
https://villiers.ai/empty-legs/kmso-kpsc-2026-08-05?id=ADHUHR,inactive,inactive,2026-08-05T22:38:36+00:00,2026-08-05T23:47:01+00:00,2026-08-06T00:17:01+00:00,"Cessna Citation X | Missoula International Airport → Tri Cities Airport | $9,675",,Cessna Citation X,KMSO - Missoula International Airport,KMSO,MSO,Missoula Montana Airport,Missoula,US,KPSC - Tri Cities Airport,KPSC,PSC,Tri-Cities Airport,Pasco,US,05 August 2026,2026-08-05,12:00,12:56,57m,"$9,675",9675,USD,$,12,https://villiers.ai/empty-legs/kmso-kpsc-2026-08-05?id=ADHUHR,https://villiers.ai/empty-legs/kmso-kpsc-2026-08-05?id=ADHUHR,https://villiers.ai/empty-legs/kmso-kpsc-2026-08-05?id=ADHUHR,"Mon, 03 Aug 2026 15:35:04 GMT",2026-08-06T00:17:01+00:00
https://villiers.ai/empty-legs/kmvy-kfok-2026-08-05?id=ADHUHR,inactive,inactive,2026-08-05T22:38:36+00:00,2026-08-05T23:47:01+00:00,2026-08-06T00:17:01+00:00,"Cessna Citation X | Martha's Vineyard Airport → Francis S Gabreski Airport | $8,600",,Cessna Citation X,KMVY - Martha's Vineyard Airport,KMVY,MVY,Martha's Vineyard Airport,Vineyard Haven,US,KFOK - Francis S Gabreski Airport,KFOK,FOK,Francis S Gabreski Airport,Westhampton Beach,US,05 August 2026,2026-08-05,12:00,12:42,42m,"$8,600",8600,USD,$,12,https://villiers.ai/empty-legs/kmvy-kfok-2026-08-05?id=ADHUHR,https://villiers.ai/empty-legs/kmvy-kfok-2026-08-05?id=ADHUHR,https://villiers.ai/empty-legs/kmvy-kfok-2026-08-05?id=ADHUHR,"Mon, 03 Aug 2026 15:35:03 GMT",2026-08-06T00:17:01+00:00
https://villiers.ai/empty-legs/kopf-kteb-2026-08-05?id=ADHUHR,inactive,inactive,2026-08-05T22:38:36+00:00,2026-08-05T23:47:01+00:00,2026-08-06T00:17:01+00:00,"Bombardier Challenger 300 | Miami-Opa Locka Executive Airport → Teterboro Airport | $17,200",,Bombardier Challenger 300,KOPF - Miami-Opa Locka Executive Airport,KOPF,OPF,Miami-Opa Locka Executive Airport,Miami,US,KTEB - Teterboro Airport,KTEB,TEB,Teterboro Airport,Teterboro,US,05 August 2026,2026-08-05,12:00,14:31,2h 31m,"$17,200",17200,USD,$,10,https://villiers.ai/empty-legs/kopf-kteb-2026-08-05?id=ADHUHR,https://villiers.ai/empty-legs/kopf-kteb-2026-08-05?id=ADHUHR,https://villiers.ai/empty-legs/kopf-kteb-2026-08-05?id=ADHUHR,"Mon, 03 Aug 2026 15:34:59 GMT",2026-08-06T00:17:01+00:00
https://villiers.ai/empty-legs/kphx-kteb-2026-08-05?id=ADHUHR,inactive,inactive,2026-08-05T22:38:36+00:00,2026-08-05T23:47:01+00:00,2026-08-06T00:17:01+00:00,"Cessna Citation X | Phoenix Sky Harbor International Airport → Teterboro Airport | $23,650",,Cessna Citation X,KPHX - Phoenix Sky Harbor International Airport,KPHX,PHX,Phoenix Sky Harbor International Airport,Phoenix,US,KTEB - Teterboro Airport,KTEB,TEB,Teterboro Airport,Teterboro,US,05 August 2026,2026-08-05,12:00,16:26,4h 27m,"$23,650",23650,USD,$,12,https://villiers.ai/empty-legs/kphx-kteb-2026-08-05?id=ADHUHR,https://villiers.ai/empty-legs/kphx-kteb-2026-08-05?id=ADHUHR,https://villiers.ai/empty-legs/kphx-kteb-2026-08-05?id=ADHUHR,"Mon, 03 Aug 2026 15:35:04 GMT",2026-08-06T00:17:01+00:00
https://villiers.ai/empty-legs/kpln-kpit-2026-08-05?id=ADHUHR,inactive,inactive,2026-08-05T22:38:36+00:00,2026-08-05T23:47:01+00:00,2026-08-06T00:17:01+00:00,"Cessna Citation X | Pellston Regional Airport of Emmet County Airport → Pittsburgh International Airport | $8,600",,Cessna Citation X,KPLN - Pellston Regional Airport of Emmet County Airport,KPLN,PLN,Pellston Regional/Emmet County Airport,Pellston,US,KPIT - Pittsburgh International Airport,KPIT,PIT,Pittsburgh International Airport,Pittsburgh,US,05 August 2026,2026-08-05,12:00,13:16,1h 17m,"$8,600",8600,USD,$,12,https://villiers.ai/empty-legs/kpln-kpit-2026-08-05?id=ADHUHR,https://villiers.ai/empty-legs/kpln-kpit-2026-08-05?id=ADHUHR,https://villiers.ai/empty-legs/kpln-kpit-2026-08-05?id=ADHUHR,"Mon, 03 Aug 2026 15:35:04 GMT",2026-08-06T00:17:01+00:00
https://villiers.ai/empty-legs/ksbm-kiws-2026-08-05?id=ADHUHR,inactive,inactive,2026-08-05T22:38:36+00:00,2026-08-05T23:47:01+00:00,2026-08-06T00:17:01+00:00,"Pilatus PC 12 NG | Sheboygan County Memorial Airport → West Houston Airport | $12,255",,Pilatus PC 12 NG,KSBM - Sheboygan County Memorial Airport,KSBM,SBM,Sheboygan County Memorial International Airport,Sheboygan,US,KIWS - West Houston Airport,KIWS,IWS,West Houston Airport,Houston,US,05 August 2026,2026-08-05,12:00,14:27,2h 27m,"$12,255",12255,USD,$,7,https://villiers.ai/empty-legs/ksbm-kiws-2026-08-05?id=ADHUHR,https://villiers.ai/empty-legs/ksbm-kiws-2026-08-05?id=ADHUHR,https://villiers.ai/empty-legs/ksbm-kiws-2026-08-05?id=ADHUHR,"Tue, 04 Aug 2026 15:45:18 GMT",2026-08-06T00:17:01+00:00
https://villiers.ai/empty-legs/kslc-panc-2026-08-05?id=ADHUHR,inactive,inactive,2026-08-05T22:38:36+00:00,2026-08-05T23:47:01+00:00,2026-08-06T00:17:01+00:00,"Cessna Citation X | Salt Lake City International Airport → Ted Stevens Anchorage International Airport | $21,500",,Cessna Citation X,KSLC - Salt Lake City International Airport,KSLC,SLC,Salt Lake City International Airport,Salt Lake City,US,PANC - Ted Stevens Anchorage International Airport,PANC,ANC,Ted Stevens Anchorage International Airport,Anchorage,US,05 August 2026,2026-08-05,12:00,16:25,4h 25m,"$21,500",21500,USD,$,12,https://villiers.ai/empty-legs/kslc-panc-2026-08-05?id=ADHUHR,https://villiers.ai/empty-legs/kslc-panc-2026-08-05?id=ADHUHR,https://villiers.ai/empty-legs/kslc-panc-2026-08-05?id=ADHUHR,"Mon, 03 Aug 2026 15:35:04 GMT",2026-08-06T00:17:01+00:00
https://villiers.ai/empty-legs/kteb-kalb-2026-08-05?id=ADHUHR,inactive,inactive,2026-08-05T22:38:36+00:00,2026-08-05T23:47:01+00:00,2026-08-06T00:17:01+00:00,"Cessna Citation X | Teterboro Airport → Albany International Airport | $8,600",,Cessna Citation X,KTEB - Teterboro Airport,KTEB,TEB,Teterboro Airport,Teterboro,US,KALB - Albany International Airport,KALB,ALB,Albany International Airport,Albany,US,05 August 2026,2026-08-05,12:00,12:44,45m,"$8,600",8600,USD,$,12,https://villiers.ai/empty-legs/kteb-kalb-2026-08-05?id=ADHUHR,https://villiers.ai/empty-legs/kteb-kalb-2026-08-05?id=ADHUHR,https://villiers.ai/empty-legs/kteb-kalb-2026-08-05?id=ADHUHR,"Mon, 03 Aug 2026 15:35:02 GMT",2026-08-06T00:17:01+00:00
https://villiers.ai/empty-legs/ktpa-khou-2026-08-05?id=ADHUHR,inactive,inactive,2026-08-05T22:38:36+00:00,2026-08-05T23:47:01+00:00,2026-08-06T00:17:01+00:00,"Cessna Citation Ultra | Tampa International Airport → William P. Hobby Airport | $7,955",,Cessna Citation Ultra,KTPA - Tampa International Airport,KTPA,TPA,Tampa International Airport,Tampa,US,KHOU - William P. Hobby Airport,KHOU,HOU,William P Hobby Airport,Houston,US,05 August 2026,2026-08-05,12:00,13:56,1h 57m,"$7,955",7955,USD,$,7,https://villiers.ai/empty-legs/ktpa-khou-2026-08-05?id=ADHUHR,https://villiers.ai/empty-legs/ktpa-khou-2026-08-05?id=ADHUHR,https://villiers.ai/empty-legs/ktpa-khou-2026-08-05?id=ADHUHR,"Fri, 24 Jul 2026 14:24:02 GMT",2026-08-06T00:17:01+00:00
https://villiers.ai/empty-legs/ktpa-kjka-2026-08-05?id=ADHUHR,inactive,inactive,2026-08-05T22:38:36+00:00,2026-08-05T23:47:01+00:00,2026-08-06T00:17:01+00:00,"Cessna Citation Ultra | Tampa International Airport → Jack Edwards National Airport | $4,193",,Cessna Citation Ultra,KTPA - Tampa International Airport,KTPA,TPA,Tampa International Airport,Tampa,US,KJKA - Jack Edwards National Airport,KJKA,GUF,Gulf Shores International/Jack Edwards Field,Gulf Shores,US,05 August 2026,2026-08-05,12:00,13:08,1h 9m,"$4,193",4193,USD,$,7,https://villiers.ai/empty-legs/ktpa-kjka-2026-08-05?id=ADHUHR,https://villiers.ai/empty-legs/ktpa-kjka-2026-08-05?id=ADHUHR,https://villiers.ai/empty-legs/ktpa-kjka-2026-08-05?id=ADHUHR,"Thu, 30 Jul 2026 14:21:37 GMT",2026-08-06T00:17:01+00:00
https://villiers.ai/empty-legs/ktup-kdwh-2026-08-05?id=ADHUHR,inactive,inactive,2026-08-05T22:38:36+00:00,2026-08-05T23:47:01+00:00,2026-08-06T00:17:01+00:00,"Cessna Citation Ultra | Tupelo Regional Airport → David Wayne Hooks Memorial Airport | $5,590",,Cessna Citation Ultra,KTUP - Tupelo Regional Airport,KTUP,TUP,Tupelo Regional Airport,Tupelo,US,KDWH - David Wayne Hooks Memorial Airport,KDWH,DWH,David Wayne Hooks Memorial Airport,Houston,US,05 August 2026,2026-08-05,12:00,13:24,1h 25m,"$5,590",5590,USD,$,7,https://villiers.ai/empty-legs/ktup-kdwh-2026-08-05?id=ADHUHR,https://villiers.ai/empty-legs/ktup-kdwh-2026-08-05?id=ADHUHR,https://villiers.ai/empty-legs/ktup-kdwh-2026-08-05?id=ADHUHR,"Tue, 04 Aug 2026 15:45:18 GMT",2026-08-06T00:17:01+00:00
https://villiers.ai/empty-legs/ktup-khou-2026-08-05?id=ADHUHR,inactive,inactive,2026-08-05T22:38:36+00:00,2026-08-05T23:47:01+00:00,2026-08-06T00:17:01+00:00,"Cessna Citation Ultra | Tupelo Regional Airport → William P. Hobby Airport | $5,590",,Cessna Citation Ultra,KTUP - Tupelo Regional Airport,KTUP,TUP,Tupelo Regional Airport,Tupelo,US,KHOU - William P. Hobby Airport,KHOU,HOU,William P Hobby Airport,Houston,US,05 August 2026,2026-08-05,12:00,13:25,1h 25m,"$5,590",5590,USD,$,7,https://villiers.ai/empty-legs/ktup-khou-2026-08-05?id=ADHUHR,https://villiers.ai/empty-legs/ktup-khou-2026-08-05?id=ADHUHR,https://villiers.ai/empty-legs/ktup-khou-2026-08-05?id=ADHUHR,"Mon, 27 Jul 2026 17:11:47 GMT",2026-08-06T00:17:01+00:00
https://villiers.ai/empty-legs/kunv-kalb-2026-08-05?id=ADHUHR,inactive,inactive,2026-08-05T22:38:36+00:00,2026-08-05T23:47:01+00:00,2026-08-06T00:17:01+00:00,"Cessna Citation X | State College Regional Airport → Albany International Airport | $8,600",,Cessna Citation X,KUNV - State College Regional Airport,KUNV,SCE,State College Regional Airport,State College,US,KALB - Albany International Airport,KALB,ALB,Albany International Airport,Albany,US,05 August 2026,2026-08-05,12:00,12:57,57m,"$8,600",8600,USD,$,12,https://villiers.ai/empty-legs/kunv-kalb-2026-08-05?id=ADHUHR,https://villiers.ai/empty-legs/kunv-kalb-2026-08-05?id=ADHUHR,https://villiers.ai/empty-legs/kunv-kalb-2026-08-05?id=ADHUHR,"Mon, 03 Aug 2026 15:35:04 GMT",2026-08-06T00:17:01+00:00
https://villiers.ai/empty-legs/kvgt-kcrq-2026-08-05?id=ADHUHR,inactive,inactive,2026-08-05T22:38:36+00:00,2026-08-05T23:47:01+00:00,2026-08-06T00:17:01+00:00,"Beechjet 400XP | North Las Vegas Metropolitan International Airport → McClellan-Palomar Airport | $6,396",,Beechjet 400XP,KVGT - North Las Vegas Metropolitan International Airport,KVGT,VGT,North Las Vegas Airport,Las Vegas,US,KCRQ - McClellan-Palomar Airport,KCRQ,CLD,Mc Clellan-Palomar Airport,Carlsbad,US,05 August 2026,2026-08-05,12:00,12:57,57m,"$6,396",6396,USD,$,8,https://villiers.ai/empty-legs/kvgt-kcrq-2026-08-05?id=ADHUHR,https://villiers.ai/empty-legs/kvgt-kcrq-2026-08-05?id=ADHUHR,https://villiers.ai/empty-legs/kvgt-kcrq-2026-08-05?id=ADHUHR,"Wed, 29 Jul 2026 01:11:07 GMT",2026-08-06T00:17:01+00:00
https://villiers.ai/empty-legs/kvny-ksdm-2026-08-05?id=ADHUHR,inactive,inactive,2026-08-05T22:38:36+00:00,2026-08-05T23:47:01+00:00,2026-08-06T00:17:01+00:00,"Cessna Citation X | Van Nuys Airport → Brown Field Municipal Airport | $8,600",,Cessna Citation X,KVNY - Van Nuys Airport,KVNY,VNY,Van Nuys Airport,Van Nuys,US,KSDM - Brown Field Municipal Airport,KSDM,SDM,Brown Field Municipal Airport,San Diego,US,05 August 2026,2026-08-05,12:00,12:45,46m,"$8,600",8600,USD,$,12,https://villiers.ai/empty-legs/kvny-ksdm-2026-08-05?id=ADHUHR,https://villiers.ai/empty-legs/kvny-ksdm-2026-08-05?id=ADHUHR,https://villiers.ai/empty-legs/kvny-ksdm-2026-08-05?id=ADHUHR,"Mon, 03 Aug 2026 15:35:02 GMT",2026-08-06T00:17:01+00:00
https://villiers.ai/empty-legs/kvny-kslc-2026-08-05?id=ADHUHR,inactive,inactive,2026-08-05T22:38:36+00:00,2026-08-05T23:47:01+00:00,2026-08-06T00:17:01+00:00,"Bombardier Challenger 300 | Van Nuys Airport → Salt Lake City International Airport | $9,675",,Bombardier Challenger 300,KVNY - Van Nuys Airport,KVNY,VNY,Van Nuys Airport,Van Nuys,US,KSLC - Salt Lake City International Airport,KSLC,SLC,Salt Lake City International Airport,Salt Lake City,US,05 August 2026,2026-08-05,12:00,13:34,1h 34m,"$9,675",9675,USD,$,10,https://villiers.ai/empty-legs/kvny-kslc-2026-08-05?id=ADHUHR,https://villiers.ai/empty-legs/kvny-kslc-2026-08-05?id=ADHUHR,https://villiers.ai/empty-legs/kvny-kslc-2026-08-05?id=ADHUHR,"Mon, 03 Aug 2026 15:34:59 GMT",2026-08-06T00:17:01+00:00
https://villiers.ai/empty-legs/skgp-panc-2026-08-05?id=ADHUHR,inactive,inactive,2026-08-05T22:38:36+00:00,2026-08-05T23:47:01+00:00,2026-08-06T00:17:01+00:00,"Cessna Citation X | Juan Casiano Airport → Ted Stevens Anchorage International Airport | $21,500",,Cessna Citation X,SKGP - Juan Casiano Airport,SKGP,GPI,Juan Casiano Airport,Guapi,CO,PANC - Ted Stevens Anchorage International Airport,PANC,ANC,Ted Stevens Anchorage International Airport,Anchorage,US,05 August 2026,2026-08-05,12:00,22:37,10h 37m,"$21,500",21500,USD,$,12,https://villiers.ai/empty-legs/skgp-panc-2026-08-05?id=ADHUHR,https://villiers.ai/empty-legs/skgp-panc-2026-08-05?id=ADHUHR,https://villiers.ai/empty-legs/skgp-panc-2026-08-05?id=ADHUHR,"Mon, 03 Aug 2026 15:35:03 GMT",2026-08-06T00:17:01+00:00
https://villiers.ai/empty-legs/kbfi-kcrq-citation-cj3-2026-08-06-4044f78f?id=ADHUHR,inactive,inactive,2026-08-06T04:17:02+00:00,2026-08-06T23:47:02+00:00,2026-08-07T00:17:01+00:00,"Citation CJ3 | Boeing Field King County International Airport → McClellan-Palomar Airport | $10,213",,Citation CJ3,KBFI - Boeing Field King County International Airport,KBFI,BFI,Boeing Field/King County International Airport,Seattle,US,KCRQ - McClellan-Palomar Airport,KCRQ,CLD,Mc Clellan-Palomar Airport,Carlsbad,US,06 August 2026,2026-08-06,12:00,14:24,2h 24m,"$10,213",10213,USD,$,7,https://villiers.ai/empty-legs/kbfi-kcrq-citation-cj3-2026-08-06-4044f78f?id=ADHUHR,https://villiers.ai/empty-legs/kbfi-kcrq-citation-cj3-2026-08-06-4044f78f?id=ADHUHR,https://villiers.ai/empty-legs/kbfi-kcrq-citation-cj3-2026-08-06-4044f78f?id=ADHUHR,"Thu, 06 Aug 2026 04:11:22 GMT",2026-08-07T00:17:01+00:00
https://villiers.ai/empty-legs/kiws-ksbm-2026-08-06?id=ADHUHR,inactive,inactive,2026-08-05T22:38:36+00:00,2026-08-06T23:47:02+00:00,2026-08-07T00:17:01+00:00,"Pilatus PC 12 NG | West Houston Airport → Sheboygan County Memorial Airport | $8,385",,Pilatus PC 12 NG,KIWS - West Houston Airport,KIWS,IWS,West Houston Airport,Houston,US,KSBM - Sheboygan County Memorial Airport,KSBM,SBM,Sheboygan County Memorial International Airport,Sheboygan,US,06 August 2026,2026-08-06,12:00,14:27,2h 27m,"$8,385",8385,USD,$,7,https://villiers.ai/empty-legs/kiws-ksbm-2026-08-06?id=ADHUHR,https://villiers.ai/empty-legs/kiws-ksbm-2026-08-06?id=ADHUHR,https://villiers.ai/empty-legs/kiws-ksbm-2026-08-06?id=ADHUHR,"Tue, 04 Aug 2026 15:45:18 GMT",2026-08-07T00:17:01+00:00
https://villiers.ai/empty-legs/kpdk-kbna-2026-08-06?id=ADHUHR,inactive,inactive,2026-08-05T22:38:36+00:00,2026-08-06T23:47:02+00:00,2026-08-07T00:17:01+00:00,"Cessna Citation V | DeKalb Peachtree Airport → Nashville International Airport | $3,118",,Cessna Citation V,KPDK - DeKalb Peachtree Airport,KPDK,PDK,Dekalb-Peachtree Airport,Atlanta,US,KBNA - Nashville International Airport,KBNA,BNA,Nashville International Airport,Nashville,US,06 August 2026,2026-08-06,12:00,12:52,53m,"$3,118",3118,USD,$,7,https://villiers.ai/empty-legs/kpdk-kbna-2026-08-06?id=ADHUHR,https://villiers.ai/empty-legs/kpdk-kbna-2026-08-06?id=ADHUHR,https://villiers.ai/empty-legs/kpdk-kbna-2026-08-06?id=ADHUHR,"Sat, 18 Jul 2026 16:59:38 GMT",2026-08-07T00:17:01+00:00
https://villiers.ai/empty-legs/kpdk-khou-2026-08-06?id=ADHUHR,inactive,inactive,2026-08-05T22:38:36+00:00,2026-08-06T23:47:02+00:00,2026-08-07T00:17:01+00:00,"Cessna Citation V | DeKalb Peachtree Airport → William P. Hobby Airport | $7,955",,Cessna Citation V,KPDK - DeKalb Peachtree Airport,KPDK,PDK,Dekalb-Peachtree Airport,Atlanta,US,KHOU - William P. Hobby Airport,KHOU,HOU,William P Hobby Airport,Houston,US,06 August 2026,2026-08-06,12:00,13:48,1h 48m,"$7,955",7955,USD,$,7,https://villiers.ai/empty-legs/kpdk-khou-2026-08-06?id=ADHUHR,https://villiers.ai/empty-legs/kpdk-khou-2026-08-06?id=ADHUHR,https://villiers.ai/empty-legs/kpdk-khou-2026-08-06?id=ADHUHR,"Mon, 20 Jul 2026 13:55:03 GMT",2026-08-07T00:17:01+00:00
https://villiers.ai/empty-legs/ktrk-kcrq-2026-08-06?id=ADHUHR,inactive,inactive,2026-08-05T22:38:36+00:00,2026-08-06T23:47:02+00:00,2026-08-07T00:17:01+00:00,"Hawker 900XP | Truckee Tahoe Airport → McClellan-Palomar Airport | $10,750",,Hawker 900XP,KTRK - Truckee Tahoe Airport,KTRK,TKF,Truckee-Tahoe Airport,Truckee,US,KCRQ - McClellan-Palomar Airport,KCRQ,CLD,Mc Clellan-Palomar Airport,Carlsbad,US,06 August 2026,2026-08-06,12:00,13:20,1h 21m,"$10,750",10750,USD,$,9,https://villiers.ai/empty-legs/ktrk-kcrq-2026-08-06?id=ADHUHR,https://villiers.ai/empty-legs/ktrk-kcrq-2026-08-06?id=ADHUHR,https://villiers.ai/empty-legs/ktrk-kcrq-2026-08-06?id=ADHUHR,"Wed, 29 Jul 2026 01:11:07 GMT",2026-08-07T00:17:01+00:00
https://villiers.ai/empty-legs/kabe-kged-citation-x-2026-08-07-b53ab82c?id=ADHUHR,inactive,inactive,2026-08-07T14:47:01+00:00,2026-08-07T23:47:01+00:00,2026-08-08T00:17:02+00:00,"Citation X | Lehigh Valley International Airport → Delaware Coastal Airport | $8,600",,Citation X,KABE - Lehigh Valley International Airport,KABE,ABE,Lehigh Valley International Airport,Allentown,US,KGED - Delaware Coastal Airport,KGED,GED,Delaware Coastal Airport,Georgetown,US,07 August 2026,2026-08-07,12:00,12:45,45m,"$8,600",8600,USD,$,12,https://villiers.ai/empty-legs/kabe-kged-citation-x-2026-08-07-b53ab82c?id=ADHUHR,https://villiers.ai/empty-legs/kabe-kged-citation-x-2026-08-07-b53ab82c?id=ADHUHR,https://villiers.ai/empty-legs/kabe-kged-citation-x-2026-08-07-b53ab82c?id=ADHUHR,"Fri, 07 Aug 2026 14:22:59 GMT",2026-08-08T00:17:02+00:00
https://villiers.ai/empty-legs/kack-kpwm-citation-x-2026-08-07-eef27cd3?id=ADHUHR,inactive,inactive,2026-08-07T14:47:01+00:00,2026-08-07T23:47:01+00:00,2026-08-08T00:17:02+00:00,"Citation X | Nantucket Memorial Airport → Portland International Jetport | $8,600",,Citation X,KACK - Nantucket Memorial Airport,KACK,ACK,Nantucket Memorial Airport,Nantucket,US,KPWM - Portland International Jetport,KPWM,PWM,Portland International Jetport Airport,Portland,US,07 August 2026,2026-08-07,12:00,12:48,48m,"$8,600",8600,USD,$,12,https://villiers.ai/empty-legs/kack-kpwm-citation-x-2026-08-07-eef27cd3?id=ADHUHR,https://villiers.ai/empty-legs/kack-kpwm-citation-x-2026-08-07-eef27cd3?id=ADHUHR,https://villiers.ai/empty-legs/kack-kpwm-citation-x-2026-08-07-eef27cd3?id=ADHUHR,"Fri, 07 Aug 2026 14:22:59 GMT",2026-08-08T00:17:02+00:00
https://villiers.ai/empty-legs/kalb-kphl-citation-x-2026-08-07-d0dce147?id=ADHUHR,inactive,inactive,2026-08-07T14:47:01+00:00,2026-08-07T23:47:01+00:00,2026-08-08T00:17:02+00:00,"Citation X | Albany International Airport → Philadelphia International Airport | $8,600",,Citation X,KALB - Albany International Airport,KALB,ALB,Albany International Airport,Albany,US,KPHL - Philadelphia International Airport,KPHL,PHL,Philadelphia International Airport,Philadelphia,US,07 August 2026,2026-08-07,12:00,12:53,54m,"$8,600",8600,USD,$,12,https://villiers.ai/empty-legs/kalb-kphl-citation-x-2026-08-07-d0dce147?id=ADHUHR,https://villiers.ai/empty-legs/kalb-kphl-citation-x-2026-08-07-d0dce147?id=ADHUHR,https://villiers.ai/empty-legs/kalb-kphl-citation-x-2026-08-07-d0dce147?id=ADHUHR,"Fri, 07 Aug 2026 14:22:59 GMT",2026-08-08T00:17:02+00:00
https://villiers.ai/empty-legs/kapf-kopf-challenger-300-2026-08-07-9510f31c?id=ADHUHR,inactive,inactive,2026-08-07T14:47:01+00:00,2026-08-07T23:47:01+00:00,2026-08-08T00:17:02+00:00,"Challenger 300 | Naples Municipal Airport → Miami-Opa Locka Executive Airport | $8,600",,Challenger 300,KAPF - Naples Municipal Airport,KAPF,APF,Naples Municipal Airport,Naples,US,KOPF - Miami-Opa Locka Executive Airport,KOPF,OPF,Miami-Opa Locka Executive Airport,Miami,US,07 August 2026,2026-08-07,12:00,12:40,40m,"$8,600",8600,USD,$,10,https://villiers.ai/empty-legs/kapf-kopf-challenger-300-2026-08-07-9510f31c?id=ADHUHR,https://villiers.ai/empty-legs/kapf-kopf-challenger-300-2026-08-07-9510f31c?id=ADHUHR,https://villiers.ai/empty-legs/kapf-kopf-challenger-300-2026-08-07-9510f31c?id=ADHUHR,"Fri, 07 Aug 2026 14:22:53 GMT",2026-08-08T00:17:02+00:00
https://villiers.ai/empty-legs/kaus-khou-cessna-citation-v-2026-08-07-ff14f2b9?id=ADHUHR,inactive,inactive,2026-08-06T15:47:01+00:00,2026-08-07T23:47:01+00:00,2026-08-08T00:17:02+00:00,"Cessna Citation V | Austin Bergstrom International Airport → William P. Hobby Airport | $2,150",,Cessna Citation V,KAUS - Austin Bergstrom International Airport,KAUS,AUS,Austin-Bergstrom International Airport,Austin,US,KHOU - William P. Hobby Airport,KHOU,HOU,William P Hobby Airport,Houston,US,07 August 2026,2026-08-07,12:00,12:46,46m,"$2,150",2150,USD,$,7,https://villiers.ai/empty-legs/kaus-khou-cessna-citation-v-2026-08-07-ff14f2b9?id=ADHUHR,https://villiers.ai/empty-legs/kaus-khou-cessna-citation-v-2026-08-07-ff14f2b9?id=ADHUHR,https://villiers.ai/empty-legs/kaus-khou-cessna-citation-v-2026-08-07-ff14f2b9?id=ADHUHR,"Thu, 06 Aug 2026 15:26:13 GMT",2026-08-08T00:17:02+00:00
https://villiers.ai/empty-legs/kavl-kmvy-challenger-300-2026-08-07-9a52d15a?id=ADHUHR,inactive,inactive,2026-08-07T14:47:01+00:00,2026-08-07T23:47:01+00:00,2026-08-08T00:17:02+00:00,"Challenger 300 | Asheville Regional Airport → Martha's Vineyard Airport | $9,675",,Challenger 300,KAVL - Asheville Regional Airport,KAVL,AVL,Asheville Regional Airport,Asheville,US,KMVY - Martha's Vineyard Airport,KMVY,MVY,Martha's Vineyard Airport,Vineyard Haven,US,07 August 2026,2026-08-07,12:00,13:54,1h 55m,"$9,675",9675,USD,$,10,https://villiers.ai/empty-legs/kavl-kmvy-challenger-300-2026-08-07-9a52d15a?id=ADHUHR,https://villiers.ai/empty-legs/kavl-kmvy-challenger-300-2026-08-07-9a52d15a?id=ADHUHR,https://villiers.ai/empty-legs/kavl-kmvy-challenger-300-2026-08-07-9a52d15a?id=ADHUHR,"Fri, 07 Aug 2026 14:22:53 GMT",2026-08-08T00:17:02+00:00
https://villiers.ai/empty-legs/kcrq-kpsp-citation-cj3-2026-08-07-42f33ac9?id=ADHUHR,inactive,inactive,2026-08-06T04:17:02+00:00,2026-08-07T23:47:01+00:00,2026-08-08T00:17:02+00:00,"Citation CJ3 | McClellan-Palomar Airport → Palm Springs International Airport | $4,838",,Citation CJ3,KCRQ - McClellan-Palomar Airport,KCRQ,CLD,Mc Clellan-Palomar Airport,Carlsbad,US,KPSP - Palm Springs International Airport,KPSP,PSP,Palm Springs International Airport,Palm Springs,US,07 August 2026,2026-08-07,12:00,12:37,37m,"$4,838",4838,USD,$,7,https://villiers.ai/empty-legs/kcrq-kpsp-citation-cj3-2026-08-07-42f33ac9?id=ADHUHR,https://villiers.ai/empty-legs/kcrq-kpsp-citation-cj3-2026-08-07-42f33ac9?id=ADHUHR,https://villiers.ai/empty-legs/kcrq-kpsp-citation-cj3-2026-08-07-42f33ac9?id=ADHUHR,"Thu, 06 Aug 2026 04:11:23 GMT",2026-08-08T00:17:02+00:00
https://villiers.ai/empty-legs/kcrq-ktrk-2026-08-07?id=ADHUHR,inactive,inactive,2026-08-05T22:38:36+00:00,2026-08-07T23:47:01+00:00,2026-08-08T00:17:02+00:00,"Citation CJ3 | McClellan-Palomar Airport → Truckee Tahoe Airport | $8,600",,Citation CJ3,KCRQ - McClellan-Palomar Airport,KCRQ,CLD,Mc Clellan-Palomar Airport,Carlsbad,US,KTRK - Truckee Tahoe Airport,KTRK,TKF,Truckee-Tahoe Airport,Truckee,US,07 August 2026,2026-08-07,12:00,13:20,1h 21m,"$8,600",8600,USD,$,8,https://villiers.ai/empty-legs/kcrq-ktrk-2026-08-07?id=ADHUHR,https://villiers.ai/empty-legs/kcrq-ktrk-2026-08-07?id=ADHUHR,https://villiers.ai/empty-legs/kcrq-ktrk-2026-08-07?id=ADHUHR,"Wed, 29 Jul 2026 01:11:07 GMT",2026-08-08T00:17:02+00:00
https://villiers.ai/empty-legs/kdzb-khou-cessna-citation-ultra-2026-08-07-799cc8e1?id=ADHUHR,inactive,inactive,2026-08-06T15:47:01+00:00,2026-08-07T23:47:01+00:00,2026-08-08T00:17:02+00:00,"Cessna Citation Ultra | Horseshoe Bay Resort Airport → William P. Hobby Airport | $2,473",,Cessna Citation Ultra,KDZB - Horseshoe Bay Resort Airport,KDZB,,Horseshoe Bay Resort Airport,Horseshoe Bay,US,KHOU - William P. Hobby Airport,KHOU,HOU,William P Hobby Airport,Houston,US,07 August 2026,2026-08-07,12:00,12:51,51m,"$2,473",2473,USD,$,7,https://villiers.ai/empty-legs/kdzb-khou-cessna-citation-ultra-2026-08-07-799cc8e1?id=ADHUHR,https://villiers.ai/empty-legs/kdzb-khou-cessna-citation-ultra-2026-08-07-799cc8e1?id=ADHUHR,https://villiers.ai/empty-legs/kdzb-khou-cessna-citation-ultra-2026-08-07-799cc8e1?id=ADHUHR,"Thu, 06 Aug 2026 15:26:13 GMT",2026-08-08T00:17:02+00:00
https://villiers.ai/empty-legs/kdzb-ksat-citation-x-2026-08-07-ef6b259e?id=ADHUHR,inactive,inactive,2026-08-07T14:47:01+00:00,2026-08-07T23:47:01+00:00,2026-08-08T00:17:02+00:00,"Citation X | Horseshoe Bay Resort Airport → San Antonio International Airport | $8,600",,Citation X,KDZB - Horseshoe Bay Resort Airport,KDZB,,Horseshoe Bay Resort Airport,Horseshoe Bay,US,KSAT - San Antonio International Airport,KSAT,SAT,San Antonio International Airport,San Antonio,US,07 August 2026,2026-08-07,12:00,12:37,38m,"$8,600",8600,USD,$,12,https://villiers.ai/empty-legs/kdzb-ksat-citation-x-2026-08-07-ef6b259e?id=ADHUHR,https://villiers.ai/empty-legs/kdzb-ksat-citation-x-2026-08-07-ef6b259e?id=ADHUHR,https://villiers.ai/empty-legs/kdzb-ksat-citation-x-2026-08-07-ef6b259e?id=ADHUHR,"Fri, 07 Aug 2026 14:23:00 GMT",2026-08-08T00:17:02+00:00
https://villiers.ai/empty-legs/kfok-kcle-citation-x-2026-08-07-f8497a9b?id=ADHUHR,inactive,inactive,2026-08-07T14:47:01+00:00,2026-08-07T23:47:01+00:00,2026-08-08T00:17:02+00:00,"Citation X | Francis S Gabreski Airport → Cleveland Hopkins International Airport | $10,750",,Citation X,KFOK - Francis S Gabreski Airport,KFOK,FOK,Francis S Gabreski Airport,Westhampton Beach,US,KCLE - Cleveland Hopkins International Airport,KCLE,CLE,Cleveland-Hopkins International Airport,Cleveland,US,07 August 2026,2026-08-07,12:00,13:23,1h 23m,"$10,750",10750,USD,$,12,https://villiers.ai/empty-legs/kfok-kcle-citation-x-2026-08-07-f8497a9b?id=ADHUHR,https://villiers.ai/empty-legs/kfok-kcle-citation-x-2026-08-07-f8497a9b?id=ADHUHR,https://villiers.ai/empty-legs/kfok-kcle-citation-x-2026-08-07-f8497a9b?id=ADHUHR,"Fri, 07 Aug 2026 14:23:00 GMT",2026-08-08T00:17:02+00:00
https://villiers.ai/empty-legs/kfok-kteb-challenger-300-2026-08-07-15b46e24?id=ADHUHR,inactive,inactive,2026-08-07T14:47:01+00:00,2026-08-07T23:47:01+00:00,2026-08-08T00:17:02+00:00,"Challenger 300 | Francis S Gabreski Airport → Teterboro Airport | $8,600",,Challenger 300,KFOK - Francis S Gabreski Airport,KFOK,FOK,Francis S Gabreski Airport,Westhampton Beach,US,KTEB - Teterboro Airport,KTEB,TEB,Teterboro Airport,Teterboro,US,07 August 2026,2026-08-07,12:00,12:38,38m,"$8,600",8600,USD,$,10,https://villiers.ai/empty-legs/kfok-kteb-challenger-300-2026-08-07-15b46e24?id=ADHUHR,https://villiers.ai/empty-legs/kfok-kteb-challenger-300-2026-08-07-15b46e24?id=ADHUHR,https://villiers.ai/empty-legs/kfok-kteb-challenger-300-2026-08-07-15b46e24?id=ADHUHR,"Fri, 07 Aug 2026 14:22:53 GMT",2026-08-08T00:17:02+00:00
https://villiers.ai/empty-legs/kftw-kase-challenger-300-2026-08-07-8e7f49ca?id=ADHUHR,inactive,inactive,2026-08-07T14:47:01+00:00,2026-08-07T23:47:01+00:00,2026-08-08T00:17:02+00:00,"Challenger 300 | Fort Worth Meacham International Airport → Aspen-Pitkin County Airport (Sardy Field) | $15,050",,Challenger 300,KFTW - Fort Worth Meacham International Airport,KFTW,FTW,Fort Worth Meacham International Airport,Fort Worth,US,KASE - Aspen-Pitkin County Airport (Sardy Field),KASE,ASE,Aspen-Pitkin County/Sardy Field,Aspen,US,07 August 2026,2026-08-07,12:00,13:46,1h 47m,"$15,050",15050,USD,$,10,https://villiers.ai/empty-legs/kftw-kase-challenger-300-2026-08-07-8e7f49ca?id=ADHUHR,https://villiers.ai/empty-legs/kftw-kase-challenger-300-2026-08-07-8e7f49ca?id=ADHUHR,https://villiers.ai/empty-legs/kftw-kase-challenger-300-2026-08-07-8e7f49ca?id=ADHUHR,"Fri, 07 Aug 2026 14:22:53 GMT",2026-08-08T00:17:02+00:00
https://villiers.ai/empty-legs/khou-khdn-cessna-citation-ultra-2026-08-07-62b66db1?id=ADHUHR,inactive,inactive,2026-08-06T15:47:01+00:00,2026-08-07T23:47:01+00:00,2026-08-08T00:17:02+00:00,"Cessna Citation Ultra | William P. Hobby Airport → Yampa Valley Airport | $9,998",,Cessna Citation Ultra,KHOU - William P. Hobby Airport,KHOU,HOU,William P Hobby Airport,Houston,US,KHDN - Yampa Valley Airport,KHDN,HDN,Yampa Valley Airport,Hayden,US,07 August 2026,2026-08-07,12:00,14:21,2h 22m,"$9,998",9998,USD,$,7,https://villiers.ai/empty-legs/khou-khdn-cessna-citation-ultra-2026-08-07-62b66db1?id=ADHUHR,https://villiers.ai/empty-legs/khou-khdn-cessna-citation-ultra-2026-08-07-62b66db1?id=ADHUHR,https://villiers.ai/empty-legs/khou-khdn-cessna-citation-ultra-2026-08-07-62b66db1?id=ADHUHR,"Thu, 06 Aug 2026 15:26:13 GMT",2026-08-08T00:17:02+00:00
https://villiers.ai/empty-legs/khou-khum-cessna-citation-v-2026-08-07-a9c86c3d?id=ADHUHR,inactive,inactive,2026-08-07T14:47:01+00:00,2026-08-07T23:47:01+00:00,2026-08-08T00:17:02+00:00,"Cessna Citation V | William P. Hobby Airport → Houma Terrebonne Airport | $3,118",,Cessna Citation V,KHOU - William P. Hobby Airport,KHOU,HOU,William P Hobby Airport,Houston,US,KHUM - Houma Terrebonne Airport,KHUM,HUM,Houma-Terrebonne Airport,Houma,US,07 August 2026,2026-08-07,12:00,13:00,1h 1m,"$3,118",3118,USD,$,7,https://villiers.ai/empty-legs/khou-khum-cessna-citation-v-2026-08-07-a9c86c3d?id=ADHUHR,https://villiers.ai/empty-legs/khou-khum-cessna-citation-v-2026-08-07-a9c86c3d?id=ADHUHR,https://villiers.ai/empty-legs/khou-khum-cessna-citation-v-2026-08-07-a9c86c3d?id=ADHUHR,"Fri, 07 Aug 2026 14:24:20 GMT",2026-08-08T00:17:02+00:00
https://villiers.ai/empty-legs/khou-ksbm-2026-08-07?id=ADHUHR,inactive,inactive,2026-08-05T22:38:36+00:00,2026-08-07T23:47:01+00:00,2026-08-08T00:17:02+00:00,"Pilatus PC 12 NG | William P. Hobby Airport → Sheboygan County Memorial Airport | $8,385",,Pilatus PC 12 NG,KHOU - William P. Hobby Airport,KHOU,HOU,William P Hobby Airport,Houston,US,KSBM - Sheboygan County Memorial Airport,KSBM,SBM,Sheboygan County Memorial International Airport,Sheboygan,US,07 August 2026,2026-08-07,12:00,14:27,2h 27m,"$8,385",8385,USD,$,7,https://villiers.ai/empty-legs/khou-ksbm-2026-08-07?id=ADHUHR,https://villiers.ai/empty-legs/khou-ksbm-2026-08-07?id=ADHUHR,https://villiers.ai/empty-legs/khou-ksbm-2026-08-07?id=ADHUHR,"Sat, 11 Jul 2026 14:07:49 GMT",2026-08-08T00:17:02+00:00
https://villiers.ai/empty-legs/kjac-cyvr-challenger-300-2026-08-07-2f989701?id=ADHUHR,inactive,inactive,2026-08-07T14:47:01+00:00,2026-08-07T23:47:01+00:00,2026-08-08T00:17:02+00:00,"Challenger 300 | Jackson Hole Airport → Vancouver International Airport | $9,675",,Challenger 300,KJAC - Jackson Hole Airport,KJAC,JAC,Jackson Hole Airport,Jackson,US,CYVR - Vancouver International Airport,CYVR,YVR,Vancouver International Airport,Richmond,CA,07 August 2026,2026-08-07,12:00,13:48,1h 48m,"$9,675",9675,USD,$,10,https://villiers.ai/empty-legs/kjac-cyvr-challenger-300-2026-08-07-2f989701?id=ADHUHR,https://villiers.ai/empty-legs/kjac-cyvr-challenger-300-2026-08-07-2f989701?id=ADHUHR,https://villiers.ai/empty-legs/kjac-cyvr-challenger-300-2026-08-07-2f989701?id=ADHUHR,"Fri, 07 Aug 2026 14:22:54 GMT",2026-08-08T00:17:02+00:00
https://villiers.ai/empty-legs/kjac-ksna-citation-x-2026-08-07-6c069251?id=ADHUHR,inactive,inactive,2026-08-07T14:47:01+00:00,2026-08-07T23:47:01+00:00,2026-08-08T00:17:02+00:00,"Citation X | Jackson Hole Airport → John Wayne Orange County International Airport | $10,750",,Citation X,KJAC - Jackson Hole Airport,KJAC,JAC,Jackson Hole Airport,Jackson,US,KSNA - John Wayne Orange County International Airport,KSNA,SNA,John Wayne/Orange County Airport,Santa Ana,US,07 August 2026,2026-08-07,12:00,13:57,1h 57m,"$10,750",10750,USD,$,12,https://villiers.ai/empty-legs/kjac-ksna-citation-x-2026-08-07-6c069251?id=ADHUHR,https://villiers.ai/empty-legs/kjac-ksna-citation-x-2026-08-07-6c069251?id=ADHUHR,https://villiers.ai/empty-legs/kjac-ksna-citation-x-2026-08-07-6c069251?id=ADHUHR,"Fri, 07 Aug 2026 14:23:00 GMT",2026-08-08T00:17:02+00:00
https://villiers.ai/empty-legs/kmke-krst-citation-x-2026-08-07-9a822a4f?id=ADHUHR,inactive,inactive,2026-08-07T14:47:01+00:00,2026-08-07T23:47:01+00:00,2026-08-08T00:17:02+00:00,"Citation X | General Mitchell International Airport → Rochester International Airport | $8,600",,Citation X,KMKE - General Mitchell International Airport,KMKE,MKE,General Mitchell International Airport,Milwaukee,US,KRST - Rochester International Airport,KRST,RST,Rochester International Airport,Rochester,US,07 August 2026,2026-08-07,12:00,12:56,57m,"$8,600",8600,USD,$,12,https://villiers.ai/empty-legs/kmke-krst-citation-x-2026-08-07-9a822a4f?id=ADHUHR,https://villiers.ai/empty-legs/kmke-krst-citation-x-2026-08-07-9a822a4f?id=ADHUHR,https://villiers.ai/empty-legs/kmke-krst-citation-x-2026-08-07-9a822a4f?id=ADHUHR,"Fri, 07 Aug 2026 14:23:00 GMT",2026-08-08T00:17:02+00:00
https://villiers.ai/empty-legs/kmmu-kteb-challenger-300-2026-08-07-b2804f87?id=ADHUHR,inactive,inactive,2026-08-07T14:47:01+00:00,2026-08-07T23:47:01+00:00,2026-08-08T00:17:02+00:00,"Challenger 300 | Morristown Municipal Airport → Teterboro Airport | $8,600",,Challenger 300,KMMU - Morristown Municipal Airport,KMMU,MMU,Morristown Municipal Airport,Morristown,US,KTEB - Teterboro Airport,KTEB,TEB,Teterboro Airport,Teterboro,US,07 August 2026,2026-08-07,12:00,12:32,32m,"$8,600",8600,USD,$,10,https://villiers.ai/empty-legs/kmmu-kteb-challenger-300-2026-08-07-b2804f87?id=ADHUHR,https://villiers.ai/empty-legs/kmmu-kteb-challenger-300-2026-08-07-b2804f87?id=ADHUHR,https://villiers.ai/empty-legs/kmmu-kteb-challenger-300-2026-08-07-b2804f87?id=ADHUHR,"Fri, 07 Aug 2026 14:22:54 GMT",2026-08-08T00:17:02+00:00
https://villiers.ai/empty-legs/kmsy-kdal-challenger-300-2026-08-07-bb747189?id=ADHUHR,inactive,inactive,2026-08-07T14:47:01+00:00,2026-08-07T23:47:01+00:00,2026-08-08T00:17:02+00:00,"Challenger 300 | Louis Armstrong New Orleans International Airport → Dallas Love Field | $9,675",,Challenger 300,KMSY - Louis Armstrong New Orleans International Airport,KMSY,MSY,Louis Armstrong New Orleans International Airport,New Orleans,US,KDAL - Dallas Love Field,KDAL,DAL,Dallas Love Field,Dallas,US,07 August 2026,2026-08-07,12:00,13:18,1h 18m,"$9,675",9675,USD,$,10,https://villiers.ai/empty-legs/kmsy-kdal-challenger-300-2026-08-07-bb747189?id=ADHUHR,https://villiers.ai/empty-legs/kmsy-kdal-challenger-300-2026-08-07-bb747189?id=ADHUHR,https://villiers.ai/empty-legs/kmsy-kdal-challenger-300-2026-08-07-bb747189?id=ADHUHR,"Fri, 07 Aug 2026 14:22:54 GMT",2026-08-08T00:17:02+00:00
https://villiers.ai/empty-legs/knuq-ksan-challenger-300-2026-08-07-bb3ed468?id=ADHUHR,inactive,inactive,2026-08-07T14:47:01+00:00,2026-08-07T23:47:01+00:00,2026-08-08T00:17:02+00:00,"Challenger 300 | Moffett Federal Airfield → San Diego International Airport | $8,600",,Challenger 300,KNUQ - Moffett Federal Airfield,KNUQ,NUQ,Moffett Federal Airfield,Mountain View,US,KSAN - San Diego International Airport,KSAN,SAN,San Diego International Airport,San Diego,US,07 August 2026,2026-08-07,12:00,13:17,1h 17m,"$8,600",8600,USD,$,10,https://villiers.ai/empty-legs/knuq-ksan-challenger-300-2026-08-07-bb3ed468?id=ADHUHR,https://villiers.ai/empty-legs/knuq-ksan-challenger-300-2026-08-07-bb3ed468?id=ADHUHR,https://villiers.ai/empty-legs/knuq-ksan-challenger-300-2026-08-07-bb3ed468?id=ADHUHR,"Fri, 07 Aug 2026 14:22:54 GMT",2026-08-08T00:17:02+00:00
https://villiers.ai/empty-legs/kptk-kphl-citation-x-2026-08-07-d9949a56?id=ADHUHR,inactive,inactive,2026-08-07T14:47:01+00:00,2026-08-07T23:47:01+00:00,2026-08-08T00:17:02+00:00,"Citation X | Oakland County International Airport → Philadelphia International Airport | $8,600",,Citation X,KPTK - Oakland County International Airport,KPTK,PTK,Oakland County International Airport,Pontiac,US,KPHL - Philadelphia International Airport,KPHL,PHL,Philadelphia International Airport,Philadelphia,US,07 August 2026,2026-08-07,12:00,13:21,1h 22m,"$8,600",8600,USD,$,12,https://villiers.ai/empty-legs/kptk-kphl-citation-x-2026-08-07-d9949a56?id=ADHUHR,https://villiers.ai/empty-legs/kptk-kphl-citation-x-2026-08-07-d9949a56?id=ADHUHR,https://villiers.ai/empty-legs/kptk-kphl-citation-x-2026-08-07-d9949a56?id=ADHUHR,"Fri, 07 Aug 2026 14:23:01 GMT",2026-08-08T00:17:02+00:00
https://villiers.ai/empty-legs/krno-ksba-citation-x-2026-08-07-56de6e45?id=ADHUHR,inactive,inactive,2026-08-07T14:47:01+00:00,2026-08-07T23:47:01+00:00,2026-08-08T00:17:02+00:00,"Citation X | Reno Tahoe International Airport → Santa Barbara Municipal Airport | $8,600",,Citation X,KRNO - Reno Tahoe International Airport,KRNO,RNO,Reno/Tahoe International Airport,Reno,US,KSBA - Santa Barbara Municipal Airport,KSBA,SBA,Santa Barbara Municipal Airport,Santa Barbara,US,07 August 2026,2026-08-07,12:00,13:08,1h 9m,"$8,600",8600,USD,$,12,https://villiers.ai/empty-legs/krno-ksba-citation-x-2026-08-07-56de6e45?id=ADHUHR,https://villiers.ai/empty-legs/krno-ksba-citation-x-2026-08-07-56de6e45?id=ADHUHR,https://villiers.ai/empty-legs/krno-ksba-citation-x-2026-08-07-56de6e45?id=ADHUHR,"Fri, 07 Aug 2026 14:23:01 GMT",2026-08-08T00:17:02+00:00
https://villiers.ai/empty-legs/ksaa-kjac-citation-x-2026-08-07-650d4417?id=ADHUHR,inactive,inactive,2026-08-07T14:47:01+00:00,2026-08-07T23:47:01+00:00,2026-08-08T00:17:02+00:00,"Citation X | Shively Field → Jackson Hole Airport | $8,600",,Citation X,KSAA - Shively Field,KSAA,SAA,Shively Field,Saratoga,US,KJAC - Jackson Hole Airport,KJAC,JAC,Jackson Hole Airport,Jackson,US,07 August 2026,2026-08-07,12:00,12:57,58m,"$8,600",8600,USD,$,12,https://villiers.ai/empty-legs/ksaa-kjac-citation-x-2026-08-07-650d4417?id=ADHUHR,https://villiers.ai/empty-legs/ksaa-kjac-citation-x-2026-08-07-650d4417?id=ADHUHR,https://villiers.ai/empty-legs/ksaa-kjac-citation-x-2026-08-07-650d4417?id=ADHUHR,"Fri, 07 Aug 2026 14:23:01 GMT",2026-08-08T00:17:02+00:00
https://villiers.ai/empty-legs/ksan-kvny-citation-x-2026-08-07-4f56c14d?id=ADHUHR,inactive,inactive,2026-08-07T14:47:01+00:00,2026-08-07T23:47:01+00:00,2026-08-08T00:17:02+00:00,"Citation X | San Diego International Airport → Van Nuys Airport | $8,600",,Citation X,KSAN - San Diego International Airport,KSAN,SAN,San Diego International Airport,San Diego,US,KVNY - Van Nuys Airport,KVNY,VNY,Van Nuys Airport,Van Nuys,US,07 August 2026,2026-08-07,12:00,12:44,44m,"$8,600",8600,USD,$,12,https://villiers.ai/empty-legs/ksan-kvny-citation-x-2026-08-07-4f56c14d?id=ADHUHR,https://villiers.ai/empty-legs/ksan-kvny-citation-x-2026-08-07-4f56c14d?id=ADHUHR,https://villiers.ai/empty-legs/ksan-kvny-citation-x-2026-08-07-4f56c14d?id=ADHUHR,"Fri, 07 Aug 2026 14:23:01 GMT",2026-08-08T00:17:02+00:00
https://villiers.ai/empty-legs/ksps-klbb-challenger-300-2026-08-07-a8b832c8?id=ADHUHR,inactive,inactive,2026-08-07T14:47:01+00:00,2026-08-07T23:47:01+00:00,2026-08-08T00:17:02+00:00,"Challenger 300 | Wichita Falls Municipal Airport / Sheppard Air Force Base → Lubbock Preston Smith International Airport | $8,600",,Challenger 300,KSPS - Wichita Falls Municipal Airport / Sheppard Air Force Base,KSPS,SPS,Sheppard Afb/Wichita Falls Municipal Airport,Wichita Falls,US,KLBB - Lubbock Preston Smith International Airport,KLBB,LBB,Lubbock Preston Smith International Airport,Lubbock,US,07 August 2026,2026-08-07,12:00,12:51,51m,"$8,600",8600,USD,$,10,https://villiers.ai/empty-legs/ksps-klbb-challenger-300-2026-08-07-a8b832c8?id=ADHUHR,https://villiers.ai/empty-legs/ksps-klbb-challenger-300-2026-08-07-a8b832c8?id=ADHUHR,https://villiers.ai/empty-legs/ksps-klbb-challenger-300-2026-08-07-a8b832c8?id=ADHUHR,"Fri, 07 Aug 2026 14:22:55 GMT",2026-08-08T00:17:02+00:00
https://villiers.ai/empty-legs/ksus-kfcm-citation-x-2026-08-07-2dce571c?id=ADHUHR,inactive,inactive,2026-08-07T14:47:01+00:00,2026-08-07T23:47:01+00:00,2026-08-08T00:17:02+00:00,"Citation X | Spirit of St Louis Airport → Flying Cloud Airport | $8,600",,Citation X,KSUS - Spirit of St Louis Airport,KSUS,SUS,Spirit Of St Louis Airport,St Louis,US,KFCM - Flying Cloud Airport,KFCM,FCM,Flying Cloud Airport,Minneapolis,US,07 August 2026,2026-08-07,12:00,13:19,1h 20m,"$8,600",8600,USD,$,12,https://villiers.ai/empty-legs/ksus-kfcm-citation-x-2026-08-07-2dce571c?id=ADHUHR,https://villiers.ai/empty-legs/ksus-kfcm-citation-x-2026-08-07-2dce571c?id=ADHUHR,https://villiers.ai/empty-legs/ksus-kfcm-citation-x-2026-08-07-2dce571c?id=ADHUHR,"Fri, 07 Aug 2026 14:23:01 GMT",2026-08-08T00:17:02+00:00
https://villiers.ai/empty-legs/kteb-khvn-citation-x-2026-08-07-bd0b84c8?id=ADHUHR,inactive,inactive,2026-08-07T14:47:01+00:00,2026-08-07T23:47:01+00:00,2026-08-08T00:17:02+00:00,"Citation X | Teterboro Airport → Tweed New Haven Airport | $8,600",,Citation X,KTEB - Teterboro Airport,KTEB,TEB,Teterboro Airport,Teterboro,US,KHVN - Tweed New Haven Airport,KHVN,HVN,Tweed/New Haven Airport,New Haven,US,07 August 2026,2026-08-07,12:00,12:37,37m,"$8,600",8600,USD,$,12,https://villiers.ai/empty-legs/kteb-khvn-citation-x-2026-08-07-bd0b84c8?id=ADHUHR,https://villiers.ai/empty-legs/kteb-khvn-citation-x-2026-08-07-bd0b84c8?id=ADHUHR,https://villiers.ai/empty-legs/kteb-khvn-citation-x-2026-08-07-bd0b84c8?id=ADHUHR,"Fri, 07 Aug 2026 14:22:59 GMT",2026-08-08T00:17:02+00:00
https://villiers.ai/empty-legs/kteb-kmtn-challenger-300-2026-08-07-a103a74a?id=ADHUHR,inactive,inactive,2026-08-07T14:47:01+00:00,2026-08-07T23:47:01+00:00,2026-08-08T00:17:02+00:00,"Challenger 300 | Teterboro Airport → Martin State Airport | $8,600",,Challenger 300,KTEB - Teterboro Airport,KTEB,TEB,Teterboro Airport,Teterboro,US,KMTN - Martin State Airport,KMTN,MTN,Martin State Airport,Baltimore,US,07 August 2026,2026-08-07,12:00,12:48,48m,"$8,600",8600,USD,$,10,https://villiers.ai/empty-legs/kteb-kmtn-challenger-300-2026-08-07-a103a74a?id=ADHUHR,https://villiers.ai/empty-legs/kteb-kmtn-challenger-300-2026-08-07-a103a74a?id=ADHUHR,https://villiers.ai/empty-legs/kteb-kmtn-challenger-300-2026-08-07-a103a74a?id=ADHUHR,"Fri, 07 Aug 2026 14:22:53 GMT",2026-08-08T00:17:02+00:00
https://villiers.ai/empty-legs/kvny-klas-challenger-300-2026-08-07-a2543fa2?id=ADHUHR,inactive,inactive,2026-08-07T14:47:01+00:00,2026-08-07T23:47:01+00:00,2026-08-08T00:17:02+00:00,"Challenger 300 | Van Nuys Airport → Harry Reid International Airport | $8,600",,Challenger 300,KVNY - Van Nuys Airport,KVNY,VNY,Van Nuys Airport,Van Nuys,US,KLAS - Harry Reid International Airport,KLAS,LAS,Harry Reid International Airport,Las Vegas,US,07 August 2026,2026-08-07,12:00,12:55,55m,"$8,600",8600,USD,$,10,https://villiers.ai/empty-legs/kvny-klas-challenger-300-2026-08-07-a2543fa2?id=ADHUHR,https://villiers.ai/empty-legs/kvny-klas-challenger-300-2026-08-07-a2543fa2?id=ADHUHR,https://villiers.ai/empty-legs/kvny-klas-challenger-300-2026-08-07-a2543fa2?id=ADHUHR,"Fri, 07 Aug 2026 14:22:52 GMT",2026-08-08T00:17:02+00:00
https://villiers.ai/empty-legs/kvny-pahc-citation-x-2026-08-07-a4b8a512?id=ADHUHR,inactive,inactive,2026-08-07T14:47:01+00:00,2026-08-07T23:47:01+00:00,2026-08-08T00:17:02+00:00,"Citation X | Van Nuys Airport → Holy Cross Airport | $8,600",,Citation X,KVNY - Van Nuys Airport,KVNY,VNY,Van Nuys Airport,Van Nuys,US,PAHC - Holy Cross Airport,PAHC,HCR,Holy Cross Airport,Holy Cross,US,07 August 2026,2026-08-07,12:00,17:21,5h 22m,"$8,600",8600,USD,$,12,https://villiers.ai/empty-legs/kvny-pahc-citation-x-2026-08-07-a4b8a512?id=ADHUHR,https://villiers.ai/empty-legs/kvny-pahc-citation-x-2026-08-07-a4b8a512?id=ADHUHR,https://villiers.ai/empty-legs/kvny-pahc-citation-x-2026-08-07-a4b8a512?id=ADHUHR,"Fri, 07 Aug 2026 14:22:58 GMT",2026-08-08T00:17:02+00:00
https://villiers.ai/empty-legs/mhto-ksna-citation-x-2026-08-07-8fbf6937?id=ADHUHR,inactive,inactive,2026-08-07T14:47:01+00:00,2026-08-07T23:47:01+00:00,2026-08-08T00:17:02+00:00,"Citation X | Tocoa Airport → John Wayne Orange County International Airport | $8,600",,Citation X,MHTO - Tocoa Airport,MHTO,,Tocoa Airport,Tocoa,HN,KSNA - John Wayne Orange County International Airport,KSNA,SNA,John Wayne/Orange County Airport,Santa Ana,US,07 August 2026,2026-08-07,12:00,16:49,4h 50m,"$8,600",8600,USD,$,12,https://villiers.ai/empty-legs/mhto-ksna-citation-x-2026-08-07-8fbf6937?id=ADHUHR,https://villiers.ai/empty-legs/mhto-ksna-citation-x-2026-08-07-8fbf6937?id=ADHUHR,https://villiers.ai/empty-legs/mhto-ksna-citation-x-2026-08-07-8fbf6937?id=ADHUHR,"Fri, 07 Aug 2026 14:23:02 GMT",2026-08-08T00:17:02+00:00
https://villiers.ai/empty-legs/myam-mbpv-challenger-300-2026-08-07-711dfab7?id=ADHUHR,inactive,inactive,2026-08-07T14:47:01+00:00,2026-08-07T23:47:01+00:00,2026-08-08T00:17:02+00:00,"Challenger 300 | Leonard M Thompson International Airport → Providenciales International Airport | $10,750",,Challenger 300,MYAM - Leonard M Thompson International Airport,MYAM,MHH,Marsh Harbour International Airport,Marsh Harbour,BS,MBPV - Providenciales International Airport,MBPV,PLS,Providenciales Airport,Providenciales Island,TC,07 August 2026,2026-08-07,12:00,13:19,1h 20m,"$10,750",10750,USD,$,10,https://villiers.ai/empty-legs/myam-mbpv-challenger-300-2026-08-07-711dfab7?id=ADHUHR,https://villiers.ai/empty-legs/myam-mbpv-challenger-300-2026-08-07-711dfab7?id=ADHUHR,https://villiers.ai/empty-legs/myam-mbpv-challenger-300-2026-08-07-711dfab7?id=ADHUHR,"Fri, 07 Aug 2026 14:22:54 GMT",2026-08-08T00:17:02+00:00
https://villiers.ai/empty-legs/eggw-lfpb-phenom-300e-2026-08-08-75ee7657?id=ADHUHR,inactive,inactive,2026-08-07T18:17:02+00:00,2026-08-08T23:47:01+00:00,2026-08-09T00:17:02+00:00,"Phenom 300E | London Luton Airport → Paris Le Bourget Airport | £8,923",,Phenom 300E,EGGW - London Luton Airport,EGGW,LTN,London Luton Airport,London,GB,LFPB - Paris Le Bourget Airport,LFPB,LBG,Paris-Le Bourget Airport,Paris,FR,08 August 2026,2026-08-08,12:00,12:56,56m,"£8,923",8923,GBP,£,9,https://villiers.ai/empty-legs/eggw-lfpb-phenom-300e-2026-08-08-75ee7657?id=ADHUHR,https://villiers.ai/empty-legs/eggw-lfpb-phenom-300e-2026-08-08-75ee7657?id=ADHUHR,https://villiers.ai/empty-legs/eggw-lfpb-phenom-300e-2026-08-08-75ee7657?id=ADHUHR,"Fri, 07 Aug 2026 18:00:55 GMT",2026-08-09T00:17:02+00:00
https://villiers.ai/empty-legs/egkb-lfpb-2026-08-08?id=ADHUHR,inactive,inactive,2026-08-05T22:38:36+00:00,2026-08-08T23:47:01+00:00,2026-08-09T00:17:02+00:00,"Embraer Phenom 300E | Biggin Hill Airport → Paris Le Bourget Airport | £8,923",,Embraer Phenom 300E,EGKB - Biggin Hill Airport,EGKB,BQH,London Biggin Hill Airport,London,GB,LFPB - Paris Le Bourget Airport,LFPB,LBG,Paris-Le Bourget Airport,Paris,FR,08 August 2026,2026-08-08,12:00,12:51,52m,"£8,923",8923,GBP,£,9,https://villiers.ai/empty-legs/egkb-lfpb-2026-08-08?id=ADHUHR,https://villiers.ai/empty-legs/egkb-lfpb-2026-08-08?id=ADHUHR,https://villiers.ai/empty-legs/egkb-lfpb-2026-08-08?id=ADHUHR,"Fri, 31 Jul 2026 19:12:54 GMT",2026-08-09T00:17:02+00:00
https://villiers.ai/empty-legs/kapc-koak-citation-x-2026-08-08-79b15ff6?id=ADHUHR,inactive,inactive,2026-08-07T14:47:01+00:00,2026-08-08T23:47:01+00:00,2026-08-09T00:17:02+00:00,"Citation X | Napa County Airport → San Francisco Bay Oakland International Airport | $8,600",,Citation X,KAPC - Napa County Airport,KAPC,APC,Napa County Airport,Napa,US,KOAK - San Francisco Bay Oakland International Airport,KOAK,OAK,Oakland San Francisco Bay Airport,Oakland,US,08 August 2026,2026-08-08,12:00,12:33,34m,"$8,600",8600,USD,$,12,https://villiers.ai/empty-legs/kapc-koak-citation-x-2026-08-08-79b15ff6?id=ADHUHR,https://villiers.ai/empty-legs/kapc-koak-citation-x-2026-08-08-79b15ff6?id=ADHUHR,https://villiers.ai/empty-legs/kapc-koak-citation-x-2026-08-08-79b15ff6?id=ADHUHR,"Fri, 07 Aug 2026 14:23:02 GMT",2026-08-09T00:17:02+00:00
https://villiers.ai/empty-legs/kcgf-kosu-citation-x-2026-08-08-7916bb85?id=ADHUHR,inactive,inactive,2026-08-07T14:47:01+00:00,2026-08-08T23:47:01+00:00,2026-08-09T00:17:02+00:00,"Citation X | Cuyahoga County Airport → The Ohio State University Airport - Don Scott Field | $8,600",,Citation X,KCGF - Cuyahoga County Airport,KCGF,CGF,Cuyahoga County Airport,Cleveland,US,KOSU - The Ohio State University Airport - Don Scott Field,KOSU,OSU,Ohio State University Airport,Columbus,US,08 August 2026,2026-08-08,12:00,12:44,45m,"$8,600",8600,USD,$,12,https://villiers.ai/empty-legs/kcgf-kosu-citation-x-2026-08-08-7916bb85?id=ADHUHR,https://villiers.ai/empty-legs/kcgf-kosu-citation-x-2026-08-08-7916bb85?id=ADHUHR,https://villiers.ai/empty-legs/kcgf-kosu-citation-x-2026-08-08-7916bb85?id=ADHUHR,"Fri, 07 Aug 2026 14:23:02 GMT",2026-08-09T00:17:02+00:00
https://villiers.ai/empty-legs/kcrq-kcoe-2026-08-08?id=ADHUHR,inactive,inactive,2026-08-05T22:38:36+00:00,2026-08-08T23:47:01+00:00,2026-08-09T00:17:02+00:00,"Citation M2 | McClellan-Palomar Airport → Coeur D'Alene Airport - Pappy Boyington Field | $11,771",,Citation M2,KCRQ - McClellan-Palomar Airport,KCRQ,CLD,Mc Clellan-Palomar Airport,Carlsbad,US,KCOE - Coeur D'Alene Airport - Pappy Boyington Field,KCOE,COE,Coeur D'Alene Airport,Coeur D'Alene,US,08 August 2026,2026-08-08,12:00,14:22,2h 22m,"$11,771",11771,USD,$,7,https://villiers.ai/empty-legs/kcrq-kcoe-2026-08-08?id=ADHUHR,https://villiers.ai/empty-legs/kcrq-kcoe-2026-08-08?id=ADHUHR,https://villiers.ai/empty-legs/kcrq-kcoe-2026-08-08?id=ADHUHR,"Wed, 29 Jul 2026 01:11:08 GMT",2026-08-09T00:17:02+00:00
https://villiers.ai/empty-legs/kcrq-kvgt-2026-08-08?id=ADHUHR,inactive,inactive,2026-08-05T22:38:36+00:00,2026-08-08T23:47:01+00:00,2026-08-09T00:17:02+00:00,"Beechjet 400XP | McClellan-Palomar Airport → North Las Vegas Metropolitan International Airport | $6,396",,Beechjet 400XP,KCRQ - McClellan-Palomar Airport,KCRQ,CLD,Mc Clellan-Palomar Airport,Carlsbad,US,KVGT - North Las Vegas Metropolitan International Airport,KVGT,VGT,North Las Vegas Airport,Las Vegas,US,08 August 2026,2026-08-08,12:00,12:57,57m,"$6,396",6396,USD,$,8,https://villiers.ai/empty-legs/kcrq-kvgt-2026-08-08?id=ADHUHR,https://villiers.ai/empty-legs/kcrq-kvgt-2026-08-08?id=ADHUHR,https://villiers.ai/empty-legs/kcrq-kvgt-2026-08-08?id=ADHUHR,"Wed, 29 Jul 2026 01:11:08 GMT",2026-08-09T00:17:02+00:00
https://villiers.ai/empty-legs/kfll-kpln-challenger-300-2026-08-08-e69234d7?id=ADHUHR,inactive,inactive,2026-08-07T14:47:01+00:00,2026-08-08T23:47:01+00:00,2026-08-09T00:17:02+00:00,"Challenger 300 | Fort Lauderdale Hollywood International Airport → Pellston Regional Airport of Emmet County Airport | $12,900",,Challenger 300,KFLL - Fort Lauderdale Hollywood International Airport,KFLL,FLL,Fort Lauderdale/Hollywood International Airport,Fort Lauderdale,US,KPLN - Pellston Regional Airport of Emmet County Airport,KPLN,PLN,Pellston Regional/Emmet County Airport,Pellston,US,08 August 2026,2026-08-08,12:00,15:02,3h 2m,"$12,900",12900,USD,$,10,https://villiers.ai/empty-legs/kfll-kpln-challenger-300-2026-08-08-e69234d7?id=ADHUHR,https://villiers.ai/empty-legs/kfll-kpln-challenger-300-2026-08-08-e69234d7?id=ADHUHR,https://villiers.ai/empty-legs/kfll-kpln-challenger-300-2026-08-08-e69234d7?id=ADHUHR,"Fri, 07 Aug 2026 14:22:56 GMT",2026-08-09T00:17:02+00:00
https://villiers.ai/empty-legs/kftw-kmkc-challenger-300-2026-08-08-2fc77e7c?id=ADHUHR,inactive,inactive,2026-08-07T14:47:01+00:00,2026-08-08T23:47:01+00:00,2026-08-09T00:17:02+00:00,"Challenger 300 | Fort Worth Meacham International Airport → Charles B. Wheeler Downtown Airport | $9,675",,Challenger 300,KFTW - Fort Worth Meacham International Airport,KFTW,FTW,Fort Worth Meacham International Airport,Fort Worth,US,KMKC - Charles B. Wheeler Downtown Airport,KMKC,MKC,Kansas City Downtown/Wheeler Field,Kansas City,US,08 August 2026,2026-08-08,12:00,13:21,1h 21m,"$9,675",9675,USD,$,10,https://villiers.ai/empty-legs/kftw-kmkc-challenger-300-2026-08-08-2fc77e7c?id=ADHUHR,https://villiers.ai/empty-legs/kftw-kmkc-challenger-300-2026-08-08-2fc77e7c?id=ADHUHR,https://villiers.ai/empty-legs/kftw-kmkc-challenger-300-2026-08-08-2fc77e7c?id=ADHUHR,"Fri, 07 Aug 2026 14:22:56 GMT",2026-08-09T00:17:02+00:00
https://villiers.ai/empty-legs/kftw-sktm-citation-x-2026-08-08-108b1c5e?id=ADHUHR,inactive,inactive,2026-08-07T14:47:01+00:00,2026-08-08T23:47:01+00:00,2026-08-09T00:17:02+00:00,"Citation X | Fort Worth Meacham International Airport → Gustavo Vargas Airport | $8,600",,Citation X,KFTW - Fort Worth Meacham International Airport,KFTW,FTW,Fort Worth Meacham International Airport,Fort Worth,US,SKTM - Gustavo Vargas Airport,SKTM,TME,Gustavo Vargas Airport,Tame,CO,08 August 2026,2026-08-08,12:00,17:02,5h 2m,"$8,600",8600,USD,$,12,https://villiers.ai/empty-legs/kftw-sktm-citation-x-2026-08-08-108b1c5e?id=ADHUHR,https://villiers.ai/empty-legs/kftw-sktm-citation-x-2026-08-08-108b1c5e?id=ADHUHR,https://villiers.ai/empty-legs/kftw-sktm-citation-x-2026-08-08-108b1c5e?id=ADHUHR,"Fri, 07 Aug 2026 14:23:03 GMT",2026-08-09T00:17:02+00:00
https://villiers.ai/empty-legs/khou-kdal-cessna-citation-ultra-2026-08-08-5408b1f3?id=ADHUHR,inactive,inactive,2026-08-08T14:17:02+00:00,2026-08-08T23:47:01+00:00,2026-08-09T00:17:02+00:00,"Cessna Citation Ultra | William P. Hobby Airport → Dallas Love Field | $3,118",,Cessna Citation Ultra,KHOU - William P. Hobby Airport,KHOU,HOU,William P Hobby Airport,Houston,US,KDAL - Dallas Love Field,KDAL,DAL,Dallas Love Field,Dallas,US,08 August 2026,2026-08-08,12:00,12:56,57m,"$3,118",3118,USD,$,7,https://villiers.ai/empty-legs/khou-kdal-cessna-citation-ultra-2026-08-08-5408b1f3?id=ADHUHR,https://villiers.ai/empty-legs/khou-kdal-cessna-citation-ultra-2026-08-08-5408b1f3?id=ADHUHR,https://villiers.ai/empty-legs/khou-kdal-cessna-citation-ultra-2026-08-08-5408b1f3?id=ADHUHR,"Sat, 08 Aug 2026 14:08:44 GMT",2026-08-09T00:17:02+00:00
https://villiers.ai/empty-legs/khou-khum-2026-08-08?id=ADHUHR,inactive,inactive,2026-08-05T22:38:36+00:00,2026-08-08T23:47:01+00:00,2026-08-09T00:17:02+00:00,"Cessna Citation V | William P. Hobby Airport → Houma Terrebonne Airport | $3,118",,Cessna Citation V,KHOU - William P. Hobby Airport,KHOU,HOU,William P Hobby Airport,Houston,US,KHUM - Houma Terrebonne Airport,KHUM,HUM,Houma-Terrebonne Airport,Houma,US,08 August 2026,2026-08-08,12:00,13:00,1h 1m,"$3,118",3118,USD,$,7,https://villiers.ai/empty-legs/khou-khum-2026-08-08?id=ADHUHR,https://villiers.ai/empty-legs/khou-khum-2026-08-08?id=ADHUHR,https://villiers.ai/empty-legs/khou-khum-2026-08-08?id=ADHUHR,"Wed, 05 Aug 2026 15:25:58 GMT",2026-08-09T00:17:02+00:00
https://villiers.ai/empty-legs/kjac-kbzn-challenger-300-2026-08-08-50afa8b9?id=ADHUHR,inactive,inactive,2026-08-07T14:47:01+00:00,2026-08-08T23:47:01+00:00,2026-08-09T00:17:02+00:00,"Challenger 300 | Jackson Hole Airport → Bozeman Yellowstone International Airport | $8,600",,Challenger 300,KJAC - Jackson Hole Airport,KJAC,JAC,Jackson Hole Airport,Jackson,US,KBZN - Bozeman Yellowstone International Airport,KBZN,BZN,Bozeman Yellowstone International Airport,Bozeman,US,08 August 2026,2026-08-08,12:00,12:46,47m,"$8,600",8600,USD,$,10,https://villiers.ai/empty-legs/kjac-kbzn-challenger-300-2026-08-08-50afa8b9?id=ADHUHR,https://villiers.ai/empty-legs/kjac-kbzn-challenger-300-2026-08-08-50afa8b9?id=ADHUHR,https://villiers.ai/empty-legs/kjac-kbzn-challenger-300-2026-08-08-50afa8b9?id=ADHUHR,"Fri, 07 Aug 2026 14:22:56 GMT",2026-08-09T00:17:02+00:00
https://villiers.ai/empty-legs/kmco-kdts-cessna-citation-v-2026-08-08-8b99edd4?id=ADHUHR,inactive,inactive,2026-08-06T15:47:01+00:00,2026-08-08T23:47:01+00:00,2026-08-09T00:17:02+00:00,"Cessna Citation V | Orlando International Airport → Destin Executive Airport | $4,193",,Cessna Citation V,KMCO - Orlando International Airport,KMCO,MCO,Orlando International Airport,Orlando,US,KDTS - Destin Executive Airport,KDTS,DSI,Destin Executive Airport,Destin,US,08 August 2026,2026-08-08,12:00,13:07,1h 8m,"$4,193",4193,USD,$,7,https://villiers.ai/empty-legs/kmco-kdts-cessna-citation-v-2026-08-08-8b99edd4?id=ADHUHR,https://villiers.ai/empty-legs/kmco-kdts-cessna-citation-v-2026-08-08-8b99edd4?id=ADHUHR,https://villiers.ai/empty-legs/kmco-kdts-cessna-citation-v-2026-08-08-8b99edd4?id=ADHUHR,"Thu, 06 Aug 2026 15:26:13 GMT",2026-08-09T00:17:02+00:00
https://villiers.ai/empty-legs/kmvy-kack-citation-x-2026-08-08-ca85054d?id=ADHUHR,inactive,inactive,2026-08-07T14:47:01+00:00,2026-08-08T23:47:01+00:00,2026-08-09T00:17:02+00:00,"Citation X | Martha's Vineyard Airport → Nantucket Memorial Airport | $8,600",,Citation X,KMVY - Martha's Vineyard Airport,KMVY,MVY,Martha's Vineyard Airport,Vineyard Haven,US,KACK - Nantucket Memorial Airport,KACK,ACK,Nantucket Memorial Airport,Nantucket,US,08 August 2026,2026-08-08,12:00,12:33,33m,"$8,600",8600,USD,$,12,https://villiers.ai/empty-legs/kmvy-kack-citation-x-2026-08-08-ca85054d?id=ADHUHR,https://villiers.ai/empty-legs/kmvy-kack-citation-x-2026-08-08-ca85054d?id=ADHUHR,https://villiers.ai/empty-legs/kmvy-kack-citation-x-2026-08-08-ca85054d?id=ADHUHR,"Fri, 07 Aug 2026 14:23:03 GMT",2026-08-09T00:17:02+00:00
https://villiers.ai/empty-legs/kopf-kfok-challenger-300-2026-08-08-9054ba6c?id=ADHUHR,inactive,inactive,2026-08-07T14:47:01+00:00,2026-08-08T23:47:01+00:00,2026-08-09T00:17:02+00:00,"Challenger 300 | Miami-Opa Locka Executive Airport → Francis S Gabreski Airport | $8,600",,Challenger 300,KOPF - Miami-Opa Locka Executive Airport,KOPF,OPF,Miami-Opa Locka Executive Airport,Miami,US,KFOK - Francis S Gabreski Airport,KFOK,FOK,Francis S Gabreski Airport,Westhampton Beach,US,08 August 2026,2026-08-08,12:00,14:34,2h 34m,"$8,600",8600,USD,$,10,https://villiers.ai/empty-legs/kopf-kfok-challenger-300-2026-08-08-9054ba6c?id=ADHUHR,https://villiers.ai/empty-legs/kopf-kfok-challenger-300-2026-08-08-9054ba6c?id=ADHUHR,https://villiers.ai/empty-legs/kopf-kfok-challenger-300-2026-08-08-9054ba6c?id=ADHUHR,"Fri, 07 Aug 2026 14:22:55 GMT",2026-08-09T00:17:02+00:00
https://villiers.ai/empty-legs/kopf-kism-citation-x-2026-08-08-f2a805bd?id=ADHUHR,inactive,inactive,2026-08-07T14:47:01+00:00,2026-08-08T23:47:01+00:00,2026-08-09T00:17:02+00:00,"Citation X | Miami-Opa Locka Executive Airport → Kissimmee Gateway Airport | $8,600",,Citation X,KOPF - Miami-Opa Locka Executive Airport,KOPF,OPF,Miami-Opa Locka Executive Airport,Miami,US,KISM - Kissimmee Gateway Airport,KISM,ISM,Kissimmee Gateway Airport,Orlando,US,08 August 2026,2026-08-08,12:00,12:49,50m,"$8,600",8600,USD,$,12,https://villiers.ai/empty-legs/kopf-kism-citation-x-2026-08-08-f2a805bd?id=ADHUHR,https://villiers.ai/empty-legs/kopf-kism-citation-x-2026-08-08-f2a805bd?id=ADHUHR,https://villiers.ai/empty-legs/kopf-kism-citation-x-2026-08-08-f2a805bd?id=ADHUHR,"Fri, 07 Aug 2026 14:23:02 GMT",2026-08-09T00:17:02+00:00
https://villiers.ai/empty-legs/koxc-kteb-citation-x-2026-08-08-2cbc5dbb?id=ADHUHR,inactive,inactive,2026-08-07T14:47:01+00:00,2026-08-08T23:47:01+00:00,2026-08-09T00:17:02+00:00,"Citation X | Waterbury Oxford Airport → Teterboro Airport | $8,600",,Citation X,KOXC - Waterbury Oxford Airport,KOXC,OXC,Waterbury-Oxford Airport,Oxford,US,KTEB - Teterboro Airport,KTEB,TEB,Teterboro Airport,Teterboro,US,08 August 2026,2026-08-08,12:00,12:37,37m,"$8,600",8600,USD,$,12,https://villiers.ai/empty-legs/koxc-kteb-citation-x-2026-08-08-2cbc5dbb?id=ADHUHR,https://villiers.ai/empty-legs/koxc-kteb-citation-x-2026-08-08-2cbc5dbb?id=ADHUHR,https://villiers.ai/empty-legs/koxc-kteb-citation-x-2026-08-08-2cbc5dbb?id=ADHUHR,"Fri, 07 Aug 2026 14:23:03 GMT",2026-08-09T00:17:02+00:00
https://villiers.ai/empty-legs/kphl-kmjx-challenger-300-2026-08-08-249dbebf?id=ADHUHR,inactive,inactive,2026-08-07T14:47:01+00:00,2026-08-08T23:47:01+00:00,2026-08-09T00:17:02+00:00,"Challenger 300 | Philadelphia International Airport → Ocean County Airport | $8,600",,Challenger 300,KPHL - Philadelphia International Airport,KPHL,PHL,Philadelphia International Airport,Philadelphia,US,KMJX - Ocean County Airport,KMJX,MJX,Ocean County Airport,Toms River,US,08 August 2026,2026-08-08,12:00,12:35,36m,"$8,600",8600,USD,$,10,https://villiers.ai/empty-legs/kphl-kmjx-challenger-300-2026-08-08-249dbebf?id=ADHUHR,https://villiers.ai/empty-legs/kphl-kmjx-challenger-300-2026-08-08-249dbebf?id=ADHUHR,https://villiers.ai/empty-legs/kphl-kmjx-challenger-300-2026-08-08-249dbebf?id=ADHUHR,"Fri, 07 Aug 2026 14:22:57 GMT",2026-08-09T00:17:02+00:00
https://villiers.ai/empty-legs/kphl-kpwm-challenger-300-2026-08-08-006c64c3?id=ADHUHR,inactive,inactive,2026-08-07T14:47:01+00:00,2026-08-08T23:47:01+00:00,2026-08-09T00:17:02+00:00,"Challenger 300 | Philadelphia International Airport → Portland International Jetport | $8,600",,Challenger 300,KPHL - Philadelphia International Airport,KPHL,PHL,Philadelphia International Airport,Philadelphia,US,KPWM - Portland International Jetport,KPWM,PWM,Portland International Jetport Airport,Portland,US,08 August 2026,2026-08-08,12:00,13:10,1h 10m,"$8,600",8600,USD,$,10,https://villiers.ai/empty-legs/kphl-kpwm-challenger-300-2026-08-08-006c64c3?id=ADHUHR,https://villiers.ai/empty-legs/kphl-kpwm-challenger-300-2026-08-08-006c64c3?id=ADHUHR,https://villiers.ai/empty-legs/kphl-kpwm-challenger-300-2026-08-08-006c64c3?id=ADHUHR,"Fri, 07 Aug 2026 14:22:57 GMT",2026-08-09T00:17:02+00:00
https://villiers.ai/empty-legs/ksgr-khpn-citation-x-2026-08-08-61b6be9d?id=ADHUHR,inactive,inactive,2026-08-07T14:47:01+00:00,2026-08-08T23:47:01+00:00,2026-08-09T00:17:02+00:00,"Citation X | Sugar Land Regional Airport → Westchester County Airport | $15,050",,Citation X,KSGR - Sugar Land Regional Airport,KSGR,SGR,Sugar Land Regional Airport,Houston,US,KHPN - Westchester County Airport,KHPN,HPN,Westchester County Airport,White Plains,US,08 August 2026,2026-08-08,12:00,15:12,3h 12m,"$15,050",15050,USD,$,12,https://villiers.ai/empty-legs/ksgr-khpn-citation-x-2026-08-08-61b6be9d?id=ADHUHR,https://villiers.ai/empty-legs/ksgr-khpn-citation-x-2026-08-08-61b6be9d?id=ADHUHR,https://villiers.ai/empty-legs/ksgr-khpn-citation-x-2026-08-08-61b6be9d?id=ADHUHR,"Fri, 07 Aug 2026 14:23:03 GMT",2026-08-09T00:17:02+00:00
https://villiers.ai/empty-legs/kslc-khdn-citation-x-2026-08-08-07d1ddbd?id=ADHUHR,inactive,inactive,2026-08-07T14:47:01+00:00,2026-08-08T23:47:01+00:00,2026-08-09T00:17:02+00:00,"Citation X | Salt Lake City International Airport → Yampa Valley Airport | $9,675",,Citation X,KSLC - Salt Lake City International Airport,KSLC,SLC,Salt Lake City International Airport,Salt Lake City,US,KHDN - Yampa Valley Airport,KHDN,HDN,Yampa Valley Airport,Hayden,US,08 August 2026,2026-08-08,12:00,12:57,58m,"$9,675",9675,USD,$,12,https://villiers.ai/empty-legs/kslc-khdn-citation-x-2026-08-08-07d1ddbd?id=ADHUHR,https://villiers.ai/empty-legs/kslc-khdn-citation-x-2026-08-08-07d1ddbd?id=ADHUHR,https://villiers.ai/empty-legs/kslc-khdn-citation-x-2026-08-08-07d1ddbd?id=ADHUHR,"Fri, 07 Aug 2026 14:23:04 GMT",2026-08-09T00:17:02+00:00
https://villiers.ai/empty-legs/kslc-ksaa-citation-x-2026-08-08-c9fe0a91?id=ADHUHR,inactive,inactive,2026-08-07T14:47:01+00:00,2026-08-08T23:47:01+00:00,2026-08-09T00:17:02+00:00,"Citation X | Salt Lake City International Airport → Shively Field | $8,600",,Citation X,KSLC - Salt Lake City International Airport,KSLC,SLC,Salt Lake City International Airport,Salt Lake City,US,KSAA - Shively Field,KSAA,SAA,Shively Field,Saratoga,US,08 August 2026,2026-08-08,12:00,13:00,1h 0m,"$8,600",8600,USD,$,12,https://villiers.ai/empty-legs/kslc-ksaa-citation-x-2026-08-08-c9fe0a91?id=ADHUHR,https://villiers.ai/empty-legs/kslc-ksaa-citation-x-2026-08-08-c9fe0a91?id=ADHUHR,https://villiers.ai/empty-legs/kslc-ksaa-citation-x-2026-08-08-c9fe0a91?id=ADHUHR,"Fri, 07 Aug 2026 14:23:04 GMT",2026-08-09T00:17:02+00:00
https://villiers.ai/empty-legs/kteb-kfrg-challenger-300-2026-08-08-982105c0?id=ADHUHR,inactive,inactive,2026-08-07T14:47:01+00:00,2026-08-08T23:47:01+00:00,2026-08-09T00:17:02+00:00,"Challenger 300 | Teterboro Airport → Republic Airport | $8,600",,Challenger 300,KTEB - Teterboro Airport,KTEB,TEB,Teterboro Airport,Teterboro,US,KFRG - Republic Airport,KFRG,FRG,Republic Airport,Farmingdale,US,08 August 2026,2026-08-08,12:00,12:33,34m,"$8,600",8600,USD,$,10,https://villiers.ai/empty-legs/kteb-kfrg-challenger-300-2026-08-08-982105c0?id=ADHUHR,https://villiers.ai/empty-legs/kteb-kfrg-challenger-300-2026-08-08-982105c0?id=ADHUHR,https://villiers.ai/empty-legs/kteb-kfrg-challenger-300-2026-08-08-982105c0?id=ADHUHR,"Fri, 07 Aug 2026 14:22:55 GMT",2026-08-09T00:17:02+00:00
https://villiers.ai/empty-legs/kttn-kfok-citation-x-2026-08-08-e59712fa?id=ADHUHR,inactive,inactive,2026-08-07T14:47:01+00:00,2026-08-08T23:47:01+00:00,2026-08-09T00:17:02+00:00,"Citation X | Trenton Mercer Airport → Francis S Gabreski Airport | $8,600",,Citation X,KTTN - Trenton Mercer Airport,KTTN,TTN,Trenton Mercer Airport,Trenton,US,KFOK - Francis S Gabreski Airport,KFOK,FOK,Francis S Gabreski Airport,Westhampton Beach,US,08 August 2026,2026-08-08,12:00,12:43,43m,"$8,600",8600,USD,$,12,https://villiers.ai/empty-legs/kttn-kfok-citation-x-2026-08-08-e59712fa?id=ADHUHR,https://villiers.ai/empty-legs/kttn-kfok-citation-x-2026-08-08-e59712fa?id=ADHUHR,https://villiers.ai/empty-legs/kttn-kfok-citation-x-2026-08-08-e59712fa?id=ADHUHR,"Fri, 07 Aug 2026 14:23:04 GMT",2026-08-09T00:17:02+00:00
https://villiers.ai/empty-legs/kvny-kbed-citation-x-2026-08-08-1b795de7?id=ADHUHR,inactive,inactive,2026-08-07T14:47:01+00:00,2026-08-08T23:47:01+00:00,2026-08-09T00:17:02+00:00,"Citation X | Van Nuys Airport → Laurence G Hanscom Field | $23,650",,Citation X,KVNY - Van Nuys Airport,KVNY,VNY,Van Nuys Airport,Van Nuys,US,KBED - Laurence G Hanscom Field,KBED,BED,Laurence G Hanscom Field,Bedford,US,08 August 2026,2026-08-08,12:00,17:16,5h 17m,"$23,650",23650,USD,$,12,https://villiers.ai/empty-legs/kvny-kbed-citation-x-2026-08-08-1b795de7?id=ADHUHR,https://villiers.ai/empty-legs/kvny-kbed-citation-x-2026-08-08-1b795de7?id=ADHUHR,https://villiers.ai/empty-legs/kvny-kbed-citation-x-2026-08-08-1b795de7?id=ADHUHR,"Fri, 07 Aug 2026 14:23:02 GMT",2026-08-09T00:17:02+00:00
https://villiers.ai/empty-legs/sf_all-ksna-citation-x-2026-08-08-fe7b5bfc?id=ADHUHR,inactive,inactive,2026-08-07T14:47:01+00:00,2026-08-08T23:47:01+00:00,2026-08-09T00:17:02+00:00,"Citation X | All San Francisco, United States Airports → John Wayne Orange County International Airport | $8,600",,Citation X,"SF_ALL - All San Francisco, United States Airports",,,"All San Francisco, United States Airports",,,KSNA - John Wayne Orange County International Airport,KSNA,SNA,John Wayne/Orange County Airport,Santa Ana,US,08 August 2026,2026-08-08,12:00,13:12,1h 12m,"$8,600",8600,USD,$,12,https://villiers.ai/empty-legs/sf_all-ksna-citation-x-2026-08-08-fe7b5bfc?id=ADHUHR,https://villiers.ai/empty-legs/sf_all-ksna-citation-x-2026-08-08-fe7b5bfc?id=ADHUHR,https://villiers.ai/empty-legs/sf_all-ksna-citation-x-2026-08-08-fe7b5bfc?id=ADHUHR,"Fri, 07 Aug 2026 14:23:03 GMT",2026-08-09T00:17:02+00:00
https://villiers.ai/empty-legs/svan-kftw-challenger-300-2026-08-08-d5cc3b11?id=ADHUHR,inactive,inactive,2026-08-07T14:47:01+00:00,2026-08-08T23:47:01+00:00,2026-08-09T00:17:02+00:00,"Challenger 300 | Anaco Airport → Fort Worth Meacham International Airport | $9,675",,Challenger 300,SVAN - Anaco Airport,SVAN,AAO,Anaco Airport,Anaco,VE,KFTW - Fort Worth Meacham International Airport,KFTW,FTW,Fort Worth Meacham International Airport,Fort Worth,US,08 August 2026,2026-08-08,12:00,17:23,5h 23m,"$9,675",9675,USD,$,10,https://villiers.ai/empty-legs/svan-kftw-challenger-300-2026-08-08-d5cc3b11?id=ADHUHR,https://villiers.ai/empty-legs/svan-kftw-challenger-300-2026-08-08-d5cc3b11?id=ADHUHR,https://villiers.ai/empty-legs/svan-kftw-challenger-300-2026-08-08-d5cc3b11?id=ADHUHR,"Fri, 07 Aug 2026 14:22:55 GMT",2026-08-09T00:17:02+00:00
https://villiers.ai/empty-legs/cyfj-kteb-citation-x-2026-08-09-083ed5a9?id=ADHUHR,inactive,inactive,2026-08-07T14:47:01+00:00,2026-08-09T23:47:01+00:00,2026-08-10T00:17:01+00:00,"Citation X | Mont-Tremblant International Airport → Teterboro Airport | $10,750",,Citation X,CYFJ - Mont-Tremblant International Airport,CYFJ,YTM,La Macaza / Mont-Tremblant International Inc Airport,Riviere Rouge,CA,KTEB - Teterboro Airport,KTEB,TEB,Teterboro Airport,Teterboro,US,09 August 2026,2026-08-09,12:00,13:12,1h 13m,"$10,750",10750,USD,$,12,https://villiers.ai/empty-legs/cyfj-kteb-citation-x-2026-08-09-083ed5a9?id=ADHUHR,https://villiers.ai/empty-legs/cyfj-kteb-citation-x-2026-08-09-083ed5a9?id=ADHUHR,https://villiers.ai/empty-legs/cyfj-kteb-citation-x-2026-08-09-083ed5a9?id=ADHUHR,"Fri, 07 Aug 2026 14:23:06 GMT",2026-08-10T00:17:01+00:00
https://villiers.ai/empty-legs/kack-kttn-challenger-300-2026-08-09-495adb07?id=ADHUHR,inactive,inactive,2026-08-07T14:47:01+00:00,2026-08-09T23:47:01+00:00,2026-08-10T00:17:01+00:00,"Challenger 300 | Nantucket Memorial Airport → Trenton Mercer Airport | $8,600",,Challenger 300,KACK - Nantucket Memorial Airport,KACK,ACK,Nantucket Memorial Airport,Nantucket,US,KTTN - Trenton Mercer Airport,KTTN,TTN,Trenton Mercer Airport,Trenton,US,09 August 2026,2026-08-09,12:00,12:58,59m,"$8,600",8600,USD,$,10,https://villiers.ai/empty-legs/kack-kttn-challenger-300-2026-08-09-495adb07?id=ADHUHR,https://villiers.ai/empty-legs/kack-kttn-challenger-300-2026-08-09-495adb07?id=ADHUHR,https://villiers.ai/empty-legs/kack-kttn-challenger-300-2026-08-09-495adb07?id=ADHUHR,"Fri, 07 Aug 2026 14:22:57 GMT",2026-08-10T00:17:01+00:00
https://villiers.ai/empty-legs/kacv-krno-citation-x-2026-08-09-6c493f78?id=ADHUHR,inactive,inactive,2026-08-07T14:47:01+00:00,2026-08-09T23:47:01+00:00,2026-08-10T00:17:01+00:00,"Citation X | California Redwood Coast-Humboldt County Airport → Reno Tahoe International Airport | $8,600",,Citation X,KACV - California Redwood Coast-Humboldt County Airport,KACV,ACV,California Redwood Coast-Humboldt County Airport,Arcata/Eureka,US,KRNO - Reno Tahoe International Airport,KRNO,RNO,Reno/Tahoe International Airport,Reno,US,09 August 2026,2026-08-09,12:00,12:57,58m,"$8,600",8600,USD,$,12,https://villiers.ai/empty-legs/kacv-krno-citation-x-2026-08-09-6c493f78?id=ADHUHR,https://villiers.ai/empty-legs/kacv-krno-citation-x-2026-08-09-6c493f78?id=ADHUHR,https://villiers.ai/empty-legs/kacv-krno-citation-x-2026-08-09-6c493f78?id=ADHUHR,"Fri, 07 Aug 2026 14:23:04 GMT",2026-08-10T00:17:01+00:00
https://villiers.ai/empty-legs/kapf-mroc-citation-x-2026-08-09-d5bd2877?id=ADHUHR,inactive,inactive,2026-08-07T14:47:01+00:00,2026-08-09T23:47:01+00:00,2026-08-10T00:17:01+00:00,"Citation X | Naples Municipal Airport → Juan Santamaría International Airport | $16,125",,Citation X,KAPF - Naples Municipal Airport,KAPF,APF,Naples Municipal Airport,Naples,US,MROC - Juan Santamaría International Airport,MROC,SJO,Juan Santamaria International Airport,San Jose,CR,09 August 2026,2026-08-09,12:00,14:35,2h 35m,"$16,125",16125,USD,$,12,https://villiers.ai/empty-legs/kapf-mroc-citation-x-2026-08-09-d5bd2877?id=ADHUHR,https://villiers.ai/empty-legs/kapf-mroc-citation-x-2026-08-09-d5bd2877?id=ADHUHR,https://villiers.ai/empty-legs/kapf-mroc-citation-x-2026-08-09-d5bd2877?id=ADHUHR,"Fri, 07 Aug 2026 14:23:04 GMT",2026-08-10T00:17:01+00:00
https://villiers.ai/empty-legs/kase-ksdl-2026-08-09?id=ADHUHR,inactive,inactive,2026-08-05T22:38:36+00:00,2026-08-09T23:47:01+00:00,2026-08-10T00:17:01+00:00,"Gulfstream G200 | Aspen-Pitkin County Airport (Sardy Field) → Scottsdale Airport | $12,846",,Gulfstream G200,KASE - Aspen-Pitkin County Airport (Sardy Field),KASE,ASE,Aspen-Pitkin County/Sardy Field,Aspen,US,KSDL - Scottsdale Airport,KSDL,SCF,Scottsdale Airport,Scottsdale,US,09 August 2026,2026-08-09,12:00,13:22,1h 23m,"$12,846",12846,USD,$,10,https://villiers.ai/empty-legs/kase-ksdl-2026-08-09?id=ADHUHR,https://villiers.ai/empty-legs/kase-ksdl-2026-08-09?id=ADHUHR,https://villiers.ai/empty-legs/kase-ksdl-2026-08-09?id=ADHUHR,"Wed, 29 Jul 2026 01:11:08 GMT",2026-08-10T00:17:01+00:00
https://villiers.ai/empty-legs/kasx-kmdw-bombardier-challenger-300-2026-08-09-e79bd4e0?id=ADHUHR,inactive,inactive,2026-08-09T16:47:01+00:00,2026-08-09T23:47:01+00:00,2026-08-10T00:17:01+00:00,"Bombardier Challenger 300 | John F Kennedy Memorial Airport → Chicago Midway International Airport | $7,095",,Bombardier Challenger 300,KASX - John F Kennedy Memorial Airport,KASX,ASX,John F Kennedy Memorial Airport,Ashland,US,KMDW - Chicago Midway International Airport,KMDW,MDW,Chicago Midway International Airport,Chicago,US,09 August 2026,2026-08-09,12:00,13:10,1h 10m,"$7,095",7095,USD,$,9,https://villiers.ai/empty-legs/kasx-kmdw-bombardier-challenger-300-2026-08-09-e79bd4e0?id=ADHUHR,https://villiers.ai/empty-legs/kasx-kmdw-bombardier-challenger-300-2026-08-09-e79bd4e0?id=ADHUHR,https://villiers.ai/empty-legs/kasx-kmdw-bombardier-challenger-300-2026-08-09-e79bd4e0?id=ADHUHR,"Sun, 09 Aug 2026 16:29:20 GMT",2026-08-10T00:17:01+00:00
https://villiers.ai/empty-legs/kaus-kdal-challenger-300-2026-08-09-78693a0c?id=ADHUHR,inactive,inactive,2026-08-07T14:47:01+00:00,2026-08-09T23:47:01+00:00,2026-08-10T00:17:01+00:00,"Challenger 300 | Austin Bergstrom International Airport → Dallas Love Field | $8,600",,Challenger 300,KAUS - Austin Bergstrom International Airport,KAUS,AUS,Austin-Bergstrom International Airport,Austin,US,KDAL - Dallas Love Field,KDAL,DAL,Dallas Love Field,Dallas,US,09 August 2026,2026-08-09,12:00,12:50,51m,"$8,600",8600,USD,$,10,https://villiers.ai/empty-legs/kaus-kdal-challenger-300-2026-08-09-78693a0c?id=ADHUHR,https://villiers.ai/empty-legs/kaus-kdal-challenger-300-2026-08-09-78693a0c?id=ADHUHR,https://villiers.ai/empty-legs/kaus-kdal-challenger-300-2026-08-09-78693a0c?id=ADHUHR,"Fri, 07 Aug 2026 14:22:57 GMT",2026-08-10T00:17:01+00:00
https://villiers.ai/empty-legs/kcos-ksaa-citation-x-2026-08-09-15f6a01a?id=ADHUHR,inactive,inactive,2026-08-07T14:47:01+00:00,2026-08-09T23:47:01+00:00,2026-08-10T00:17:01+00:00,"Citation X | City of Colorado Springs Municipal Airport → Shively Field | $9,675",,Citation X,KCOS - City of Colorado Springs Municipal Airport,KCOS,COS,City Of Colorado Springs Municipal Airport,Colorado Springs,US,KSAA - Shively Field,KSAA,SAA,Shively Field,Saratoga,US,09 August 2026,2026-08-09,12:00,12:53,54m,"$9,675",9675,USD,$,12,https://villiers.ai/empty-legs/kcos-ksaa-citation-x-2026-08-09-15f6a01a?id=ADHUHR,https://villiers.ai/empty-legs/kcos-ksaa-citation-x-2026-08-09-15f6a01a?id=ADHUHR,https://villiers.ai/empty-legs/kcos-ksaa-citation-x-2026-08-09-15f6a01a?id=ADHUHR,"Fri, 07 Aug 2026 14:23:04 GMT",2026-08-10T00:17:01+00:00
https://villiers.ai/empty-legs/kcpr-khou-cessna-citation-ultra-2026-08-09-7d418262?id=ADHUHR,inactive,inactive,2026-08-07T14:47:01+00:00,2026-08-09T23:47:01+00:00,2026-08-10T00:17:01+00:00,"Cessna Citation Ultra | Casper-Natrona County International Airport → William P. Hobby Airport | $9,353",,Cessna Citation Ultra,KCPR - Casper-Natrona County International Airport,KCPR,CPR,Casper/Natrona County International Airport,Casper,US,KHOU - William P. Hobby Airport,KHOU,HOU,William P Hobby Airport,Houston,US,09 August 2026,2026-08-09,12:00,14:32,2h 33m,"$9,353",9353,USD,$,7,https://villiers.ai/empty-legs/kcpr-khou-cessna-citation-ultra-2026-08-09-7d418262?id=ADHUHR,https://villiers.ai/empty-legs/kcpr-khou-cessna-citation-ultra-2026-08-09-7d418262?id=ADHUHR,https://villiers.ai/empty-legs/kcpr-khou-cessna-citation-ultra-2026-08-09-7d418262?id=ADHUHR,"Fri, 07 Aug 2026 14:24:20 GMT",2026-08-10T00:17:01+00:00
https://villiers.ai/empty-legs/kcrq-ktrk-2026-08-09?id=ADHUHR,inactive,inactive,2026-08-05T22:38:36+00:00,2026-08-09T23:47:01+00:00,2026-08-10T00:17:01+00:00,"Hawker 900XP | McClellan-Palomar Airport → Truckee Tahoe Airport | $10,750",,Hawker 900XP,KCRQ - McClellan-Palomar Airport,KCRQ,CLD,Mc Clellan-Palomar Airport,Carlsbad,US,KTRK - Truckee Tahoe Airport,KTRK,TKF,Truckee-Tahoe Airport,Truckee,US,09 August 2026,2026-08-09,12:00,13:20,1h 21m,"$10,750",10750,USD,$,9,https://villiers.ai/empty-legs/kcrq-ktrk-2026-08-09?id=ADHUHR,https://villiers.ai/empty-legs/kcrq-ktrk-2026-08-09?id=ADHUHR,https://villiers.ai/empty-legs/kcrq-ktrk-2026-08-09?id=ADHUHR,"Wed, 29 Jul 2026 01:11:08 GMT",2026-08-10T00:17:01+00:00
https://villiers.ai/empty-legs/kdal-koqu-citation-x-2026-08-09-50e2ffcd?id=ADHUHR,inactive,inactive,2026-08-07T14:47:01+00:00,2026-08-09T23:47:01+00:00,2026-08-10T00:17:01+00:00,"Citation X | Dallas Love Field → Quonset State Airport | $15,050",,Citation X,KDAL - Dallas Love Field,KDAL,DAL,Dallas Love Field,Dallas,US,KOQU - Quonset State Airport,KOQU,NCO,Quonset State Airport,North Kingstown,US,09 August 2026,2026-08-09,12:00,15:18,3h 18m,"$15,050",15050,USD,$,12,https://villiers.ai/empty-legs/kdal-koqu-citation-x-2026-08-09-50e2ffcd?id=ADHUHR,https://villiers.ai/empty-legs/kdal-koqu-citation-x-2026-08-09-50e2ffcd?id=ADHUHR,https://villiers.ai/empty-legs/kdal-koqu-citation-x-2026-08-09-50e2ffcd?id=ADHUHR,"Fri, 07 Aug 2026 14:23:05 GMT",2026-08-10T00:17:01+00:00
https://villiers.ai/empty-legs/kdcu-kbbg-cessna-citation-v-2026-08-09-d98922fe?id=ADHUHR,inactive,inactive,2026-08-06T15:47:01+00:00,2026-08-09T23:47:01+00:00,2026-08-10T00:17:01+00:00,"Cessna Citation V | Pryor Field Regional Airport → Branson Airport | $4,838",,Cessna Citation V,KDCU - Pryor Field Regional Airport,KDCU,DCU,Pryor Field Regional Airport,Decatur,US,KBBG - Branson Airport,KBBG,BKG,Branson Airport,Branson,US,09 August 2026,2026-08-09,12:00,13:11,1h 12m,"$4,838",4838,USD,$,7,https://villiers.ai/empty-legs/kdcu-kbbg-cessna-citation-v-2026-08-09-d98922fe?id=ADHUHR,https://villiers.ai/empty-legs/kdcu-kbbg-cessna-citation-v-2026-08-09-d98922fe?id=ADHUHR,https://villiers.ai/empty-legs/kdcu-kbbg-cessna-citation-v-2026-08-09-d98922fe?id=ADHUHR,"Thu, 06 Aug 2026 15:26:13 GMT",2026-08-10T00:17:01+00:00
https://villiers.ai/empty-legs/kdpa-kfok-challenger-300-2026-08-09-5e4cac8b?id=ADHUHR,inactive,inactive,2026-08-07T14:47:01+00:00,2026-08-09T23:47:01+00:00,2026-08-10T00:17:01+00:00,"Challenger 300 | Dupage Airport → Francis S Gabreski Airport | $12,900",,Challenger 300,KDPA - Dupage Airport,KDPA,DPA,Dupage Airport,Chicago/West Chicago,US,KFOK - Francis S Gabreski Airport,KFOK,FOK,Francis S Gabreski Airport,Westhampton Beach,US,09 August 2026,2026-08-09,12:00,14:00,2h 0m,"$12,900",12900,USD,$,10,https://villiers.ai/empty-legs/kdpa-kfok-challenger-300-2026-08-09-5e4cac8b?id=ADHUHR,https://villiers.ai/empty-legs/kdpa-kfok-challenger-300-2026-08-09-5e4cac8b?id=ADHUHR,https://villiers.ai/empty-legs/kdpa-kfok-challenger-300-2026-08-09-5e4cac8b?id=ADHUHR,"Fri, 07 Aug 2026 14:22:58 GMT",2026-08-10T00:17:01+00:00
https://villiers.ai/empty-legs/kege-kbfi-challenger-300-2026-08-09-80d818bc?id=ADHUHR,inactive,inactive,2026-08-07T14:47:01+00:00,2026-08-09T23:47:01+00:00,2026-08-10T00:17:01+00:00,"Challenger 300 | Eagle County Regional Airport → Boeing Field King County International Airport | $15,050",,Challenger 300,KEGE - Eagle County Regional Airport,KEGE,EGE,Eagle County Regional Airport,Eagle,US,KBFI - Boeing Field King County International Airport,KBFI,BFI,Boeing Field/King County International Airport,Seattle,US,09 August 2026,2026-08-09,12:00,14:14,2h 14m,"$15,050",15050,USD,$,10,https://villiers.ai/empty-legs/kege-kbfi-challenger-300-2026-08-09-80d818bc?id=ADHUHR,https://villiers.ai/empty-legs/kege-kbfi-challenger-300-2026-08-09-80d818bc?id=ADHUHR,https://villiers.ai/empty-legs/kege-kbfi-challenger-300-2026-08-09-80d818bc?id=ADHUHR,"Fri, 07 Aug 2026 14:22:58 GMT",2026-08-10T00:17:01+00:00
https://villiers.ai/empty-legs/kfok-khpn-challenger-300-2026-08-09-4ab0ac92?id=ADHUHR,inactive,inactive,2026-08-07T14:47:01+00:00,2026-08-09T23:47:01+00:00,2026-08-10T00:17:01+00:00,"Challenger 300 | Francis S Gabreski Airport → Westchester County Airport | $8,600",,Challenger 300,KFOK - Francis S Gabreski Airport,KFOK,FOK,Francis S Gabreski Airport,Westhampton Beach,US,KHPN - Westchester County Airport,KHPN,HPN,Westchester County Airport,White Plains,US,09 August 2026,2026-08-09,12:00,12:36,36m,"$8,600",8600,USD,$,10,https://villiers.ai/empty-legs/kfok-khpn-challenger-300-2026-08-09-4ab0ac92?id=ADHUHR,https://villiers.ai/empty-legs/kfok-khpn-challenger-300-2026-08-09-4ab0ac92?id=ADHUHR,https://villiers.ai/empty-legs/kfok-khpn-challenger-300-2026-08-09-4ab0ac92?id=ADHUHR,"Fri, 07 Aug 2026 14:22:58 GMT",2026-08-10T00:17:01+00:00
https://villiers.ai/empty-legs/khou-kbbg-2026-08-09?id=ADHUHR,inactive,inactive,2026-08-05T22:38:36+00:00,2026-08-09T23:47:01+00:00,2026-08-10T00:17:01+00:00,"Cessna Citation Ultra | William P. Hobby Airport → Branson Airport | $4,515",,Cessna Citation Ultra,KHOU - William P. Hobby Airport,KHOU,HOU,William P Hobby Airport,Houston,US,KBBG - Branson Airport,KBBG,BKG,Branson Airport,Branson,US,09 August 2026,2026-08-09,12:00,13:24,1h 24m,"$4,515",4515,USD,$,7,https://villiers.ai/empty-legs/khou-kbbg-2026-08-09?id=ADHUHR,https://villiers.ai/empty-legs/khou-kbbg-2026-08-09?id=ADHUHR,https://villiers.ai/empty-legs/khou-kbbg-2026-08-09?id=ADHUHR,"Sat, 01 Aug 2026 14:40:08 GMT",2026-08-10T00:17:01+00:00
https://villiers.ai/empty-legs/khou-kdal-cessna-citation-ultra-2026-08-09-e79914b7?id=ADHUHR,inactive,inactive,2026-08-07T14:47:01+00:00,2026-08-09T23:47:01+00:00,2026-08-10T00:17:01+00:00,"Cessna Citation Ultra | William P. Hobby Airport → Dallas Love Field | $3,118",,Cessna Citation Ultra,KHOU - William P. Hobby Airport,KHOU,HOU,William P Hobby Airport,Houston,US,KDAL - Dallas Love Field,KDAL,DAL,Dallas Love Field,Dallas,US,09 August 2026,2026-08-09,12:00,12:56,57m,"$3,118",3118,USD,$,7,https://villiers.ai/empty-legs/khou-kdal-cessna-citation-ultra-2026-08-09-e79914b7?id=ADHUHR,https://villiers.ai/empty-legs/khou-kdal-cessna-citation-ultra-2026-08-09-e79914b7?id=ADHUHR,https://villiers.ai/empty-legs/khou-kdal-cessna-citation-ultra-2026-08-09-e79914b7?id=ADHUHR,"Fri, 07 Aug 2026 14:24:20 GMT",2026-08-10T00:17:01+00:00
https://villiers.ai/empty-legs/kjac-kcrq-2026-08-09?id=ADHUHR,inactive,inactive,2026-08-05T22:38:36+00:00,2026-08-09T23:47:01+00:00,2026-08-10T00:17:01+00:00,"Cessna Citation CJ3 | Jackson Hole Airport → McClellan-Palomar Airport | $11,771",,Cessna Citation CJ3,KJAC - Jackson Hole Airport,KJAC,JAC,Jackson Hole Airport,Jackson,US,KCRQ - McClellan-Palomar Airport,KCRQ,CLD,Mc Clellan-Palomar Airport,Carlsbad,US,09 August 2026,2026-08-09,12:00,13:59,1h 59m,"$11,771",11771,USD,$,8,https://villiers.ai/empty-legs/kjac-kcrq-2026-08-09?id=ADHUHR,https://villiers.ai/empty-legs/kjac-kcrq-2026-08-09?id=ADHUHR,https://villiers.ai/empty-legs/kjac-kcrq-2026-08-09?id=ADHUHR,"Tue, 04 Aug 2026 18:21:34 GMT",2026-08-10T00:17:01+00:00
https://villiers.ai/empty-legs/kluk-kpln-citation-x-2026-08-09-812302b4?id=ADHUHR,inactive,inactive,2026-08-07T14:47:01+00:00,2026-08-09T23:47:01+00:00,2026-08-10T00:17:01+00:00,"Citation X | Cincinnati Municipal Airport Lunken Field → Pellston Regional Airport of Emmet County Airport | $8,600",,Citation X,KLUK - Cincinnati Municipal Airport Lunken Field,KLUK,LUK,Cincinnati Municipal/Lunken Field,Cincinnati,US,KPLN - Pellston Regional Airport of Emmet County Airport,KPLN,PLN,Pellston Regional/Emmet County Airport,Pellston,US,09 August 2026,2026-08-09,12:00,13:19,1h 20m,"$8,600",8600,USD,$,12,https://villiers.ai/empty-legs/kluk-kpln-citation-x-2026-08-09-812302b4?id=ADHUHR,https://villiers.ai/empty-legs/kluk-kpln-citation-x-2026-08-09-812302b4?id=ADHUHR,https://villiers.ai/empty-legs/kluk-kpln-citation-x-2026-08-09-812302b4?id=ADHUHR,"Fri, 07 Aug 2026 14:23:05 GMT",2026-08-10T00:17:01+00:00
https://villiers.ai/empty-legs/kmco-kbbg-2026-08-09?id=ADHUHR,inactive,inactive,2026-08-05T22:38:36+00:00,2026-08-09T23:47:01+00:00,2026-08-10T00:17:01+00:00,"Cessna Citation V | Orlando International Airport → Branson Airport | $9,030",,Cessna Citation V,KMCO - Orlando International Airport,KMCO,MCO,Orlando International Airport,Orlando,US,KBBG - Branson Airport,KBBG,BKG,Branson Airport,Branson,US,09 August 2026,2026-08-09,12:00,14:08,2h 9m,"$9,030",9030,USD,$,7,https://villiers.ai/empty-legs/kmco-kbbg-2026-08-09?id=ADHUHR,https://villiers.ai/empty-legs/kmco-kbbg-2026-08-09?id=ADHUHR,https://villiers.ai/empty-legs/kmco-kbbg-2026-08-09?id=ADHUHR,"Wed, 05 Aug 2026 15:25:58 GMT",2026-08-10T00:17:01+00:00
https://villiers.ai/empty-legs/kmdd-kaus-citation-x-2026-08-09-2025da5f?id=ADHUHR,inactive,inactive,2026-08-07T14:47:01+00:00,2026-08-09T23:47:01+00:00,2026-08-10T00:17:01+00:00,"Citation X | Midland Airpark → Austin Bergstrom International Airport | $8,600",,Citation X,KMDD - Midland Airpark,KMDD,MDD,Midland Airpark,Midland,US,KAUS - Austin Bergstrom International Airport,KAUS,AUS,Austin-Bergstrom International Airport,Austin,US,09 August 2026,2026-08-09,12:00,13:02,1h 2m,"$8,600",8600,USD,$,12,https://villiers.ai/empty-legs/kmdd-kaus-citation-x-2026-08-09-2025da5f?id=ADHUHR,https://villiers.ai/empty-legs/kmdd-kaus-citation-x-2026-08-09-2025da5f?id=ADHUHR,https://villiers.ai/empty-legs/kmdd-kaus-citation-x-2026-08-09-2025da5f?id=ADHUHR,"Fri, 07 Aug 2026 14:23:05 GMT",2026-08-10T00:17:01+00:00
https://villiers.ai/empty-legs/kmdw-kege-cessna-citation-ultra-2026-08-09-c1a0690e?id=ADHUHR,inactive,inactive,2026-08-08T14:17:02+00:00,2026-08-09T23:47:01+00:00,2026-08-10T00:17:01+00:00,"Cessna Citation Ultra | Chicago Midway International Airport → Eagle County Regional Airport | $11,073",,Cessna Citation Ultra,KMDW - Chicago Midway International Airport,KMDW,MDW,Chicago Midway International Airport,Chicago,US,KEGE - Eagle County Regional Airport,KEGE,EGE,Eagle County Regional Airport,Eagle,US,09 August 2026,2026-08-09,12:00,14:22,2h 22m,"$11,073",11073,USD,$,7,https://villiers.ai/empty-legs/kmdw-kege-cessna-citation-ultra-2026-08-09-c1a0690e?id=ADHUHR,https://villiers.ai/empty-legs/kmdw-kege-cessna-citation-ultra-2026-08-09-c1a0690e?id=ADHUHR,https://villiers.ai/empty-legs/kmdw-kege-cessna-citation-ultra-2026-08-09-c1a0690e?id=ADHUHR,"Sat, 08 Aug 2026 14:08:44 GMT",2026-08-10T00:17:01+00:00
https://villiers.ai/empty-legs/kopf-kapf-challenger-300-2026-08-09-0a2a1b57?id=ADHUHR,inactive,inactive,2026-08-07T14:47:01+00:00,2026-08-09T23:47:01+00:00,2026-08-10T00:17:01+00:00,"Challenger 300 | Miami-Opa Locka Executive Airport → Naples Municipal Airport | $8,600",,Challenger 300,KOPF - Miami-Opa Locka Executive Airport,KOPF,OPF,Miami-Opa Locka Executive Airport,Miami,US,KAPF - Naples Municipal Airport,KAPF,APF,Naples Municipal Airport,Naples,US,09 August 2026,2026-08-09,12:00,12:40,40m,"$8,600",8600,USD,$,10,https://villiers.ai/empty-legs/kopf-kapf-challenger-300-2026-08-09-0a2a1b57?id=ADHUHR,https://villiers.ai/empty-legs/kopf-kapf-challenger-300-2026-08-09-0a2a1b57?id=ADHUHR,https://villiers.ai/empty-legs/kopf-kapf-challenger-300-2026-08-09-0a2a1b57?id=ADHUHR,"Fri, 07 Aug 2026 14:22:57 GMT",2026-08-10T00:17:01+00:00
https://villiers.ai/empty-legs/kptk-kpsm-citation-x-2026-08-09-6abba3bb?id=ADHUHR,inactive,inactive,2026-08-07T14:47:01+00:00,2026-08-09T23:47:01+00:00,2026-08-10T00:17:01+00:00,"Citation X | Oakland County International Airport → Portsmouth International at Pease Airport | $10,750",,Citation X,KPTK - Oakland County International Airport,KPTK,PTK,Oakland County International Airport,Pontiac,US,KPSM - Portsmouth International at Pease Airport,KPSM,PSM,Portsmouth International At Pease Airport,Portsmouth,US,09 August 2026,2026-08-09,12:00,13:40,1h 41m,"$10,750",10750,USD,$,12,https://villiers.ai/empty-legs/kptk-kpsm-citation-x-2026-08-09-6abba3bb?id=ADHUHR,https://villiers.ai/empty-legs/kptk-kpsm-citation-x-2026-08-09-6abba3bb?id=ADHUHR,https://villiers.ai/empty-legs/kptk-kpsm-citation-x-2026-08-09-6abba3bb?id=ADHUHR,"Fri, 07 Aug 2026 14:23:05 GMT",2026-08-10T00:17:01+00:00
https://villiers.ai/empty-legs/kpvd-kfok-citation-x-2026-08-09-ebdf18e9?id=ADHUHR,inactive,inactive,2026-08-07T14:47:01+00:00,2026-08-09T23:47:01+00:00,2026-08-10T00:17:01+00:00,"Citation X | Theodore Francis Green State Airport → Francis S Gabreski Airport | $8,600",,Citation X,KPVD - Theodore Francis Green State Airport,KPVD,PVD,Rhode Island Tf Green International Airport,Providence,US,KFOK - Francis S Gabreski Airport,KFOK,FOK,Francis S Gabreski Airport,Westhampton Beach,US,09 August 2026,2026-08-09,12:00,12:39,40m,"$8,600",8600,USD,$,12,https://villiers.ai/empty-legs/kpvd-kfok-citation-x-2026-08-09-ebdf18e9?id=ADHUHR,https://villiers.ai/empty-legs/kpvd-kfok-citation-x-2026-08-09-ebdf18e9?id=ADHUHR,https://villiers.ai/empty-legs/kpvd-kfok-citation-x-2026-08-09-ebdf18e9?id=ADHUHR,"Fri, 07 Aug 2026 14:23:05 GMT",2026-08-10T00:17:01+00:00
https://villiers.ai/empty-legs/krst-ksus-citation-x-2026-08-09-5e7a58e3?id=ADHUHR,inactive,inactive,2026-08-07T14:47:01+00:00,2026-08-09T23:47:01+00:00,2026-08-10T00:17:01+00:00,"Citation X | Rochester International Airport → Spirit of St Louis Airport | $8,600",,Citation X,KRST - Rochester International Airport,KRST,RST,Rochester International Airport,Rochester,US,KSUS - Spirit of St Louis Airport,KSUS,SUS,Spirit Of St Louis Airport,St Louis,US,09 August 2026,2026-08-09,12:00,13:11,1h 12m,"$8,600",8600,USD,$,12,https://villiers.ai/empty-legs/krst-ksus-citation-x-2026-08-09-5e7a58e3?id=ADHUHR,https://villiers.ai/empty-legs/krst-ksus-citation-x-2026-08-09-5e7a58e3?id=ADHUHR,https://villiers.ai/empty-legs/krst-ksus-citation-x-2026-08-09-5e7a58e3?id=ADHUHR,"Fri, 07 Aug 2026 14:23:05 GMT",2026-08-10T00:17:01+00:00
https://villiers.ai/empty-legs/ksba-krdm-challenger-300-2026-08-09-e8aa4a58?id=ADHUHR,inactive,inactive,2026-08-07T14:47:01+00:00,2026-08-09T23:47:01+00:00,2026-08-10T00:17:01+00:00,"Challenger 300 | Santa Barbara Municipal Airport → Roberts Field | $10,750",,Challenger 300,KSBA - Santa Barbara Municipal Airport,KSBA,SBA,Santa Barbara Municipal Airport,Santa Barbara,US,KRDM - Roberts Field,KRDM,RDM,Roberts Field/Redmond Municipal Airport,Redmond,US,09 August 2026,2026-08-09,12:00,13:45,1h 46m,"$10,750",10750,USD,$,10,https://villiers.ai/empty-legs/ksba-krdm-challenger-300-2026-08-09-e8aa4a58?id=ADHUHR,https://villiers.ai/empty-legs/ksba-krdm-challenger-300-2026-08-09-e8aa4a58?id=ADHUHR,https://villiers.ai/empty-legs/ksba-krdm-challenger-300-2026-08-09-e8aa4a58?id=ADHUHR,"Fri, 07 Aug 2026 14:22:58 GMT",2026-08-10T00:17:01+00:00
https://villiers.ai/empty-legs/ksdf-kbbg-cessna-citation-ultra-2026-08-09-f3e19742?id=ADHUHR,inactive,inactive,2026-08-08T14:17:02+00:00,2026-08-09T23:47:01+00:00,2026-08-10T00:17:01+00:00,"Cessna Citation Ultra | Louisville Muhammad Ali International Airport → Branson Airport | $5,160",,Cessna Citation Ultra,KSDF - Louisville Muhammad Ali International Airport,KSDF,SDF,Louisville Muhammad Ali International Airport,Louisville,US,KBBG - Branson Airport,KBBG,BKG,Branson Airport,Branson,US,09 August 2026,2026-08-09,12:00,13:17,1h 17m,"$5,160",5160,USD,$,7,https://villiers.ai/empty-legs/ksdf-kbbg-cessna-citation-ultra-2026-08-09-f3e19742?id=ADHUHR,https://villiers.ai/empty-legs/ksdf-kbbg-cessna-citation-ultra-2026-08-09-f3e19742?id=ADHUHR,https://villiers.ai/empty-legs/ksdf-kbbg-cessna-citation-ultra-2026-08-09-f3e19742?id=ADHUHR,"Sat, 08 Aug 2026 14:08:44 GMT",2026-08-10T00:17:01+00:00
https://villiers.ai/empty-legs/ksgr-ksww-cessna-citation-ultra-2026-08-09-47071a6e?id=ADHUHR,inactive,inactive,2026-08-08T14:17:02+00:00,2026-08-09T23:47:01+00:00,2026-08-10T00:17:01+00:00,"Cessna Citation Ultra | Sugar Land Regional Airport → Avenger Field | $4,193",,Cessna Citation Ultra,KSGR - Sugar Land Regional Airport,KSGR,SGR,Sugar Land Regional Airport,Houston,US,KSWW - Avenger Field,KSWW,SWW,Avenger Field,Sweetwater,US,09 August 2026,2026-08-09,12:00,13:08,1h 8m,"$4,193",4193,USD,$,7,https://villiers.ai/empty-legs/ksgr-ksww-cessna-citation-ultra-2026-08-09-47071a6e?id=ADHUHR,https://villiers.ai/empty-legs/ksgr-ksww-cessna-citation-ultra-2026-08-09-47071a6e?id=ADHUHR,https://villiers.ai/empty-legs/ksgr-ksww-cessna-citation-ultra-2026-08-09-47071a6e?id=ADHUHR,"Sat, 08 Aug 2026 14:08:44 GMT",2026-08-10T00:17:01+00:00
https://villiers.ai/empty-legs/ksna-koxr-citation-x-2026-08-09-4cfa9f4c?id=ADHUHR,inactive,inactive,2026-08-07T14:47:01+00:00,2026-08-09T23:47:01+00:00,2026-08-10T00:17:01+00:00,"Citation X | John Wayne Orange County International Airport → Oxnard Airport | $8,600",,Citation X,KSNA - John Wayne Orange County International Airport,KSNA,SNA,John Wayne/Orange County Airport,Santa Ana,US,KOXR - Oxnard Airport,KOXR,OXR,Oxnard Airport,Oxnard,US,09 August 2026,2026-08-09,12:00,12:39,39m,"$8,600",8600,USD,$,12,https://villiers.ai/empty-legs/ksna-koxr-citation-x-2026-08-09-4cfa9f4c?id=ADHUHR,https://villiers.ai/empty-legs/ksna-koxr-citation-x-2026-08-09-4cfa9f4c?id=ADHUHR,https://villiers.ai/empty-legs/ksna-koxr-citation-x-2026-08-09-4cfa9f4c?id=ADHUHR,"Fri, 07 Aug 2026 14:23:06 GMT",2026-08-10T00:17:01+00:00
https://villiers.ai/empty-legs/ksww-kdal-cessna-citation-ultra-2026-08-09-acc8accf?id=ADHUHR,inactive,inactive,2026-08-08T14:17:02+00:00,2026-08-09T23:47:01+00:00,2026-08-10T00:17:01+00:00,"Cessna Citation Ultra | Avenger Field → Dallas Love Field | $2,473",,Cessna Citation Ultra,KSWW - Avenger Field,KSWW,SWW,Avenger Field,Sweetwater,US,KDAL - Dallas Love Field,KDAL,DAL,Dallas Love Field,Dallas,US,09 August 2026,2026-08-09,12:00,12:53,54m,"$2,473",2473,USD,$,7,https://villiers.ai/empty-legs/ksww-kdal-cessna-citation-ultra-2026-08-09-acc8accf?id=ADHUHR,https://villiers.ai/empty-legs/ksww-kdal-cessna-citation-ultra-2026-08-09-acc8accf?id=ADHUHR,https://villiers.ai/empty-legs/ksww-kdal-cessna-citation-ultra-2026-08-09-acc8accf?id=ADHUHR,"Sat, 08 Aug 2026 14:08:44 GMT",2026-08-10T00:17:01+00:00
https://villiers.ai/empty-legs/kwwd-kphl-citation-x-2026-08-09-733227d4?id=ADHUHR,inactive,inactive,2026-08-07T14:47:01+00:00,2026-08-09T23:47:01+00:00,2026-08-10T00:17:01+00:00,"Citation X | Cape May County Airport → Philadelphia International Airport | $8,600",,Citation X,KWWD - Cape May County Airport,KWWD,WWD,Cape May County Airport,Wildwood,US,KPHL - Philadelphia International Airport,KPHL,PHL,Philadelphia International Airport,Philadelphia,US,09 August 2026,2026-08-09,12:00,12:36,37m,"$8,600",8600,USD,$,12,https://villiers.ai/empty-legs/kwwd-kphl-citation-x-2026-08-09-733227d4?id=ADHUHR,https://villiers.ai/empty-legs/kwwd-kphl-citation-x-2026-08-09-733227d4?id=ADHUHR,https://villiers.ai/empty-legs/kwwd-kphl-citation-x-2026-08-09-733227d4?id=ADHUHR,"Fri, 07 Aug 2026 14:23:06 GMT",2026-08-10T00:17:01+00:00
https://villiers.ai/empty-legs/myeh-kapf-citation-x-2026-08-09-5af13fda?id=ADHUHR,inactive,inactive,2026-08-07T14:47:01+00:00,2026-08-09T23:47:01+00:00,2026-08-10T00:17:01+00:00,"Citation X | North Eleuthera Airport → Naples Municipal Airport | $8,600",,Citation X,MYEH - North Eleuthera Airport,MYEH,ELH,North Eleuthera Airport,North Eleuthera,BS,KAPF - Naples Municipal Airport,KAPF,APF,Naples Municipal Airport,Naples,US,09 August 2026,2026-08-09,12:00,13:05,1h 6m,"$8,600",8600,USD,$,12,https://villiers.ai/empty-legs/myeh-kapf-citation-x-2026-08-09-5af13fda?id=ADHUHR,https://villiers.ai/empty-legs/myeh-kapf-citation-x-2026-08-09-5af13fda?id=ADHUHR,https://villiers.ai/empty-legs/myeh-kapf-citation-x-2026-08-09-5af13fda?id=ADHUHR,"Fri, 07 Aug 2026 14:23:05 GMT",2026-08-10T00:17:01+00:00
https://villiers.ai/empty-legs/kads-khou-cessna-citation-ultra-2026-08-10-e9c45dd2?id=ADHUHR,inactive,inactive,2026-08-09T16:47:01+00:00,2026-08-10T23:47:01+00:00,2026-08-11T00:17:01+00:00,"Cessna Citation Ultra | Addison Airport → William P. Hobby Airport | $2,795",,Cessna Citation Ultra,KADS - Addison Airport,KADS,ADS,Addison Airport,Dallas,US,KHOU - William P. Hobby Airport,KHOU,HOU,William P Hobby Airport,Houston,US,10 August 2026,2026-08-10,12:00,12:57,57m,"$2,795",2795,USD,$,7,https://villiers.ai/empty-legs/kads-khou-cessna-citation-ultra-2026-08-10-e9c45dd2?id=ADHUHR,https://villiers.ai/empty-legs/kads-khou-cessna-citation-ultra-2026-08-10-e9c45dd2?id=ADHUHR,https://villiers.ai/empty-legs/kads-khou-cessna-citation-ultra-2026-08-10-e9c45dd2?id=ADHUHR,"Sun, 09 Aug 2026 16:29:20 GMT",2026-08-11T00:17:01+00:00
https://villiers.ai/empty-legs/kase-khhr-citation-cj3-2026-08-10-580b67df?id=ADHUHR,inactive,inactive,2026-08-06T04:17:02+00:00,2026-08-10T23:47:01+00:00,2026-08-11T00:17:01+00:00,"Citation CJ3 | Aspen-Pitkin County Airport (Sardy Field) → Jack Northrop Field Hawthorne Municipal Airport | $8,063",,Citation CJ3,KASE - Aspen-Pitkin County Airport (Sardy Field),KASE,ASE,Aspen-Pitkin County/Sardy Field,Aspen,US,KHHR - Jack Northrop Field Hawthorne Municipal Airport,KHHR,HHR,Jack Northrop Field/Hawthorne Municipal Airport,Hawthorne,US,10 August 2026,2026-08-10,12:00,13:51,1h 51m,"$8,063",8063,USD,$,6,https://villiers.ai/empty-legs/kase-khhr-citation-cj3-2026-08-10-580b67df?id=ADHUHR,https://villiers.ai/empty-legs/kase-khhr-citation-cj3-2026-08-10-580b67df?id=ADHUHR,https://villiers.ai/empty-legs/kase-khhr-citation-cj3-2026-08-10-580b67df?id=ADHUHR,"Thu, 06 Aug 2026 04:11:23 GMT",2026-08-11T00:17:01+00:00
https://villiers.ai/empty-legs/kdal-khou-cessna-citation-ultra-2026-08-10-cc01f185?id=ADHUHR,inactive,inactive,2026-08-08T14:17:02+00:00,2026-08-10T23:47:01+00:00,2026-08-11T00:17:01+00:00,"Cessna Citation Ultra | Dallas Love Field → William P. Hobby Airport | $2,795",,Cessna Citation Ultra,KDAL - Dallas Love Field,KDAL,DAL,Dallas Love Field,Dallas,US,KHOU - William P. Hobby Airport,KHOU,HOU,William P Hobby Airport,Houston,US,10 August 2026,2026-08-10,12:00,12:56,57m,"$2,795",2795,USD,$,7,https://villiers.ai/empty-legs/kdal-khou-cessna-citation-ultra-2026-08-10-cc01f185?id=ADHUHR,https://villiers.ai/empty-legs/kdal-khou-cessna-citation-ultra-2026-08-10-cc01f185?id=ADHUHR,https://villiers.ai/empty-legs/kdal-khou-cessna-citation-ultra-2026-08-10-cc01f185?id=ADHUHR,"Sat, 08 Aug 2026 14:08:44 GMT",2026-08-11T00:17:01+00:00
https://villiers.ai/empty-legs/kdal-kswo-cessna-citation-ultra-2026-08-10-f3fd4fc7?id=ADHUHR,inactive,inactive,2026-08-09T16:47:01+00:00,2026-08-10T23:47:01+00:00,2026-08-11T00:17:01+00:00,"Cessna Citation Ultra | Dallas Love Field → Stillwater Regional Airport | $3,118",,Cessna Citation Ultra,KDAL - Dallas Love Field,KDAL,DAL,Dallas Love Field,Dallas,US,KSWO - Stillwater Regional Airport,KSWO,SWO,Stillwater Regional Airport,Stillwater,US,10 August 2026,2026-08-10,12:00,12:55,55m,"$3,118",3118,USD,$,7,https://villiers.ai/empty-legs/kdal-kswo-cessna-citation-ultra-2026-08-10-f3fd4fc7?id=ADHUHR,https://villiers.ai/empty-legs/kdal-kswo-cessna-citation-ultra-2026-08-10-f3fd4fc7?id=ADHUHR,https://villiers.ai/empty-legs/kdal-kswo-cessna-citation-ultra-2026-08-10-f3fd4fc7?id=ADHUHR,"Sun, 09 Aug 2026 16:29:20 GMT",2026-08-11T00:17:01+00:00
https://villiers.ai/empty-legs/khou-ksww-cessna-citation-v-2026-08-10-95a4b7c8?id=ADHUHR,inactive,inactive,2026-08-10T14:17:01+00:00,2026-08-10T23:47:01+00:00,2026-08-11T00:17:01+00:00,"Cessna Citation V | William P. Hobby Airport → Avenger Field | $4,515",,Cessna Citation V,KHOU - William P. Hobby Airport,KHOU,HOU,William P Hobby Airport,Houston,US,KSWW - Avenger Field,KSWW,SWW,Avenger Field,Sweetwater,US,10 August 2026,2026-08-10,12:00,13:10,1h 10m,"$4,515",4515,USD,$,7,https://villiers.ai/empty-legs/khou-ksww-cessna-citation-v-2026-08-10-95a4b7c8?id=ADHUHR,https://villiers.ai/empty-legs/khou-ksww-cessna-citation-v-2026-08-10-95a4b7c8?id=ADHUHR,https://villiers.ai/empty-legs/khou-ksww-cessna-citation-v-2026-08-10-95a4b7c8?id=ADHUHR,"Mon, 10 Aug 2026 14:06:57 GMT",2026-08-11T00:17:01+00:00
https://villiers.ai/empty-legs/ksgr-kswo-cessna-citation-ultra-2026-08-10-4ae320ea?id=ADHUHR,inactive,inactive,2026-08-10T14:17:01+00:00,2026-08-10T23:47:01+00:00,2026-08-11T00:17:01+00:00,"Cessna Citation Ultra | Sugar Land Regional Airport → Stillwater Regional Airport | $4,838",,Cessna Citation Ultra,KSGR - Sugar Land Regional Airport,KSGR,SGR,Sugar Land Regional Airport,Houston,US,KSWO - Stillwater Regional Airport,KSWO,SWO,Stillwater Regional Airport,Stillwater,US,10 August 2026,2026-08-10,12:00,13:20,1h 21m,"$4,838",4838,USD,$,7,https://villiers.ai/empty-legs/ksgr-kswo-cessna-citation-ultra-2026-08-10-4ae320ea?id=ADHUHR,https://villiers.ai/empty-legs/ksgr-kswo-cessna-citation-ultra-2026-08-10-4ae320ea?id=ADHUHR,https://villiers.ai/empty-legs/ksgr-kswo-cessna-citation-ultra-2026-08-10-4ae320ea?id=ADHUHR,"Mon, 10 Aug 2026 14:06:57 GMT",2026-08-11T00:17:01+00:00
https://villiers.ai/empty-legs/mrlb-kefd-bombardier-challenger-604-2026-08-10-2a04dba5?id=ADHUHR,inactive,inactive,2026-08-07T14:47:01+00:00,2026-08-10T23:47:01+00:00,2026-08-11T00:17:01+00:00,"Bombardier Challenger 604 | Guanacaste Airport → Ellington Airport | $26,768",,Bombardier Challenger 604,MRLB - Guanacaste Airport,MRLB,LIR,Daniel Oduber Quiros International Airport,Liberia,CR,KEFD - Ellington Airport,KEFD,EFD,Ellington Airport,Houston,US,10 August 2026,2026-08-10,12:00,15:11,3h 11m,"$26,768",26768,USD,$,10,https://villiers.ai/empty-legs/mrlb-kefd-bombardier-challenger-604-2026-08-10-2a04dba5?id=ADHUHR,https://villiers.ai/empty-legs/mrlb-kefd-bombardier-challenger-604-2026-08-10-2a04dba5?id=ADHUHR,https://villiers.ai/empty-legs/mrlb-kefd-bombardier-challenger-604-2026-08-10-2a04dba5?id=ADHUHR,"Fri, 07 Aug 2026 14:24:20 GMT",2026-08-11T00:17:01+00:00
https://villiers.ai/empty-legs/mrlb-khou-bombardier-challenger-604-2026-08-10-1834d781?id=ADHUHR,inactive,inactive,2026-08-08T14:17:02+00:00,2026-08-10T23:47:01+00:00,2026-08-11T00:17:01+00:00,"Bombardier Challenger 604 | Guanacaste Airport → William P. Hobby Airport | $26,768",,Bombardier Challenger 604,MRLB - Guanacaste Airport,MRLB,LIR,Daniel Oduber Quiros International Airport,Liberia,CR,KHOU - William P. Hobby Airport,KHOU,HOU,William P Hobby Airport,Houston,US,10 August 2026,2026-08-10,12:00,15:11,3h 12m,"$26,768",26768,USD,$,10,https://villiers.ai/empty-legs/mrlb-khou-bombardier-challenger-604-2026-08-10-1834d781?id=ADHUHR,https://villiers.ai/empty-legs/mrlb-khou-bombardier-challenger-604-2026-08-10-1834d781?id=ADHUHR,https://villiers.ai/empty-legs/mrlb-khou-bombardier-challenger-604-2026-08-10-1834d781?id=ADHUHR,"Sat, 08 Aug 2026 14:08:44 GMT",2026-08-11T00:17:01+00:00
https://villiers.ai/empty-legs/mrlb-kopf-2026-08-10?id=ADHUHR,inactive,inactive,2026-08-05T22:38:36+00:00,2026-08-10T23:47:01+00:00,2026-08-11T00:17:01+00:00,"Bombardier Challenger 604 | Guanacaste Airport → Miami-Opa Locka Executive Airport | $19,673",,Bombardier Challenger 604,MRLB - Guanacaste Airport,MRLB,LIR,Daniel Oduber Quiros International Airport,Liberia,CR,KOPF - Miami-Opa Locka Executive Airport,KOPF,OPF,Miami-Opa Locka Executive Airport,Miami,US,10 August 2026,2026-08-10,12:00,14:33,2h 33m,"$19,673",19673,USD,$,10,https://villiers.ai/empty-legs/mrlb-kopf-2026-08-10?id=ADHUHR,https://villiers.ai/empty-legs/mrlb-kopf-2026-08-10?id=ADHUHR,https://villiers.ai/empty-legs/mrlb-kopf-2026-08-10?id=ADHUHR,"Tue, 14 Jul 2026 14:09:12 GMT",2026-08-11T00:17:01+00:00
https://villiers.ai/empty-legs/kcpr-kase-cessna-citation-ultra-2026-08-11-81b7290a?id=ADHUHR,inactive,inactive,2026-08-08T14:17:02+00:00,2026-08-11T23:47:02+00:00,2026-08-12T00:17:02+00:00,"Cessna Citation Ultra | Casper-Natrona County International Airport → Aspen-Pitkin County Airport (Sardy Field) | $3,118",,Cessna Citation Ultra,KCPR - Casper-Natrona County International Airport,KCPR,CPR,Casper/Natrona County International Airport,Casper,US,KASE - Aspen-Pitkin County Airport (Sardy Field),KASE,ASE,Aspen-Pitkin County/Sardy Field,Aspen,US,11 August 2026,2026-08-11,12:00,12:58,58m,"$3,118",3118,USD,$,7,https://villiers.ai/empty-legs/kcpr-kase-cessna-citation-ultra-2026-08-11-81b7290a?id=ADHUHR,https://villiers.ai/empty-legs/kcpr-kase-cessna-citation-ultra-2026-08-11-81b7290a?id=ADHUHR,https://villiers.ai/empty-legs/kcpr-kase-cessna-citation-ultra-2026-08-11-81b7290a?id=ADHUHR,"Sat, 08 Aug 2026 14:08:44 GMT",2026-08-12T00:17:02+00:00
https://villiers.ai/empty-legs/kege-kcrq-2026-08-11?id=ADHUHR,inactive,inactive,2026-08-05T22:38:36+00:00,2026-08-11T23:47:02+00:00,2026-08-12T00:17:02+00:00,"Cessna Citation Excel/XLS | Eagle County Regional Airport → McClellan-Palomar Airport | $14,996",,Cessna Citation Excel/XLS,KEGE - Eagle County Regional Airport,KEGE,EGE,Eagle County Regional Airport,Eagle,US,KCRQ - McClellan-Palomar Airport,KCRQ,CLD,Mc Clellan-Palomar Airport,Carlsbad,US,11 August 2026,2026-08-11,12:00,13:51,1h 51m,"$14,996",14996,USD,$,,https://villiers.ai/empty-legs/kege-kcrq-2026-08-11?id=ADHUHR,https://villiers.ai/empty-legs/kege-kcrq-2026-08-11?id=ADHUHR,https://villiers.ai/empty-legs/kege-kcrq-2026-08-11?id=ADHUHR,"Tue, 04 Aug 2026 18:21:34 GMT",2026-08-12T00:17:02+00:00
https://villiers.ai/empty-legs/khou-kase-cessna-citation-ultra-2026-08-11-a99cecbe?id=ADHUHR,inactive,inactive,2026-08-09T16:47:01+00:00,2026-08-11T23:47:02+00:00,2026-08-12T00:17:02+00:00,"Cessna Citation Ultra | William P. Hobby Airport → Aspen-Pitkin County Airport (Sardy Field) | $9,353",,Cessna Citation Ultra,KHOU - William P. Hobby Airport,KHOU,HOU,William P Hobby Airport,Houston,US,KASE - Aspen-Pitkin County Airport (Sardy Field),KASE,ASE,Aspen-Pitkin County/Sardy Field,Aspen,US,11 August 2026,2026-08-11,12:00,14:13,2h 14m,"$9,353",9353,USD,$,7,https://villiers.ai/empty-legs/khou-kase-cessna-citation-ultra-2026-08-11-a99cecbe?id=ADHUHR,https://villiers.ai/empty-legs/khou-kase-cessna-citation-ultra-2026-08-11-a99cecbe?id=ADHUHR,https://villiers.ai/empty-legs/khou-kase-cessna-citation-ultra-2026-08-11-a99cecbe?id=ADHUHR,"Sun, 09 Aug 2026 16:29:20 GMT",2026-08-12T00:17:02+00:00
https://villiers.ai/empty-legs/khdn-ktex-2026-08-12?id=ADHUHR,inactive,inactive,2026-08-05T22:38:36+00:00,2026-08-12T23:47:01+00:00,2026-08-13T00:17:01+00:00,"Cessna Citation Ultra | Yampa Valley Airport → Telluride Regional Airport | $2,795",,Cessna Citation Ultra,KHDN - Yampa Valley Airport,KHDN,HDN,Yampa Valley Airport,Hayden,US,KTEX - Telluride Regional Airport,KTEX,TEX,Telluride Regional Airport,Telluride,US,12 August 2026,2026-08-12,12:00,12:49,50m,"$2,795",2795,USD,$,7,https://villiers.ai/empty-legs/khdn-ktex-2026-08-12?id=ADHUHR,https://villiers.ai/empty-legs/khdn-ktex-2026-08-12?id=ADHUHR,https://villiers.ai/empty-legs/khdn-ktex-2026-08-12?id=ADHUHR,"Sat, 18 Jul 2026 16:59:38 GMT",2026-08-13T00:17:01+00:00
https://villiers.ai/empty-legs/khou-ktex-2026-08-12?id=ADHUHR,inactive,inactive,2026-08-05T22:38:36+00:00,2026-08-12T23:47:01+00:00,2026-08-13T00:17:01+00:00,"Cessna Citation Ultra | William P. Hobby Airport → Telluride Regional Airport | $9,353",,Cessna Citation Ultra,KHOU - William P. Hobby Airport,KHOU,HOU,William P Hobby Airport,Houston,US,KTEX - Telluride Regional Airport,KTEX,TEX,Telluride Regional Airport,Telluride,US,12 August 2026,2026-08-12,12:00,14:12,2h 12m,"$9,353",9353,USD,$,7,https://villiers.ai/empty-legs/khou-ktex-2026-08-12?id=ADHUHR,https://villiers.ai/empty-legs/khou-ktex-2026-08-12?id=ADHUHR,https://villiers.ai/empty-legs/khou-ktex-2026-08-12?id=ADHUHR,"Tue, 14 Jul 2026 14:09:12 GMT",2026-08-13T00:17:01+00:00
https://villiers.ai/empty-legs/kssi-khou-2026-08-12?id=ADHUHR,inactive,inactive,2026-08-05T22:38:36+00:00,2026-08-12T23:47:01+00:00,2026-08-13T00:17:01+00:00,"Bombardier Challenger 300 | St Simons Island Airport → William P. Hobby Airport | $15,695",,Bombardier Challenger 300,KSSI - St Simons Island Airport,KSSI,SSI,St Simons Island Airport,St Simons Island,US,KHOU - William P. Hobby Airport,KHOU,HOU,William P Hobby Airport,Houston,US,12 August 2026,2026-08-12,12:00,14:02,2h 2m,"$15,695",15695,USD,$,9,https://villiers.ai/empty-legs/kssi-khou-2026-08-12?id=ADHUHR,https://villiers.ai/empty-legs/kssi-khou-2026-08-12?id=ADHUHR,https://villiers.ai/empty-legs/kssi-khou-2026-08-12?id=ADHUHR,"Mon, 27 Jul 2026 17:11:47 GMT",2026-08-13T00:17:01+00:00
https://villiers.ai/empty-legs/lkkb-leib-cessna-citation-sovereign-2026-08-13-29402b1d?id=ADHUHR,inactive,inactive,2026-08-12T10:17:02+00:00,2026-08-13T23:47:01+00:00,2026-08-14T00:17:01+00:00,"Cessna Citation Sovereign | Prague–Kbely Air Base → Ibiza Airport | €10,750",,Cessna Citation Sovereign,LKKB - Prague–Kbely Air Base,LKKB,,Kbely Air Base,Prague,CZ,LEIB - Ibiza Airport,LEIB,IBZ,Ibiza Airport,Ibiza,ES,13 August 2026,2026-08-13,07:30,09:51,2h 22m,"€10,750",10750,EUR,€,9,https://villiers.ai/empty-legs/lkkb-leib-cessna-citation-sovereign-2026-08-13-29402b1d?id=ADHUHR,https://villiers.ai/empty-legs/lkkb-leib-cessna-citation-sovereign-2026-08-13-29402b1d?id=ADHUHR,https://villiers.ai/empty-legs/lkkb-leib-cessna-citation-sovereign-2026-08-13-29402b1d?id=ADHUHR,"Wed, 12 Aug 2026 10:01:38 GMT",2026-08-14T00:17:01+00:00
https://villiers.ai/empty-legs/eglf-limj-learjet-75-2026-08-13-b86b453c?id=ADHUHR,inactive,inactive,2026-08-08T00:17:02+00:00,2026-08-13T23:47:01+00:00,2026-08-14T00:17:01+00:00,"Learjet 75 | Farnborough Airport → Genoa Cristoforo Colombo Airport | £10,535",,Learjet 75,EGLF - Farnborough Airport,EGLF,FAB,Farnborough Airport,Farnborough,GB,LIMJ - Genoa Cristoforo Colombo Airport,LIMJ,GOA,Genova / Sestri Cristoforo Colombo Airport,Genova,IT,13 August 2026,2026-08-13,12:00,13:42,1h 42m,"£10,535",10535,GBP,£,9,https://villiers.ai/empty-legs/eglf-limj-learjet-75-2026-08-13-b86b453c?id=ADHUHR,https://villiers.ai/empty-legs/eglf-limj-learjet-75-2026-08-13-b86b453c?id=ADHUHR,https://villiers.ai/empty-legs/eglf-limj-learjet-75-2026-08-13-b86b453c?id=ADHUHR,"Fri, 07 Aug 2026 18:00:55 GMT",2026-08-14T00:17:01+00:00
https://villiers.ai/empty-legs/kapc-kcrq-2026-08-13?id=ADHUHR,inactive,inactive,2026-08-05T22:38:36+00:00,2026-08-13T23:47:01+00:00,2026-08-14T00:17:01+00:00,"Cessna Citation M2 | Napa County Airport → McClellan-Palomar Airport | $6,450",,Cessna Citation M2,KAPC - Napa County Airport,KAPC,APC,Napa County Airport,Napa,US,KCRQ - McClellan-Palomar Airport,KCRQ,CLD,Mc Clellan-Palomar Airport,Carlsbad,US,13 August 2026,2026-08-13,12:00,13:19,1h 20m,"$6,450",6450,USD,$,7,https://villiers.ai/empty-legs/kapc-kcrq-2026-08-13?id=ADHUHR,https://villiers.ai/empty-legs/kapc-kcrq-2026-08-13?id=ADHUHR,https://villiers.ai/empty-legs/kapc-kcrq-2026-08-13?id=ADHUHR,"Tue, 04 Aug 2026 18:21:34 GMT",2026-08-14T00:17:01+00:00
https://villiers.ai/empty-legs/kase-kcrq-2026-08-13?id=ADHUHR,inactive,inactive,2026-08-05T22:38:36+00:00,2026-08-13T23:47:01+00:00,2026-08-14T00:17:01+00:00,"Cessna Citation CJ3 | Aspen-Pitkin County Airport (Sardy Field) → McClellan-Palomar Airport | $11,771",,Cessna Citation CJ3,KASE - Aspen-Pitkin County Airport (Sardy Field),KASE,ASE,Aspen-Pitkin County/Sardy Field,Aspen,US,KCRQ - McClellan-Palomar Airport,KCRQ,CLD,Mc Clellan-Palomar Airport,Carlsbad,US,13 August 2026,2026-08-13,12:00,13:49,1h 49m,"$11,771",11771,USD,$,8,https://villiers.ai/empty-legs/kase-kcrq-2026-08-13?id=ADHUHR,https://villiers.ai/empty-legs/kase-kcrq-2026-08-13?id=ADHUHR,https://villiers.ai/empty-legs/kase-kcrq-2026-08-13?id=ADHUHR,"Tue, 04 Aug 2026 18:21:34 GMT",2026-08-14T00:17:01+00:00
https://villiers.ai/empty-legs/kcrq-kmry-pilatus-pc-12-ngx-2026-08-13-99e9b0ec?id=ADHUHR,inactive,inactive,2026-08-12T22:17:01+00:00,2026-08-13T23:47:01+00:00,2026-08-14T00:17:01+00:00,"Pilatus PC-12 NGX | McClellan-Palomar Airport → Monterey Peninsula Airport | $5,375",,Pilatus PC-12 NGX,KCRQ - McClellan-Palomar Airport,KCRQ,CLD,Mc Clellan-Palomar Airport,Carlsbad,US,KMRY - Monterey Peninsula Airport,KMRY,MRY,Monterey Regional Airport,Monterey,US,13 August 2026,2026-08-13,12:00,13:09,1h 9m,"$5,375",5375,USD,$,8,https://villiers.ai/empty-legs/kcrq-kmry-pilatus-pc-12-ngx-2026-08-13-99e9b0ec?id=ADHUHR,https://villiers.ai/empty-legs/kcrq-kmry-pilatus-pc-12-ngx-2026-08-13-99e9b0ec?id=ADHUHR,https://villiers.ai/empty-legs/kcrq-kmry-pilatus-pc-12-ngx-2026-08-13-99e9b0ec?id=ADHUHR,"Wed, 12 Aug 2026 22:00:20 GMT",2026-08-14T00:17:01+00:00
https://villiers.ai/empty-legs/kefd-kssi-bombardier-challenger-604-2026-08-13-c8f9275d?id=ADHUHR,inactive,inactive,2026-08-07T14:47:01+00:00,2026-08-13T23:47:01+00:00,2026-08-14T00:17:01+00:00,"Bombardier Challenger 604 | Ellington Airport → St Simons Island Airport | $14,190",,Bombardier Challenger 604,KEFD - Ellington Airport,KEFD,EFD,Ellington Airport,Houston,US,KSSI - St Simons Island Airport,KSSI,SSI,St Simons Island Airport,St Simons Island,US,13 August 2026,2026-08-13,12:00,14:01,2h 2m,"$14,190",14190,USD,$,10,https://villiers.ai/empty-legs/kefd-kssi-bombardier-challenger-604-2026-08-13-c8f9275d?id=ADHUHR,https://villiers.ai/empty-legs/kefd-kssi-bombardier-challenger-604-2026-08-13-c8f9275d?id=ADHUHR,https://villiers.ai/empty-legs/kefd-kssi-bombardier-challenger-604-2026-08-13-c8f9275d?id=ADHUHR,"Fri, 07 Aug 2026 14:24:20 GMT",2026-08-14T00:17:01+00:00
https://villiers.ai/empty-legs/khdn-kcpr-cessna-citation-v-2026-08-13-59faa6cc?id=ADHUHR,inactive,inactive,2026-08-12T14:47:01+00:00,2026-08-13T23:47:01+00:00,2026-08-14T00:17:01+00:00,"Cessna Citation V | Yampa Valley Airport → Casper-Natrona County International Airport | $2,473",,Cessna Citation V,KHDN - Yampa Valley Airport,KHDN,HDN,Yampa Valley Airport,Hayden,US,KCPR - Casper-Natrona County International Airport,KCPR,CPR,Casper/Natrona County International Airport,Casper,US,13 August 2026,2026-08-13,12:00,12:49,49m,"$2,473",2473,USD,$,7,https://villiers.ai/empty-legs/khdn-kcpr-cessna-citation-v-2026-08-13-59faa6cc?id=ADHUHR,https://villiers.ai/empty-legs/khdn-kcpr-cessna-citation-v-2026-08-13-59faa6cc?id=ADHUHR,https://villiers.ai/empty-legs/khdn-kcpr-cessna-citation-v-2026-08-13-59faa6cc?id=ADHUHR,"Wed, 12 Aug 2026 14:28:13 GMT",2026-08-14T00:17:01+00:00
https://villiers.ai/empty-legs/khou-kftw-2026-08-13?id=ADHUHR,inactive,inactive,2026-08-05T22:38:36+00:00,2026-08-13T23:47:01+00:00,2026-08-14T00:17:01+00:00,"Bombardier Challenger 604 | William P. Hobby Airport → Fort Worth Meacham International Airport | $6,450",,Bombardier Challenger 604,KHOU - William P. Hobby Airport,KHOU,HOU,William P Hobby Airport,Houston,US,KFTW - Fort Worth Meacham International Airport,KFTW,FTW,Fort Worth Meacham International Airport,Fort Worth,US,13 August 2026,2026-08-13,12:00,12:57,58m,"$6,450",6450,USD,$,10,https://villiers.ai/empty-legs/khou-kftw-2026-08-13?id=ADHUHR,https://villiers.ai/empty-legs/khou-kftw-2026-08-13?id=ADHUHR,https://villiers.ai/empty-legs/khou-kftw-2026-08-13?id=ADHUHR,"Fri, 10 Jul 2026 14:07:10 GMT",2026-08-14T00:17:01+00:00
https://villiers.ai/empty-legs/khou-ktul-cessna-citation-ultra-2026-08-13-4812ba45?id=ADHUHR,inactive,inactive,2026-08-11T15:17:01+00:00,2026-08-13T23:47:01+00:00,2026-08-14T00:17:01+00:00,"Cessna Citation Ultra | William P. Hobby Airport → Tulsa International Airport | $4,838",,Cessna Citation Ultra,KHOU - William P. Hobby Airport,KHOU,HOU,William P Hobby Airport,Houston,US,KTUL - Tulsa International Airport,KTUL,TUL,Tulsa International Airport,Tulsa,US,13 August 2026,2026-08-13,12:00,13:20,1h 20m,"$4,838",4838,USD,$,7,https://villiers.ai/empty-legs/khou-ktul-cessna-citation-ultra-2026-08-13-4812ba45?id=ADHUHR,https://villiers.ai/empty-legs/khou-ktul-cessna-citation-ultra-2026-08-13-4812ba45?id=ADHUHR,https://villiers.ai/empty-legs/khou-ktul-cessna-citation-ultra-2026-08-13-4812ba45?id=ADHUHR,"Tue, 11 Aug 2026 14:47:20 GMT",2026-08-14T00:17:01+00:00
https://villiers.ai/empty-legs/ktcl-khou-2026-08-13?id=ADHUHR,inactive,inactive,2026-08-05T22:38:36+00:00,2026-08-13T23:47:01+00:00,2026-08-14T00:17:01+00:00,"Pilatus PC-12 NG | Tuscaloosa National Airport → William P. Hobby Airport | $6,235",,Pilatus PC-12 NG,KTCL - Tuscaloosa National Airport,KTCL,TCL,Tuscaloosa Ntl Airport,Tuscaloosa,US,KHOU - William P. Hobby Airport,KHOU,HOU,William P Hobby Airport,Houston,US,13 August 2026,2026-08-13,12:00,13:27,1h 27m,"$6,235",6235,USD,$,7,https://villiers.ai/empty-legs/ktcl-khou-2026-08-13?id=ADHUHR,https://villiers.ai/empty-legs/ktcl-khou-2026-08-13?id=ADHUHR,https://villiers.ai/empty-legs/ktcl-khou-2026-08-13?id=ADHUHR,"Tue, 28 Jul 2026 14:22:35 GMT",2026-08-14T00:17:01+00:00
https://villiers.ai/empty-legs/mrlb-kdal-2026-08-13?id=ADHUHR,inactive,inactive,2026-08-05T22:38:36+00:00,2026-08-13T23:47:01+00:00,2026-08-14T00:17:01+00:00,"Bombardier Challenger 604 | Guanacaste Airport → Dallas Love Field | $25,155",,Bombardier Challenger 604,MRLB - Guanacaste Airport,MRLB,LIR,Daniel Oduber Quiros International Airport,Liberia,CR,KDAL - Dallas Love Field,KDAL,DAL,Dallas Love Field,Dallas,US,13 August 2026,2026-08-13,12:00,15:38,3h 38m,"$25,155",25155,USD,$,10,https://villiers.ai/empty-legs/mrlb-kdal-2026-08-13?id=ADHUHR,https://villiers.ai/empty-legs/mrlb-kdal-2026-08-13?id=ADHUHR,https://villiers.ai/empty-legs/mrlb-kdal-2026-08-13?id=ADHUHR,"Tue, 07 Jul 2026 13:58:53 GMT",2026-08-14T00:17:01+00:00
https://villiers.ai/empty-legs/eghi-leib-2026-08-14?id=ADHUHR,inactive,inactive,2026-08-05T22:38:36+00:00,2026-08-14T23:47:02+00:00,2026-08-15T00:17:01+00:00,"Embraer Phenom 300E | Southampton Airport → Ibiza Airport | £7,203",,Embraer Phenom 300E,EGHI - Southampton Airport,EGHI,SOU,Southampton Airport,Southampton,GB,LEIB - Ibiza Airport,LEIB,IBZ,Ibiza Airport,Ibiza,ES,14 August 2026,2026-08-14,12:00,14:03,2h 4m,"£7,203",7203,GBP,£,9,https://villiers.ai/empty-legs/eghi-leib-2026-08-14?id=ADHUHR,https://villiers.ai/empty-legs/eghi-leib-2026-08-14?id=ADHUHR,https://villiers.ai/empty-legs/eghi-leib-2026-08-14?id=ADHUHR,"Fri, 31 Jul 2026 19:12:54 GMT",2026-08-15T00:17:01+00:00
https://villiers.ai/empty-legs/kcrq-kmry-pilatus-pc-12-ngx-2026-08-14-52b0e598?id=ADHUHR,inactive,inactive,2026-08-06T04:17:02+00:00,2026-08-14T23:47:02+00:00,2026-08-15T00:17:01+00:00,"Pilatus PC-12 NGX | McClellan-Palomar Airport → Monterey Peninsula Airport | $3,763",,Pilatus PC-12 NGX,KCRQ - McClellan-Palomar Airport,KCRQ,CLD,Mc Clellan-Palomar Airport,Carlsbad,US,KMRY - Monterey Peninsula Airport,KMRY,MRY,Monterey Regional Airport,Monterey,US,14 August 2026,2026-08-14,12:00,13:09,1h 9m,"$3,763",3763,USD,$,8,https://villiers.ai/empty-legs/kcrq-kmry-pilatus-pc-12-ngx-2026-08-14-52b0e598?id=ADHUHR,https://villiers.ai/empty-legs/kcrq-kmry-pilatus-pc-12-ngx-2026-08-14-52b0e598?id=ADHUHR,https://villiers.ai/empty-legs/kcrq-kmry-pilatus-pc-12-ngx-2026-08-14-52b0e598?id=ADHUHR,"Thu, 06 Aug 2026 04:11:23 GMT",2026-08-15T00:17:01+00:00
https://villiers.ai/empty-legs/kdal-kaus-aircraft-2026-08-14-5cee1ebf?id=ADHUHR,inactive,inactive,2026-08-14T14:17:02+00:00,2026-08-14T23:47:02+00:00,2026-08-15T00:17:01+00:00,"Private Jet | Dallas Love Field → Austin Bergstrom International Airport | $2,795",,Private Jet,KDAL - Dallas Love Field,KDAL,DAL,Dallas Love Field,Dallas,US,KAUS - Austin Bergstrom International Airport,KAUS,AUS,Austin-Bergstrom International Airport,Austin,US,14 August 2026,2026-08-14,12:00,12:50,51m,"$2,795",2795,USD,$,7,https://villiers.ai/empty-legs/kdal-kaus-aircraft-2026-08-14-5cee1ebf?id=ADHUHR,https://villiers.ai/empty-legs/kdal-kaus-aircraft-2026-08-14-5cee1ebf?id=ADHUHR,https://villiers.ai/empty-legs/kdal-kaus-aircraft-2026-08-14-5cee1ebf?id=ADHUHR,"Fri, 14 Aug 2026 14:01:13 GMT",2026-08-15T00:17:01+00:00
https://villiers.ai/empty-legs/kdal-khou-cessna-citation-ultra-2026-08-14-ed4c63ca?id=ADHUHR,inactive,inactive,2026-08-08T00:17:02+00:00,2026-08-14T23:47:02+00:00,2026-08-15T00:17:01+00:00,"Cessna Citation Ultra | Dallas Love Field → William P. Hobby Airport | $2,795",,Cessna Citation Ultra,KDAL - Dallas Love Field,KDAL,DAL,Dallas Love Field,Dallas,US,KHOU - William P. Hobby Airport,KHOU,HOU,William P Hobby Airport,Houston,US,14 August 2026,2026-08-14,12:00,12:56,57m,"$2,795",2795,USD,$,7,https://villiers.ai/empty-legs/kdal-khou-cessna-citation-ultra-2026-08-14-ed4c63ca?id=ADHUHR,https://villiers.ai/empty-legs/kdal-khou-cessna-citation-ultra-2026-08-14-ed4c63ca?id=ADHUHR,https://villiers.ai/empty-legs/kdal-khou-cessna-citation-ultra-2026-08-14-ed4c63ca?id=ADHUHR,"Fri, 07 Aug 2026 14:24:20 GMT",2026-08-15T00:17:01+00:00
https://villiers.ai/empty-legs/kefd-kssi-2026-08-14?id=ADHUHR,inactive,inactive,2026-08-05T22:38:36+00:00,2026-08-14T23:47:02+00:00,2026-08-15T00:17:01+00:00,"Gulfstream G280 | Ellington Airport → St Simons Island Airport | $13,438",,Gulfstream G280,KEFD - Ellington Airport,KEFD,EFD,Ellington Airport,Houston,US,KSSI - St Simons Island Airport,KSSI,SSI,St Simons Island Airport,St Simons Island,US,14 August 2026,2026-08-14,12:00,14:01,2h 2m,"$13,438",13438,USD,$,10,https://villiers.ai/empty-legs/kefd-kssi-2026-08-14?id=ADHUHR,https://villiers.ai/empty-legs/kefd-kssi-2026-08-14?id=ADHUHR,https://villiers.ai/empty-legs/kefd-kssi-2026-08-14?id=ADHUHR,"Wed, 05 Aug 2026 15:25:58 GMT",2026-08-15T00:17:01+00:00
https://villiers.ai/empty-legs/khou-kcpr-cessna-citation-ultra-2026-08-14-2fd62f65?id=ADHUHR,inactive,inactive,2026-08-08T00:17:02+00:00,2026-08-14T23:47:02+00:00,2026-08-15T00:17:01+00:00,"Cessna Citation Ultra | William P. Hobby Airport → Casper-Natrona County International Airport | $10,750",,Cessna Citation Ultra,KHOU - William P. Hobby Airport,KHOU,HOU,William P Hobby Airport,Houston,US,KCPR - Casper-Natrona County International Airport,KCPR,CPR,Casper/Natrona County International Airport,Casper,US,14 August 2026,2026-08-14,12:00,14:32,2h 33m,"$10,750",10750,USD,$,7,https://villiers.ai/empty-legs/khou-kcpr-cessna-citation-ultra-2026-08-14-2fd62f65?id=ADHUHR,https://villiers.ai/empty-legs/khou-kcpr-cessna-citation-ultra-2026-08-14-2fd62f65?id=ADHUHR,https://villiers.ai/empty-legs/khou-kcpr-cessna-citation-ultra-2026-08-14-2fd62f65?id=ADHUHR,"Fri, 07 Aug 2026 14:24:20 GMT",2026-08-15T00:17:01+00:00
https://villiers.ai/empty-legs/khou-kssi-2026-08-14?id=ADHUHR,inactive,inactive,2026-08-05T22:38:36+00:00,2026-08-14T23:47:02+00:00,2026-08-15T00:17:01+00:00,"Gulfstream G280 | William P. Hobby Airport → St Simons Island Airport | $13,438",,Gulfstream G280,KHOU - William P. Hobby Airport,KHOU,HOU,William P Hobby Airport,Houston,US,KSSI - St Simons Island Airport,KSSI,SSI,St Simons Island Airport,St Simons Island,US,14 August 2026,2026-08-14,12:00,14:02,2h 2m,"$13,438",13438,USD,$,10,https://villiers.ai/empty-legs/khou-kssi-2026-08-14?id=ADHUHR,https://villiers.ai/empty-legs/khou-kssi-2026-08-14?id=ADHUHR,https://villiers.ai/empty-legs/khou-kssi-2026-08-14?id=ADHUHR,"Mon, 27 Jul 2026 17:11:47 GMT",2026-08-15T00:17:01+00:00
https://villiers.ai/empty-legs/klas-kslc-aircraft-2026-08-14-7db5fecf?id=ADHUHR,inactive,inactive,2026-08-14T14:17:02+00:00,2026-08-14T23:47:02+00:00,2026-08-15T00:17:01+00:00,"Private Jet | Harry Reid International Airport → Salt Lake City International Airport | $3,870",,Private Jet,KLAS - Harry Reid International Airport,KLAS,LAS,Harry Reid International Airport,Las Vegas,US,KSLC - Salt Lake City International Airport,KSLC,SLC,Salt Lake City International Airport,Salt Lake City,US,14 August 2026,2026-08-14,12:00,13:10,1h 11m,"$3,870",3870,USD,$,7,https://villiers.ai/empty-legs/klas-kslc-aircraft-2026-08-14-7db5fecf?id=ADHUHR,https://villiers.ai/empty-legs/klas-kslc-aircraft-2026-08-14-7db5fecf?id=ADHUHR,https://villiers.ai/empty-legs/klas-kslc-aircraft-2026-08-14-7db5fecf?id=ADHUHR,"Fri, 14 Aug 2026 14:01:13 GMT",2026-08-15T00:17:01+00:00
https://villiers.ai/empty-legs/krno-klas-bombardier-challenger-604-20260814-26e4791d?id=ADHUHR,inactive,inactive,2026-08-05T22:38:36+00:00,2026-08-14T23:47:02+00:00,2026-08-15T00:17:01+00:00,"Bombardier Challenger 604 | Reno Tahoe International Airport → Harry Reid International Airport | $7,260",,Bombardier Challenger 604,KRNO - Reno Tahoe International Airport,KRNO,RNO,Reno/Tahoe International Airport,Reno,US,KLAS - Harry Reid International Airport,KLAS,LAS,Harry Reid International Airport,Las Vegas,US,14 August 2026,2026-08-14,12:00,13:08,1h 8m,"$7,260",7260,USD,$,10,https://villiers.ai/empty-legs/krno-klas-bombardier-challenger-604-20260814-26e4791d?id=ADHUHR,https://villiers.ai/empty-legs/krno-klas-bombardier-challenger-604-20260814-26e4791d?id=ADHUHR,https://villiers.ai/empty-legs/krno-klas-bombardier-challenger-604-20260814-26e4791d?id=ADHUHR,"Fri, 10 Apr 2026 04:04:40 GMT",2026-08-15T00:17:01+00:00
https://villiers.ai/empty-legs/eggw-levc-challenger-650-2026-08-15-8962031b?id=ADHUHR,inactive,inactive,2026-08-08T00:17:02+00:00,2026-08-15T23:47:01+00:00,2026-08-16T00:17:01+00:00,"Challenger 650 | London Luton Airport → Valencia Airport | £12,900",,Challenger 650,EGGW - London Luton Airport,EGGW,LTN,London Luton Airport,London,GB,LEVC - Valencia Airport,LEVC,VLC,Valencia Airport,Valencia,ES,15 August 2026,2026-08-15,12:00,14:04,2h 5m,"£12,900",12900,GBP,£,11,https://villiers.ai/empty-legs/eggw-levc-challenger-650-2026-08-15-8962031b?id=ADHUHR,https://villiers.ai/empty-legs/eggw-levc-challenger-650-2026-08-15-8962031b?id=ADHUHR,https://villiers.ai/empty-legs/eggw-levc-challenger-650-2026-08-15-8962031b?id=ADHUHR,"Fri, 07 Aug 2026 18:00:56 GMT",2026-08-16T00:17:01+00:00
https://villiers.ai/empty-legs/eglf-edry-2026-08-15?id=ADHUHR,inactive,inactive,2026-08-05T22:38:36+00:00,2026-08-15T23:47:01+00:00,2026-08-16T00:17:01+00:00,"Citation XLS+ | Farnborough Airport → Speyer Airfield | £10,890",,Citation XLS+,EGLF - Farnborough Airport,EGLF,FAB,Farnborough Airport,Farnborough,GB,EDRY - Speyer Airfield,EDRY,,Speyer Airport,Speyer,DE,15 August 2026,2026-08-15,12:00,13:17,1h 18m,"£10,890",10890,GBP,£,7,https://villiers.ai/empty-legs/eglf-edry-2026-08-15?id=ADHUHR,https://villiers.ai/empty-legs/eglf-edry-2026-08-15?id=ADHUHR,https://villiers.ai/empty-legs/eglf-edry-2026-08-15?id=ADHUHR,"Fri, 26 Jun 2026 18:54:16 GMT",2026-08-16T00:17:01+00:00
https://villiers.ai/empty-legs/eglf-lege-2026-08-15?id=ADHUHR,inactive,inactive,2026-08-05T22:38:36+00:00,2026-08-15T23:47:01+00:00,2026-08-16T00:17:01+00:00,"Phenom 300 | Farnborough Airport → Girona-Costa Brava Airport | £10,450",,Phenom 300,EGLF - Farnborough Airport,EGLF,FAB,Farnborough Airport,Farnborough,GB,LEGE - Girona-Costa Brava Airport,LEGE,GRO,Girona Airport,Girona,ES,15 August 2026,2026-08-15,12:00,13:44,1h 44m,"£10,450",10450,GBP,£,9,https://villiers.ai/empty-legs/eglf-lege-2026-08-15?id=ADHUHR,https://villiers.ai/empty-legs/eglf-lege-2026-08-15?id=ADHUHR,https://villiers.ai/empty-legs/eglf-lege-2026-08-15?id=ADHUHR,"Fri, 26 Jun 2026 18:54:16 GMT",2026-08-16T00:17:01+00:00
https://villiers.ai/empty-legs/eick-egll-pilatus-pc-12-2026-08-15-db7565cb?id=ADHUHR,inactive,inactive,2026-08-08T00:17:02+00:00,2026-08-15T23:47:01+00:00,2026-08-16T00:17:01+00:00,"Pilatus PC-12 | Cork Airport → London Heathrow Airport | £3,225",,Pilatus PC-12,EICK - Cork Airport,EICK,ORK,Cork Airport,Cork,IE,EGLL - London Heathrow Airport,EGLL,LHR,London Heathrow Airport,London,GB,15 August 2026,2026-08-15,12:00,13:08,1h 8m,"£3,225",3225,GBP,£,6,https://villiers.ai/empty-legs/eick-egll-pilatus-pc-12-2026-08-15-db7565cb?id=ADHUHR,https://villiers.ai/empty-legs/eick-egll-pilatus-pc-12-2026-08-15-db7565cb?id=ADHUHR,https://villiers.ai/empty-legs/eick-egll-pilatus-pc-12-2026-08-15-db7565cb?id=ADHUHR,"Fri, 07 Aug 2026 18:00:56 GMT",2026-08-16T00:17:01+00:00
https://villiers.ai/empty-legs/kbfi-kapa-challenger-350-2026-08-15-cae1a3ba?id=ADHUHR,inactive,inactive,2026-08-12T22:17:01+00:00,2026-08-15T23:47:01+00:00,2026-08-16T00:17:01+00:00,"Challenger 350 | Boeing Field King County International Airport → Centennial Airport | $18,275",,Challenger 350,KBFI - Boeing Field King County International Airport,KBFI,BFI,Boeing Field/King County International Airport,Seattle,US,KAPA - Centennial Airport,KAPA,APA,Centennial Airport,Denver,US,15 August 2026,2026-08-15,12:00,14:24,2h 24m,"$18,275",18275,USD,$,9,https://villiers.ai/empty-legs/kbfi-kapa-challenger-350-2026-08-15-cae1a3ba?id=ADHUHR,https://villiers.ai/empty-legs/kbfi-kapa-challenger-350-2026-08-15-cae1a3ba?id=ADHUHR,https://villiers.ai/empty-legs/kbfi-kapa-challenger-350-2026-08-15-cae1a3ba?id=ADHUHR,"Wed, 12 Aug 2026 22:00:20 GMT",2026-08-16T00:17:01+00:00
https://villiers.ai/empty-legs/khou-kdal-2026-08-15?id=ADHUHR,inactive,inactive,2026-08-05T22:38:36+00:00,2026-08-15T23:47:01+00:00,2026-08-16T00:17:01+00:00,"Cessna Citation V | William P. Hobby Airport → Dallas Love Field | $3,118",,Cessna Citation V,KHOU - William P. Hobby Airport,KHOU,HOU,William P Hobby Airport,Houston,US,KDAL - Dallas Love Field,KDAL,DAL,Dallas Love Field,Dallas,US,15 August 2026,2026-08-15,12:00,12:56,57m,"$3,118",3118,USD,$,7,https://villiers.ai/empty-legs/khou-kdal-2026-08-15?id=ADHUHR,https://villiers.ai/empty-legs/khou-kdal-2026-08-15?id=ADHUHR,https://villiers.ai/empty-legs/khou-kdal-2026-08-15?id=ADHUHR,"Wed, 05 Aug 2026 15:25:58 GMT",2026-08-16T00:17:01+00:00
https://villiers.ai/empty-legs/kvny-kgjt-challenger-350-2026-08-15-80865eac?id=ADHUHR,inactive,inactive,2026-08-12T22:17:01+00:00,2026-08-15T23:47:01+00:00,2026-08-16T00:17:01+00:00,"Challenger 350 | Van Nuys Airport → Grand Junction Regional Airport | $18,275",,Challenger 350,KVNY - Van Nuys Airport,KVNY,VNY,Van Nuys Airport,Van Nuys,US,KGJT - Grand Junction Regional Airport,KGJT,GJT,Grand Junction Regional Airport,Grand Junction,US,15 August 2026,2026-08-15,12:00,13:41,1h 42m,"$18,275",18275,USD,$,9,https://villiers.ai/empty-legs/kvny-kgjt-challenger-350-2026-08-15-80865eac?id=ADHUHR,https://villiers.ai/empty-legs/kvny-kgjt-challenger-350-2026-08-15-80865eac?id=ADHUHR,https://villiers.ai/empty-legs/kvny-kgjt-challenger-350-2026-08-15-80865eac?id=ADHUHR,"Wed, 12 Aug 2026 22:00:20 GMT",2026-08-16T00:17:01+00:00
https://villiers.ai/empty-legs/kaus-kdal-aircraft-2026-08-16-7c9d6984?id=ADHUHR,inactive,inactive,2026-08-14T14:17:02+00:00,2026-08-16T23:47:02+00:00,2026-08-17T00:17:02+00:00,"Private Jet | Austin Bergstrom International Airport → Dallas Love Field | $2,473",,Private Jet,KAUS - Austin Bergstrom International Airport,KAUS,AUS,Austin-Bergstrom International Airport,Austin,US,KDAL - Dallas Love Field,KDAL,DAL,Dallas Love Field,Dallas,US,16 August 2026,2026-08-16,12:00,12:50,51m,"$2,473",2473,USD,$,7,https://villiers.ai/empty-legs/kaus-kdal-aircraft-2026-08-16-7c9d6984?id=ADHUHR,https://villiers.ai/empty-legs/kaus-kdal-aircraft-2026-08-16-7c9d6984?id=ADHUHR,https://villiers.ai/empty-legs/kaus-kdal-aircraft-2026-08-16-7c9d6984?id=ADHUHR,"Fri, 14 Aug 2026 14:01:13 GMT",2026-08-17T00:17:02+00:00
https://villiers.ai/empty-legs/kchd-klas-cessna-citation-ultra-2026-08-16-a5c636ce?id=ADHUHR,inactive,inactive,2026-08-16T14:17:02+00:00,2026-08-16T23:47:02+00:00,2026-08-17T00:17:02+00:00,"Cessna Citation Ultra | Chandler Municipal Airport → Harry Reid International Airport | $3,440",,Cessna Citation Ultra,KCHD - Chandler Municipal Airport,KCHD,,Chandler Municipal Airport,Chandler,US,KLAS - Harry Reid International Airport,KLAS,LAS,Harry Reid International Airport,Las Vegas,US,16 August 2026,2026-08-16,12:00,13:00,1h 0m,"$3,440",3440,USD,$,7,https://villiers.ai/empty-legs/kchd-klas-cessna-citation-ultra-2026-08-16-a5c636ce?id=ADHUHR,https://villiers.ai/empty-legs/kchd-klas-cessna-citation-ultra-2026-08-16-a5c636ce?id=ADHUHR,https://villiers.ai/empty-legs/kchd-klas-cessna-citation-ultra-2026-08-16-a5c636ce?id=ADHUHR,"Sun, 16 Aug 2026 14:11:48 GMT",2026-08-17T00:17:02+00:00
https://villiers.ai/empty-legs/kcrq-ksaf-citation-cj3-2026-08-16-736838d2?id=ADHUHR,inactive,inactive,2026-08-12T22:17:01+00:00,2026-08-16T23:47:02+00:00,2026-08-17T00:17:02+00:00,"Citation CJ3 | McClellan-Palomar Airport → Santa Fe Municipal Airport | $6,988",,Citation CJ3,KCRQ - McClellan-Palomar Airport,KCRQ,CLD,Mc Clellan-Palomar Airport,Carlsbad,US,KSAF - Santa Fe Municipal Airport,KSAF,SAF,Santa Fe Regional Airport,Santa Fe,US,16 August 2026,2026-08-16,12:00,13:43,1h 43m,"$6,988",6988,USD,$,6,https://villiers.ai/empty-legs/kcrq-ksaf-citation-cj3-2026-08-16-736838d2?id=ADHUHR,https://villiers.ai/empty-legs/kcrq-ksaf-citation-cj3-2026-08-16-736838d2?id=ADHUHR,https://villiers.ai/empty-legs/kcrq-ksaf-citation-cj3-2026-08-16-736838d2?id=ADHUHR,"Wed, 12 Aug 2026 22:00:20 GMT",2026-08-17T00:17:02+00:00
https://villiers.ai/empty-legs/kerv-kril-cessna-citation-ultra-2026-08-16-f86b80c4?id=ADHUHR,inactive,inactive,2026-08-15T14:17:02+00:00,2026-08-16T23:47:02+00:00,2026-08-17T00:17:02+00:00,"Cessna Citation Ultra | Kerrville / Kerr County Airport at Louis Schreiner Field → Garfield County Regional Airport | $8,600",,Cessna Citation Ultra,KERV - Kerrville / Kerr County Airport at Louis Schreiner Field,KERV,ERV,Kerrville Municipal/Louis Schreiner Field,Kerrville,US,KRIL - Garfield County Regional Airport,KRIL,RIL,Rifle Garfield County Airport,Rifle,US,16 August 2026,2026-08-16,12:00,14:01,2h 1m,"$8,600",8600,USD,$,7,https://villiers.ai/empty-legs/kerv-kril-cessna-citation-ultra-2026-08-16-f86b80c4?id=ADHUHR,https://villiers.ai/empty-legs/kerv-kril-cessna-citation-ultra-2026-08-16-f86b80c4?id=ADHUHR,https://villiers.ai/empty-legs/kerv-kril-cessna-citation-ultra-2026-08-16-f86b80c4?id=ADHUHR,"Sat, 15 Aug 2026 14:13:13 GMT",2026-08-17T00:17:02+00:00
https://villiers.ai/empty-legs/khou-kase-2026-08-16?id=ADHUHR,inactive,inactive,2026-08-05T22:38:36+00:00,2026-08-16T23:47:02+00:00,2026-08-17T00:17:02+00:00,"Cessna Citation Excel | William P. Hobby Airport → Aspen-Pitkin County Airport (Sardy Field) | $13,115",,Cessna Citation Excel,KHOU - William P. Hobby Airport,KHOU,HOU,William P Hobby Airport,Houston,US,KASE - Aspen-Pitkin County Airport (Sardy Field),KASE,ASE,Aspen-Pitkin County/Sardy Field,Aspen,US,16 August 2026,2026-08-16,12:00,14:13,2h 14m,"$13,115",13115,USD,$,9,https://villiers.ai/empty-legs/khou-kase-2026-08-16?id=ADHUHR,https://villiers.ai/empty-legs/khou-kase-2026-08-16?id=ADHUHR,https://villiers.ai/empty-legs/khou-kase-2026-08-16?id=ADHUHR,"Mon, 27 Jul 2026 17:11:47 GMT",2026-08-17T00:17:02+00:00
https://villiers.ai/empty-legs/khou-kdzb-cessna-citation-ultra-2026-08-16-145af712?id=ADHUHR,inactive,inactive,2026-08-15T14:17:02+00:00,2026-08-16T23:47:02+00:00,2026-08-17T00:17:02+00:00,"Cessna Citation Ultra | William P. Hobby Airport → Horseshoe Bay Resort Airport | $2,795",,Cessna Citation Ultra,KHOU - William P. Hobby Airport,KHOU,HOU,William P Hobby Airport,Houston,US,KDZB - Horseshoe Bay Resort Airport,KDZB,,Horseshoe Bay Resort Airport,Horseshoe Bay,US,16 August 2026,2026-08-16,12:00,12:51,51m,"$2,795",2795,USD,$,7,https://villiers.ai/empty-legs/khou-kdzb-cessna-citation-ultra-2026-08-16-145af712?id=ADHUHR,https://villiers.ai/empty-legs/khou-kdzb-cessna-citation-ultra-2026-08-16-145af712?id=ADHUHR,https://villiers.ai/empty-legs/khou-kdzb-cessna-citation-ultra-2026-08-16-145af712?id=ADHUHR,"Sat, 15 Aug 2026 14:13:13 GMT",2026-08-17T00:17:02+00:00
https://villiers.ai/empty-legs/khou-klas-aircraft-2026-08-16-6b249f11?id=ADHUHR,inactive,inactive,2026-08-14T14:17:02+00:00,2026-08-16T23:47:02+00:00,2026-08-17T00:17:02+00:00,"Private Jet | William P. Hobby Airport → Harry Reid International Airport | $12,470",,Private Jet,KHOU - William P. Hobby Airport,KHOU,HOU,William P Hobby Airport,Houston,US,KLAS - Harry Reid International Airport,KLAS,LAS,Harry Reid International Airport,Las Vegas,US,16 August 2026,2026-08-16,12:00,14:46,2h 47m,"$12,470",12470,USD,$,7,https://villiers.ai/empty-legs/khou-klas-aircraft-2026-08-16-6b249f11?id=ADHUHR,https://villiers.ai/empty-legs/khou-klas-aircraft-2026-08-16-6b249f11?id=ADHUHR,https://villiers.ai/empty-legs/khou-klas-aircraft-2026-08-16-6b249f11?id=ADHUHR,"Fri, 14 Aug 2026 14:01:13 GMT",2026-08-17T00:17:02+00:00
https://villiers.ai/empty-legs/khou-kril-aircraft-2026-08-16-0c63f68d?id=ADHUHR,inactive,inactive,2026-08-14T14:17:02+00:00,2026-08-16T23:47:02+00:00,2026-08-17T00:17:02+00:00,"Private Jet | William P. Hobby Airport → Garfield County Regional Airport | $9,998",,Private Jet,KHOU - William P. Hobby Airport,KHOU,HOU,William P Hobby Airport,Houston,US,KRIL - Garfield County Regional Airport,KRIL,RIL,Rifle Garfield County Airport,Rifle,US,16 August 2026,2026-08-16,12:00,14:18,2h 19m,"$9,998",9998,USD,$,7,https://villiers.ai/empty-legs/khou-kril-aircraft-2026-08-16-0c63f68d?id=ADHUHR,https://villiers.ai/empty-legs/khou-kril-aircraft-2026-08-16-0c63f68d?id=ADHUHR,https://villiers.ai/empty-legs/khou-kril-aircraft-2026-08-16-0c63f68d?id=ADHUHR,"Fri, 14 Aug 2026 14:01:13 GMT",2026-08-17T00:17:02+00:00
https://villiers.ai/empty-legs/khou-mrlb-bombardier-challenger-604-2026-08-16-2e5f09dd?id=ADHUHR,inactive,inactive,2026-08-08T00:17:02+00:00,2026-08-16T23:47:02+00:00,2026-08-17T00:17:02+00:00,"Bombardier Challenger 604 | William P. Hobby Airport → Guanacaste Airport | $24,403",,Bombardier Challenger 604,KHOU - William P. Hobby Airport,KHOU,HOU,William P Hobby Airport,Houston,US,MRLB - Guanacaste Airport,MRLB,LIR,Daniel Oduber Quiros International Airport,Liberia,CR,16 August 2026,2026-08-16,12:00,15:11,3h 12m,"$24,403",24403,USD,$,10,https://villiers.ai/empty-legs/khou-mrlb-bombardier-challenger-604-2026-08-16-2e5f09dd?id=ADHUHR,https://villiers.ai/empty-legs/khou-mrlb-bombardier-challenger-604-2026-08-16-2e5f09dd?id=ADHUHR,https://villiers.ai/empty-legs/khou-mrlb-bombardier-challenger-604-2026-08-16-2e5f09dd?id=ADHUHR,"Fri, 07 Aug 2026 14:24:20 GMT",2026-08-17T00:17:02+00:00
https://villiers.ai/empty-legs/khpn-khou-aircraft-2026-08-16-e4ad63b8?id=ADHUHR,inactive,inactive,2026-08-14T14:17:02+00:00,2026-08-16T23:47:02+00:00,2026-08-17T00:17:02+00:00,"Private Jet | Westchester County Airport → William P. Hobby Airport | $14,835",,Private Jet,KHPN - Westchester County Airport,KHPN,HPN,Westchester County Airport,White Plains,US,KHOU - William P. Hobby Airport,KHOU,HOU,William P Hobby Airport,Houston,US,16 August 2026,2026-08-16,12:00,15:10,3h 10m,"$14,835",14835,USD,$,7,https://villiers.ai/empty-legs/khpn-khou-aircraft-2026-08-16-e4ad63b8?id=ADHUHR,https://villiers.ai/empty-legs/khpn-khou-aircraft-2026-08-16-e4ad63b8?id=ADHUHR,https://villiers.ai/empty-legs/khpn-khou-aircraft-2026-08-16-e4ad63b8?id=ADHUHR,"Fri, 14 Aug 2026 14:01:13 GMT",2026-08-17T00:17:02+00:00
https://villiers.ai/empty-legs/kiwa-klas-cessna-citation-ultra-2026-08-16-a06678b0?id=ADHUHR,inactive,inactive,2026-08-15T14:17:02+00:00,2026-08-16T23:47:02+00:00,2026-08-17T00:17:02+00:00,"Cessna Citation Ultra | Mesa Gateway Airport → Harry Reid International Airport | $3,870",,Cessna Citation Ultra,KIWA - Mesa Gateway Airport,KIWA,AZA,Mesa Gateway Airport,Phoenix,US,KLAS - Harry Reid International Airport,KLAS,LAS,Harry Reid International Airport,Las Vegas,US,16 August 2026,2026-08-16,12:00,13:00,1h 1m,"$3,870",3870,USD,$,7,https://villiers.ai/empty-legs/kiwa-klas-cessna-citation-ultra-2026-08-16-a06678b0?id=ADHUHR,https://villiers.ai/empty-legs/kiwa-klas-cessna-citation-ultra-2026-08-16-a06678b0?id=ADHUHR,https://villiers.ai/empty-legs/kiwa-klas-cessna-citation-ultra-2026-08-16-a06678b0?id=ADHUHR,"Sat, 15 Aug 2026 14:13:13 GMT",2026-08-17T00:17:02+00:00
https://villiers.ai/empty-legs/kopf-mrlb-2026-08-16?id=ADHUHR,inactive,inactive,2026-08-05T22:38:36+00:00,2026-08-16T23:47:02+00:00,2026-08-17T00:17:02+00:00,"Bombardier Challenger 604 | Miami-Opa Locka Executive Airport → Guanacaste Airport | $20,425",,Bombardier Challenger 604,KOPF - Miami-Opa Locka Executive Airport,KOPF,OPF,Miami-Opa Locka Executive Airport,Miami,US,MRLB - Guanacaste Airport,MRLB,LIR,Daniel Oduber Quiros International Airport,Liberia,CR,16 August 2026,2026-08-16,12:00,14:33,2h 33m,"$20,425",20425,USD,$,10,https://villiers.ai/empty-legs/kopf-mrlb-2026-08-16?id=ADHUHR,https://villiers.ai/empty-legs/kopf-mrlb-2026-08-16?id=ADHUHR,https://villiers.ai/empty-legs/kopf-mrlb-2026-08-16?id=ADHUHR,"Tue, 14 Jul 2026 14:09:12 GMT",2026-08-17T00:17:02+00:00
https://villiers.ai/empty-legs/kdal-khou-cessna-citation-v-2026-08-17-9858d958?id=ADHUHR,inactive,inactive,2026-08-10T14:17:01+00:00,2026-08-17T23:47:01+00:00,2026-08-18T00:17:02+00:00,"Cessna Citation V | Dallas Love Field → William P. Hobby Airport | $2,795",,Cessna Citation V,KDAL - Dallas Love Field,KDAL,DAL,Dallas Love Field,Dallas,US,KHOU - William P. Hobby Airport,KHOU,HOU,William P Hobby Airport,Houston,US,17 August 2026,2026-08-17,12:00,12:56,57m,"$2,795",2795,USD,$,7,https://villiers.ai/empty-legs/kdal-khou-cessna-citation-v-2026-08-17-9858d958?id=ADHUHR,https://villiers.ai/empty-legs/kdal-khou-cessna-citation-v-2026-08-17-9858d958?id=ADHUHR,https://villiers.ai/empty-legs/kdal-khou-cessna-citation-v-2026-08-17-9858d958?id=ADHUHR,"Mon, 10 Aug 2026 14:06:58 GMT",2026-08-18T00:17:02+00:00
https://villiers.ai/empty-legs/kege-khou-pilatus-pc-12-ng-2026-08-17-ddc85f70?id=ADHUHR,inactive,inactive,2026-08-15T14:17:02+00:00,2026-08-17T23:47:01+00:00,2026-08-18T00:17:02+00:00,"Pilatus PC 12 NG | Eagle County Regional Airport → William P. Hobby Airport | $7,740",,Pilatus PC 12 NG,KEGE - Eagle County Regional Airport,KEGE,EGE,Eagle County Regional Airport,Eagle,US,KHOU - William P. Hobby Airport,KHOU,HOU,William P Hobby Airport,Houston,US,17 August 2026,2026-08-17,12:00,14:15,2h 16m,"$7,740",7740,USD,$,7,https://villiers.ai/empty-legs/kege-khou-pilatus-pc-12-ng-2026-08-17-ddc85f70?id=ADHUHR,https://villiers.ai/empty-legs/kege-khou-pilatus-pc-12-ng-2026-08-17-ddc85f70?id=ADHUHR,https://villiers.ai/empty-legs/kege-khou-pilatus-pc-12-ng-2026-08-17-ddc85f70?id=ADHUHR,"Sat, 15 Aug 2026 14:13:14 GMT",2026-08-18T00:17:02+00:00
https://villiers.ai/empty-legs/kggg-kcha-gulfstream-g280-2026-08-17-59ee49f7?id=ADHUHR,inactive,inactive,2026-08-08T00:17:02+00:00,2026-08-17T23:47:01+00:00,2026-08-18T00:17:02+00:00,"Gulfstream G280 | East Texas Regional Airport → Chattanooga Metropolitan Airport (Lovell Field) | $10,213",,Gulfstream G280,KGGG - East Texas Regional Airport,KGGG,GGG,East Texas Regional Airport,Longview,US,KCHA - Chattanooga Metropolitan Airport (Lovell Field),KCHA,CHA,Lovell Field,Chattanooga,US,17 August 2026,2026-08-17,12:00,13:33,1h 34m,"$10,213",10213,USD,$,10,https://villiers.ai/empty-legs/kggg-kcha-gulfstream-g280-2026-08-17-59ee49f7?id=ADHUHR,https://villiers.ai/empty-legs/kggg-kcha-gulfstream-g280-2026-08-17-59ee49f7?id=ADHUHR,https://villiers.ai/empty-legs/kggg-kcha-gulfstream-g280-2026-08-17-59ee49f7?id=ADHUHR,"Fri, 07 Aug 2026 14:24:20 GMT",2026-08-18T00:17:02+00:00
https://villiers.ai/empty-legs/khou-kggg-gulfstream-g280-2026-08-17-11f4e05d?id=ADHUHR,inactive,inactive,2026-08-08T00:17:02+00:00,2026-08-17T23:47:01+00:00,2026-08-18T00:17:02+00:00,"Gulfstream G280 | William P. Hobby Airport → East Texas Regional Airport | $4,730",,Gulfstream G280,KHOU - William P. Hobby Airport,KHOU,HOU,William P Hobby Airport,Houston,US,KGGG - East Texas Regional Airport,KGGG,GGG,East Texas Regional Airport,Longview,US,17 August 2026,2026-08-17,12:00,12:51,51m,"$4,730",4730,USD,$,10,https://villiers.ai/empty-legs/khou-kggg-gulfstream-g280-2026-08-17-11f4e05d?id=ADHUHR,https://villiers.ai/empty-legs/khou-kggg-gulfstream-g280-2026-08-17-11f4e05d?id=ADHUHR,https://villiers.ai/empty-legs/khou-kggg-gulfstream-g280-2026-08-17-11f4e05d?id=ADHUHR,"Fri, 07 Aug 2026 14:24:20 GMT",2026-08-18T00:17:02+00:00
https://villiers.ai/empty-legs/khou-klwb-cessna-citation-ultra-2026-08-17-77278b4c?id=ADHUHR,inactive,inactive,2026-08-11T15:17:01+00:00,2026-08-17T23:47:01+00:00,2026-08-18T00:17:02+00:00,"Cessna Citation Ultra | William P. Hobby Airport → Greenbrier Valley Airport | $8,278",,Cessna Citation Ultra,KHOU - William P. Hobby Airport,KHOU,HOU,William P Hobby Airport,Houston,US,KLWB - Greenbrier Valley Airport,KLWB,LWB,Greenbrier Valley Airport,Lewisburg,US,17 August 2026,2026-08-17,12:00,14:23,2h 24m,"$8,278",8278,USD,$,7,https://villiers.ai/empty-legs/khou-klwb-cessna-citation-ultra-2026-08-17-77278b4c?id=ADHUHR,https://villiers.ai/empty-legs/khou-klwb-cessna-citation-ultra-2026-08-17-77278b4c?id=ADHUHR,https://villiers.ai/empty-legs/khou-klwb-cessna-citation-ultra-2026-08-17-77278b4c?id=ADHUHR,"Tue, 11 Aug 2026 14:47:20 GMT",2026-08-18T00:17:02+00:00
https://villiers.ai/empty-legs/ksus-khou-cessna-citation-v-2026-08-17-c6702922?id=ADHUHR,inactive,inactive,2026-08-12T14:47:01+00:00,2026-08-17T23:47:01+00:00,2026-08-18T00:17:02+00:00,"Cessna Citation V | Spirit of St Louis Airport → William P. Hobby Airport | $7,633",,Cessna Citation V,KSUS - Spirit of St Louis Airport,KSUS,SUS,Spirit Of St Louis Airport,St Louis,US,KHOU - William P. Hobby Airport,KHOU,HOU,William P Hobby Airport,Houston,US,17 August 2026,2026-08-17,12:00,13:45,1h 45m,"$7,633",7633,USD,$,7,https://villiers.ai/empty-legs/ksus-khou-cessna-citation-v-2026-08-17-c6702922?id=ADHUHR,https://villiers.ai/empty-legs/ksus-khou-cessna-citation-v-2026-08-17-c6702922?id=ADHUHR,https://villiers.ai/empty-legs/ksus-khou-cessna-citation-v-2026-08-17-c6702922?id=ADHUHR,"Wed, 12 Aug 2026 14:28:14 GMT",2026-08-18T00:17:02+00:00
https://villiers.ai/empty-legs/ktul-khou-cessna-citation-ultra-2026-08-17-f9e212a5?id=ADHUHR,inactive,inactive,2026-08-11T15:17:01+00:00,2026-08-17T23:47:01+00:00,2026-08-18T00:17:02+00:00,"Cessna Citation Ultra | Tulsa International Airport → William P. Hobby Airport | $4,515",,Cessna Citation Ultra,KTUL - Tulsa International Airport,KTUL,TUL,Tulsa International Airport,Tulsa,US,KHOU - William P. Hobby Airport,KHOU,HOU,William P Hobby Airport,Houston,US,17 August 2026,2026-08-17,12:00,13:20,1h 20m,"$4,515",4515,USD,$,7,https://villiers.ai/empty-legs/ktul-khou-cessna-citation-ultra-2026-08-17-f9e212a5?id=ADHUHR,https://villiers.ai/empty-legs/ktul-khou-cessna-citation-ultra-2026-08-17-f9e212a5?id=ADHUHR,https://villiers.ai/empty-legs/ktul-khou-cessna-citation-ultra-2026-08-17-f9e212a5?id=ADHUHR,"Tue, 11 Aug 2026 14:47:20 GMT",2026-08-18T00:17:02+00:00
https://villiers.ai/empty-legs/ktul-klwb-aircraft-2026-08-17-af360b2f?id=ADHUHR,inactive,inactive,2026-08-14T14:17:02+00:00,2026-08-17T23:47:01+00:00,2026-08-18T00:17:02+00:00,"Private Jet | Tulsa International Airport → Greenbrier Valley Airport | $6,880",,Private Jet,KTUL - Tulsa International Airport,KTUL,TUL,Tulsa International Airport,Tulsa,US,KLWB - Greenbrier Valley Airport,KLWB,LWB,Greenbrier Valley Airport,Lewisburg,US,17 August 2026,2026-08-17,12:00,14:05,2h 6m,"$6,880",6880,USD,$,7,https://villiers.ai/empty-legs/ktul-klwb-aircraft-2026-08-17-af360b2f?id=ADHUHR,https://villiers.ai/empty-legs/ktul-klwb-aircraft-2026-08-17-af360b2f?id=ADHUHR,https://villiers.ai/empty-legs/ktul-klwb-aircraft-2026-08-17-af360b2f?id=ADHUHR,"Fri, 14 Aug 2026 14:01:13 GMT",2026-08-18T00:17:02+00:00
https://villiers.ai/empty-legs/kapc-kslc-citation-x-2026-08-18-a9d69d6d?id=ADHUHR,inactive,inactive,2026-08-18T17:47:01+00:00,2026-08-18T23:47:01+00:00,2026-08-19T00:17:03+00:00,"Citation X | Napa County Airport → Salt Lake City International Airport | $9,675",,Citation X,KAPC - Napa County Airport,KAPC,APC,Napa County Airport,Napa,US,KSLC - Salt Lake City International Airport,KSLC,SLC,Salt Lake City International Airport,Salt Lake City,US,18 August 2026,2026-08-18,12:00,13:33,1h 34m,"$9,675",9675,USD,$,12,https://villiers.ai/empty-legs/kapc-kslc-citation-x-2026-08-18-a9d69d6d?id=ADHUHR,https://villiers.ai/empty-legs/kapc-kslc-citation-x-2026-08-18-a9d69d6d?id=ADHUHR,https://villiers.ai/empty-legs/kapc-kslc-citation-x-2026-08-18-a9d69d6d?id=ADHUHR,"Tue, 18 Aug 2026 17:36:40 GMT",2026-08-19T00:17:03+00:00
https://villiers.ai/empty-legs/kbed-kfok-challenger-300-2026-08-18-1900acaa?id=ADHUHR,inactive,inactive,2026-08-18T17:47:01+00:00,2026-08-18T23:47:01+00:00,2026-08-19T00:17:03+00:00,"Challenger 300 | Laurence G Hanscom Field → Francis S Gabreski Airport | $8,600",,Challenger 300,KBED - Laurence G Hanscom Field,KBED,BED,Laurence G Hanscom Field,Bedford,US,KFOK - Francis S Gabreski Airport,KFOK,FOK,Francis S Gabreski Airport,Westhampton Beach,US,18 August 2026,2026-08-18,12:00,12:44,45m,"$8,600",8600,USD,$,10,https://villiers.ai/empty-legs/kbed-kfok-challenger-300-2026-08-18-1900acaa?id=ADHUHR,https://villiers.ai/empty-legs/kbed-kfok-challenger-300-2026-08-18-1900acaa?id=ADHUHR,https://villiers.ai/empty-legs/kbed-kfok-challenger-300-2026-08-18-1900acaa?id=ADHUHR,"Tue, 18 Aug 2026 17:35:25 GMT",2026-08-19T00:17:03+00:00
https://villiers.ai/empty-legs/kbed-kpwm-citation-x-2026-08-18-c6e66016?id=ADHUHR,inactive,inactive,2026-08-18T17:47:01+00:00,2026-08-18T23:47:01+00:00,2026-08-19T00:17:03+00:00,"Citation X | Laurence G Hanscom Field → Portland International Jetport | $8,600",,Citation X,KBED - Laurence G Hanscom Field,KBED,BED,Laurence G Hanscom Field,Bedford,US,KPWM - Portland International Jetport,KPWM,PWM,Portland International Jetport Airport,Portland,US,18 August 2026,2026-08-18,12:00,12:40,41m,"$8,600",8600,USD,$,12,https://villiers.ai/empty-legs/kbed-kpwm-citation-x-2026-08-18-c6e66016?id=ADHUHR,https://villiers.ai/empty-legs/kbed-kpwm-citation-x-2026-08-18-c6e66016?id=ADHUHR,https://villiers.ai/empty-legs/kbed-kpwm-citation-x-2026-08-18-c6e66016?id=ADHUHR,"Tue, 18 Aug 2026 17:36:40 GMT",2026-08-19T00:17:03+00:00
https://villiers.ai/empty-legs/kbgm-cyqa-citation-x-2026-08-18-d2f91228?id=ADHUHR,inactive,inactive,2026-08-18T17:47:01+00:00,2026-08-18T23:47:01+00:00,2026-08-19T00:17:03+00:00,"Citation X | Greater Binghamton/Edwin A Link field → Muskoka Airport | $9,675",,Citation X,KBGM - Greater Binghamton/Edwin A Link field,KBGM,BGM,Greater Binghamton/Edwin A Link Field,Binghamton,US,CYQA - Muskoka Airport,CYQA,YQA,Muskoka Airport,Muskoka,CA,18 August 2026,2026-08-18,12:00,12:58,58m,"$9,675",9675,USD,$,12,https://villiers.ai/empty-legs/kbgm-cyqa-citation-x-2026-08-18-d2f91228?id=ADHUHR,https://villiers.ai/empty-legs/kbgm-cyqa-citation-x-2026-08-18-d2f91228?id=ADHUHR,https://villiers.ai/empty-legs/kbgm-cyqa-citation-x-2026-08-18-d2f91228?id=ADHUHR,"Tue, 18 Aug 2026 17:36:41 GMT",2026-08-19T00:17:03+00:00
https://villiers.ai/empty-legs/kchs-kbro-citation-x-2026-08-18-4d28f6cc?id=ADHUHR,inactive,inactive,2026-08-18T17:47:01+00:00,2026-08-18T23:47:01+00:00,2026-08-19T00:17:03+00:00,"Citation X | Charleston International Airport → Brownsville South Padre Island International Airport | $12,900",,Citation X,KCHS - Charleston International Airport,KCHS,CHS,Charleston Afb/International Airport,Charleston,US,KBRO - Brownsville South Padre Island International Airport,KBRO,BRO,Brownsville/South Padre Island International Airport,Brownsville,US,18 August 2026,2026-08-18,12:00,14:37,2h 38m,"$12,900",12900,USD,$,12,https://villiers.ai/empty-legs/kchs-kbro-citation-x-2026-08-18-4d28f6cc?id=ADHUHR,https://villiers.ai/empty-legs/kchs-kbro-citation-x-2026-08-18-4d28f6cc?id=ADHUHR,https://villiers.ai/empty-legs/kchs-kbro-citation-x-2026-08-18-4d28f6cc?id=ADHUHR,"Tue, 18 Aug 2026 17:36:41 GMT",2026-08-19T00:17:03+00:00
https://villiers.ai/empty-legs/kcmx-kegv-challenger-300-2026-08-18-53247265?id=ADHUHR,inactive,inactive,2026-08-18T17:47:01+00:00,2026-08-18T23:47:01+00:00,2026-08-19T00:17:03+00:00,"Challenger 300 | Houghton County Memorial Airport → Eagle River Union Airport | $8,600",,Challenger 300,KCMX - Houghton County Memorial Airport,KCMX,CMX,Houghton County Memorial Airport,Hancock,US,KEGV - Eagle River Union Airport,KEGV,EGV,Eagle River Union Airport,Eagle River,US,18 August 2026,2026-08-18,12:00,12:40,40m,"$8,600",8600,USD,$,10,https://villiers.ai/empty-legs/kcmx-kegv-challenger-300-2026-08-18-53247265?id=ADHUHR,https://villiers.ai/empty-legs/kcmx-kegv-challenger-300-2026-08-18-53247265?id=ADHUHR,https://villiers.ai/empty-legs/kcmx-kegv-challenger-300-2026-08-18-53247265?id=ADHUHR,"Tue, 18 Aug 2026 17:35:25 GMT",2026-08-19T00:17:03+00:00
https://villiers.ai/empty-legs/kdal-ksgr-cessna-citation-ultra-2026-08-18-b7477327?id=ADHUHR,inactive,inactive,2026-08-11T15:17:01+00:00,2026-08-18T23:47:01+00:00,2026-08-19T00:17:03+00:00,"Cessna Citation Ultra | Dallas Love Field → Sugar Land Regional Airport | $2,795",,Cessna Citation Ultra,KDAL - Dallas Love Field,KDAL,DAL,Dallas Love Field,Dallas,US,KSGR - Sugar Land Regional Airport,KSGR,SGR,Sugar Land Regional Airport,Houston,US,18 August 2026,2026-08-18,12:00,12:55,56m,"$2,795",2795,USD,$,7,https://villiers.ai/empty-legs/kdal-ksgr-cessna-citation-ultra-2026-08-18-b7477327?id=ADHUHR,https://villiers.ai/empty-legs/kdal-ksgr-cessna-citation-ultra-2026-08-18-b7477327?id=ADHUHR,https://villiers.ai/empty-legs/kdal-ksgr-cessna-citation-ultra-2026-08-18-b7477327?id=ADHUHR,"Tue, 11 Aug 2026 14:47:20 GMT",2026-08-19T00:17:03+00:00
https://villiers.ai/empty-legs/kdpa-kmsn-citation-x-2026-08-18-4f1d57b7?id=ADHUHR,inactive,inactive,2026-08-18T17:47:01+00:00,2026-08-18T23:47:01+00:00,2026-08-19T00:17:03+00:00,"Citation X | Dupage Airport → Dane County Regional Truax Field | $8,600",,Citation X,KDPA - Dupage Airport,KDPA,DPA,Dupage Airport,Chicago/West Chicago,US,KMSN - Dane County Regional Truax Field,KMSN,MSN,Dane County Regional/Truax Field,Madison,US,18 August 2026,2026-08-18,12:00,12:41,41m,"$8,600",8600,USD,$,12,https://villiers.ai/empty-legs/kdpa-kmsn-citation-x-2026-08-18-4f1d57b7?id=ADHUHR,https://villiers.ai/empty-legs/kdpa-kmsn-citation-x-2026-08-18-4f1d57b7?id=ADHUHR,https://villiers.ai/empty-legs/kdpa-kmsn-citation-x-2026-08-18-4f1d57b7?id=ADHUHR,"Tue, 18 Aug 2026 17:36:41 GMT",2026-08-19T00:17:03+00:00
https://villiers.ai/empty-legs/kege-khou-2026-08-18?id=ADHUHR,inactive,inactive,2026-08-05T22:38:36+00:00,2026-08-18T23:47:01+00:00,2026-08-19T00:17:03+00:00,"Pilatus PC 12 NG | Eagle County Regional Airport → William P. Hobby Airport | $7,740",,Pilatus PC 12 NG,KEGE - Eagle County Regional Airport,KEGE,EGE,Eagle County Regional Airport,Eagle,US,KHOU - William P. Hobby Airport,KHOU,HOU,William P Hobby Airport,Houston,US,18 August 2026,2026-08-18,12:00,14:15,2h 16m,"$7,740",7740,USD,$,7,https://villiers.ai/empty-legs/kege-khou-2026-08-18?id=ADHUHR,https://villiers.ai/empty-legs/kege-khou-2026-08-18?id=ADHUHR,https://villiers.ai/empty-legs/kege-khou-2026-08-18?id=ADHUHR,"Thu, 30 Jul 2026 02:41:56 GMT",2026-08-19T00:17:03+00:00
https://villiers.ai/empty-legs/kfok-kpwm-citation-x-2026-08-18-87c5156b?id=ADHUHR,inactive,inactive,2026-08-18T17:47:01+00:00,2026-08-18T23:47:01+00:00,2026-08-19T00:17:03+00:00,"Citation X | Francis S Gabreski Airport → Portland International Jetport | $8,600",,Citation X,KFOK - Francis S Gabreski Airport,KFOK,FOK,Francis S Gabreski Airport,Westhampton Beach,US,KPWM - Portland International Jetport,KPWM,PWM,Portland International Jetport Airport,Portland,US,18 August 2026,2026-08-18,12:00,12:55,55m,"$8,600",8600,USD,$,12,https://villiers.ai/empty-legs/kfok-kpwm-citation-x-2026-08-18-87c5156b?id=ADHUHR,https://villiers.ai/empty-legs/kfok-kpwm-citation-x-2026-08-18-87c5156b?id=ADHUHR,https://villiers.ai/empty-legs/kfok-kpwm-citation-x-2026-08-18-87c5156b?id=ADHUHR,"Tue, 18 Aug 2026 17:36:41 GMT",2026-08-19T00:17:03+00:00
https://villiers.ai/empty-legs/kftw-kerv-citation-x-2026-08-18-695b5bef?id=ADHUHR,inactive,inactive,2026-08-18T17:47:01+00:00,2026-08-18T23:47:01+00:00,2026-08-19T00:17:03+00:00,"Citation X | Fort Worth Meacham International Airport → Kerrville / Kerr County Airport at Louis Schreiner Field | $8,600",,Citation X,KFTW - Fort Worth Meacham International Airport,KFTW,FTW,Fort Worth Meacham International Airport,Fort Worth,US,KERV - Kerrville / Kerr County Airport at Louis Schreiner Field,KERV,ERV,Kerrville Municipal/Louis Schreiner Field,Kerrville,US,18 August 2026,2026-08-18,12:00,12:54,55m,"$8,600",8600,USD,$,12,https://villiers.ai/empty-legs/kftw-kerv-citation-x-2026-08-18-695b5bef?id=ADHUHR,https://villiers.ai/empty-legs/kftw-kerv-citation-x-2026-08-18-695b5bef?id=ADHUHR,https://villiers.ai/empty-legs/kftw-kerv-citation-x-2026-08-18-695b5bef?id=ADHUHR,"Tue, 18 Aug 2026 17:36:41 GMT",2026-08-19T00:17:03+00:00
https://villiers.ai/empty-legs/khou-kaus-bombardier-challenger-300-2026-08-18-d915618b?id=ADHUHR,inactive,inactive,2026-08-18T17:47:01+00:00,2026-08-18T23:47:01+00:00,2026-08-19T00:17:03+00:00,"Bombardier Challenger 300 | William P. Hobby Airport → Austin Bergstrom International Airport | $4,730",,Bombardier Challenger 300,KHOU - William P. Hobby Airport,KHOU,HOU,William P Hobby Airport,Houston,US,KAUS - Austin Bergstrom International Airport,KAUS,AUS,Austin-Bergstrom International Airport,Austin,US,18 August 2026,2026-08-18,12:00,12:46,46m,"$4,730",4730,USD,$,9,https://villiers.ai/empty-legs/khou-kaus-bombardier-challenger-300-2026-08-18-d915618b?id=ADHUHR,https://villiers.ai/empty-legs/khou-kaus-bombardier-challenger-300-2026-08-18-d915618b?id=ADHUHR,https://villiers.ai/empty-legs/khou-kaus-bombardier-challenger-300-2026-08-18-d915618b?id=ADHUHR,"Tue, 18 Aug 2026 17:30:03 GMT",2026-08-19T00:17:03+00:00
https://villiers.ai/empty-legs/khpn-koxc-challenger-300-2026-08-18-9b089afd?id=ADHUHR,inactive,inactive,2026-08-18T17:47:01+00:00,2026-08-18T23:47:01+00:00,2026-08-19T00:17:03+00:00,"Challenger 300 | Westchester County Airport → Waterbury Oxford Airport | $8,600",,Challenger 300,KHPN - Westchester County Airport,KHPN,HPN,Westchester County Airport,White Plains,US,KOXC - Waterbury Oxford Airport,KOXC,OXC,Waterbury-Oxford Airport,Oxford,US,18 August 2026,2026-08-18,12:00,12:34,35m,"$8,600",8600,USD,$,10,https://villiers.ai/empty-legs/khpn-koxc-challenger-300-2026-08-18-9b089afd?id=ADHUHR,https://villiers.ai/empty-legs/khpn-koxc-challenger-300-2026-08-18-9b089afd?id=ADHUHR,https://villiers.ai/empty-legs/khpn-koxc-challenger-300-2026-08-18-9b089afd?id=ADHUHR,"Tue, 18 Aug 2026 17:35:26 GMT",2026-08-19T00:17:03+00:00
https://villiers.ai/empty-legs/kiad-kdal-citation-x-2026-08-18-047da1b5?id=ADHUHR,inactive,inactive,2026-08-18T17:47:01+00:00,2026-08-18T23:47:01+00:00,2026-08-19T00:17:03+00:00,"Citation X | Washington Dulles International Airport → Dallas Love Field | $15,050",,Citation X,KIAD - Washington Dulles International Airport,KIAD,IAD,Washington Dulles International Airport,Washington,US,KDAL - Dallas Love Field,KDAL,DAL,Dallas Love Field,Dallas,US,18 August 2026,2026-08-18,12:00,14:38,2h 39m,"$15,050",15050,USD,$,12,https://villiers.ai/empty-legs/kiad-kdal-citation-x-2026-08-18-047da1b5?id=ADHUHR,https://villiers.ai/empty-legs/kiad-kdal-citation-x-2026-08-18-047da1b5?id=ADHUHR,https://villiers.ai/empty-legs/kiad-kdal-citation-x-2026-08-18-047da1b5?id=ADHUHR,"Tue, 18 Aug 2026 17:36:41 GMT",2026-08-19T00:17:03+00:00
https://villiers.ai/empty-legs/kisp-kfok-citation-x-2026-08-18-1d26c1e8?id=ADHUHR,inactive,inactive,2026-08-18T17:47:01+00:00,2026-08-18T23:47:01+00:00,2026-08-19T00:17:03+00:00,"Citation X | Long Island Mac Arthur Airport → Francis S Gabreski Airport | $8,600",,Citation X,KISP - Long Island Mac Arthur Airport,KISP,ISP,Long Island Mac Arthur Airport,New York,US,KFOK - Francis S Gabreski Airport,KFOK,FOK,Francis S Gabreski Airport,Westhampton Beach,US,18 August 2026,2026-08-18,12:00,12:32,33m,"$8,600",8600,USD,$,12,https://villiers.ai/empty-legs/kisp-kfok-citation-x-2026-08-18-1d26c1e8?id=ADHUHR,https://villiers.ai/empty-legs/kisp-kfok-citation-x-2026-08-18-1d26c1e8?id=ADHUHR,https://villiers.ai/empty-legs/kisp-kfok-citation-x-2026-08-18-1d26c1e8?id=ADHUHR,"Tue, 18 Aug 2026 17:36:41 GMT",2026-08-19T00:17:03+00:00
https://villiers.ai/empty-legs/klgb-ksjc-citation-x-2026-08-18-92b78774?id=ADHUHR,inactive,inactive,2026-08-18T17:47:01+00:00,2026-08-18T23:47:01+00:00,2026-08-19T00:17:03+00:00,"Citation X | Long Beach Airport (Daugherty Field) → San Jose International Airport | $8,600",,Citation X,KLGB - Long Beach Airport (Daugherty Field),KLGB,LGB,Long Beach (Daugherty Field) Airport,Long Beach,US,KSJC - San Jose International Airport,KSJC,SJC,Norman Y Mineta San Jose International Airport,San Jose,US,18 August 2026,2026-08-18,12:00,13:05,1h 6m,"$8,600",8600,USD,$,12,https://villiers.ai/empty-legs/klgb-ksjc-citation-x-2026-08-18-92b78774?id=ADHUHR,https://villiers.ai/empty-legs/klgb-ksjc-citation-x-2026-08-18-92b78774?id=ADHUHR,https://villiers.ai/empty-legs/klgb-ksjc-citation-x-2026-08-18-92b78774?id=ADHUHR,"Tue, 18 Aug 2026 17:36:41 GMT",2026-08-19T00:17:03+00:00
https://villiers.ai/empty-legs/kmqy-khdn-challenger-300-2026-08-18-061e4208?id=ADHUHR,inactive,inactive,2026-08-18T17:47:01+00:00,2026-08-18T23:47:01+00:00,2026-08-19T00:17:03+00:00,"Challenger 300 | Smyrna Airport → Yampa Valley Airport | $15,050",,Challenger 300,KMQY - Smyrna Airport,KMQY,MQY,Smyrna Airport,Smyrna,US,KHDN - Yampa Valley Airport,KHDN,HDN,Yampa Valley Airport,Hayden,US,18 August 2026,2026-08-18,12:00,14:38,2h 39m,"$15,050",15050,USD,$,10,https://villiers.ai/empty-legs/kmqy-khdn-challenger-300-2026-08-18-061e4208?id=ADHUHR,https://villiers.ai/empty-legs/kmqy-khdn-challenger-300-2026-08-18-061e4208?id=ADHUHR,https://villiers.ai/empty-legs/kmqy-khdn-challenger-300-2026-08-18-061e4208?id=ADHUHR,"Tue, 18 Aug 2026 17:35:26 GMT",2026-08-19T00:17:03+00:00
https://villiers.ai/empty-legs/kmsp-kdal-citation-x-2026-08-18-1ade08a4?id=ADHUHR,inactive,inactive,2026-08-18T17:47:01+00:00,2026-08-18T23:47:01+00:00,2026-08-19T00:17:03+00:00,"Citation X | Minneapolis–Saint Paul International Airport / Wold–Chamberlain Field → Dallas Love Field | $12,900",,Citation X,KMSP - Minneapolis–Saint Paul International Airport / Wold–Chamberlain Field,KMSP,MSP,Minneapolis-St Paul International/Wold-Chamberlain Airport,Minneapolis,US,KDAL - Dallas Love Field,KDAL,DAL,Dallas Love Field,Dallas,US,18 August 2026,2026-08-18,12:00,14:04,2h 5m,"$12,900",12900,USD,$,12,https://villiers.ai/empty-legs/kmsp-kdal-citation-x-2026-08-18-1ade08a4?id=ADHUHR,https://villiers.ai/empty-legs/kmsp-kdal-citation-x-2026-08-18-1ade08a4?id=ADHUHR,https://villiers.ai/empty-legs/kmsp-kdal-citation-x-2026-08-18-1ade08a4?id=ADHUHR,"Tue, 18 Aug 2026 17:36:42 GMT",2026-08-19T00:17:03+00:00
https://villiers.ai/empty-legs/knuq-kmry-citation-x-2026-08-18-a0c81908?id=ADHUHR,inactive,inactive,2026-08-18T17:47:01+00:00,2026-08-18T23:47:01+00:00,2026-08-19T00:17:03+00:00,"Citation X | Moffett Federal Airfield → Monterey Peninsula Airport | $8,600",,Citation X,KNUQ - Moffett Federal Airfield,KNUQ,NUQ,Moffett Federal Airfield,Mountain View,US,KMRY - Monterey Peninsula Airport,KMRY,MRY,Monterey Regional Airport,Monterey,US,18 August 2026,2026-08-18,12:00,12:36,36m,"$8,600",8600,USD,$,12,https://villiers.ai/empty-legs/knuq-kmry-citation-x-2026-08-18-a0c81908?id=ADHUHR,https://villiers.ai/empty-legs/knuq-kmry-citation-x-2026-08-18-a0c81908?id=ADHUHR,https://villiers.ai/empty-legs/knuq-kmry-citation-x-2026-08-18-a0c81908?id=ADHUHR,"Tue, 18 Aug 2026 17:36:42 GMT",2026-08-19T00:17:03+00:00
https://villiers.ai/empty-legs/kocf-kecp-citation-x-2026-08-18-365851de?id=ADHUHR,inactive,inactive,2026-08-18T17:47:01+00:00,2026-08-18T23:47:01+00:00,2026-08-19T00:17:03+00:00,"Citation X | Ocala International Airport - Jim Taylor Field → Northwest Florida Beaches International Airport | $8,600",,Citation X,KOCF - Ocala International Airport - Jim Taylor Field,KOCF,OCF,Ocala International-Jim Taylor Field,Ocala,US,KECP - Northwest Florida Beaches International Airport,KECP,ECP,Northwest Florida Beaches International Airport,Panama City,US,18 August 2026,2026-08-18,12:00,12:55,55m,"$8,600",8600,USD,$,12,https://villiers.ai/empty-legs/kocf-kecp-citation-x-2026-08-18-365851de?id=ADHUHR,https://villiers.ai/empty-legs/kocf-kecp-citation-x-2026-08-18-365851de?id=ADHUHR,https://villiers.ai/empty-legs/kocf-kecp-citation-x-2026-08-18-365851de?id=ADHUHR,"Tue, 18 Aug 2026 17:36:42 GMT",2026-08-19T00:17:03+00:00
https://villiers.ai/empty-legs/kric-kfrg-citation-x-2026-08-18-d23c7dba?id=ADHUHR,inactive,inactive,2026-08-18T17:47:01+00:00,2026-08-18T23:47:01+00:00,2026-08-19T00:17:03+00:00,"Citation X | Richmond International Airport → Republic Airport | $8,600",,Citation X,KRIC - Richmond International Airport,KRIC,RIC,Richmond International Airport,Richmond,US,KFRG - Republic Airport,KFRG,FRG,Republic Airport,Farmingdale,US,18 August 2026,2026-08-18,12:00,13:03,1h 4m,"$8,600",8600,USD,$,12,https://villiers.ai/empty-legs/kric-kfrg-citation-x-2026-08-18-d23c7dba?id=ADHUHR,https://villiers.ai/empty-legs/kric-kfrg-citation-x-2026-08-18-d23c7dba?id=ADHUHR,https://villiers.ai/empty-legs/kric-kfrg-citation-x-2026-08-18-d23c7dba?id=ADHUHR,"Tue, 18 Aug 2026 17:36:42 GMT",2026-08-19T00:17:03+00:00
https://villiers.ai/empty-legs/kric-kjyo-challenger-300-2026-08-18-d91e8812?id=ADHUHR,inactive,inactive,2026-08-18T17:47:01+00:00,2026-08-18T23:47:01+00:00,2026-08-19T00:17:03+00:00,"Challenger 300 | Richmond International Airport → Leesburg Executive Airport | $8,600",,Challenger 300,KRIC - Richmond International Airport,KRIC,RIC,Richmond International Airport,Richmond,US,KJYO - Leesburg Executive Airport,KJYO,,Leesburg Executive Airport,Leesburg,US,18 August 2026,2026-08-18,12:00,12:42,42m,"$8,600",8600,USD,$,10,https://villiers.ai/empty-legs/kric-kjyo-challenger-300-2026-08-18-d91e8812?id=ADHUHR,https://villiers.ai/empty-legs/kric-kjyo-challenger-300-2026-08-18-d91e8812?id=ADHUHR,https://villiers.ai/empty-legs/kric-kjyo-challenger-300-2026-08-18-d91e8812?id=ADHUHR,"Tue, 18 Aug 2026 17:35:26 GMT",2026-08-19T00:17:03+00:00
https://villiers.ai/empty-legs/ksna-ksba-citation-x-2026-08-18-fba5f0c3?id=ADHUHR,inactive,inactive,2026-08-18T17:47:01+00:00,2026-08-18T23:47:01+00:00,2026-08-19T00:17:03+00:00,"Citation X | John Wayne Orange County International Airport → Santa Barbara Municipal Airport | $8,600",,Citation X,KSNA - John Wayne Orange County International Airport,KSNA,SNA,John Wayne/Orange County Airport,Santa Ana,US,KSBA - Santa Barbara Municipal Airport,KSBA,SBA,Santa Barbara Municipal Airport,Santa Barbara,US,18 August 2026,2026-08-18,12:00,12:43,44m,"$8,600",8600,USD,$,12,https://villiers.ai/empty-legs/ksna-ksba-citation-x-2026-08-18-fba5f0c3?id=ADHUHR,https://villiers.ai/empty-legs/ksna-ksba-citation-x-2026-08-18-fba5f0c3?id=ADHUHR,https://villiers.ai/empty-legs/ksna-ksba-citation-x-2026-08-18-fba5f0c3?id=ADHUHR,"Tue, 18 Aug 2026 17:36:42 GMT",2026-08-19T00:17:03+00:00
https://villiers.ai/empty-legs/kswf-kluk-aircraft-2026-08-18-724b897e?id=ADHUHR,inactive,inactive,2026-08-18T17:47:01+00:00,2026-08-18T23:47:01+00:00,2026-08-19T00:17:03+00:00,"Private Jet | New York Stewart International Airport → Cincinnati Municipal Airport Lunken Field | $9,675",,Private Jet,KSWF - New York Stewart International Airport,KSWF,SWF,New York Stewart International Airport,New York,US,KLUK - Cincinnati Municipal Airport Lunken Field,KLUK,LUK,Cincinnati Municipal/Lunken Field,Cincinnati,US,18 August 2026,2026-08-18,12:00,13:32,1h 33m,"$9,675",9675,USD,$,,https://villiers.ai/empty-legs/kswf-kluk-aircraft-2026-08-18-724b897e?id=ADHUHR,https://villiers.ai/empty-legs/kswf-kluk-aircraft-2026-08-18-724b897e?id=ADHUHR,https://villiers.ai/empty-legs/kswf-kluk-aircraft-2026-08-18-724b897e?id=ADHUHR,"Tue, 18 Aug 2026 17:31:26 GMT",2026-08-19T00:17:03+00:00
https://villiers.ai/empty-legs/kteb-kfok-challenger-300-2026-08-18-0bda7236?id=ADHUHR,inactive,inactive,2026-08-18T17:47:01+00:00,2026-08-18T23:47:01+00:00,2026-08-19T00:17:03+00:00,"Challenger 300 | Teterboro Airport → Francis S Gabreski Airport | $8,600",,Challenger 300,KTEB - Teterboro Airport,KTEB,TEB,Teterboro Airport,Teterboro,US,KFOK - Francis S Gabreski Airport,KFOK,FOK,Francis S Gabreski Airport,Westhampton Beach,US,18 August 2026,2026-08-18,12:00,12:38,38m,"$8,600",8600,USD,$,10,https://villiers.ai/empty-legs/kteb-kfok-challenger-300-2026-08-18-0bda7236?id=ADHUHR,https://villiers.ai/empty-legs/kteb-kfok-challenger-300-2026-08-18-0bda7236?id=ADHUHR,https://villiers.ai/empty-legs/kteb-kfok-challenger-300-2026-08-18-0bda7236?id=ADHUHR,"Tue, 18 Aug 2026 17:35:25 GMT",2026-08-19T00:17:03+00:00
https://villiers.ai/empty-legs/kteb-kogs-citation-x-2026-08-18-e7b37a6f?id=ADHUHR,inactive,inactive,2026-08-18T17:47:01+00:00,2026-08-18T23:47:01+00:00,2026-08-19T00:17:03+00:00,"Citation X | Teterboro Airport → Ogdensburg International Airport | $8,600",,Citation X,KTEB - Teterboro Airport,KTEB,TEB,Teterboro Airport,Teterboro,US,KOGS - Ogdensburg International Airport,KOGS,OGS,Ogdensburg International Airport,Ogdensburg,US,18 August 2026,2026-08-18,12:00,13:00,1h 0m,"$8,600",8600,USD,$,12,https://villiers.ai/empty-legs/kteb-kogs-citation-x-2026-08-18-e7b37a6f?id=ADHUHR,https://villiers.ai/empty-legs/kteb-kogs-citation-x-2026-08-18-e7b37a6f?id=ADHUHR,https://villiers.ai/empty-legs/kteb-kogs-citation-x-2026-08-18-e7b37a6f?id=ADHUHR,"Tue, 18 Aug 2026 17:36:40 GMT",2026-08-19T00:17:03+00:00
https://villiers.ai/empty-legs/ktpa-kdal-citation-x-2026-08-18-ede8869f?id=ADHUHR,inactive,inactive,2026-08-18T17:47:01+00:00,2026-08-18T23:47:01+00:00,2026-08-19T00:17:03+00:00,"Citation X | Tampa International Airport → Dallas Love Field | $12,900",,Citation X,KTPA - Tampa International Airport,KTPA,TPA,Tampa International Airport,Tampa,US,KDAL - Dallas Love Field,KDAL,DAL,Dallas Love Field,Dallas,US,18 August 2026,2026-08-18,12:00,14:11,2h 12m,"$12,900",12900,USD,$,12,https://villiers.ai/empty-legs/ktpa-kdal-citation-x-2026-08-18-ede8869f?id=ADHUHR,https://villiers.ai/empty-legs/ktpa-kdal-citation-x-2026-08-18-ede8869f?id=ADHUHR,https://villiers.ai/empty-legs/ktpa-kdal-citation-x-2026-08-18-ede8869f?id=ADHUHR,"Tue, 18 Aug 2026 17:36:42 GMT",2026-08-19T00:17:03+00:00
https://villiers.ai/empty-legs/mwcr-ktpa-challenger-300-2026-08-18-4583c4fd?id=ADHUHR,inactive,inactive,2026-08-18T17:47:01+00:00,2026-08-18T23:47:01+00:00,2026-08-19T00:17:03+00:00,"Challenger 300 | Owen Roberts International Airport → Tampa International Airport | $12,900",,Challenger 300,MWCR - Owen Roberts International Airport,MWCR,GCM,Owen Roberts International Airport,Georgetown,KY,KTPA - Tampa International Airport,KTPA,TPA,Tampa International Airport,Tampa,US,18 August 2026,2026-08-18,12:00,13:37,1h 37m,"$12,900",12900,USD,$,10,https://villiers.ai/empty-legs/mwcr-ktpa-challenger-300-2026-08-18-4583c4fd?id=ADHUHR,https://villiers.ai/empty-legs/mwcr-ktpa-challenger-300-2026-08-18-4583c4fd?id=ADHUHR,https://villiers.ai/empty-legs/mwcr-ktpa-challenger-300-2026-08-18-4583c4fd?id=ADHUHR,"Tue, 18 Aug 2026 17:35:25 GMT",2026-08-19T00:17:03+00:00
https://villiers.ai/empty-legs/kack-khef-challenger-300-2026-08-19-3324d108?id=ADHUHR,inactive,inactive,2026-08-18T17:47:01+00:00,2026-08-19T23:47:01+00:00,2026-08-20T00:17:02+00:00,"Challenger 300 | Nantucket Memorial Airport → Manassas Regional Airport/Harry P. Davis Field | $8,600",,Challenger 300,KACK - Nantucket Memorial Airport,KACK,ACK,Nantucket Memorial Airport,Nantucket,US,KHEF - Manassas Regional Airport/Harry P. Davis Field,KHEF,MNZ,Washington Manassas/Harry P Davis Field,Washington,US,19 August 2026,2026-08-19,12:00,13:17,1h 18m,"$8,600",8600,USD,$,10,https://villiers.ai/empty-legs/kack-khef-challenger-300-2026-08-19-3324d108?id=ADHUHR,https://villiers.ai/empty-legs/kack-khef-challenger-300-2026-08-19-3324d108?id=ADHUHR,https://villiers.ai/empty-legs/kack-khef-challenger-300-2026-08-19-3324d108?id=ADHUHR,"Tue, 18 Aug 2026 17:35:26 GMT",2026-08-20T00:17:02+00:00
https://villiers.ai/empty-legs/kbed-kmdw-citation-x-2026-08-19-28948291?id=ADHUHR,inactive,inactive,2026-08-18T17:47:01+00:00,2026-08-19T23:47:01+00:00,2026-08-20T00:17:02+00:00,"Citation X | Laurence G Hanscom Field → Chicago Midway International Airport | $10,750",,Citation X,KBED - Laurence G Hanscom Field,KBED,BED,Laurence G Hanscom Field,Bedford,US,KMDW - Chicago Midway International Airport,KMDW,MDW,Chicago Midway International Airport,Chicago,US,19 August 2026,2026-08-19,12:00,14:03,2h 4m,"$10,750",10750,USD,$,12,https://villiers.ai/empty-legs/kbed-kmdw-citation-x-2026-08-19-28948291?id=ADHUHR,https://villiers.ai/empty-legs/kbed-kmdw-citation-x-2026-08-19-28948291?id=ADHUHR,https://villiers.ai/empty-legs/kbed-kmdw-citation-x-2026-08-19-28948291?id=ADHUHR,"Tue, 18 Aug 2026 17:36:42 GMT",2026-08-20T00:17:02+00:00
https://villiers.ai/empty-legs/kbfl-ksjc-citation-x-2026-08-19-b9254c94?id=ADHUHR,inactive,inactive,2026-08-18T17:47:01+00:00,2026-08-19T23:47:01+00:00,2026-08-20T00:17:02+00:00,"Citation X | Meadows Field → San Jose International Airport | $8,600",,Citation X,KBFL - Meadows Field,KBFL,BFL,Meadows Field,Bakersfield,US,KSJC - San Jose International Airport,KSJC,SJC,Norman Y Mineta San Jose International Airport,San Jose,US,19 August 2026,2026-08-19,12:00,12:53,53m,"$8,600",8600,USD,$,12,https://villiers.ai/empty-legs/kbfl-ksjc-citation-x-2026-08-19-b9254c94?id=ADHUHR,https://villiers.ai/empty-legs/kbfl-ksjc-citation-x-2026-08-19-b9254c94?id=ADHUHR,https://villiers.ai/empty-legs/kbfl-ksjc-citation-x-2026-08-19-b9254c94?id=ADHUHR,"Tue, 18 Aug 2026 17:36:42 GMT",2026-08-20T00:17:02+00:00
https://villiers.ai/empty-legs/kbgm-cyqa-citation-x-2026-08-19-65c11579?id=ADHUHR,inactive,inactive,2026-08-18T17:47:01+00:00,2026-08-19T23:47:01+00:00,2026-08-20T00:17:02+00:00,"Citation X | Greater Binghamton/Edwin A Link field → Muskoka Airport | $9,675",,Citation X,KBGM - Greater Binghamton/Edwin A Link field,KBGM,BGM,Greater Binghamton/Edwin A Link Field,Binghamton,US,CYQA - Muskoka Airport,CYQA,YQA,Muskoka Airport,Muskoka,CA,19 August 2026,2026-08-19,12:00,12:58,58m,"$9,675",9675,USD,$,12,https://villiers.ai/empty-legs/kbgm-cyqa-citation-x-2026-08-19-65c11579?id=ADHUHR,https://villiers.ai/empty-legs/kbgm-cyqa-citation-x-2026-08-19-65c11579?id=ADHUHR,https://villiers.ai/empty-legs/kbgm-cyqa-citation-x-2026-08-19-65c11579?id=ADHUHR,"Tue, 18 Aug 2026 17:36:42 GMT",2026-08-20T00:17:02+00:00
https://villiers.ai/empty-legs/kfmy-kopf-citation-x-2026-08-19-db032525?id=ADHUHR,inactive,inactive,2026-08-18T17:47:01+00:00,2026-08-19T23:47:01+00:00,2026-08-20T00:17:02+00:00,"Citation X | Page Field → Miami-Opa Locka Executive Airport | $8,600",,Citation X,KFMY - Page Field,KFMY,FMY,Page Field,Fort Myers,US,KOPF - Miami-Opa Locka Executive Airport,KOPF,OPF,Miami-Opa Locka Executive Airport,Miami,US,19 August 2026,2026-08-19,12:00,12:42,42m,"$8,600",8600,USD,$,12,https://villiers.ai/empty-legs/kfmy-kopf-citation-x-2026-08-19-db032525?id=ADHUHR,https://villiers.ai/empty-legs/kfmy-kopf-citation-x-2026-08-19-db032525?id=ADHUHR,https://villiers.ai/empty-legs/kfmy-kopf-citation-x-2026-08-19-db032525?id=ADHUHR,"Tue, 18 Aug 2026 17:36:42 GMT",2026-08-20T00:17:02+00:00
https://villiers.ai/empty-legs/khrf-ku34-challenger-300-2026-08-19-1fb11601?id=ADHUHR,inactive,inactive,2026-08-18T17:47:01+00:00,2026-08-19T23:47:01+00:00,2026-08-20T00:17:02+00:00,"Challenger 300 | Ravalli County Airport → Green River Municipal Airport | $9,675",,Challenger 300,KHRF - Ravalli County Airport,KHRF,,Ravalli County Airport,Hamilton,US,KU34 - Green River Municipal Airport,KU34,RVR,Green River Municipal Airport,Green River,US,19 August 2026,2026-08-19,12:00,13:30,1h 30m,"$9,675",9675,USD,$,10,https://villiers.ai/empty-legs/khrf-ku34-challenger-300-2026-08-19-1fb11601?id=ADHUHR,https://villiers.ai/empty-legs/khrf-ku34-challenger-300-2026-08-19-1fb11601?id=ADHUHR,https://villiers.ai/empty-legs/khrf-ku34-challenger-300-2026-08-19-1fb11601?id=ADHUHR,"Tue, 18 Aug 2026 17:35:27 GMT",2026-08-20T00:17:02+00:00
https://villiers.ai/empty-legs/kiad-kteb-citation-x-2026-08-19-42b2fcfc?id=ADHUHR,inactive,inactive,2026-08-18T17:47:01+00:00,2026-08-19T23:47:01+00:00,2026-08-20T00:17:02+00:00,"Citation X | Washington Dulles International Airport → Teterboro Airport | $8,600",,Citation X,KIAD - Washington Dulles International Airport,KIAD,IAD,Washington Dulles International Airport,Washington,US,KTEB - Teterboro Airport,KTEB,TEB,Teterboro Airport,Teterboro,US,19 August 2026,2026-08-19,12:00,12:54,55m,"$8,600",8600,USD,$,12,https://villiers.ai/empty-legs/kiad-kteb-citation-x-2026-08-19-42b2fcfc?id=ADHUHR,https://villiers.ai/empty-legs/kiad-kteb-citation-x-2026-08-19-42b2fcfc?id=ADHUHR,https://villiers.ai/empty-legs/kiad-kteb-citation-x-2026-08-19-42b2fcfc?id=ADHUHR,"Tue, 18 Aug 2026 17:36:43 GMT",2026-08-20T00:17:02+00:00
https://villiers.ai/empty-legs/koak-kpdx-citation-x-2026-08-19-12df99c7?id=ADHUHR,inactive,inactive,2026-08-18T17:47:01+00:00,2026-08-19T23:47:01+00:00,2026-08-20T00:17:02+00:00,"Citation X | San Francisco Bay Oakland International Airport → Portland International Airport | $10,750",,Citation X,KOAK - San Francisco Bay Oakland International Airport,KOAK,OAK,Oakland San Francisco Bay Airport,Oakland,US,KPDX - Portland International Airport,KPDX,PDX,Portland International Airport,Portland,US,19 August 2026,2026-08-19,12:00,13:30,1h 30m,"$10,750",10750,USD,$,12,https://villiers.ai/empty-legs/koak-kpdx-citation-x-2026-08-19-12df99c7?id=ADHUHR,https://villiers.ai/empty-legs/koak-kpdx-citation-x-2026-08-19-12df99c7?id=ADHUHR,https://villiers.ai/empty-legs/koak-kpdx-citation-x-2026-08-19-12df99c7?id=ADHUHR,"Tue, 18 Aug 2026 17:36:43 GMT",2026-08-20T00:17:02+00:00
https://villiers.ai/empty-legs/kopf-ksrq-challenger-300-2026-08-19-b992c915?id=ADHUHR,inactive,inactive,2026-08-18T17:47:01+00:00,2026-08-19T23:47:01+00:00,2026-08-20T00:17:02+00:00,"Challenger 300 | Miami-Opa Locka Executive Airport → Sarasota Bradenton International Airport | $8,600",,Challenger 300,KOPF - Miami-Opa Locka Executive Airport,KOPF,OPF,Miami-Opa Locka Executive Airport,Miami,US,KSRQ - Sarasota Bradenton International Airport,KSRQ,SRQ,Sarasota/Bradenton International Airport,Sarasota/Bradenton,US,19 August 2026,2026-08-19,12:00,12:49,49m,"$8,600",8600,USD,$,10,https://villiers.ai/empty-legs/kopf-ksrq-challenger-300-2026-08-19-b992c915?id=ADHUHR,https://villiers.ai/empty-legs/kopf-ksrq-challenger-300-2026-08-19-b992c915?id=ADHUHR,https://villiers.ai/empty-legs/kopf-ksrq-challenger-300-2026-08-19-b992c915?id=ADHUHR,"Tue, 18 Aug 2026 17:35:26 GMT",2026-08-20T00:17:02+00:00
https://villiers.ai/empty-legs/krdu-kftw-citation-x-2026-08-19-9bf7f9b4?id=ADHUHR,inactive,inactive,2026-08-18T17:47:01+00:00,2026-08-19T23:47:01+00:00,2026-08-20T00:17:02+00:00,"Citation X | Raleigh Durham International Airport → Fort Worth Meacham International Airport | $12,900",,Citation X,KRDU - Raleigh Durham International Airport,KRDU,RDU,Raleigh-Durham International Airport,Raleigh/Durham,US,KFTW - Fort Worth Meacham International Airport,KFTW,FTW,Fort Worth Meacham International Airport,Fort Worth,US,19 August 2026,2026-08-19,12:00,14:29,2h 30m,"$12,900",12900,USD,$,12,https://villiers.ai/empty-legs/krdu-kftw-citation-x-2026-08-19-9bf7f9b4?id=ADHUHR,https://villiers.ai/empty-legs/krdu-kftw-citation-x-2026-08-19-9bf7f9b4?id=ADHUHR,https://villiers.ai/empty-legs/krdu-kftw-citation-x-2026-08-19-9bf7f9b4?id=ADHUHR,"Tue, 18 Aug 2026 17:36:43 GMT",2026-08-20T00:17:02+00:00
https://villiers.ai/empty-legs/ktpa-kdal-citation-x-2026-08-19-94e04501?id=ADHUHR,inactive,inactive,2026-08-18T17:47:01+00:00,2026-08-19T23:47:01+00:00,2026-08-20T00:17:02+00:00,"Citation X | Tampa International Airport → Dallas Love Field | $12,900",,Citation X,KTPA - Tampa International Airport,KTPA,TPA,Tampa International Airport,Tampa,US,KDAL - Dallas Love Field,KDAL,DAL,Dallas Love Field,Dallas,US,19 August 2026,2026-08-19,12:00,14:11,2h 12m,"$12,900",12900,USD,$,12,https://villiers.ai/empty-legs/ktpa-kdal-citation-x-2026-08-19-94e04501?id=ADHUHR,https://villiers.ai/empty-legs/ktpa-kdal-citation-x-2026-08-19-94e04501?id=ADHUHR,https://villiers.ai/empty-legs/ktpa-kdal-citation-x-2026-08-19-94e04501?id=ADHUHR,"Tue, 18 Aug 2026 17:36:43 GMT",2026-08-20T00:17:02+00:00
https://villiers.ai/empty-legs/kvny-ksba-challenger-300-2026-08-19-78e46c3d?id=ADHUHR,inactive,inactive,2026-08-18T17:47:01+00:00,2026-08-19T23:47:01+00:00,2026-08-20T00:17:02+00:00,"Challenger 300 | Van Nuys Airport → Santa Barbara Municipal Airport | $8,600",,Challenger 300,KVNY - Van Nuys Airport,KVNY,VNY,Van Nuys Airport,Van Nuys,US,KSBA - Santa Barbara Municipal Airport,KSBA,SBA,Santa Barbara Municipal Airport,Santa Barbara,US,19 August 2026,2026-08-19,12:00,12:38,39m,"$8,600",8600,USD,$,10,https://villiers.ai/empty-legs/kvny-ksba-challenger-300-2026-08-19-78e46c3d?id=ADHUHR,https://villiers.ai/empty-legs/kvny-ksba-challenger-300-2026-08-19-78e46c3d?id=ADHUHR,https://villiers.ai/empty-legs/kvny-ksba-challenger-300-2026-08-19-78e46c3d?id=ADHUHR,"Tue, 18 Aug 2026 17:35:26 GMT",2026-08-20T00:17:02+00:00
https://villiers.ai/empty-legs/kvny-ksjc-challenger-300-2026-08-19-a94f56b5?id=ADHUHR,inactive,inactive,2026-08-18T17:47:01+00:00,2026-08-19T23:47:01+00:00,2026-08-20T00:17:02+00:00,"Challenger 300 | Van Nuys Airport → San Jose International Airport | $8,600",,Challenger 300,KVNY - Van Nuys Airport,KVNY,VNY,Van Nuys Airport,Van Nuys,US,KSJC - San Jose International Airport,KSJC,SJC,Norman Y Mineta San Jose International Airport,San Jose,US,19 August 2026,2026-08-19,12:00,13:02,1h 2m,"$8,600",8600,USD,$,10,https://villiers.ai/empty-legs/kvny-ksjc-challenger-300-2026-08-19-a94f56b5?id=ADHUHR,https://villiers.ai/empty-legs/kvny-ksjc-challenger-300-2026-08-19-a94f56b5?id=ADHUHR,https://villiers.ai/empty-legs/kvny-ksjc-challenger-300-2026-08-19-a94f56b5?id=ADHUHR,"Tue, 18 Aug 2026 17:35:26 GMT",2026-08-20T00:17:02+00:00
https://villiers.ai/empty-legs/tjsj-tncm-citation-x-2026-08-19-232d11c8?id=ADHUHR,inactive,inactive,2026-08-18T17:47:01+00:00,2026-08-19T23:47:01+00:00,2026-08-20T00:17:02+00:00,"Citation X | Luis Munoz Marin International Airport → Princess Juliana International Airport | $10,750",,Citation X,TJSJ - Luis Munoz Marin International Airport,TJSJ,SJU,Luis Munoz Marin International Airport,San Juan,US,TNCM - Princess Juliana International Airport,TNCM,SXM,Princess Juliana International Airport,Saint Martin,SX,19 August 2026,2026-08-19,12:00,12:51,51m,"$10,750",10750,USD,$,12,https://villiers.ai/empty-legs/tjsj-tncm-citation-x-2026-08-19-232d11c8?id=ADHUHR,https://villiers.ai/empty-legs/tjsj-tncm-citation-x-2026-08-19-232d11c8?id=ADHUHR,https://villiers.ai/empty-legs/tjsj-tncm-citation-x-2026-08-19-232d11c8?id=ADHUHR,"Tue, 18 Aug 2026 17:36:43 GMT",2026-08-20T00:17:02+00:00
https://villiers.ai/empty-legs/cyfj-kmdw-cessna-citation-x-2026-08-20-6a4e9e90?id=ADHUHR,inactive,inactive,2026-08-20T20:47:01+00:00,2026-08-20T23:47:02+00:00,2026-08-21T00:17:02+00:00,"Cessna Citation X | Mont-Tremblant International Airport → Chicago Midway International Airport | $12,900",,Cessna Citation X,CYFJ - Mont-Tremblant International Airport,CYFJ,YTM,La Macaza / Mont-Tremblant International Inc Airport,Riviere Rouge,CA,KMDW - Chicago Midway International Airport,KMDW,MDW,Chicago Midway International Airport,Chicago,US,20 August 2026,2026-08-20,12:00,13:49,1h 50m,"$12,900",12900,USD,$,12,https://villiers.ai/empty-legs/cyfj-kmdw-cessna-citation-x-2026-08-20-6a4e9e90?id=ADHUHR,https://villiers.ai/empty-legs/cyfj-kmdw-cessna-citation-x-2026-08-20-6a4e9e90?id=ADHUHR,https://villiers.ai/empty-legs/cyfj-kmdw-cessna-citation-x-2026-08-20-6a4e9e90?id=ADHUHR,"Thu, 20 Aug 2026 20:32:03 GMT",2026-08-21T00:17:02+00:00
https://villiers.ai/empty-legs/eggw-lowk-citation-cj2-2026-08-20-921b97ad?id=ADHUHR,inactive,inactive,2026-08-08T00:17:02+00:00,2026-08-20T23:47:02+00:00,2026-08-21T00:17:02+00:00,"Citation CJ2 | London Luton Airport → Klagenfurt Airport | £7,418",,Citation CJ2,EGGW - London Luton Airport,EGGW,LTN,London Luton Airport,London,GB,LOWK - Klagenfurt Airport,LOWK,KLU,Klagenfurt Airport,Klagenfurt am Worthersee,AT,20 August 2026,2026-08-20,12:00,13:53,1h 54m,"£7,418",7418,GBP,£,6,https://villiers.ai/empty-legs/eggw-lowk-citation-cj2-2026-08-20-921b97ad?id=ADHUHR,https://villiers.ai/empty-legs/eggw-lowk-citation-cj2-2026-08-20-921b97ad?id=ADHUHR,https://villiers.ai/empty-legs/eggw-lowk-citation-cj2-2026-08-20-921b97ad?id=ADHUHR,"Fri, 07 Aug 2026 18:00:57 GMT",2026-08-21T00:17:02+00:00
https://villiers.ai/empty-legs/egkb-lowk-2026-08-20?id=ADHUHR,inactive,inactive,2026-08-05T22:38:36+00:00,2026-08-20T23:47:02+00:00,2026-08-21T00:17:02+00:00,"Citation CJ2 | Biggin Hill Airport → Klagenfurt Airport | £7,418",,Citation CJ2,EGKB - Biggin Hill Airport,EGKB,BQH,London Biggin Hill Airport,London,GB,LOWK - Klagenfurt Airport,LOWK,KLU,Klagenfurt Airport,Klagenfurt am Worthersee,AT,20 August 2026,2026-08-20,12:00,13:50,1h 50m,"£7,418",7418,GBP,£,6,https://villiers.ai/empty-legs/egkb-lowk-2026-08-20?id=ADHUHR,https://villiers.ai/empty-legs/egkb-lowk-2026-08-20?id=ADHUHR,https://villiers.ai/empty-legs/egkb-lowk-2026-08-20?id=ADHUHR,"Fri, 10 Jul 2026 18:21:55 GMT",2026-08-21T00:17:02+00:00
https://villiers.ai/empty-legs/kack-kcmh-aircraft-2026-08-20-43d83ddc?id=ADHUHR,inactive,inactive,2026-08-18T17:47:01+00:00,2026-08-20T23:47:02+00:00,2026-08-21T00:17:02+00:00,"Private Jet | Nantucket Memorial Airport → John Glenn Columbus International Airport | $10,750",,Private Jet,KACK - Nantucket Memorial Airport,KACK,ACK,Nantucket Memorial Airport,Nantucket,US,KCMH - John Glenn Columbus International Airport,KCMH,CMH,John Glenn Columbus International Airport,Columbus,US,20 August 2026,2026-08-20,12:00,13:45,1h 45m,"$10,750",10750,USD,$,,https://villiers.ai/empty-legs/kack-kcmh-aircraft-2026-08-20-43d83ddc?id=ADHUHR,https://villiers.ai/empty-legs/kack-kcmh-aircraft-2026-08-20-43d83ddc?id=ADHUHR,https://villiers.ai/empty-legs/kack-kcmh-aircraft-2026-08-20-43d83ddc?id=ADHUHR,"Tue, 18 Aug 2026 17:31:26 GMT",2026-08-21T00:17:02+00:00
https://villiers.ai/empty-legs/kase-kcrq-beechjet-400a-2026-08-20-8cd1fe6a?id=ADHUHR,inactive,inactive,2026-08-18T22:17:01+00:00,2026-08-20T23:47:02+00:00,2026-08-21T00:17:02+00:00,"Beechjet 400A | Aspen-Pitkin County Airport (Sardy Field) → McClellan-Palomar Airport | $8,600",,Beechjet 400A,KASE - Aspen-Pitkin County Airport (Sardy Field),KASE,ASE,Aspen-Pitkin County/Sardy Field,Aspen,US,KCRQ - McClellan-Palomar Airport,KCRQ,CLD,Mc Clellan-Palomar Airport,Carlsbad,US,20 August 2026,2026-08-20,12:00,13:49,1h 49m,"$8,600",8600,USD,$,8,https://villiers.ai/empty-legs/kase-kcrq-beechjet-400a-2026-08-20-8cd1fe6a?id=ADHUHR,https://villiers.ai/empty-legs/kase-kcrq-beechjet-400a-2026-08-20-8cd1fe6a?id=ADHUHR,https://villiers.ai/empty-legs/kase-kcrq-beechjet-400a-2026-08-20-8cd1fe6a?id=ADHUHR,"Tue, 18 Aug 2026 21:56:46 GMT",2026-08-21T00:17:02+00:00
https://villiers.ai/empty-legs/kbct-mrlb-citation-x-2026-08-20-615404ba?id=ADHUHR,inactive,inactive,2026-08-18T17:47:01+00:00,2026-08-20T23:47:02+00:00,2026-08-21T00:17:02+00:00,"Citation X | Boca Raton Airport → Guanacaste Airport | $16,125",,Citation X,KBCT - Boca Raton Airport,KBCT,BCT,Boca Raton Airport,Boca Raton,US,MRLB - Guanacaste Airport,MRLB,LIR,Daniel Oduber Quiros International Airport,Liberia,CR,20 August 2026,2026-08-20,12:00,14:37,2h 37m,"$16,125",16125,USD,$,12,https://villiers.ai/empty-legs/kbct-mrlb-citation-x-2026-08-20-615404ba?id=ADHUHR,https://villiers.ai/empty-legs/kbct-mrlb-citation-x-2026-08-20-615404ba?id=ADHUHR,https://villiers.ai/empty-legs/kbct-mrlb-citation-x-2026-08-20-615404ba?id=ADHUHR,"Tue, 18 Aug 2026 17:36:43 GMT",2026-08-21T00:17:02+00:00
https://villiers.ai/empty-legs/kboi-kcrq-hawker-850xp-2026-08-20-29c3968c?id=ADHUHR,inactive,inactive,2026-08-18T22:17:01+00:00,2026-08-20T23:47:02+00:00,2026-08-21T00:17:02+00:00,"Hawker 850XP | Boise Air Terminal/Gowen Field → McClellan-Palomar Airport | $12,900",,Hawker 850XP,KBOI - Boise Air Terminal/Gowen Field,KBOI,BOI,Boise Air Trml/Gowen Field,Boise,US,KCRQ - McClellan-Palomar Airport,KCRQ,CLD,Mc Clellan-Palomar Airport,Carlsbad,US,20 August 2026,2026-08-20,12:00,13:50,1h 50m,"$12,900",12900,USD,$,9,https://villiers.ai/empty-legs/kboi-kcrq-hawker-850xp-2026-08-20-29c3968c?id=ADHUHR,https://villiers.ai/empty-legs/kboi-kcrq-hawker-850xp-2026-08-20-29c3968c?id=ADHUHR,https://villiers.ai/empty-legs/kboi-kcrq-hawker-850xp-2026-08-20-29c3968c?id=ADHUHR,"Tue, 18 Aug 2026 21:56:46 GMT",2026-08-21T00:17:02+00:00
https://villiers.ai/empty-legs/kbwi-kfok-bombardier-challenger-300-2026-08-20-16ddb143?id=ADHUHR,inactive,inactive,2026-08-20T20:47:01+00:00,2026-08-20T23:47:02+00:00,2026-08-21T00:17:02+00:00,"Bombardier Challenger 300 | Baltimore/Washington International Thurgood Marshall Airport → Francis S Gabreski Airport | $8,600",,Bombardier Challenger 300,KBWI - Baltimore/Washington International Thurgood Marshall Airport,KBWI,BWI,Baltimore/Washington International Thurgood Marshall Airport,Baltimore,US,KFOK - Francis S Gabreski Airport,KFOK,FOK,Francis S Gabreski Airport,Westhampton Beach,US,20 August 2026,2026-08-20,12:00,12:56,57m,"$8,600",8600,USD,$,10,https://villiers.ai/empty-legs/kbwi-kfok-bombardier-challenger-300-2026-08-20-16ddb143?id=ADHUHR,https://villiers.ai/empty-legs/kbwi-kfok-bombardier-challenger-300-2026-08-20-16ddb143?id=ADHUHR,https://villiers.ai/empty-legs/kbwi-kfok-bombardier-challenger-300-2026-08-20-16ddb143?id=ADHUHR,"Thu, 20 Aug 2026 20:32:00 GMT",2026-08-21T00:17:02+00:00
https://villiers.ai/empty-legs/kbwi-kteb-challenger-300-2026-08-20-49ad102e?id=ADHUHR,inactive,inactive,2026-08-18T17:47:01+00:00,2026-08-20T23:47:02+00:00,2026-08-21T00:17:02+00:00,"Challenger 300 | Baltimore/Washington International Thurgood Marshall Airport → Teterboro Airport | $9,675",,Challenger 300,KBWI - Baltimore/Washington International Thurgood Marshall Airport,KBWI,BWI,Baltimore/Washington International Thurgood Marshall Airport,Baltimore,US,KTEB - Teterboro Airport,KTEB,TEB,Teterboro Airport,Teterboro,US,20 August 2026,2026-08-20,12:00,12:49,50m,"$9,675",9675,USD,$,10,https://villiers.ai/empty-legs/kbwi-kteb-challenger-300-2026-08-20-49ad102e?id=ADHUHR,https://villiers.ai/empty-legs/kbwi-kteb-challenger-300-2026-08-20-49ad102e?id=ADHUHR,https://villiers.ai/empty-legs/kbwi-kteb-challenger-300-2026-08-20-49ad102e?id=ADHUHR,"Tue, 18 Aug 2026 17:35:27 GMT",2026-08-21T00:17:02+00:00
https://villiers.ai/empty-legs/kdal-kege-cessna-citation-ultra-2026-08-20-7e335bca?id=ADHUHR,inactive,inactive,2026-08-15T14:17:02+00:00,2026-08-20T23:47:02+00:00,2026-08-21T00:17:02+00:00,"Cessna Citation Ultra | Dallas Love Field → Eagle County Regional Airport | $9,568",,Cessna Citation Ultra,KDAL - Dallas Love Field,KDAL,DAL,Dallas Love Field,Dallas,US,KEGE - Eagle County Regional Airport,KEGE,EGE,Eagle County Regional Airport,Eagle,US,20 August 2026,2026-08-20,12:00,13:51,1h 51m,"$9,568",9568,USD,$,7,https://villiers.ai/empty-legs/kdal-kege-cessna-citation-ultra-2026-08-20-7e335bca?id=ADHUHR,https://villiers.ai/empty-legs/kdal-kege-cessna-citation-ultra-2026-08-20-7e335bca?id=ADHUHR,https://villiers.ai/empty-legs/kdal-kege-cessna-citation-ultra-2026-08-20-7e335bca?id=ADHUHR,"Sat, 15 Aug 2026 14:13:14 GMT",2026-08-21T00:17:02+00:00
https://villiers.ai/empty-legs/kdal-kfty-cessna-citation-ultra-2026-08-20-50ec8a74?id=ADHUHR,inactive,inactive,2026-08-18T17:47:01+00:00,2026-08-20T23:47:02+00:00,2026-08-21T00:17:02+00:00,"Cessna Citation Ultra | Dallas Love Field → Fulton County Airport Brown Field | $6,235",,Cessna Citation Ultra,KDAL - Dallas Love Field,KDAL,DAL,Dallas Love Field,Dallas,US,KFTY - Fulton County Airport Brown Field,KFTY,FTY,Fulton County Executive/Charlie Brown Field,Atlanta,US,20 August 2026,2026-08-20,12:00,13:49,1h 49m,"$6,235",6235,USD,$,7,https://villiers.ai/empty-legs/kdal-kfty-cessna-citation-ultra-2026-08-20-50ec8a74?id=ADHUHR,https://villiers.ai/empty-legs/kdal-kfty-cessna-citation-ultra-2026-08-20-50ec8a74?id=ADHUHR,https://villiers.ai/empty-legs/kdal-kfty-cessna-citation-ultra-2026-08-20-50ec8a74?id=ADHUHR,"Tue, 18 Aug 2026 17:30:03 GMT",2026-08-21T00:17:02+00:00
https://villiers.ai/empty-legs/kfok-khpn-bombardier-challenger-300-2026-08-20-368a2af0?id=ADHUHR,inactive,inactive,2026-08-20T20:47:01+00:00,2026-08-20T23:47:02+00:00,2026-08-21T00:17:02+00:00,"Bombardier Challenger 300 | Francis S Gabreski Airport → Westchester County Airport | $8,600",,Bombardier Challenger 300,KFOK - Francis S Gabreski Airport,KFOK,FOK,Francis S Gabreski Airport,Westhampton Beach,US,KHPN - Westchester County Airport,KHPN,HPN,Westchester County Airport,White Plains,US,20 August 2026,2026-08-20,12:00,12:36,36m,"$8,600",8600,USD,$,10,https://villiers.ai/empty-legs/kfok-khpn-bombardier-challenger-300-2026-08-20-368a2af0?id=ADHUHR,https://villiers.ai/empty-legs/kfok-khpn-bombardier-challenger-300-2026-08-20-368a2af0?id=ADHUHR,https://villiers.ai/empty-legs/kfok-khpn-bombardier-challenger-300-2026-08-20-368a2af0?id=ADHUHR,"Thu, 20 Aug 2026 20:32:00 GMT",2026-08-21T00:17:02+00:00
https://villiers.ai/empty-legs/kfok-kmmu-cessna-citation-x-2026-08-20-a62959a8?id=ADHUHR,inactive,inactive,2026-08-20T20:47:01+00:00,2026-08-20T23:47:02+00:00,2026-08-21T00:17:02+00:00,"Cessna Citation X | Francis S Gabreski Airport → Morristown Municipal Airport | $8,600",,Cessna Citation X,KFOK - Francis S Gabreski Airport,KFOK,FOK,Francis S Gabreski Airport,Westhampton Beach,US,KMMU - Morristown Municipal Airport,KMMU,MMU,Morristown Municipal Airport,Morristown,US,20 August 2026,2026-08-20,12:00,12:40,40m,"$8,600",8600,USD,$,12,https://villiers.ai/empty-legs/kfok-kmmu-cessna-citation-x-2026-08-20-a62959a8?id=ADHUHR,https://villiers.ai/empty-legs/kfok-kmmu-cessna-citation-x-2026-08-20-a62959a8?id=ADHUHR,https://villiers.ai/empty-legs/kfok-kmmu-cessna-citation-x-2026-08-20-a62959a8?id=ADHUHR,"Thu, 20 Aug 2026 20:32:03 GMT",2026-08-21T00:17:02+00:00
https://villiers.ai/empty-legs/kfok-kteb-challenger-300-2026-08-20-34cb9f53?id=ADHUHR,inactive,inactive,2026-08-18T17:47:01+00:00,2026-08-20T23:47:02+00:00,2026-08-21T00:17:02+00:00,"Challenger 300 | Francis S Gabreski Airport → Teterboro Airport | $8,600",,Challenger 300,KFOK - Francis S Gabreski Airport,KFOK,FOK,Francis S Gabreski Airport,Westhampton Beach,US,KTEB - Teterboro Airport,KTEB,TEB,Teterboro Airport,Teterboro,US,20 August 2026,2026-08-20,12:00,12:38,38m,"$8,600",8600,USD,$,10,https://villiers.ai/empty-legs/kfok-kteb-challenger-300-2026-08-20-34cb9f53?id=ADHUHR,https://villiers.ai/empty-legs/kfok-kteb-challenger-300-2026-08-20-34cb9f53?id=ADHUHR,https://villiers.ai/empty-legs/kfok-kteb-challenger-300-2026-08-20-34cb9f53?id=ADHUHR,"Tue, 18 Aug 2026 17:35:27 GMT",2026-08-21T00:17:02+00:00
https://villiers.ai/empty-legs/kftw-kase-challenger-300-2026-08-20-f0225084?id=ADHUHR,inactive,inactive,2026-08-18T17:47:01+00:00,2026-08-20T23:47:02+00:00,2026-08-21T00:17:02+00:00,"Challenger 300 | Fort Worth Meacham International Airport → Aspen-Pitkin County Airport (Sardy Field) | $16,125",,Challenger 300,KFTW - Fort Worth Meacham International Airport,KFTW,FTW,Fort Worth Meacham International Airport,Fort Worth,US,KASE - Aspen-Pitkin County Airport (Sardy Field),KASE,ASE,Aspen-Pitkin County/Sardy Field,Aspen,US,20 August 2026,2026-08-20,12:00,13:46,1h 47m,"$16,125",16125,USD,$,10,https://villiers.ai/empty-legs/kftw-kase-challenger-300-2026-08-20-f0225084?id=ADHUHR,https://villiers.ai/empty-legs/kftw-kase-challenger-300-2026-08-20-f0225084?id=ADHUHR,https://villiers.ai/empty-legs/kftw-kase-challenger-300-2026-08-20-f0225084?id=ADHUHR,"Tue, 18 Aug 2026 17:35:28 GMT",2026-08-21T00:17:02+00:00
https://villiers.ai/empty-legs/kftw-kmaf-cessna-citation-ultra-2026-08-20-5ada62bc?id=ADHUHR,inactive,inactive,2026-08-20T21:47:01+00:00,2026-08-20T23:47:02+00:00,2026-08-21T00:17:02+00:00,"Cessna Citation Ultra | Fort Worth Meacham International Airport → Midland International Air and Space Port | $3,870",,Cessna Citation Ultra,KFTW - Fort Worth Meacham International Airport,KFTW,FTW,Fort Worth Meacham International Airport,Fort Worth,US,KMAF - Midland International Air and Space Port,KMAF,MAF,Midland International Air And Space Port Airport,Midland,US,20 August 2026,2026-08-20,12:00,13:02,1h 2m,"$3,870",3870,USD,$,7,https://villiers.ai/empty-legs/kftw-kmaf-cessna-citation-ultra-2026-08-20-5ada62bc?id=ADHUHR,https://villiers.ai/empty-legs/kftw-kmaf-cessna-citation-ultra-2026-08-20-5ada62bc?id=ADHUHR,https://villiers.ai/empty-legs/kftw-kmaf-cessna-citation-ultra-2026-08-20-5ada62bc?id=ADHUHR,"Thu, 20 Aug 2026 21:34:18 GMT",2026-08-21T00:17:02+00:00
https://villiers.ai/empty-legs/khou-kaus-aircraft-2026-08-20-50c0e2aa?id=ADHUHR,inactive,inactive,2026-08-14T14:17:02+00:00,2026-08-20T23:47:02+00:00,2026-08-21T00:17:02+00:00,"Private Jet | William P. Hobby Airport → Austin Bergstrom International Airport | $2,473",,Private Jet,KHOU - William P. Hobby Airport,KHOU,HOU,William P Hobby Airport,Houston,US,KAUS - Austin Bergstrom International Airport,KAUS,AUS,Austin-Bergstrom International Airport,Austin,US,20 August 2026,2026-08-20,12:00,12:46,46m,"$2,473",2473,USD,$,7,https://villiers.ai/empty-legs/khou-kaus-aircraft-2026-08-20-50c0e2aa?id=ADHUHR,https://villiers.ai/empty-legs/khou-kaus-aircraft-2026-08-20-50c0e2aa?id=ADHUHR,https://villiers.ai/empty-legs/khou-kaus-aircraft-2026-08-20-50c0e2aa?id=ADHUHR,"Fri, 14 Aug 2026 14:01:13 GMT",2026-08-21T00:17:02+00:00
https://villiers.ai/empty-legs/khou-kmdd-cessna-citation-ultra-2026-08-20-6bfadf9a?id=ADHUHR,inactive,inactive,2026-08-20T21:47:01+00:00,2026-08-20T23:47:02+00:00,2026-08-21T00:17:02+00:00,"Cessna Citation Ultra | William P. Hobby Airport → Midland Airpark | $4,838",,Cessna Citation Ultra,KHOU - William P. Hobby Airport,KHOU,HOU,William P Hobby Airport,Houston,US,KMDD - Midland Airpark,KMDD,MDD,Midland Airpark,Midland,US,20 August 2026,2026-08-20,12:00,13:18,1h 18m,"$4,838",4838,USD,$,7,https://villiers.ai/empty-legs/khou-kmdd-cessna-citation-ultra-2026-08-20-6bfadf9a?id=ADHUHR,https://villiers.ai/empty-legs/khou-kmdd-cessna-citation-ultra-2026-08-20-6bfadf9a?id=ADHUHR,https://villiers.ai/empty-legs/khou-kmdd-cessna-citation-ultra-2026-08-20-6bfadf9a?id=ADHUHR,"Thu, 20 Aug 2026 21:34:18 GMT",2026-08-21T00:17:02+00:00
https://villiers.ai/empty-legs/khpn-kisp-challenger-300-2026-08-20-ee2413fa?id=ADHUHR,inactive,inactive,2026-08-18T17:47:01+00:00,2026-08-20T23:47:02+00:00,2026-08-21T00:17:02+00:00,"Challenger 300 | Westchester County Airport → Long Island Mac Arthur Airport | $8,600",,Challenger 300,KHPN - Westchester County Airport,KHPN,HPN,Westchester County Airport,White Plains,US,KISP - Long Island Mac Arthur Airport,KISP,ISP,Long Island Mac Arthur Airport,New York,US,20 August 2026,2026-08-20,12:00,12:34,34m,"$8,600",8600,USD,$,10,https://villiers.ai/empty-legs/khpn-kisp-challenger-300-2026-08-20-ee2413fa?id=ADHUHR,https://villiers.ai/empty-legs/khpn-kisp-challenger-300-2026-08-20-ee2413fa?id=ADHUHR,https://villiers.ai/empty-legs/khpn-kisp-challenger-300-2026-08-20-ee2413fa?id=ADHUHR,"Tue, 18 Aug 2026 17:35:28 GMT",2026-08-21T00:17:02+00:00
https://villiers.ai/empty-legs/khpn-kpne-citation-x-2026-08-20-deda5ebd?id=ADHUHR,inactive,inactive,2026-08-18T17:47:01+00:00,2026-08-20T23:47:02+00:00,2026-08-21T00:17:02+00:00,"Citation X | Westchester County Airport → Northeast Philadelphia Airport | $8,600",,Citation X,KHPN - Westchester County Airport,KHPN,HPN,Westchester County Airport,White Plains,US,KPNE - Northeast Philadelphia Airport,KPNE,PNE,Northeast Philadelphia Airport,Philadelphia,US,20 August 2026,2026-08-20,12:00,12:40,41m,"$8,600",8600,USD,$,12,https://villiers.ai/empty-legs/khpn-kpne-citation-x-2026-08-20-deda5ebd?id=ADHUHR,https://villiers.ai/empty-legs/khpn-kpne-citation-x-2026-08-20-deda5ebd?id=ADHUHR,https://villiers.ai/empty-legs/khpn-kpne-citation-x-2026-08-20-deda5ebd?id=ADHUHR,"Tue, 18 Aug 2026 17:36:44 GMT",2026-08-21T00:17:02+00:00
https://villiers.ai/empty-legs/kict-keeo-cessna-citation-x-2026-08-20-e95e0a5c?id=ADHUHR,inactive,inactive,2026-08-20T20:47:01+00:00,2026-08-20T23:47:02+00:00,2026-08-21T00:17:02+00:00,"Cessna Citation X | Wichita Eisenhower National Airport → Meeker Coulter Field Airport | $9,675",,Cessna Citation X,KICT - Wichita Eisenhower National Airport,KICT,ICT,Wichita Dwight D Eisenhower Ntl Airport,Wichita,US,KEEO - Meeker Coulter Field Airport,KEEO,,Meeker Coulter Field,Meeker,US,20 August 2026,2026-08-20,12:00,13:35,1h 35m,"$9,675",9675,USD,$,12,https://villiers.ai/empty-legs/kict-keeo-cessna-citation-x-2026-08-20-e95e0a5c?id=ADHUHR,https://villiers.ai/empty-legs/kict-keeo-cessna-citation-x-2026-08-20-e95e0a5c?id=ADHUHR,https://villiers.ai/empty-legs/kict-keeo-cessna-citation-x-2026-08-20-e95e0a5c?id=ADHUHR,"Thu, 20 Aug 2026 20:32:03 GMT",2026-08-21T00:17:02+00:00
https://villiers.ai/empty-legs/klax-mmsd-citation-x-2026-08-20-f3de9040?id=ADHUHR,inactive,inactive,2026-08-18T17:47:01+00:00,2026-08-20T23:47:02+00:00,2026-08-21T00:17:02+00:00,"Citation X | Los Angeles International Airport → Los Cabos International Airport | $16,125",,Citation X,KLAX - Los Angeles International Airport,KLAX,LAX,Los Angeles International Airport,Los Angeles,US,MMSD - Los Cabos International Airport,MMSD,SJD,Los Cabos International Airport,San Jose del Cabo,MX,20 August 2026,2026-08-20,12:00,14:11,2h 11m,"$16,125",16125,USD,$,12,https://villiers.ai/empty-legs/klax-mmsd-citation-x-2026-08-20-f3de9040?id=ADHUHR,https://villiers.ai/empty-legs/klax-mmsd-citation-x-2026-08-20-f3de9040?id=ADHUHR,https://villiers.ai/empty-legs/klax-mmsd-citation-x-2026-08-20-f3de9040?id=ADHUHR,"Tue, 18 Aug 2026 17:36:44 GMT",2026-08-21T00:17:02+00:00
https://villiers.ai/empty-legs/ksjc-kvny-challenger-300-2026-08-20-1947dd3f?id=ADHUHR,inactive,inactive,2026-08-18T17:47:01+00:00,2026-08-20T23:47:02+00:00,2026-08-21T00:17:02+00:00,"Challenger 300 | San Jose International Airport → Van Nuys Airport | $8,600",,Challenger 300,KSJC - San Jose International Airport,KSJC,SJC,Norman Y Mineta San Jose International Airport,San Jose,US,KVNY - Van Nuys Airport,KVNY,VNY,Van Nuys Airport,Van Nuys,US,20 August 2026,2026-08-20,12:00,13:02,1h 2m,"$8,600",8600,USD,$,10,https://villiers.ai/empty-legs/ksjc-kvny-challenger-300-2026-08-20-1947dd3f?id=ADHUHR,https://villiers.ai/empty-legs/ksjc-kvny-challenger-300-2026-08-20-1947dd3f?id=ADHUHR,https://villiers.ai/empty-legs/ksjc-kvny-challenger-300-2026-08-20-1947dd3f?id=ADHUHR,"Tue, 18 Aug 2026 17:36:40 GMT",2026-08-21T00:17:02+00:00
https://villiers.ai/empty-legs/kteb-kfok-citation-x-2026-08-20-9b0b6ff7?id=ADHUHR,inactive,inactive,2026-08-18T17:47:01+00:00,2026-08-20T23:47:02+00:00,2026-08-21T00:17:02+00:00,"Citation X | Teterboro Airport → Francis S Gabreski Airport | $8,600",,Citation X,KTEB - Teterboro Airport,KTEB,TEB,Teterboro Airport,Teterboro,US,KFOK - Francis S Gabreski Airport,KFOK,FOK,Francis S Gabreski Airport,Westhampton Beach,US,20 August 2026,2026-08-20,12:00,12:38,38m,"$8,600",8600,USD,$,12,https://villiers.ai/empty-legs/kteb-kfok-citation-x-2026-08-20-9b0b6ff7?id=ADHUHR,https://villiers.ai/empty-legs/kteb-kfok-citation-x-2026-08-20-9b0b6ff7?id=ADHUHR,https://villiers.ai/empty-legs/kteb-kfok-citation-x-2026-08-20-9b0b6ff7?id=ADHUHR,"Tue, 18 Aug 2026 17:36:43 GMT",2026-08-21T00:17:02+00:00
https://villiers.ai/empty-legs/kteb-kpne-cessna-citation-x-2026-08-20-d0f74818?id=ADHUHR,inactive,inactive,2026-08-20T20:47:01+00:00,2026-08-20T23:47:02+00:00,2026-08-21T00:17:02+00:00,"Cessna Citation X | Teterboro Airport → Northeast Philadelphia Airport | $8,600",,Cessna Citation X,KTEB - Teterboro Airport,KTEB,TEB,Teterboro Airport,Teterboro,US,KPNE - Northeast Philadelphia Airport,KPNE,PNE,Northeast Philadelphia Airport,Philadelphia,US,20 August 2026,2026-08-20,12:00,12:38,38m,"$8,600",8600,USD,$,12,https://villiers.ai/empty-legs/kteb-kpne-cessna-citation-x-2026-08-20-d0f74818?id=ADHUHR,https://villiers.ai/empty-legs/kteb-kpne-cessna-citation-x-2026-08-20-d0f74818?id=ADHUHR,https://villiers.ai/empty-legs/kteb-kpne-cessna-citation-x-2026-08-20-d0f74818?id=ADHUHR,"Thu, 20 Aug 2026 20:32:02 GMT",2026-08-21T00:17:02+00:00
https://villiers.ai/empty-legs/kvny-kbfi-challenger-300-2026-08-20-fb59ec17?id=ADHUHR,inactive,inactive,2026-08-18T17:47:01+00:00,2026-08-20T23:47:02+00:00,2026-08-21T00:17:02+00:00,"Challenger 300 | Van Nuys Airport → Boeing Field King County International Airport | $12,900",,Challenger 300,KVNY - Van Nuys Airport,KVNY,VNY,Van Nuys Airport,Van Nuys,US,KBFI - Boeing Field King County International Airport,KBFI,BFI,Boeing Field/King County International Airport,Seattle,US,20 August 2026,2026-08-20,12:00,14:14,2h 14m,"$12,900",12900,USD,$,10,https://villiers.ai/empty-legs/kvny-kbfi-challenger-300-2026-08-20-fb59ec17?id=ADHUHR,https://villiers.ai/empty-legs/kvny-kbfi-challenger-300-2026-08-20-fb59ec17?id=ADHUHR,https://villiers.ai/empty-legs/kvny-kbfi-challenger-300-2026-08-20-fb59ec17?id=ADHUHR,"Tue, 18 Aug 2026 17:35:27 GMT",2026-08-21T00:17:02+00:00
https://villiers.ai/empty-legs/mbpv-ksrq-challenger-300-2026-08-20-4b6a46a0?id=ADHUHR,inactive,inactive,2026-08-18T17:47:01+00:00,2026-08-20T23:47:02+00:00,2026-08-21T00:17:02+00:00,"Challenger 300 | Providenciales International Airport → Sarasota Bradenton International Airport | $15,050",,Challenger 300,MBPV - Providenciales International Airport,MBPV,PLS,Providenciales Airport,Providenciales Island,TC,KSRQ - Sarasota Bradenton International Airport,KSRQ,SRQ,Sarasota/Bradenton International Airport,Sarasota/Bradenton,US,20 August 2026,2026-08-20,12:00,13:53,1h 54m,"$15,050",15050,USD,$,10,https://villiers.ai/empty-legs/mbpv-ksrq-challenger-300-2026-08-20-4b6a46a0?id=ADHUHR,https://villiers.ai/empty-legs/mbpv-ksrq-challenger-300-2026-08-20-4b6a46a0?id=ADHUHR,https://villiers.ai/empty-legs/mbpv-ksrq-challenger-300-2026-08-20-4b6a46a0?id=ADHUHR,"Tue, 18 Aug 2026 17:36:40 GMT",2026-08-21T00:17:02+00:00
https://villiers.ai/empty-legs/sf_all-kpsp-citation-x-2026-08-20-70d79425?id=ADHUHR,inactive,inactive,2026-08-18T17:47:01+00:00,2026-08-20T23:47:02+00:00,2026-08-21T00:17:02+00:00,"Citation X | All San Francisco, United States Airports → Palm Springs International Airport | $8,600",,Citation X,"SF_ALL - All San Francisco, United States Airports",,,"All San Francisco, United States Airports",,,KPSP - Palm Springs International Airport,KPSP,PSP,Palm Springs International Airport,Palm Springs,US,20 August 2026,2026-08-20,12:00,13:17,1h 18m,"$8,600",8600,USD,$,12,https://villiers.ai/empty-legs/sf_all-kpsp-citation-x-2026-08-20-70d79425?id=ADHUHR,https://villiers.ai/empty-legs/sf_all-kpsp-citation-x-2026-08-20-70d79425?id=ADHUHR,https://villiers.ai/empty-legs/sf_all-kpsp-citation-x-2026-08-20-70d79425?id=ADHUHR,"Tue, 18 Aug 2026 17:36:44 GMT",2026-08-21T00:17:02+00:00
https://villiers.ai/empty-legs/sf_all-kvny-citation-x-2026-08-20-2f5879a7?id=ADHUHR,inactive,inactive,2026-08-18T17:47:01+00:00,2026-08-20T23:47:02+00:00,2026-08-21T00:17:02+00:00,"Citation X | All San Francisco, United States Airports → Van Nuys Airport | $10,750",,Citation X,"SF_ALL - All San Francisco, United States Airports",,,"All San Francisco, United States Airports",,,KVNY - Van Nuys Airport,KVNY,VNY,Van Nuys Airport,Van Nuys,US,20 August 2026,2026-08-20,12:00,13:06,1h 7m,"$10,750",10750,USD,$,12,https://villiers.ai/empty-legs/sf_all-kvny-citation-x-2026-08-20-2f5879a7?id=ADHUHR,https://villiers.ai/empty-legs/sf_all-kvny-citation-x-2026-08-20-2f5879a7?id=ADHUHR,https://villiers.ai/empty-legs/sf_all-kvny-citation-x-2026-08-20-2f5879a7?id=ADHUHR,"Tue, 18 Aug 2026 17:36:44 GMT",2026-08-21T00:17:02+00:00
https://villiers.ai/empty-legs/kboi-kcrq-cj3-2026-08-21-ad569cb4?id=ADHUHR,inactive,inactive,2026-08-18T22:17:01+00:00,2026-08-21T23:47:01+00:00,2026-08-22T00:17:02+00:00,"CJ3 | Boise Air Terminal/Gowen Field → McClellan-Palomar Airport | $10,750",,CJ3,KBOI - Boise Air Terminal/Gowen Field,KBOI,BOI,Boise Air Trml/Gowen Field,Boise,US,KCRQ - McClellan-Palomar Airport,KCRQ,CLD,Mc Clellan-Palomar Airport,Carlsbad,US,21 August 2026,2026-08-21,12:00,13:50,1h 50m,"$10,750",10750,USD,$,8,https://villiers.ai/empty-legs/kboi-kcrq-cj3-2026-08-21-ad569cb4?id=ADHUHR,https://villiers.ai/empty-legs/kboi-kcrq-cj3-2026-08-21-ad569cb4?id=ADHUHR,https://villiers.ai/empty-legs/kboi-kcrq-cj3-2026-08-21-ad569cb4?id=ADHUHR,"Tue, 18 Aug 2026 21:56:47 GMT",2026-08-22T00:17:02+00:00
https://villiers.ai/empty-legs/kdal-khou-cessna-citation-ultra-2026-08-21-3f1f50de?id=ADHUHR,inactive,inactive,2026-08-08T14:17:02+00:00,2026-08-21T23:47:01+00:00,2026-08-22T00:17:02+00:00,"Cessna Citation Ultra | Dallas Love Field → William P. Hobby Airport | $2,795",,Cessna Citation Ultra,KDAL - Dallas Love Field,KDAL,DAL,Dallas Love Field,Dallas,US,KHOU - William P. Hobby Airport,KHOU,HOU,William P Hobby Airport,Houston,US,21 August 2026,2026-08-21,12:00,12:56,57m,"$2,795",2795,USD,$,7,https://villiers.ai/empty-legs/kdal-khou-cessna-citation-ultra-2026-08-21-3f1f50de?id=ADHUHR,https://villiers.ai/empty-legs/kdal-khou-cessna-citation-ultra-2026-08-21-3f1f50de?id=ADHUHR,https://villiers.ai/empty-legs/kdal-khou-cessna-citation-ultra-2026-08-21-3f1f50de?id=ADHUHR,"Sat, 08 Aug 2026 14:08:44 GMT",2026-08-22T00:17:02+00:00
https://villiers.ai/empty-legs/kdal-kmaf-cessna-citation-ultra-2026-08-21-9bf1c072?id=ADHUHR,inactive,inactive,2026-08-17T14:47:01+00:00,2026-08-21T23:47:01+00:00,2026-08-22T00:17:02+00:00,"Cessna Citation Ultra | Dallas Love Field → Midland International Air and Space Port | $4,193",,Cessna Citation Ultra,KDAL - Dallas Love Field,KDAL,DAL,Dallas Love Field,Dallas,US,KMAF - Midland International Air and Space Port,KMAF,MAF,Midland International Air And Space Port Airport,Midland,US,21 August 2026,2026-08-21,12:00,13:05,1h 5m,"$4,193",4193,USD,$,7,https://villiers.ai/empty-legs/kdal-kmaf-cessna-citation-ultra-2026-08-21-9bf1c072?id=ADHUHR,https://villiers.ai/empty-legs/kdal-kmaf-cessna-citation-ultra-2026-08-21-9bf1c072?id=ADHUHR,https://villiers.ai/empty-legs/kdal-kmaf-cessna-citation-ultra-2026-08-21-9bf1c072?id=ADHUHR,"Mon, 17 Aug 2026 14:28:55 GMT",2026-08-22T00:17:02+00:00
https://villiers.ai/empty-legs/kftw-kege-cessna-citation-ultra-2026-08-21-067ce78c?id=ADHUHR,inactive,inactive,2026-08-20T21:47:01+00:00,2026-08-21T23:47:01+00:00,2026-08-22T00:17:02+00:00,"Cessna Citation Ultra | Fort Worth Meacham International Airport → Eagle County Regional Airport | $7,633",,Cessna Citation Ultra,KFTW - Fort Worth Meacham International Airport,KFTW,FTW,Fort Worth Meacham International Airport,Fort Worth,US,KEGE - Eagle County Regional Airport,KEGE,EGE,Eagle County Regional Airport,Eagle,US,21 August 2026,2026-08-21,12:00,13:48,1h 49m,"$7,633",7633,USD,$,7,https://villiers.ai/empty-legs/kftw-kege-cessna-citation-ultra-2026-08-21-067ce78c?id=ADHUHR,https://villiers.ai/empty-legs/kftw-kege-cessna-citation-ultra-2026-08-21-067ce78c?id=ADHUHR,https://villiers.ai/empty-legs/kftw-kege-cessna-citation-ultra-2026-08-21-067ce78c?id=ADHUHR,"Thu, 20 Aug 2026 21:34:19 GMT",2026-08-22T00:17:02+00:00
https://villiers.ai/empty-legs/kftw-kmaf-cessna-citation-ultra-2026-08-21-13f0e59f?id=ADHUHR,inactive,inactive,2026-08-18T17:47:01+00:00,2026-08-21T23:47:01+00:00,2026-08-22T00:17:02+00:00,"Cessna Citation Ultra | Fort Worth Meacham International Airport → Midland International Air and Space Port | $3,870",,Cessna Citation Ultra,KFTW - Fort Worth Meacham International Airport,KFTW,FTW,Fort Worth Meacham International Airport,Fort Worth,US,KMAF - Midland International Air and Space Port,KMAF,MAF,Midland International Air And Space Port Airport,Midland,US,21 August 2026,2026-08-21,12:00,13:02,1h 2m,"$3,870",3870,USD,$,7,https://villiers.ai/empty-legs/kftw-kmaf-cessna-citation-ultra-2026-08-21-13f0e59f?id=ADHUHR,https://villiers.ai/empty-legs/kftw-kmaf-cessna-citation-ultra-2026-08-21-13f0e59f?id=ADHUHR,https://villiers.ai/empty-legs/kftw-kmaf-cessna-citation-ultra-2026-08-21-13f0e59f?id=ADHUHR,"Tue, 18 Aug 2026 17:30:03 GMT",2026-08-22T00:17:02+00:00
https://villiers.ai/empty-legs/kgpt-kdts-cessna-citation-excel-2026-08-21-81621d4a?id=ADHUHR,inactive,inactive,2026-08-21T18:47:01+00:00,2026-08-21T23:47:01+00:00,2026-08-22T00:17:02+00:00,"Cessna Citation Excel | Gulfport Biloxi International Airport → Destin Executive Airport | $2,903",,Cessna Citation Excel,KGPT - Gulfport Biloxi International Airport,KGPT,GPT,Gulfport-Biloxi International Airport,Gulfport,US,KDTS - Destin Executive Airport,KDTS,DSI,Destin Executive Airport,Destin,US,21 August 2026,2026-08-21,12:00,12:47,47m,"$2,903",2903,USD,$,9,https://villiers.ai/empty-legs/kgpt-kdts-cessna-citation-excel-2026-08-21-81621d4a?id=ADHUHR,https://villiers.ai/empty-legs/kgpt-kdts-cessna-citation-excel-2026-08-21-81621d4a?id=ADHUHR,https://villiers.ai/empty-legs/kgpt-kdts-cessna-citation-excel-2026-08-21-81621d4a?id=ADHUHR,"Fri, 21 Aug 2026 18:42:16 GMT",2026-08-22T00:17:02+00:00
https://villiers.ai/empty-legs/khou-kaus-2026-08-21?id=ADHUHR,inactive,inactive,2026-08-05T22:38:36+00:00,2026-08-21T23:47:01+00:00,2026-08-22T00:17:02+00:00,"Bombardier Challenger 300 | William P. Hobby Airport → Austin Bergstrom International Airport | $6,450",,Bombardier Challenger 300,KHOU - William P. Hobby Airport,KHOU,HOU,William P Hobby Airport,Houston,US,KAUS - Austin Bergstrom International Airport,KAUS,AUS,Austin-Bergstrom International Airport,Austin,US,21 August 2026,2026-08-21,12:00,12:46,46m,"$6,450",6450,USD,$,9,https://villiers.ai/empty-legs/khou-kaus-2026-08-21?id=ADHUHR,https://villiers.ai/empty-legs/khou-kaus-2026-08-21?id=ADHUHR,https://villiers.ai/empty-legs/khou-kaus-2026-08-21?id=ADHUHR,"Wed, 05 Aug 2026 15:25:58 GMT",2026-08-22T00:17:02+00:00
https://villiers.ai/empty-legs/kilg-kteb-cessna-citation-x-2026-08-21-783783aa?id=ADHUHR,inactive,inactive,2026-08-20T20:47:01+00:00,2026-08-21T23:47:01+00:00,2026-08-22T00:17:02+00:00,"Cessna Citation X | Wilmington Airport → Teterboro Airport | $8,600",,Cessna Citation X,KILG - Wilmington Airport,KILG,ILG,New Castle Airport,Wilmington,US,KTEB - Teterboro Airport,KTEB,TEB,Teterboro Airport,Teterboro,US,21 August 2026,2026-08-21,12:00,12:42,43m,"$8,600",8600,USD,$,12,https://villiers.ai/empty-legs/kilg-kteb-cessna-citation-x-2026-08-21-783783aa?id=ADHUHR,https://villiers.ai/empty-legs/kilg-kteb-cessna-citation-x-2026-08-21-783783aa?id=ADHUHR,https://villiers.ai/empty-legs/kilg-kteb-cessna-citation-x-2026-08-21-783783aa?id=ADHUHR,"Thu, 20 Aug 2026 20:32:04 GMT",2026-08-22T00:17:02+00:00
https://villiers.ai/empty-legs/kjac-kcod-cessna-citation-x-2026-08-21-ac2a958d?id=ADHUHR,inactive,inactive,2026-08-20T20:47:01+00:00,2026-08-21T23:47:01+00:00,2026-08-22T00:17:02+00:00,"Cessna Citation X | Jackson Hole Airport → Yellowstone Regional Airport | $8,600",,Cessna Citation X,KJAC - Jackson Hole Airport,KJAC,JAC,Jackson Hole Airport,Jackson,US,KCOD - Yellowstone Regional Airport,KCOD,COD,Yellowstone Regional Airport,Cody,US,21 August 2026,2026-08-21,12:00,12:41,42m,"$8,600",8600,USD,$,12,https://villiers.ai/empty-legs/kjac-kcod-cessna-citation-x-2026-08-21-ac2a958d?id=ADHUHR,https://villiers.ai/empty-legs/kjac-kcod-cessna-citation-x-2026-08-21-ac2a958d?id=ADHUHR,https://villiers.ai/empty-legs/kjac-kcod-cessna-citation-x-2026-08-21-ac2a958d?id=ADHUHR,"Thu, 20 Aug 2026 20:32:04 GMT",2026-08-22T00:17:02+00:00
https://villiers.ai/empty-legs/klax-cyvr-bombardier-challenger-300-2026-08-21-e3a2a360?id=ADHUHR,inactive,inactive,2026-08-20T20:47:01+00:00,2026-08-21T23:47:01+00:00,2026-08-22T00:17:02+00:00,"Bombardier Challenger 300 | Los Angeles International Airport → Vancouver International Airport | $12,900",,Bombardier Challenger 300,KLAX - Los Angeles International Airport,KLAX,LAX,Los Angeles International Airport,Los Angeles,US,CYVR - Vancouver International Airport,CYVR,YVR,Vancouver International Airport,Richmond,CA,21 August 2026,2026-08-21,12:00,14:30,2h 30m,"$12,900",12900,USD,$,10,https://villiers.ai/empty-legs/klax-cyvr-bombardier-challenger-300-2026-08-21-e3a2a360?id=ADHUHR,https://villiers.ai/empty-legs/klax-cyvr-bombardier-challenger-300-2026-08-21-e3a2a360?id=ADHUHR,https://villiers.ai/empty-legs/klax-cyvr-bombardier-challenger-300-2026-08-21-e3a2a360?id=ADHUHR,"Thu, 20 Aug 2026 20:32:01 GMT",2026-08-22T00:17:02+00:00
https://villiers.ai/empty-legs/kshv-kgpt-cessna-citation-excel-2026-08-21-ad9f1088?id=ADHUHR,inactive,inactive,2026-08-21T18:47:01+00:00,2026-08-21T23:47:01+00:00,2026-08-22T00:17:02+00:00,"Cessna Citation Excel | Shreveport Regional Airport → Gulfport Biloxi International Airport | $4,408",,Cessna Citation Excel,KSHV - Shreveport Regional Airport,KSHV,SHV,Shreveport Regional Airport,Shreveport,US,KGPT - Gulfport Biloxi International Airport,KGPT,GPT,Gulfport-Biloxi International Airport,Gulfport,US,21 August 2026,2026-08-21,12:00,13:04,1h 5m,"$4,408",4408,USD,$,9,https://villiers.ai/empty-legs/kshv-kgpt-cessna-citation-excel-2026-08-21-ad9f1088?id=ADHUHR,https://villiers.ai/empty-legs/kshv-kgpt-cessna-citation-excel-2026-08-21-ad9f1088?id=ADHUHR,https://villiers.ai/empty-legs/kshv-kgpt-cessna-citation-excel-2026-08-21-ad9f1088?id=ADHUHR,"Fri, 21 Aug 2026 18:42:16 GMT",2026-08-22T00:17:02+00:00
https://villiers.ai/empty-legs/ksjc-kbfi-bombardier-challenger-300-2026-08-21-37be4fad?id=ADHUHR,inactive,inactive,2026-08-20T20:47:01+00:00,2026-08-21T23:47:01+00:00,2026-08-22T00:17:02+00:00,"Bombardier Challenger 300 | San Jose International Airport → Boeing Field King County International Airport | $10,750",,Bombardier Challenger 300,KSJC - San Jose International Airport,KSJC,SJC,Norman Y Mineta San Jose International Airport,San Jose,US,KBFI - Boeing Field King County International Airport,KBFI,BFI,Boeing Field/King County International Airport,Seattle,US,21 August 2026,2026-08-21,12:00,13:47,1h 48m,"$10,750",10750,USD,$,10,https://villiers.ai/empty-legs/ksjc-kbfi-bombardier-challenger-300-2026-08-21-37be4fad?id=ADHUHR,https://villiers.ai/empty-legs/ksjc-kbfi-bombardier-challenger-300-2026-08-21-37be4fad?id=ADHUHR,https://villiers.ai/empty-legs/ksjc-kbfi-bombardier-challenger-300-2026-08-21-37be4fad?id=ADHUHR,"Thu, 20 Aug 2026 20:32:02 GMT",2026-08-22T00:17:02+00:00
https://villiers.ai/empty-legs/kteb-kelm-bombardier-challenger-300-2026-08-21-736d4b84?id=ADHUHR,inactive,inactive,2026-08-20T20:47:01+00:00,2026-08-21T23:47:01+00:00,2026-08-22T00:17:02+00:00,"Bombardier Challenger 300 | Teterboro Airport → Elmira Corning Regional Airport | $8,600",,Bombardier Challenger 300,KTEB - Teterboro Airport,KTEB,TEB,Teterboro Airport,Teterboro,US,KELM - Elmira Corning Regional Airport,KELM,ELM,Elmira/Corning Regional Airport,Elmira/Corning,US,21 August 2026,2026-08-21,12:00,12:49,49m,"$8,600",8600,USD,$,10,https://villiers.ai/empty-legs/kteb-kelm-bombardier-challenger-300-2026-08-21-736d4b84?id=ADHUHR,https://villiers.ai/empty-legs/kteb-kelm-bombardier-challenger-300-2026-08-21-736d4b84?id=ADHUHR,https://villiers.ai/empty-legs/kteb-kelm-bombardier-challenger-300-2026-08-21-736d4b84?id=ADHUHR,"Thu, 20 Aug 2026 20:32:01 GMT",2026-08-22T00:17:02+00:00
https://villiers.ai/empty-legs/lemg-lkpr-cessna-citation-560xls-2026-08-21-637d47ac?id=ADHUHR,inactive,inactive,2026-08-20T20:17:02+00:00,2026-08-21T23:47:01+00:00,2026-08-22T00:17:02+00:00,"Cessna Citation 560XLS+ | Málaga-Costa del Sol Airport → Václav Havel Airport Prague | €6,450",,Cessna Citation 560XLS+,LEMG - Málaga-Costa del Sol Airport,LEMG,AGP,Malaga Airport,Malaga,ES,LKPR - Václav Havel Airport Prague,LKPR,PRG,Václav Havel Airport,Prague,CZ,21 August 2026,2026-08-21,12:00,14:55,2h 56m,"€6,450",6450,EUR,€,7,https://villiers.ai/empty-legs/lemg-lkpr-cessna-citation-560xls-2026-08-21-637d47ac?id=ADHUHR,https://villiers.ai/empty-legs/lemg-lkpr-cessna-citation-560xls-2026-08-21-637d47ac?id=ADHUHR,https://villiers.ai/empty-legs/lemg-lkpr-cessna-citation-560xls-2026-08-21-637d47ac?id=ADHUHR,"Thu, 20 Aug 2026 20:01:18 GMT",2026-08-22T00:17:02+00:00
https://villiers.ai/empty-legs/mynn-kopf-bombardier-challenger-300-2026-08-21-3f38faac?id=ADHUHR,inactive,inactive,2026-08-20T20:47:01+00:00,2026-08-21T23:47:01+00:00,2026-08-22T00:17:02+00:00,"Bombardier Challenger 300 | Lynden Pindling International Airport → Miami-Opa Locka Executive Airport | $9,675",,Bombardier Challenger 300,MYNN - Lynden Pindling International Airport,MYNN,NAS,Lynden Pindling International Airport,Nassau,BS,KOPF - Miami-Opa Locka Executive Airport,KOPF,OPF,Miami-Opa Locka Executive Airport,Miami,US,21 August 2026,2026-08-21,12:00,12:50,51m,"$9,675",9675,USD,$,10,https://villiers.ai/empty-legs/mynn-kopf-bombardier-challenger-300-2026-08-21-3f38faac?id=ADHUHR,https://villiers.ai/empty-legs/mynn-kopf-bombardier-challenger-300-2026-08-21-3f38faac?id=ADHUHR,https://villiers.ai/empty-legs/mynn-kopf-bombardier-challenger-300-2026-08-21-3f38faac?id=ADHUHR,"Thu, 20 Aug 2026 20:32:01 GMT",2026-08-22T00:17:02+00:00
https://villiers.ai/empty-legs/lkpr-lgmk-cessna-citation-sovereign-2026-08-22-af0ca64a?id=ADHUHR,inactive,inactive,2026-08-19T12:47:02+00:00,2026-08-22T23:47:02+00:00,2026-08-23T00:17:02+00:00,"Cessna Citation Sovereign | Václav Havel Airport Prague → Mykonos Island National Airport | €8,600",,Cessna Citation Sovereign,LKPR - Václav Havel Airport Prague,LKPR,PRG,Václav Havel Airport,Prague,CZ,LGMK - Mykonos Island National Airport,LGMK,JMK,Mikonos Airport,Mykonos Island,GR,22 August 2026,2026-08-22,09:10,11:34,2h 25m,"€8,600",8600,EUR,€,12,https://villiers.ai/empty-legs/lkpr-lgmk-cessna-citation-sovereign-2026-08-22-af0ca64a?id=ADHUHR,https://villiers.ai/empty-legs/lkpr-lgmk-cessna-citation-sovereign-2026-08-22-af0ca64a?id=ADHUHR,https://villiers.ai/empty-legs/lkpr-lgmk-cessna-citation-sovereign-2026-08-22-af0ca64a?id=ADHUHR,"Wed, 19 Aug 2026 12:19:42 GMT",2026-08-23T00:17:02+00:00
https://villiers.ai/empty-legs/kapc-kvny-cessna-citation-x-2026-08-22-27ad9366?id=ADHUHR,inactive,inactive,2026-08-20T20:47:01+00:00,2026-08-22T23:47:02+00:00,2026-08-23T00:17:02+00:00,"Cessna Citation X | Napa County Airport → Van Nuys Airport | $8,600",,Cessna Citation X,KAPC - Napa County Airport,KAPC,APC,Napa County Airport,Napa,US,KVNY - Van Nuys Airport,KVNY,VNY,Van Nuys Airport,Van Nuys,US,22 August 2026,2026-08-22,12:00,13:08,1h 9m,"$8,600",8600,USD,$,12,https://villiers.ai/empty-legs/kapc-kvny-cessna-citation-x-2026-08-22-27ad9366?id=ADHUHR,https://villiers.ai/empty-legs/kapc-kvny-cessna-citation-x-2026-08-22-27ad9366?id=ADHUHR,https://villiers.ai/empty-legs/kapc-kvny-cessna-citation-x-2026-08-22-27ad9366?id=ADHUHR,"Thu, 20 Aug 2026 20:32:06 GMT",2026-08-23T00:17:02+00:00
https://villiers.ai/empty-legs/kaus-khou-aircraft-2026-08-22-047bb634?id=ADHUHR,inactive,inactive,2026-08-14T14:17:02+00:00,2026-08-22T23:47:02+00:00,2026-08-23T00:17:02+00:00,"Private Jet | Austin Bergstrom International Airport → William P. Hobby Airport | $2,150",,Private Jet,KAUS - Austin Bergstrom International Airport,KAUS,AUS,Austin-Bergstrom International Airport,Austin,US,KHOU - William P. Hobby Airport,KHOU,HOU,William P Hobby Airport,Houston,US,22 August 2026,2026-08-22,12:00,12:46,46m,"$2,150",2150,USD,$,7,https://villiers.ai/empty-legs/kaus-khou-aircraft-2026-08-22-047bb634?id=ADHUHR,https://villiers.ai/empty-legs/kaus-khou-aircraft-2026-08-22-047bb634?id=ADHUHR,https://villiers.ai/empty-legs/kaus-khou-aircraft-2026-08-22-047bb634?id=ADHUHR,"Fri, 14 Aug 2026 14:01:13 GMT",2026-08-23T00:17:02+00:00
https://villiers.ai/empty-legs/kaus-kteb-cessna-citation-x-2026-08-22-696722c8?id=ADHUHR,inactive,inactive,2026-08-20T20:47:01+00:00,2026-08-22T23:47:02+00:00,2026-08-23T00:17:02+00:00,"Cessna Citation X | Austin Bergstrom International Airport → Teterboro Airport | $15,050",,Cessna Citation X,KAUS - Austin Bergstrom International Airport,KAUS,AUS,Austin-Bergstrom International Airport,Austin,US,KTEB - Teterboro Airport,KTEB,TEB,Teterboro Airport,Teterboro,US,22 August 2026,2026-08-22,12:00,15:17,3h 18m,"$15,050",15050,USD,$,12,https://villiers.ai/empty-legs/kaus-kteb-cessna-citation-x-2026-08-22-696722c8?id=ADHUHR,https://villiers.ai/empty-legs/kaus-kteb-cessna-citation-x-2026-08-22-696722c8?id=ADHUHR,https://villiers.ai/empty-legs/kaus-kteb-cessna-citation-x-2026-08-22-696722c8?id=ADHUHR,"Thu, 20 Aug 2026 20:32:06 GMT",2026-08-23T00:17:02+00:00
https://villiers.ai/empty-legs/kcrq-kslc-beechjet-400a-2026-08-22-fd4acbef?id=ADHUHR,inactive,inactive,2026-08-18T22:17:01+00:00,2026-08-22T23:47:02+00:00,2026-08-23T00:17:02+00:00,"Beechjet 400A | McClellan-Palomar Airport → Salt Lake City International Airport | $9,675",,Beechjet 400A,KCRQ - McClellan-Palomar Airport,KCRQ,CLD,Mc Clellan-Palomar Airport,Carlsbad,US,KSLC - Salt Lake City International Airport,KSLC,SLC,Salt Lake City International Airport,Salt Lake City,US,22 August 2026,2026-08-22,12:00,13:37,1h 37m,"$9,675",9675,USD,$,8,https://villiers.ai/empty-legs/kcrq-kslc-beechjet-400a-2026-08-22-fd4acbef?id=ADHUHR,https://villiers.ai/empty-legs/kcrq-kslc-beechjet-400a-2026-08-22-fd4acbef?id=ADHUHR,https://villiers.ai/empty-legs/kcrq-kslc-beechjet-400a-2026-08-22-fd4acbef?id=ADHUHR,"Tue, 18 Aug 2026 21:56:47 GMT",2026-08-23T00:17:02+00:00
https://villiers.ai/empty-legs/kcxo-kdal-cessna-citation-x-2026-08-22-77f6e8a2?id=ADHUHR,inactive,inactive,2026-08-20T20:47:01+00:00,2026-08-22T23:47:02+00:00,2026-08-23T00:17:02+00:00,"Cessna Citation X | Conroe-North Houston Regional Airport → Dallas Love Field | $8,600",,Cessna Citation X,KCXO - Conroe-North Houston Regional Airport,KCXO,CXO,Conroe/North Houston Regional Airport,Houston,US,KDAL - Dallas Love Field,KDAL,DAL,Dallas Love Field,Dallas,US,22 August 2026,2026-08-22,12:00,12:51,51m,"$8,600",8600,USD,$,12,https://villiers.ai/empty-legs/kcxo-kdal-cessna-citation-x-2026-08-22-77f6e8a2?id=ADHUHR,https://villiers.ai/empty-legs/kcxo-kdal-cessna-citation-x-2026-08-22-77f6e8a2?id=ADHUHR,https://villiers.ai/empty-legs/kcxo-kdal-cessna-citation-x-2026-08-22-77f6e8a2?id=ADHUHR,"Thu, 20 Aug 2026 20:32:07 GMT",2026-08-23T00:17:02+00:00
https://villiers.ai/empty-legs/kdab-kopf-bombardier-challenger-300-2026-08-22-a2d66eaf?id=ADHUHR,inactive,inactive,2026-08-20T20:47:01+00:00,2026-08-22T23:47:02+00:00,2026-08-23T00:17:02+00:00,"Bombardier Challenger 300 | Daytona Beach International Airport → Miami-Opa Locka Executive Airport | $8,600",,Bombardier Challenger 300,KDAB - Daytona Beach International Airport,KDAB,DAB,Daytona Beach International Airport,Daytona Beach,US,KOPF - Miami-Opa Locka Executive Airport,KOPF,OPF,Miami-Opa Locka Executive Airport,Miami,US,22 August 2026,2026-08-22,12:00,12:55,56m,"$8,600",8600,USD,$,10,https://villiers.ai/empty-legs/kdab-kopf-bombardier-challenger-300-2026-08-22-a2d66eaf?id=ADHUHR,https://villiers.ai/empty-legs/kdab-kopf-bombardier-challenger-300-2026-08-22-a2d66eaf?id=ADHUHR,https://villiers.ai/empty-legs/kdab-kopf-bombardier-challenger-300-2026-08-22-a2d66eaf?id=ADHUHR,"Thu, 20 Aug 2026 20:32:02 GMT",2026-08-23T00:17:02+00:00
https://villiers.ai/empty-legs/kdal-kbct-cessna-citation-x-2026-08-22-e6a6e1d8?id=ADHUHR,inactive,inactive,2026-08-20T20:47:01+00:00,2026-08-22T23:47:02+00:00,2026-08-23T00:17:02+00:00,"Cessna Citation X | Dallas Love Field → Boca Raton Airport | $15,050",,Cessna Citation X,KDAL - Dallas Love Field,KDAL,DAL,Dallas Love Field,Dallas,US,KBCT - Boca Raton Airport,KBCT,BCT,Boca Raton Airport,Boca Raton,US,22 August 2026,2026-08-22,12:00,14:31,2h 32m,"$15,050",15050,USD,$,12,https://villiers.ai/empty-legs/kdal-kbct-cessna-citation-x-2026-08-22-e6a6e1d8?id=ADHUHR,https://villiers.ai/empty-legs/kdal-kbct-cessna-citation-x-2026-08-22-e6a6e1d8?id=ADHUHR,https://villiers.ai/empty-legs/kdal-kbct-cessna-citation-x-2026-08-22-e6a6e1d8?id=ADHUHR,"Thu, 20 Aug 2026 20:32:07 GMT",2026-08-23T00:17:02+00:00
https://villiers.ai/empty-legs/kfok-ksan-cessna-citation-x-2026-08-22-2485c198?id=ADHUHR,inactive,inactive,2026-08-20T20:47:01+00:00,2026-08-22T23:47:02+00:00,2026-08-23T00:17:02+00:00,"Cessna Citation X | Francis S Gabreski Airport → San Diego International Airport | $25,800",,Cessna Citation X,KFOK - Francis S Gabreski Airport,KFOK,FOK,Francis S Gabreski Airport,Westhampton Beach,US,KSAN - San Diego International Airport,KSAN,SAN,San Diego International Airport,San Diego,US,22 August 2026,2026-08-22,12:00,17:07,5h 7m,"$25,800",25800,USD,$,12,https://villiers.ai/empty-legs/kfok-ksan-cessna-citation-x-2026-08-22-2485c198?id=ADHUHR,https://villiers.ai/empty-legs/kfok-ksan-cessna-citation-x-2026-08-22-2485c198?id=ADHUHR,https://villiers.ai/empty-legs/kfok-ksan-cessna-citation-x-2026-08-22-2485c198?id=ADHUHR,"Thu, 20 Aug 2026 20:32:07 GMT",2026-08-23T00:17:02+00:00
https://villiers.ai/empty-legs/kfok-kteb-bombardier-challenger-300-2026-08-22-7dd17009?id=ADHUHR,inactive,inactive,2026-08-20T20:47:01+00:00,2026-08-22T23:47:02+00:00,2026-08-23T00:17:02+00:00,"Bombardier Challenger 300 | Francis S Gabreski Airport → Teterboro Airport | $8,600",,Bombardier Challenger 300,KFOK - Francis S Gabreski Airport,KFOK,FOK,Francis S Gabreski Airport,Westhampton Beach,US,KTEB - Teterboro Airport,KTEB,TEB,Teterboro Airport,Teterboro,US,22 August 2026,2026-08-22,12:00,12:38,38m,"$8,600",8600,USD,$,10,https://villiers.ai/empty-legs/kfok-kteb-bombardier-challenger-300-2026-08-22-7dd17009?id=ADHUHR,https://villiers.ai/empty-legs/kfok-kteb-bombardier-challenger-300-2026-08-22-7dd17009?id=ADHUHR,https://villiers.ai/empty-legs/kfok-kteb-bombardier-challenger-300-2026-08-22-7dd17009?id=ADHUHR,"Thu, 20 Aug 2026 20:32:02 GMT",2026-08-23T00:17:02+00:00
https://villiers.ai/empty-legs/kftw-ksaf-cessna-citation-x-2026-08-22-af83d719?id=ADHUHR,inactive,inactive,2026-08-20T20:47:01+00:00,2026-08-22T23:47:02+00:00,2026-08-23T00:17:02+00:00,"Cessna Citation X | Fort Worth Meacham International Airport → Santa Fe Municipal Airport | $8,600",,Cessna Citation X,KFTW - Fort Worth Meacham International Airport,KFTW,FTW,Fort Worth Meacham International Airport,Fort Worth,US,KSAF - Santa Fe Municipal Airport,KSAF,SAF,Santa Fe Regional Airport,Santa Fe,US,22 August 2026,2026-08-22,12:00,13:29,1h 29m,"$8,600",8600,USD,$,12,https://villiers.ai/empty-legs/kftw-ksaf-cessna-citation-x-2026-08-22-af83d719?id=ADHUHR,https://villiers.ai/empty-legs/kftw-ksaf-cessna-citation-x-2026-08-22-af83d719?id=ADHUHR,https://villiers.ai/empty-legs/kftw-ksaf-cessna-citation-x-2026-08-22-af83d719?id=ADHUHR,"Thu, 20 Aug 2026 20:32:07 GMT",2026-08-23T00:17:02+00:00
https://villiers.ai/empty-legs/khou-kaus-cessna-citation-ultra-2026-08-22-dd3a2cde?id=ADHUHR,inactive,inactive,2026-08-19T23:17:01+00:00,2026-08-22T23:47:02+00:00,2026-08-23T00:17:02+00:00,"Cessna Citation Ultra | William P. Hobby Airport → Austin Bergstrom International Airport | $2,473",,Cessna Citation Ultra,KHOU - William P. Hobby Airport,KHOU,HOU,William P Hobby Airport,Houston,US,KAUS - Austin Bergstrom International Airport,KAUS,AUS,Austin-Bergstrom International Airport,Austin,US,22 August 2026,2026-08-22,12:00,12:46,46m,"$2,473",2473,USD,$,7,https://villiers.ai/empty-legs/khou-kaus-cessna-citation-ultra-2026-08-22-dd3a2cde?id=ADHUHR,https://villiers.ai/empty-legs/khou-kaus-cessna-citation-ultra-2026-08-22-dd3a2cde?id=ADHUHR,https://villiers.ai/empty-legs/khou-kaus-cessna-citation-ultra-2026-08-22-dd3a2cde?id=ADHUHR,"Wed, 19 Aug 2026 22:51:09 GMT",2026-08-23T00:17:02+00:00
https://villiers.ai/empty-legs/khou-kftw-cessna-citation-v-2026-08-22-ebfdf499?id=ADHUHR,inactive,inactive,2026-08-20T21:47:01+00:00,2026-08-22T23:47:02+00:00,2026-08-23T00:17:02+00:00,"Cessna Citation V | William P. Hobby Airport → Fort Worth Meacham International Airport | $3,440",,Cessna Citation V,KHOU - William P. Hobby Airport,KHOU,HOU,William P Hobby Airport,Houston,US,KFTW - Fort Worth Meacham International Airport,KFTW,FTW,Fort Worth Meacham International Airport,Fort Worth,US,22 August 2026,2026-08-22,12:00,12:57,58m,"$3,440",3440,USD,$,7,https://villiers.ai/empty-legs/khou-kftw-cessna-citation-v-2026-08-22-ebfdf499?id=ADHUHR,https://villiers.ai/empty-legs/khou-kftw-cessna-citation-v-2026-08-22-ebfdf499?id=ADHUHR,https://villiers.ai/empty-legs/khou-kftw-cessna-citation-v-2026-08-22-ebfdf499?id=ADHUHR,"Thu, 20 Aug 2026 21:34:19 GMT",2026-08-23T00:17:02+00:00
https://villiers.ai/empty-legs/kilg-kfok-cessna-citation-x-2026-08-22-aba11469?id=ADHUHR,inactive,inactive,2026-08-20T20:47:01+00:00,2026-08-22T23:47:02+00:00,2026-08-23T00:17:02+00:00,"Cessna Citation X | Wilmington Airport → Francis S Gabreski Airport | $8,600",,Cessna Citation X,KILG - Wilmington Airport,KILG,ILG,New Castle Airport,Wilmington,US,KFOK - Francis S Gabreski Airport,KFOK,FOK,Francis S Gabreski Airport,Westhampton Beach,US,22 August 2026,2026-08-22,12:00,12:49,50m,"$8,600",8600,USD,$,12,https://villiers.ai/empty-legs/kilg-kfok-cessna-citation-x-2026-08-22-aba11469?id=ADHUHR,https://villiers.ai/empty-legs/kilg-kfok-cessna-citation-x-2026-08-22-aba11469?id=ADHUHR,https://villiers.ai/empty-legs/kilg-kfok-cessna-citation-x-2026-08-22-aba11469?id=ADHUHR,"Thu, 20 Aug 2026 20:32:07 GMT",2026-08-23T00:17:02+00:00
https://villiers.ai/empty-legs/klas-kbur-cessna-citation-x-2026-08-22-c13d2ee3?id=ADHUHR,inactive,inactive,2026-08-20T20:47:01+00:00,2026-08-22T23:47:02+00:00,2026-08-23T00:17:02+00:00,"Cessna Citation X | Harry Reid International Airport → Hollywood Burbank Airport | $8,600",,Cessna Citation X,KLAS - Harry Reid International Airport,KLAS,LAS,Harry Reid International Airport,Las Vegas,US,KBUR - Hollywood Burbank Airport,KBUR,BUR,Bob Hope Airport,Burbank,US,22 August 2026,2026-08-22,12:00,12:54,55m,"$8,600",8600,USD,$,12,https://villiers.ai/empty-legs/klas-kbur-cessna-citation-x-2026-08-22-c13d2ee3?id=ADHUHR,https://villiers.ai/empty-legs/klas-kbur-cessna-citation-x-2026-08-22-c13d2ee3?id=ADHUHR,https://villiers.ai/empty-legs/klas-kbur-cessna-citation-x-2026-08-22-c13d2ee3?id=ADHUHR,"Thu, 20 Aug 2026 20:32:08 GMT",2026-08-23T00:17:02+00:00
https://villiers.ai/empty-legs/kopf-kmjx-bombardier-challenger-300-2026-08-22-f5fa6719?id=ADHUHR,inactive,inactive,2026-08-20T20:47:01+00:00,2026-08-22T23:47:02+00:00,2026-08-23T00:17:02+00:00,"Bombardier Challenger 300 | Miami-Opa Locka Executive Airport → Ocean County Airport | $15,050",,Bombardier Challenger 300,KOPF - Miami-Opa Locka Executive Airport,KOPF,OPF,Miami-Opa Locka Executive Airport,Miami,US,KMJX - Ocean County Airport,KMJX,MJX,Ocean County Airport,Toms River,US,22 August 2026,2026-08-22,12:00,14:24,2h 24m,"$15,050",15050,USD,$,10,https://villiers.ai/empty-legs/kopf-kmjx-bombardier-challenger-300-2026-08-22-f5fa6719?id=ADHUHR,https://villiers.ai/empty-legs/kopf-kmjx-bombardier-challenger-300-2026-08-22-f5fa6719?id=ADHUHR,https://villiers.ai/empty-legs/kopf-kmjx-bombardier-challenger-300-2026-08-22-f5fa6719?id=ADHUHR,"Thu, 20 Aug 2026 20:32:02 GMT",2026-08-23T00:17:02+00:00
https://villiers.ai/empty-legs/ksjc-sf_all-cessna-citation-x-2026-08-22-90f75897?id=ADHUHR,inactive,inactive,2026-08-20T20:47:01+00:00,2026-08-22T23:47:02+00:00,2026-08-23T00:17:02+00:00,"Cessna Citation X | San Jose International Airport → All San Francisco, United States Airports | $8,600",,Cessna Citation X,KSJC - San Jose International Airport,KSJC,SJC,Norman Y Mineta San Jose International Airport,San Jose,US,"SF_ALL - All San Francisco, United States Airports",,,"All San Francisco, United States Airports",,,22 August 2026,2026-08-22,12:00,12:34,34m,"$8,600",8600,USD,$,12,https://villiers.ai/empty-legs/ksjc-sf_all-cessna-citation-x-2026-08-22-90f75897?id=ADHUHR,https://villiers.ai/empty-legs/ksjc-sf_all-cessna-citation-x-2026-08-22-90f75897?id=ADHUHR,https://villiers.ai/empty-legs/ksjc-sf_all-cessna-citation-x-2026-08-22-90f75897?id=ADHUHR,"Thu, 20 Aug 2026 20:32:08 GMT",2026-08-23T00:17:02+00:00
https://villiers.ai/empty-legs/ksrq-kopf-bombardier-challenger-300-2026-08-22-57af95a8?id=ADHUHR,inactive,inactive,2026-08-20T20:47:01+00:00,2026-08-22T23:47:02+00:00,2026-08-23T00:17:02+00:00,"Bombardier Challenger 300 | Sarasota Bradenton International Airport → Miami-Opa Locka Executive Airport | $8,600",,Bombardier Challenger 300,KSRQ - Sarasota Bradenton International Airport,KSRQ,SRQ,Sarasota/Bradenton International Airport,Sarasota/Bradenton,US,KOPF - Miami-Opa Locka Executive Airport,KOPF,OPF,Miami-Opa Locka Executive Airport,Miami,US,22 August 2026,2026-08-22,12:00,12:49,49m,"$8,600",8600,USD,$,10,https://villiers.ai/empty-legs/ksrq-kopf-bombardier-challenger-300-2026-08-22-57af95a8?id=ADHUHR,https://villiers.ai/empty-legs/ksrq-kopf-bombardier-challenger-300-2026-08-22-57af95a8?id=ADHUHR,https://villiers.ai/empty-legs/ksrq-kopf-bombardier-challenger-300-2026-08-22-57af95a8?id=ADHUHR,"Thu, 20 Aug 2026 20:32:02 GMT",2026-08-23T00:17:02+00:00
https://villiers.ai/empty-legs/kteb-ksba-cessna-citation-x-2026-08-22-c42eeb79?id=ADHUHR,inactive,inactive,2026-08-20T20:47:01+00:00,2026-08-22T23:47:02+00:00,2026-08-23T00:17:02+00:00,"Cessna Citation X | Teterboro Airport → Santa Barbara Municipal Airport | $25,800",,Cessna Citation X,KTEB - Teterboro Airport,KTEB,TEB,Teterboro Airport,Teterboro,US,KSBA - Santa Barbara Municipal Airport,KSBA,SBA,Santa Barbara Municipal Airport,Santa Barbara,US,22 August 2026,2026-08-22,12:00,17:08,5h 9m,"$25,800",25800,USD,$,12,https://villiers.ai/empty-legs/kteb-ksba-cessna-citation-x-2026-08-22-c42eeb79?id=ADHUHR,https://villiers.ai/empty-legs/kteb-ksba-cessna-citation-x-2026-08-22-c42eeb79?id=ADHUHR,https://villiers.ai/empty-legs/kteb-ksba-cessna-citation-x-2026-08-22-c42eeb79?id=ADHUHR,"Thu, 20 Aug 2026 20:32:05 GMT",2026-08-23T00:17:02+00:00
https://villiers.ai/empty-legs/kteb-kvny-cessna-citation-x-2026-08-22-438151f6?id=ADHUHR,inactive,inactive,2026-08-20T20:47:01+00:00,2026-08-22T23:47:02+00:00,2026-08-23T00:17:02+00:00,"Cessna Citation X | Teterboro Airport → Van Nuys Airport | $27,950",,Cessna Citation X,KTEB - Teterboro Airport,KTEB,TEB,Teterboro Airport,Teterboro,US,KVNY - Van Nuys Airport,KVNY,VNY,Van Nuys Airport,Van Nuys,US,22 August 2026,2026-08-22,12:00,17:01,5h 2m,"$27,950",27950,USD,$,12,https://villiers.ai/empty-legs/kteb-kvny-cessna-citation-x-2026-08-22-438151f6?id=ADHUHR,https://villiers.ai/empty-legs/kteb-kvny-cessna-citation-x-2026-08-22-438151f6?id=ADHUHR,https://villiers.ai/empty-legs/kteb-kvny-cessna-citation-x-2026-08-22-438151f6?id=ADHUHR,"Thu, 20 Aug 2026 20:32:05 GMT",2026-08-23T00:17:02+00:00
https://villiers.ai/empty-legs/tjsj-mbpv-bombardier-challenger-300-2026-08-22-a16c18ca?id=ADHUHR,inactive,inactive,2026-08-20T20:47:01+00:00,2026-08-22T23:47:02+00:00,2026-08-23T00:17:02+00:00,"Bombardier Challenger 300 | Luis Munoz Marin International Airport → Providenciales International Airport | $12,900",,Bombardier Challenger 300,TJSJ - Luis Munoz Marin International Airport,TJSJ,SJU,Luis Munoz Marin International Airport,San Juan,US,MBPV - Providenciales International Airport,MBPV,PLS,Providenciales Airport,Providenciales Island,TC,22 August 2026,2026-08-22,12:00,13:21,1h 22m,"$12,900",12900,USD,$,10,https://villiers.ai/empty-legs/tjsj-mbpv-bombardier-challenger-300-2026-08-22-a16c18ca?id=ADHUHR,https://villiers.ai/empty-legs/tjsj-mbpv-bombardier-challenger-300-2026-08-22-a16c18ca?id=ADHUHR,https://villiers.ai/empty-legs/tjsj-mbpv-bombardier-challenger-300-2026-08-22-a16c18ca?id=ADHUHR,"Thu, 20 Aug 2026 20:32:02 GMT",2026-08-23T00:17:02+00:00
https://villiers.ai/empty-legs/kapc-kmhr-citation-x-2026-08-23-445015f7?id=ADHUHR,inactive,inactive,2026-08-23T18:47:02+00:00,2026-08-23T23:47:01+00:00,2026-08-24T00:17:02+00:00,"Citation X | Napa County Airport → Sacramento Mather Airport | $8,600",,Citation X,KAPC - Napa County Airport,KAPC,APC,Napa County Airport,Napa,US,KMHR - Sacramento Mather Airport,KMHR,MHR,Sacramento Mather Airport,Sacramento,US,23 August 2026,2026-08-23,12:00,12:36,36m,"$8,600",8600,USD,$,12,https://villiers.ai/empty-legs/kapc-kmhr-citation-x-2026-08-23-445015f7?id=ADHUHR,https://villiers.ai/empty-legs/kapc-kmhr-citation-x-2026-08-23-445015f7?id=ADHUHR,https://villiers.ai/empty-legs/kapc-kmhr-citation-x-2026-08-23-445015f7?id=ADHUHR,"Sun, 23 Aug 2026 18:22:00 GMT",2026-08-24T00:17:02+00:00
https://villiers.ai/empty-legs/kaus-kads-challenger-300-2026-08-23-76a5ff69?id=ADHUHR,inactive,inactive,2026-08-23T18:47:02+00:00,2026-08-23T23:47:01+00:00,2026-08-24T00:17:02+00:00,"Challenger 300 | Austin Bergstrom International Airport → Addison Airport | $8,600",,Challenger 300,KAUS - Austin Bergstrom International Airport,KAUS,AUS,Austin-Bergstrom International Airport,Austin,US,KADS - Addison Airport,KADS,ADS,Addison Airport,Dallas,US,23 August 2026,2026-08-23,12:00,12:51,52m,"$8,600",8600,USD,$,10,https://villiers.ai/empty-legs/kaus-kads-challenger-300-2026-08-23-76a5ff69?id=ADHUHR,https://villiers.ai/empty-legs/kaus-kads-challenger-300-2026-08-23-76a5ff69?id=ADHUHR,https://villiers.ai/empty-legs/kaus-kads-challenger-300-2026-08-23-76a5ff69?id=ADHUHR,"Sun, 23 Aug 2026 18:21:58 GMT",2026-08-24T00:17:02+00:00
https://villiers.ai/empty-legs/kaus-khou-cessna-citation-ultra-2026-08-23-0c327913?id=ADHUHR,inactive,inactive,2026-08-19T23:17:01+00:00,2026-08-23T23:47:01+00:00,2026-08-24T00:17:02+00:00,"Cessna Citation Ultra | Austin Bergstrom International Airport → William P. Hobby Airport | $2,150",,Cessna Citation Ultra,KAUS - Austin Bergstrom International Airport,KAUS,AUS,Austin-Bergstrom International Airport,Austin,US,KHOU - William P. Hobby Airport,KHOU,HOU,William P Hobby Airport,Houston,US,23 August 2026,2026-08-23,12:00,12:46,46m,"$2,150",2150,USD,$,7,https://villiers.ai/empty-legs/kaus-khou-cessna-citation-ultra-2026-08-23-0c327913?id=ADHUHR,https://villiers.ai/empty-legs/kaus-khou-cessna-citation-ultra-2026-08-23-0c327913?id=ADHUHR,https://villiers.ai/empty-legs/kaus-khou-cessna-citation-ultra-2026-08-23-0c327913?id=ADHUHR,"Wed, 19 Aug 2026 22:51:09 GMT",2026-08-24T00:17:02+00:00
https://villiers.ai/empty-legs/kaus-ksaf-citation-x-2026-08-23-0b3c5de4?id=ADHUHR,inactive,inactive,2026-08-23T18:47:02+00:00,2026-08-23T23:47:01+00:00,2026-08-24T00:17:02+00:00,"Citation X | Austin Bergstrom International Airport → Santa Fe Municipal Airport | $8,600",,Citation X,KAUS - Austin Bergstrom International Airport,KAUS,AUS,Austin-Bergstrom International Airport,Austin,US,KSAF - Santa Fe Municipal Airport,KSAF,SAF,Santa Fe Regional Airport,Santa Fe,US,23 August 2026,2026-08-23,12:00,13:38,1h 38m,"$8,600",8600,USD,$,12,https://villiers.ai/empty-legs/kaus-ksaf-citation-x-2026-08-23-0b3c5de4?id=ADHUHR,https://villiers.ai/empty-legs/kaus-ksaf-citation-x-2026-08-23-0b3c5de4?id=ADHUHR,https://villiers.ai/empty-legs/kaus-ksaf-citation-x-2026-08-23-0b3c5de4?id=ADHUHR,"Sun, 23 Aug 2026 18:22:01 GMT",2026-08-24T00:17:02+00:00
https://villiers.ai/empty-legs/kbed-kmvy-citation-x-2026-08-23-fd2fb445?id=ADHUHR,inactive,inactive,2026-08-23T18:47:02+00:00,2026-08-23T23:47:01+00:00,2026-08-24T00:17:02+00:00,"Citation X | Laurence G Hanscom Field → Martha's Vineyard Airport | $8,600",,Citation X,KBED - Laurence G Hanscom Field,KBED,BED,Laurence G Hanscom Field,Bedford,US,KMVY - Martha's Vineyard Airport,KMVY,MVY,Martha's Vineyard Airport,Vineyard Haven,US,23 August 2026,2026-08-23,12:00,12:39,39m,"$8,600",8600,USD,$,12,https://villiers.ai/empty-legs/kbed-kmvy-citation-x-2026-08-23-fd2fb445?id=ADHUHR,https://villiers.ai/empty-legs/kbed-kmvy-citation-x-2026-08-23-fd2fb445?id=ADHUHR,https://villiers.ai/empty-legs/kbed-kmvy-citation-x-2026-08-23-fd2fb445?id=ADHUHR,"Sun, 23 Aug 2026 18:22:01 GMT",2026-08-24T00:17:02+00:00
https://villiers.ai/empty-legs/kbtv-kpwm-challenger-300-2026-08-23-917f6d34?id=ADHUHR,inactive,inactive,2026-08-23T18:47:02+00:00,2026-08-23T23:47:01+00:00,2026-08-24T00:17:02+00:00,"Challenger 300 | Burlington International Airport → Portland International Jetport | $8,600",,Challenger 300,KBTV - Burlington International Airport,KBTV,BTV,Patrick Leahy Burlington International Airport,Burlington,US,KPWM - Portland International Jetport,KPWM,PWM,Portland International Jetport Airport,Portland,US,23 August 2026,2026-08-23,12:00,12:46,47m,"$8,600",8600,USD,$,10,https://villiers.ai/empty-legs/kbtv-kpwm-challenger-300-2026-08-23-917f6d34?id=ADHUHR,https://villiers.ai/empty-legs/kbtv-kpwm-challenger-300-2026-08-23-917f6d34?id=ADHUHR,https://villiers.ai/empty-legs/kbtv-kpwm-challenger-300-2026-08-23-917f6d34?id=ADHUHR,"Sun, 23 Aug 2026 18:21:58 GMT",2026-08-24T00:17:02+00:00
https://villiers.ai/empty-legs/kbzn-kjac-challenger-300-2026-08-23-ab2d4b98?id=ADHUHR,inactive,inactive,2026-08-23T18:47:02+00:00,2026-08-23T23:47:01+00:00,2026-08-24T00:17:02+00:00,"Challenger 300 | Bozeman Yellowstone International Airport → Jackson Hole Airport | $8,600",,Challenger 300,KBZN - Bozeman Yellowstone International Airport,KBZN,BZN,Bozeman Yellowstone International Airport,Bozeman,US,KJAC - Jackson Hole Airport,KJAC,JAC,Jackson Hole Airport,Jackson,US,23 August 2026,2026-08-23,12:00,12:46,47m,"$8,600",8600,USD,$,10,https://villiers.ai/empty-legs/kbzn-kjac-challenger-300-2026-08-23-ab2d4b98?id=ADHUHR,https://villiers.ai/empty-legs/kbzn-kjac-challenger-300-2026-08-23-ab2d4b98?id=ADHUHR,https://villiers.ai/empty-legs/kbzn-kjac-challenger-300-2026-08-23-ab2d4b98?id=ADHUHR,"Sun, 23 Aug 2026 18:21:58 GMT",2026-08-24T00:17:02+00:00
https://villiers.ai/empty-legs/kcrq-kapc-beechjet-400a-2026-08-23-e2401b5b?id=ADHUHR,inactive,inactive,2026-08-18T22:17:01+00:00,2026-08-23T23:47:01+00:00,2026-08-24T00:17:02+00:00,"Beechjet 400A | McClellan-Palomar Airport → Napa County Airport | $8,600",,Beechjet 400A,KCRQ - McClellan-Palomar Airport,KCRQ,CLD,Mc Clellan-Palomar Airport,Carlsbad,US,KAPC - Napa County Airport,KAPC,APC,Napa County Airport,Napa,US,23 August 2026,2026-08-23,12:00,13:19,1h 20m,"$8,600",8600,USD,$,8,https://villiers.ai/empty-legs/kcrq-kapc-beechjet-400a-2026-08-23-e2401b5b?id=ADHUHR,https://villiers.ai/empty-legs/kcrq-kapc-beechjet-400a-2026-08-23-e2401b5b?id=ADHUHR,https://villiers.ai/empty-legs/kcrq-kapc-beechjet-400a-2026-08-23-e2401b5b?id=ADHUHR,"Tue, 18 Aug 2026 21:56:47 GMT",2026-08-24T00:17:02+00:00
https://villiers.ai/empty-legs/kcrq-kboi-xls-2026-08-23-4819fa82?id=ADHUHR,inactive,inactive,2026-08-18T22:17:01+00:00,2026-08-23T23:47:01+00:00,2026-08-24T00:17:02+00:00,"XLS | McClellan-Palomar Airport → Boise Air Terminal/Gowen Field | $14,996",,XLS,KCRQ - McClellan-Palomar Airport,KCRQ,CLD,Mc Clellan-Palomar Airport,Carlsbad,US,KBOI - Boise Air Terminal/Gowen Field,KBOI,BOI,Boise Air Trml/Gowen Field,Boise,US,23 August 2026,2026-08-23,12:00,13:50,1h 50m,"$14,996",14996,USD,$,8,https://villiers.ai/empty-legs/kcrq-kboi-xls-2026-08-23-4819fa82?id=ADHUHR,https://villiers.ai/empty-legs/kcrq-kboi-xls-2026-08-23-4819fa82?id=ADHUHR,https://villiers.ai/empty-legs/kcrq-kboi-xls-2026-08-23-4819fa82?id=ADHUHR,"Tue, 18 Aug 2026 21:56:48 GMT",2026-08-24T00:17:02+00:00
https://villiers.ai/empty-legs/kelm-ksyr-citation-x-2026-08-23-bb38ceb6?id=ADHUHR,inactive,inactive,2026-08-23T18:47:02+00:00,2026-08-23T23:47:01+00:00,2026-08-24T00:17:02+00:00,"Citation X | Elmira Corning Regional Airport → Syracuse Hancock International Airport | $8,600",,Citation X,KELM - Elmira Corning Regional Airport,KELM,ELM,Elmira/Corning Regional Airport,Elmira/Corning,US,KSYR - Syracuse Hancock International Airport,KSYR,SYR,Syracuse Hancock International Airport,Syracuse,US,23 August 2026,2026-08-23,12:00,12:38,39m,"$8,600",8600,USD,$,12,https://villiers.ai/empty-legs/kelm-ksyr-citation-x-2026-08-23-bb38ceb6?id=ADHUHR,https://villiers.ai/empty-legs/kelm-ksyr-citation-x-2026-08-23-bb38ceb6?id=ADHUHR,https://villiers.ai/empty-legs/kelm-ksyr-citation-x-2026-08-23-bb38ceb6?id=ADHUHR,"Sun, 23 Aug 2026 18:22:01 GMT",2026-08-24T00:17:02+00:00
https://villiers.ai/empty-legs/kelp-ksan-citation-x-2026-08-23-81fe2c11?id=ADHUHR,inactive,inactive,2026-08-23T18:47:02+00:00,2026-08-23T23:47:01+00:00,2026-08-24T00:17:02+00:00,"Citation X | El Paso International Airport → San Diego International Airport | $8,600",,Citation X,KELP - El Paso International Airport,KELP,ELP,El Paso International Airport,El Paso,US,KSAN - San Diego International Airport,KSAN,SAN,San Diego International Airport,San Diego,US,23 August 2026,2026-08-23,12:00,13:40,1h 40m,"$8,600",8600,USD,$,12,https://villiers.ai/empty-legs/kelp-ksan-citation-x-2026-08-23-81fe2c11?id=ADHUHR,https://villiers.ai/empty-legs/kelp-ksan-citation-x-2026-08-23-81fe2c11?id=ADHUHR,https://villiers.ai/empty-legs/kelp-ksan-citation-x-2026-08-23-81fe2c11?id=ADHUHR,"Sun, 23 Aug 2026 18:22:01 GMT",2026-08-24T00:17:02+00:00
https://villiers.ai/empty-legs/kfok-kfrg-citation-x-2026-08-23-8ea7f802?id=ADHUHR,inactive,inactive,2026-08-23T18:47:02+00:00,2026-08-23T23:47:01+00:00,2026-08-24T00:17:02+00:00,"Citation X | Francis S Gabreski Airport → Republic Airport | $8,600",,Citation X,KFOK - Francis S Gabreski Airport,KFOK,FOK,Francis S Gabreski Airport,Westhampton Beach,US,KFRG - Republic Airport,KFRG,FRG,Republic Airport,Farmingdale,US,23 August 2026,2026-08-23,12:00,12:34,35m,"$8,600",8600,USD,$,12,https://villiers.ai/empty-legs/kfok-kfrg-citation-x-2026-08-23-8ea7f802?id=ADHUHR,https://villiers.ai/empty-legs/kfok-kfrg-citation-x-2026-08-23-8ea7f802?id=ADHUHR,https://villiers.ai/empty-legs/kfok-kfrg-citation-x-2026-08-23-8ea7f802?id=ADHUHR,"Sun, 23 Aug 2026 18:22:02 GMT",2026-08-24T00:17:02+00:00
https://villiers.ai/empty-legs/kfok-kteb-citation-x-2026-08-23-478c114d?id=ADHUHR,inactive,inactive,2026-08-23T18:47:02+00:00,2026-08-23T23:47:01+00:00,2026-08-24T00:17:02+00:00,"Citation X | Francis S Gabreski Airport → Teterboro Airport | $8,600",,Citation X,KFOK - Francis S Gabreski Airport,KFOK,FOK,Francis S Gabreski Airport,Westhampton Beach,US,KTEB - Teterboro Airport,KTEB,TEB,Teterboro Airport,Teterboro,US,23 August 2026,2026-08-23,12:00,12:38,38m,"$8,600",8600,USD,$,12,https://villiers.ai/empty-legs/kfok-kteb-citation-x-2026-08-23-478c114d?id=ADHUHR,https://villiers.ai/empty-legs/kfok-kteb-citation-x-2026-08-23-478c114d?id=ADHUHR,https://villiers.ai/empty-legs/kfok-kteb-citation-x-2026-08-23-478c114d?id=ADHUHR,"Sun, 23 Aug 2026 18:22:02 GMT",2026-08-24T00:17:02+00:00
https://villiers.ai/empty-legs/kfrg-khpn-citation-x-2026-08-23-e8afd48e?id=ADHUHR,inactive,inactive,2026-08-23T18:47:02+00:00,2026-08-23T23:47:01+00:00,2026-08-24T00:17:02+00:00,"Citation X | Republic Airport → Westchester County Airport | $8,600",,Citation X,KFRG - Republic Airport,KFRG,FRG,Republic Airport,Farmingdale,US,KHPN - Westchester County Airport,KHPN,HPN,Westchester County Airport,White Plains,US,23 August 2026,2026-08-23,12:00,12:33,33m,"$8,600",8600,USD,$,12,https://villiers.ai/empty-legs/kfrg-khpn-citation-x-2026-08-23-e8afd48e?id=ADHUHR,https://villiers.ai/empty-legs/kfrg-khpn-citation-x-2026-08-23-e8afd48e?id=ADHUHR,https://villiers.ai/empty-legs/kfrg-khpn-citation-x-2026-08-23-e8afd48e?id=ADHUHR,"Sun, 23 Aug 2026 18:22:02 GMT",2026-08-24T00:17:02+00:00
https://villiers.ai/empty-legs/kftw-kege-pilatus-pc-12-ng-2026-08-23-4d4daeda?id=ADHUHR,inactive,inactive,2026-08-18T17:47:01+00:00,2026-08-23T23:47:01+00:00,2026-08-24T00:17:02+00:00,"Pilatus PC 12 NG | Fort Worth Meacham International Airport → Eagle County Regional Airport | $8,600",,Pilatus PC 12 NG,KFTW - Fort Worth Meacham International Airport,KFTW,FTW,Fort Worth Meacham International Airport,Fort Worth,US,KEGE - Eagle County Regional Airport,KEGE,EGE,Eagle County Regional Airport,Eagle,US,23 August 2026,2026-08-23,12:00,13:48,1h 49m,"$8,600",8600,USD,$,7,https://villiers.ai/empty-legs/kftw-kege-pilatus-pc-12-ng-2026-08-23-4d4daeda?id=ADHUHR,https://villiers.ai/empty-legs/kftw-kege-pilatus-pc-12-ng-2026-08-23-4d4daeda?id=ADHUHR,https://villiers.ai/empty-legs/kftw-kege-pilatus-pc-12-ng-2026-08-23-4d4daeda?id=ADHUHR,"Tue, 18 Aug 2026 17:30:03 GMT",2026-08-24T00:17:02+00:00
https://villiers.ai/empty-legs/kftw-khou-pilatus-pc-12-ng-2026-08-23-b4c2b97e?id=ADHUHR,inactive,inactive,2026-08-15T14:17:02+00:00,2026-08-23T23:47:01+00:00,2026-08-24T00:17:02+00:00,"Pilatus PC 12 NG | Fort Worth Meacham International Airport → William P. Hobby Airport | $2,795",,Pilatus PC 12 NG,KFTW - Fort Worth Meacham International Airport,KFTW,FTW,Fort Worth Meacham International Airport,Fort Worth,US,KHOU - William P. Hobby Airport,KHOU,HOU,William P Hobby Airport,Houston,US,23 August 2026,2026-08-23,12:00,12:57,58m,"$2,795",2795,USD,$,7,https://villiers.ai/empty-legs/kftw-khou-pilatus-pc-12-ng-2026-08-23-b4c2b97e?id=ADHUHR,https://villiers.ai/empty-legs/kftw-khou-pilatus-pc-12-ng-2026-08-23-b4c2b97e?id=ADHUHR,https://villiers.ai/empty-legs/kftw-khou-pilatus-pc-12-ng-2026-08-23-b4c2b97e?id=ADHUHR,"Sat, 15 Aug 2026 14:13:14 GMT",2026-08-24T00:17:02+00:00
https://villiers.ai/empty-legs/kgjt-kafo-challenger-300-2026-08-23-0a87fc71?id=ADHUHR,inactive,inactive,2026-08-23T18:47:02+00:00,2026-08-23T23:47:01+00:00,2026-08-24T00:17:02+00:00,"Challenger 300 | Grand Junction Regional Airport → Afton Municipal Airport | $9,675",,Challenger 300,KGJT - Grand Junction Regional Airport,KGJT,GJT,Grand Junction Regional Airport,Grand Junction,US,KAFO - Afton Municipal Airport,KAFO,AFO,Afton Lincoln County/General Boyd L Eddins Field,Afton,US,23 August 2026,2026-08-23,12:00,13:00,1h 1m,"$9,675",9675,USD,$,10,https://villiers.ai/empty-legs/kgjt-kafo-challenger-300-2026-08-23-0a87fc71?id=ADHUHR,https://villiers.ai/empty-legs/kgjt-kafo-challenger-300-2026-08-23-0a87fc71?id=ADHUHR,https://villiers.ai/empty-legs/kgjt-kafo-challenger-300-2026-08-23-0a87fc71?id=ADHUHR,"Sun, 23 Aug 2026 18:21:58 GMT",2026-08-24T00:17:02+00:00
https://villiers.ai/empty-legs/khef-khpn-challenger-300-2026-08-23-a3181cf6?id=ADHUHR,inactive,inactive,2026-08-23T18:47:02+00:00,2026-08-23T23:47:01+00:00,2026-08-24T00:17:02+00:00,"Challenger 300 | Manassas Regional Airport/Harry P. Davis Field → Westchester County Airport | $8,600",,Challenger 300,KHEF - Manassas Regional Airport/Harry P. Davis Field,KHEF,MNZ,Washington Manassas/Harry P Davis Field,Washington,US,KHPN - Westchester County Airport,KHPN,HPN,Westchester County Airport,White Plains,US,23 August 2026,2026-08-23,12:00,12:58,59m,"$8,600",8600,USD,$,10,https://villiers.ai/empty-legs/khef-khpn-challenger-300-2026-08-23-a3181cf6?id=ADHUHR,https://villiers.ai/empty-legs/khef-khpn-challenger-300-2026-08-23-a3181cf6?id=ADHUHR,https://villiers.ai/empty-legs/khef-khpn-challenger-300-2026-08-23-a3181cf6?id=ADHUHR,"Sun, 23 Aug 2026 18:21:58 GMT",2026-08-24T00:17:02+00:00
https://villiers.ai/empty-legs/khou-kege-2026-08-23?id=ADHUHR,inactive,inactive,2026-08-05T22:38:36+00:00,2026-08-23T23:47:01+00:00,2026-08-24T00:17:02+00:00,"Pilatus PC 12 NG | William P. Hobby Airport → Eagle County Regional Airport | $10,535",,Pilatus PC 12 NG,KHOU - William P. Hobby Airport,KHOU,HOU,William P Hobby Airport,Houston,US,KEGE - Eagle County Regional Airport,KEGE,EGE,Eagle County Regional Airport,Eagle,US,23 August 2026,2026-08-23,12:00,14:15,2h 16m,"$10,535",10535,USD,$,7,https://villiers.ai/empty-legs/khou-kege-2026-08-23?id=ADHUHR,https://villiers.ai/empty-legs/khou-kege-2026-08-23?id=ADHUHR,https://villiers.ai/empty-legs/khou-kege-2026-08-23?id=ADHUHR,"Thu, 30 Jul 2026 02:41:56 GMT",2026-08-24T00:17:02+00:00
https://villiers.ai/empty-legs/khrf-mmtl-citation-x-2026-08-23-ef3d16c7?id=ADHUHR,inactive,inactive,2026-08-23T18:47:02+00:00,2026-08-23T23:47:01+00:00,2026-08-24T00:17:02+00:00,"Citation X | Ravalli County Airport → Felipe Carrillo Puerto International Airport | $10,750",,Citation X,KHRF - Ravalli County Airport,KHRF,,Ravalli County Airport,Hamilton,US,MMTL - Felipe Carrillo Puerto International Airport,MMTL,TQO,Felipe Carrillo Puerto International Airport,Tulum,MX,23 August 2026,2026-08-23,12:00,16:49,4h 50m,"$10,750",10750,USD,$,12,https://villiers.ai/empty-legs/khrf-mmtl-citation-x-2026-08-23-ef3d16c7?id=ADHUHR,https://villiers.ai/empty-legs/khrf-mmtl-citation-x-2026-08-23-ef3d16c7?id=ADHUHR,https://villiers.ai/empty-legs/khrf-mmtl-citation-x-2026-08-23-ef3d16c7?id=ADHUHR,"Sun, 23 Aug 2026 18:22:01 GMT",2026-08-24T00:17:02+00:00
https://villiers.ai/empty-legs/kiad-ksyr-citation-x-2026-08-23-571d0f73?id=ADHUHR,inactive,inactive,2026-08-23T18:47:02+00:00,2026-08-23T23:47:01+00:00,2026-08-24T00:17:02+00:00,"Citation X | Washington Dulles International Airport → Syracuse Hancock International Airport | $8,600",,Citation X,KIAD - Washington Dulles International Airport,KIAD,IAD,Washington Dulles International Airport,Washington,US,KSYR - Syracuse Hancock International Airport,KSYR,SYR,Syracuse Hancock International Airport,Syracuse,US,23 August 2026,2026-08-23,12:00,13:02,1h 3m,"$8,600",8600,USD,$,12,https://villiers.ai/empty-legs/kiad-ksyr-citation-x-2026-08-23-571d0f73?id=ADHUHR,https://villiers.ai/empty-legs/kiad-ksyr-citation-x-2026-08-23-571d0f73?id=ADHUHR,https://villiers.ai/empty-legs/kiad-ksyr-citation-x-2026-08-23-571d0f73?id=ADHUHR,"Sun, 23 Aug 2026 18:22:02 GMT",2026-08-24T00:17:02+00:00
https://villiers.ai/empty-legs/kmdd-khou-cessna-citation-v-2026-08-23-187a34d5?id=ADHUHR,inactive,inactive,2026-08-20T21:47:01+00:00,2026-08-23T23:47:01+00:00,2026-08-24T00:17:02+00:00,"Cessna Citation V | Midland Airpark → William P. Hobby Airport | $4,515",,Cessna Citation V,KMDD - Midland Airpark,KMDD,MDD,Midland Airpark,Midland,US,KHOU - William P. Hobby Airport,KHOU,HOU,William P Hobby Airport,Houston,US,23 August 2026,2026-08-23,12:00,13:18,1h 18m,"$4,515",4515,USD,$,7,https://villiers.ai/empty-legs/kmdd-khou-cessna-citation-v-2026-08-23-187a34d5?id=ADHUHR,https://villiers.ai/empty-legs/kmdd-khou-cessna-citation-v-2026-08-23-187a34d5?id=ADHUHR,https://villiers.ai/empty-legs/kmdd-khou-cessna-citation-v-2026-08-23-187a34d5?id=ADHUHR,"Thu, 20 Aug 2026 21:34:20 GMT",2026-08-24T00:17:02+00:00
https://villiers.ai/empty-legs/kmry-sf_all-citation-x-2026-08-23-f713a2e6?id=ADHUHR,inactive,inactive,2026-08-23T18:47:02+00:00,2026-08-23T23:47:01+00:00,2026-08-24T00:17:02+00:00,"Citation X | Monterey Peninsula Airport → All San Francisco, United States Airports | $8,600",,Citation X,KMRY - Monterey Peninsula Airport,KMRY,MRY,Monterey Regional Airport,Monterey,US,"SF_ALL - All San Francisco, United States Airports",,,"All San Francisco, United States Airports",,,23 August 2026,2026-08-23,12:00,12:39,40m,"$8,600",8600,USD,$,12,https://villiers.ai/empty-legs/kmry-sf_all-citation-x-2026-08-23-f713a2e6?id=ADHUHR,https://villiers.ai/empty-legs/kmry-sf_all-citation-x-2026-08-23-f713a2e6?id=ADHUHR,https://villiers.ai/empty-legs/kmry-sf_all-citation-x-2026-08-23-f713a2e6?id=ADHUHR,"Sun, 23 Aug 2026 18:22:02 GMT",2026-08-24T00:17:02+00:00
https://villiers.ai/empty-legs/kopf-kmjx-challenger-300-2026-08-23-c44b98f9?id=ADHUHR,inactive,inactive,2026-08-23T18:47:02+00:00,2026-08-23T23:47:01+00:00,2026-08-24T00:17:02+00:00,"Challenger 300 | Miami-Opa Locka Executive Airport → Ocean County Airport | $12,900",,Challenger 300,KOPF - Miami-Opa Locka Executive Airport,KOPF,OPF,Miami-Opa Locka Executive Airport,Miami,US,KMJX - Ocean County Airport,KMJX,MJX,Ocean County Airport,Toms River,US,23 August 2026,2026-08-23,12:00,14:24,2h 24m,"$12,900",12900,USD,$,10,https://villiers.ai/empty-legs/kopf-kmjx-challenger-300-2026-08-23-c44b98f9?id=ADHUHR,https://villiers.ai/empty-legs/kopf-kmjx-challenger-300-2026-08-23-c44b98f9?id=ADHUHR,https://villiers.ai/empty-legs/kopf-kmjx-challenger-300-2026-08-23-c44b98f9?id=ADHUHR,"Sun, 23 Aug 2026 18:21:57 GMT",2026-08-24T00:17:02+00:00
https://villiers.ai/empty-legs/kpdk-ktpa-citation-x-2026-08-23-1d29030f?id=ADHUHR,inactive,inactive,2026-08-23T18:47:02+00:00,2026-08-23T23:47:01+00:00,2026-08-24T00:17:02+00:00,"Citation X | DeKalb Peachtree Airport → Tampa International Airport | $9,675",,Citation X,KPDK - DeKalb Peachtree Airport,KPDK,PDK,Dekalb-Peachtree Airport,Atlanta,US,KTPA - Tampa International Airport,KTPA,TPA,Tampa International Airport,Tampa,US,23 August 2026,2026-08-23,12:00,13:16,1h 17m,"$9,675",9675,USD,$,12,https://villiers.ai/empty-legs/kpdk-ktpa-citation-x-2026-08-23-1d29030f?id=ADHUHR,https://villiers.ai/empty-legs/kpdk-ktpa-citation-x-2026-08-23-1d29030f?id=ADHUHR,https://villiers.ai/empty-legs/kpdk-ktpa-citation-x-2026-08-23-1d29030f?id=ADHUHR,"Sun, 23 Aug 2026 18:22:02 GMT",2026-08-24T00:17:02+00:00
https://villiers.ai/empty-legs/kpie-khrf-challenger-300-2026-08-23-53445c92?id=ADHUHR,inactive,inactive,2026-08-23T18:47:02+00:00,2026-08-23T23:47:01+00:00,2026-08-24T00:17:02+00:00,"Challenger 300 | St. Petersburg Clearwater International Airport → Ravalli County Airport | $8,600",,Challenger 300,KPIE - St. Petersburg Clearwater International Airport,KPIE,PIE,St Pete-Clearwater International Airport,St Petersburg-Clearwater,US,KHRF - Ravalli County Airport,KHRF,,Ravalli County Airport,Hamilton,US,23 August 2026,2026-08-23,12:00,16:25,4h 26m,"$8,600",8600,USD,$,10,https://villiers.ai/empty-legs/kpie-khrf-challenger-300-2026-08-23-53445c92?id=ADHUHR,https://villiers.ai/empty-legs/kpie-khrf-challenger-300-2026-08-23-53445c92?id=ADHUHR,https://villiers.ai/empty-legs/kpie-khrf-challenger-300-2026-08-23-53445c92?id=ADHUHR,"Sun, 23 Aug 2026 18:21:59 GMT",2026-08-24T00:17:02+00:00
https://villiers.ai/empty-legs/kpne-kmmu-citation-x-2026-08-23-c75388cd?id=ADHUHR,inactive,inactive,2026-08-23T18:47:02+00:00,2026-08-23T23:47:01+00:00,2026-08-24T00:17:02+00:00,"Citation X | Northeast Philadelphia Airport → Morristown Municipal Airport | $8,600",,Citation X,KPNE - Northeast Philadelphia Airport,KPNE,PNE,Northeast Philadelphia Airport,Philadelphia,US,KMMU - Morristown Municipal Airport,KMMU,MMU,Morristown Municipal Airport,Morristown,US,23 August 2026,2026-08-23,12:00,12:36,36m,"$8,600",8600,USD,$,12,https://villiers.ai/empty-legs/kpne-kmmu-citation-x-2026-08-23-c75388cd?id=ADHUHR,https://villiers.ai/empty-legs/kpne-kmmu-citation-x-2026-08-23-c75388cd?id=ADHUHR,https://villiers.ai/empty-legs/kpne-kmmu-citation-x-2026-08-23-c75388cd?id=ADHUHR,"Sun, 23 Aug 2026 18:22:03 GMT",2026-08-24T00:17:02+00:00
https://villiers.ai/empty-legs/krno-kpga-citation-x-2026-08-23-54db8ec2?id=ADHUHR,inactive,inactive,2026-08-23T18:47:02+00:00,2026-08-23T23:47:01+00:00,2026-08-24T00:17:02+00:00,"Citation X | Reno Tahoe International Airport → Page Municipal Airport | $8,600",,Citation X,KRNO - Reno Tahoe International Airport,KRNO,RNO,Reno/Tahoe International Airport,Reno,US,KPGA - Page Municipal Airport,KPGA,PGA,Page Municipal Airport,Page,US,23 August 2026,2026-08-23,12:00,13:23,1h 24m,"$8,600",8600,USD,$,12,https://villiers.ai/empty-legs/krno-kpga-citation-x-2026-08-23-54db8ec2?id=ADHUHR,https://villiers.ai/empty-legs/krno-kpga-citation-x-2026-08-23-54db8ec2?id=ADHUHR,https://villiers.ai/empty-legs/krno-kpga-citation-x-2026-08-23-54db8ec2?id=ADHUHR,"Sun, 23 Aug 2026 18:22:03 GMT",2026-08-24T00:17:02+00:00
https://villiers.ai/empty-legs/ksdf-kcrq-hawker-850xp-2026-08-23-7b1122b0?id=ADHUHR,inactive,inactive,2026-08-18T22:17:01+00:00,2026-08-23T23:47:01+00:00,2026-08-24T00:17:02+00:00,"Hawker 850XP | Louisville Muhammad Ali International Airport → McClellan-Palomar Airport | $26,875",,Hawker 850XP,KSDF - Louisville Muhammad Ali International Airport,KSDF,SDF,Louisville Muhammad Ali International Airport,Louisville,US,KCRQ - McClellan-Palomar Airport,KCRQ,CLD,Mc Clellan-Palomar Airport,Carlsbad,US,23 August 2026,2026-08-23,12:00,15:49,3h 49m,"$26,875",26875,USD,$,9,https://villiers.ai/empty-legs/ksdf-kcrq-hawker-850xp-2026-08-23-7b1122b0?id=ADHUHR,https://villiers.ai/empty-legs/ksdf-kcrq-hawker-850xp-2026-08-23-7b1122b0?id=ADHUHR,https://villiers.ai/empty-legs/ksdf-kcrq-hawker-850xp-2026-08-23-7b1122b0?id=ADHUHR,"Tue, 18 Aug 2026 21:56:48 GMT",2026-08-24T00:17:02+00:00
https://villiers.ai/empty-legs/ksgu-kapa-challenger-300-2026-08-23-c2e2a786?id=ADHUHR,inactive,inactive,2026-08-23T18:47:02+00:00,2026-08-23T23:47:01+00:00,2026-08-24T00:17:02+00:00,"Challenger 300 | St George Regional Airport → Centennial Airport | $9,675",,Challenger 300,KSGU - St George Regional Airport,KSGU,SGU,St George Regional Airport,St George,US,KAPA - Centennial Airport,KAPA,APA,Centennial Airport,Denver,US,23 August 2026,2026-08-23,12:00,13:25,1h 26m,"$9,675",9675,USD,$,10,https://villiers.ai/empty-legs/ksgu-kapa-challenger-300-2026-08-23-c2e2a786?id=ADHUHR,https://villiers.ai/empty-legs/ksgu-kapa-challenger-300-2026-08-23-c2e2a786?id=ADHUHR,https://villiers.ai/empty-legs/ksgu-kapa-challenger-300-2026-08-23-c2e2a786?id=ADHUHR,"Sun, 23 Aug 2026 18:21:59 GMT",2026-08-24T00:17:02+00:00
https://villiers.ai/empty-legs/kshv-kgpt-cessna-citation-excel-2026-08-23-ee322ee0?id=ADHUHR,inactive,inactive,2026-08-23T04:47:02+00:00,2026-08-23T23:47:01+00:00,2026-08-24T00:17:02+00:00,"Cessna Citation Excel | Shreveport Regional Airport → Gulfport Biloxi International Airport | $4,408",,Cessna Citation Excel,KSHV - Shreveport Regional Airport,KSHV,SHV,Shreveport Regional Airport,Shreveport,US,KGPT - Gulfport Biloxi International Airport,KGPT,GPT,Gulfport-Biloxi International Airport,Gulfport,US,23 August 2026,2026-08-23,12:00,13:04,1h 5m,"$4,408",4408,USD,$,9,https://villiers.ai/empty-legs/kshv-kgpt-cessna-citation-excel-2026-08-23-ee322ee0?id=ADHUHR,https://villiers.ai/empty-legs/kshv-kgpt-cessna-citation-excel-2026-08-23-ee322ee0?id=ADHUHR,https://villiers.ai/empty-legs/kshv-kgpt-cessna-citation-excel-2026-08-23-ee322ee0?id=ADHUHR,"Sun, 23 Aug 2026 04:28:20 GMT",2026-08-24T00:17:02+00:00
https://villiers.ai/empty-legs/ksjc-kvny-citation-x-2026-08-23-2ceefe86?id=ADHUHR,inactive,inactive,2026-08-23T18:47:02+00:00,2026-08-23T23:47:01+00:00,2026-08-24T00:17:02+00:00,"Citation X | San Jose International Airport → Van Nuys Airport | $8,600",,Citation X,KSJC - San Jose International Airport,KSJC,SJC,Norman Y Mineta San Jose International Airport,San Jose,US,KVNY - Van Nuys Airport,KVNY,VNY,Van Nuys Airport,Van Nuys,US,23 August 2026,2026-08-23,12:00,13:02,1h 2m,"$8,600",8600,USD,$,12,https://villiers.ai/empty-legs/ksjc-kvny-citation-x-2026-08-23-2ceefe86?id=ADHUHR,https://villiers.ai/empty-legs/ksjc-kvny-citation-x-2026-08-23-2ceefe86?id=ADHUHR,https://villiers.ai/empty-legs/ksjc-kvny-citation-x-2026-08-23-2ceefe86?id=ADHUHR,"Sun, 23 Aug 2026 18:22:03 GMT",2026-08-24T00:17:02+00:00
https://villiers.ai/empty-legs/ksjc-sf_all-citation-x-2026-08-23-3e500a47?id=ADHUHR,inactive,inactive,2026-08-23T18:47:02+00:00,2026-08-23T23:47:01+00:00,2026-08-24T00:17:02+00:00,"Citation X | San Jose International Airport → All San Francisco, United States Airports | $8,600",,Citation X,KSJC - San Jose International Airport,KSJC,SJC,Norman Y Mineta San Jose International Airport,San Jose,US,"SF_ALL - All San Francisco, United States Airports",,,"All San Francisco, United States Airports",,,23 August 2026,2026-08-23,12:00,12:34,34m,"$8,600",8600,USD,$,12,https://villiers.ai/empty-legs/ksjc-sf_all-citation-x-2026-08-23-3e500a47?id=ADHUHR,https://villiers.ai/empty-legs/ksjc-sf_all-citation-x-2026-08-23-3e500a47?id=ADHUHR,https://villiers.ai/empty-legs/ksjc-sf_all-citation-x-2026-08-23-3e500a47?id=ADHUHR,"Sun, 23 Aug 2026 18:22:03 GMT",2026-08-24T00:17:02+00:00
https://villiers.ai/empty-legs/mynn-kteb-challenger-300-2026-08-23-491dbf2a?id=ADHUHR,inactive,inactive,2026-08-23T18:47:02+00:00,2026-08-23T23:47:01+00:00,2026-08-24T00:17:02+00:00,"Challenger 300 | Lynden Pindling International Airport → Teterboro Airport | $12,900",,Challenger 300,MYNN - Lynden Pindling International Airport,MYNN,NAS,Lynden Pindling International Airport,Nassau,BS,KTEB - Teterboro Airport,KTEB,TEB,Teterboro Airport,Teterboro,US,23 August 2026,2026-08-23,12:00,14:33,2h 33m,"$12,900",12900,USD,$,10,https://villiers.ai/empty-legs/mynn-kteb-challenger-300-2026-08-23-491dbf2a?id=ADHUHR,https://villiers.ai/empty-legs/mynn-kteb-challenger-300-2026-08-23-491dbf2a?id=ADHUHR,https://villiers.ai/empty-legs/mynn-kteb-challenger-300-2026-08-23-491dbf2a?id=ADHUHR,"Sun, 23 Aug 2026 18:21:58 GMT",2026-08-24T00:17:02+00:00
https://villiers.ai/empty-legs/cyyz-kiad-challenger-300-2026-08-24-dba8909a?id=ADHUHR,inactive,inactive,2026-08-23T18:47:02+00:00,2026-08-24T23:47:01+00:00,2026-08-25T00:17:02+00:00,"Challenger 300 | Toronto Lester B. Pearson International Airport → Washington Dulles International Airport | $9,675",,Challenger 300,CYYZ - Toronto Lester B. Pearson International Airport,CYYZ,YYZ,Toronto Pearson International Airport,Mississauga,CA,KIAD - Washington Dulles International Airport,KIAD,IAD,Washington Dulles International Airport,Washington,US,24 August 2026,2026-08-24,12:00,13:08,1h 8m,"$9,675",9675,USD,$,10,https://villiers.ai/empty-legs/cyyz-kiad-challenger-300-2026-08-24-dba8909a?id=ADHUHR,https://villiers.ai/empty-legs/cyyz-kiad-challenger-300-2026-08-24-dba8909a?id=ADHUHR,https://villiers.ai/empty-legs/cyyz-kiad-challenger-300-2026-08-24-dba8909a?id=ADHUHR,"Sun, 23 Aug 2026 18:22:00 GMT",2026-08-25T00:17:02+00:00
https://villiers.ai/empty-legs/kaus-kbct-citation-x-2026-08-24-3e0b6639?id=ADHUHR,inactive,inactive,2026-08-23T18:47:02+00:00,2026-08-24T23:47:01+00:00,2026-08-25T00:17:02+00:00,"Citation X | Austin Bergstrom International Airport → Boca Raton Airport | $15,050",,Citation X,KAUS - Austin Bergstrom International Airport,KAUS,AUS,Austin-Bergstrom International Airport,Austin,US,KBCT - Boca Raton Airport,KBCT,BCT,Boca Raton Airport,Boca Raton,US,24 August 2026,2026-08-24,12:00,14:31,2h 32m,"$15,050",15050,USD,$,12,https://villiers.ai/empty-legs/kaus-kbct-citation-x-2026-08-24-3e0b6639?id=ADHUHR,https://villiers.ai/empty-legs/kaus-kbct-citation-x-2026-08-24-3e0b6639?id=ADHUHR,https://villiers.ai/empty-legs/kaus-kbct-citation-x-2026-08-24-3e0b6639?id=ADHUHR,"Sun, 23 Aug 2026 18:22:04 GMT",2026-08-25T00:17:02+00:00
https://villiers.ai/empty-legs/kaus-kbna-bombardier-challenger-300-2026-08-24-e860e8a3?id=ADHUHR,inactive,inactive,2026-08-08T00:17:02+00:00,2026-08-24T23:47:01+00:00,2026-08-25T00:17:02+00:00,"Bombardier Challenger 300 | Austin Bergstrom International Airport → Nashville International Airport | $11,825",,Bombardier Challenger 300,KAUS - Austin Bergstrom International Airport,KAUS,AUS,Austin-Bergstrom International Airport,Austin,US,KBNA - Nashville International Airport,KBNA,BNA,Nashville International Airport,Nashville,US,24 August 2026,2026-08-24,12:00,13:53,1h 54m,"$11,825",11825,USD,$,9,https://villiers.ai/empty-legs/kaus-kbna-bombardier-challenger-300-2026-08-24-e860e8a3?id=ADHUHR,https://villiers.ai/empty-legs/kaus-kbna-bombardier-challenger-300-2026-08-24-e860e8a3?id=ADHUHR,https://villiers.ai/empty-legs/kaus-kbna-bombardier-challenger-300-2026-08-24-e860e8a3?id=ADHUHR,"Fri, 07 Aug 2026 14:24:20 GMT",2026-08-25T00:17:02+00:00
https://villiers.ai/empty-legs/kaus-khou-2026-08-24?id=ADHUHR,inactive,inactive,2026-08-05T22:38:36+00:00,2026-08-24T23:47:01+00:00,2026-08-25T00:17:02+00:00,"Bombardier Challenger 300 | Austin Bergstrom International Airport → William P. Hobby Airport | $6,450",,Bombardier Challenger 300,KAUS - Austin Bergstrom International Airport,KAUS,AUS,Austin-Bergstrom International Airport,Austin,US,KHOU - William P. Hobby Airport,KHOU,HOU,William P Hobby Airport,Houston,US,24 August 2026,2026-08-24,12:00,12:46,46m,"$6,450",6450,USD,$,9,https://villiers.ai/empty-legs/kaus-khou-2026-08-24?id=ADHUHR,https://villiers.ai/empty-legs/kaus-khou-2026-08-24?id=ADHUHR,https://villiers.ai/empty-legs/kaus-khou-2026-08-24?id=ADHUHR,"Wed, 05 Aug 2026 15:25:58 GMT",2026-08-25T00:17:02+00:00
https://villiers.ai/empty-legs/kbna-kmdw-citation-x-2026-08-24-0c1b5c3d?id=ADHUHR,inactive,inactive,2026-08-23T18:47:02+00:00,2026-08-24T23:47:01+00:00,2026-08-25T00:17:02+00:00,"Citation X | Nashville International Airport → Chicago Midway International Airport | $9,675",,Citation X,KBNA - Nashville International Airport,KBNA,BNA,Nashville International Airport,Nashville,US,KMDW - Chicago Midway International Airport,KMDW,MDW,Chicago Midway International Airport,Chicago,US,24 August 2026,2026-08-24,12:00,13:13,1h 14m,"$9,675",9675,USD,$,12,https://villiers.ai/empty-legs/kbna-kmdw-citation-x-2026-08-24-0c1b5c3d?id=ADHUHR,https://villiers.ai/empty-legs/kbna-kmdw-citation-x-2026-08-24-0c1b5c3d?id=ADHUHR,https://villiers.ai/empty-legs/kbna-kmdw-citation-x-2026-08-24-0c1b5c3d?id=ADHUHR,"Sun, 23 Aug 2026 18:22:05 GMT",2026-08-25T00:17:02+00:00
https://villiers.ai/empty-legs/kcrq-kase-citation-cj3-2026-08-24-7a0541bb?id=ADHUHR,inactive,inactive,2026-08-21T18:47:01+00:00,2026-08-24T23:47:01+00:00,2026-08-25T00:17:02+00:00,"Citation CJ3 | McClellan-Palomar Airport → Aspen-Pitkin County Airport (Sardy Field) | $4,838",,Citation CJ3,KCRQ - McClellan-Palomar Airport,KCRQ,CLD,Mc Clellan-Palomar Airport,Carlsbad,US,KASE - Aspen-Pitkin County Airport (Sardy Field),KASE,ASE,Aspen-Pitkin County/Sardy Field,Aspen,US,24 August 2026,2026-08-24,12:00,13:49,1h 49m,"$4,838",4838,USD,$,7,https://villiers.ai/empty-legs/kcrq-kase-citation-cj3-2026-08-24-7a0541bb?id=ADHUHR,https://villiers.ai/empty-legs/kcrq-kase-citation-cj3-2026-08-24-7a0541bb?id=ADHUHR,https://villiers.ai/empty-legs/kcrq-kase-citation-cj3-2026-08-24-7a0541bb?id=ADHUHR,"Fri, 21 Aug 2026 18:38:36 GMT",2026-08-25T00:17:02+00:00
https://villiers.ai/empty-legs/kdal-kmco-citation-x-2026-08-24-dee83dec?id=ADHUHR,inactive,inactive,2026-08-23T18:47:02+00:00,2026-08-24T23:47:01+00:00,2026-08-25T00:17:02+00:00,"Citation X | Dallas Love Field → Orlando International Airport | $15,050",,Citation X,KDAL - Dallas Love Field,KDAL,DAL,Dallas Love Field,Dallas,US,KMCO - Orlando International Airport,KMCO,MCO,Orlando International Airport,Orlando,US,24 August 2026,2026-08-24,12:00,14:17,2h 18m,"$15,050",15050,USD,$,12,https://villiers.ai/empty-legs/kdal-kmco-citation-x-2026-08-24-dee83dec?id=ADHUHR,https://villiers.ai/empty-legs/kdal-kmco-citation-x-2026-08-24-dee83dec?id=ADHUHR,https://villiers.ai/empty-legs/kdal-kmco-citation-x-2026-08-24-dee83dec?id=ADHUHR,"Sun, 23 Aug 2026 18:22:05 GMT",2026-08-25T00:17:02+00:00
https://villiers.ai/empty-legs/kdal-kxna-challenger-300-2026-08-24-5914d497?id=ADHUHR,inactive,inactive,2026-08-23T18:47:02+00:00,2026-08-24T23:47:01+00:00,2026-08-25T00:17:02+00:00,"Challenger 300 | Dallas Love Field → Northwest Arkansas National Airport | $9,675",,Challenger 300,KDAL - Dallas Love Field,KDAL,DAL,Dallas Love Field,Dallas,US,KXNA - Northwest Arkansas National Airport,KXNA,XNA,Northwest Arkansas Ntl Airport,Fayetteville/Springdale/Rogers,US,24 August 2026,2026-08-24,12:00,13:00,1h 1m,"$9,675",9675,USD,$,10,https://villiers.ai/empty-legs/kdal-kxna-challenger-300-2026-08-24-5914d497?id=ADHUHR,https://villiers.ai/empty-legs/kdal-kxna-challenger-300-2026-08-24-5914d497?id=ADHUHR,https://villiers.ai/empty-legs/kdal-kxna-challenger-300-2026-08-24-5914d497?id=ADHUHR,"Sun, 23 Aug 2026 18:21:59 GMT",2026-08-25T00:17:02+00:00
https://villiers.ai/empty-legs/kguc-kase-citation-x-2026-08-24-5e1721ec?id=ADHUHR,inactive,inactive,2026-08-23T18:47:02+00:00,2026-08-24T23:47:01+00:00,2026-08-25T00:17:02+00:00,"Citation X | Gunnison Crested Butte Regional Airport → Aspen-Pitkin County Airport (Sardy Field) | $8,600",,Citation X,KGUC - Gunnison Crested Butte Regional Airport,KGUC,GUC,Gunnison-Crested Butte Regional Airport,Gunnison,US,KASE - Aspen-Pitkin County Airport (Sardy Field),KASE,ASE,Aspen-Pitkin County/Sardy Field,Aspen,US,24 August 2026,2026-08-24,12:00,12:35,35m,"$8,600",8600,USD,$,12,https://villiers.ai/empty-legs/kguc-kase-citation-x-2026-08-24-5e1721ec?id=ADHUHR,https://villiers.ai/empty-legs/kguc-kase-citation-x-2026-08-24-5e1721ec?id=ADHUHR,https://villiers.ai/empty-legs/kguc-kase-citation-x-2026-08-24-5e1721ec?id=ADHUHR,"Sun, 23 Aug 2026 18:22:05 GMT",2026-08-25T00:17:02+00:00
https://villiers.ai/empty-legs/khou-kbna-2026-08-24?id=ADHUHR,inactive,inactive,2026-08-05T22:38:36+00:00,2026-08-24T23:47:01+00:00,2026-08-25T00:17:02+00:00,"Gulfstream G280 | William P. Hobby Airport → Nashville International Airport | $11,073",,Gulfstream G280,KHOU - William P. Hobby Airport,KHOU,HOU,William P Hobby Airport,Houston,US,KBNA - Nashville International Airport,KBNA,BNA,Nashville International Airport,Nashville,US,24 August 2026,2026-08-24,12:00,13:44,1h 44m,"$11,073",11073,USD,$,10,https://villiers.ai/empty-legs/khou-kbna-2026-08-24?id=ADHUHR,https://villiers.ai/empty-legs/khou-kbna-2026-08-24?id=ADHUHR,https://villiers.ai/empty-legs/khou-kbna-2026-08-24?id=ADHUHR,"Thu, 30 Jul 2026 02:41:56 GMT",2026-08-25T00:17:02+00:00
https://villiers.ai/empty-legs/khou-kege-pilatus-pc-12-ng-2026-08-24-f79c43de?id=ADHUHR,inactive,inactive,2026-08-11T15:17:01+00:00,2026-08-24T23:47:01+00:00,2026-08-25T00:17:02+00:00,"Pilatus PC-12 NG | William P. Hobby Airport → Eagle County Regional Airport | $10,535",,Pilatus PC-12 NG,KHOU - William P. Hobby Airport,KHOU,HOU,William P Hobby Airport,Houston,US,KEGE - Eagle County Regional Airport,KEGE,EGE,Eagle County Regional Airport,Eagle,US,24 August 2026,2026-08-24,12:00,14:15,2h 16m,"$10,535",10535,USD,$,7,https://villiers.ai/empty-legs/khou-kege-pilatus-pc-12-ng-2026-08-24-f79c43de?id=ADHUHR,https://villiers.ai/empty-legs/khou-kege-pilatus-pc-12-ng-2026-08-24-f79c43de?id=ADHUHR,https://villiers.ai/empty-legs/khou-kege-pilatus-pc-12-ng-2026-08-24-f79c43de?id=ADHUHR,"Tue, 11 Aug 2026 14:47:21 GMT",2026-08-25T00:17:02+00:00
https://villiers.ai/empty-legs/khpn-kmmu-challenger-300-2026-08-24-fde3bb33?id=ADHUHR,inactive,inactive,2026-08-23T18:47:02+00:00,2026-08-24T23:47:01+00:00,2026-08-25T00:17:02+00:00,"Challenger 300 | Westchester County Airport → Morristown Municipal Airport | $8,600",,Challenger 300,KHPN - Westchester County Airport,KHPN,HPN,Westchester County Airport,White Plains,US,KMMU - Morristown Municipal Airport,KMMU,MMU,Morristown Municipal Airport,Morristown,US,24 August 2026,2026-08-24,12:00,12:34,35m,"$8,600",8600,USD,$,10,https://villiers.ai/empty-legs/khpn-kmmu-challenger-300-2026-08-24-fde3bb33?id=ADHUHR,https://villiers.ai/empty-legs/khpn-kmmu-challenger-300-2026-08-24-fde3bb33?id=ADHUHR,https://villiers.ai/empty-legs/khpn-kmmu-challenger-300-2026-08-24-fde3bb33?id=ADHUHR,"Sun, 23 Aug 2026 18:21:59 GMT",2026-08-25T00:17:02+00:00
https://villiers.ai/empty-legs/klgb-ksjc-challenger-300-2026-08-24-c4a171da?id=ADHUHR,inactive,inactive,2026-08-23T18:47:02+00:00,2026-08-24T23:47:01+00:00,2026-08-25T00:17:02+00:00,"Challenger 300 | Long Beach Airport (Daugherty Field) → San Jose International Airport | $8,600",,Challenger 300,KLGB - Long Beach Airport (Daugherty Field),KLGB,LGB,Long Beach (Daugherty Field) Airport,Long Beach,US,KSJC - San Jose International Airport,KSJC,SJC,Norman Y Mineta San Jose International Airport,San Jose,US,24 August 2026,2026-08-24,12:00,13:05,1h 6m,"$8,600",8600,USD,$,10,https://villiers.ai/empty-legs/klgb-ksjc-challenger-300-2026-08-24-c4a171da?id=ADHUHR,https://villiers.ai/empty-legs/klgb-ksjc-challenger-300-2026-08-24-c4a171da?id=ADHUHR,https://villiers.ai/empty-legs/klgb-ksjc-challenger-300-2026-08-24-c4a171da?id=ADHUHR,"Sun, 23 Aug 2026 18:21:59 GMT",2026-08-25T00:17:02+00:00
https://villiers.ai/empty-legs/kmdd-kbpt-cessna-citation-ultra-2026-08-24-b82b8e62?id=ADHUHR,inactive,inactive,2026-08-23T18:47:02+00:00,2026-08-24T23:47:01+00:00,2026-08-25T00:17:02+00:00,"Cessna Citation Ultra | Midland Airpark → Jack Brooks Regional Airport | $4,515",,Cessna Citation Ultra,KMDD - Midland Airpark,KMDD,MDD,Midland Airpark,Midland,US,KBPT - Jack Brooks Regional Airport,KBPT,BPT,Jack Brooks Regional Airport,Beaumont/Port Arthur,US,24 August 2026,2026-08-24,12:00,13:25,1h 25m,"$4,515",4515,USD,$,7,https://villiers.ai/empty-legs/kmdd-kbpt-cessna-citation-ultra-2026-08-24-b82b8e62?id=ADHUHR,https://villiers.ai/empty-legs/kmdd-kbpt-cessna-citation-ultra-2026-08-24-b82b8e62?id=ADHUHR,https://villiers.ai/empty-legs/kmdd-kbpt-cessna-citation-ultra-2026-08-24-b82b8e62?id=ADHUHR,"Sun, 23 Aug 2026 18:23:21 GMT",2026-08-25T00:17:02+00:00
https://villiers.ai/empty-legs/kphx-kvny-challenger-300-2026-08-24-7ca4613f?id=ADHUHR,inactive,inactive,2026-08-23T18:47:02+00:00,2026-08-24T23:47:01+00:00,2026-08-25T00:17:02+00:00,"Challenger 300 | Phoenix Sky Harbor International Airport → Van Nuys Airport | $9,675",,Challenger 300,KPHX - Phoenix Sky Harbor International Airport,KPHX,PHX,Phoenix Sky Harbor International Airport,Phoenix,US,KVNY - Van Nuys Airport,KVNY,VNY,Van Nuys Airport,Van Nuys,US,24 August 2026,2026-08-24,12:00,13:11,1h 12m,"$9,675",9675,USD,$,10,https://villiers.ai/empty-legs/kphx-kvny-challenger-300-2026-08-24-7ca4613f?id=ADHUHR,https://villiers.ai/empty-legs/kphx-kvny-challenger-300-2026-08-24-7ca4613f?id=ADHUHR,https://villiers.ai/empty-legs/kphx-kvny-challenger-300-2026-08-24-7ca4613f?id=ADHUHR,"Sun, 23 Aug 2026 18:21:59 GMT",2026-08-25T00:17:02+00:00
https://villiers.ai/empty-legs/kteb-kfok-challenger-300-2026-08-24-c3439cd2?id=ADHUHR,inactive,inactive,2026-08-23T18:47:02+00:00,2026-08-24T23:47:01+00:00,2026-08-25T00:17:02+00:00,"Challenger 300 | Teterboro Airport → Francis S Gabreski Airport | $8,600",,Challenger 300,KTEB - Teterboro Airport,KTEB,TEB,Teterboro Airport,Teterboro,US,KFOK - Francis S Gabreski Airport,KFOK,FOK,Francis S Gabreski Airport,Westhampton Beach,US,24 August 2026,2026-08-24,12:00,12:38,38m,"$8,600",8600,USD,$,10,https://villiers.ai/empty-legs/kteb-kfok-challenger-300-2026-08-24-c3439cd2?id=ADHUHR,https://villiers.ai/empty-legs/kteb-kfok-challenger-300-2026-08-24-c3439cd2?id=ADHUHR,https://villiers.ai/empty-legs/kteb-kfok-challenger-300-2026-08-24-c3439cd2?id=ADHUHR,"Sun, 23 Aug 2026 18:21:59 GMT",2026-08-25T00:17:02+00:00
https://villiers.ai/empty-legs/kteb-kpdk-citation-x-2026-08-24-06ae064d?id=ADHUHR,inactive,inactive,2026-08-23T18:47:02+00:00,2026-08-24T23:47:01+00:00,2026-08-25T00:17:02+00:00,"Citation X | Teterboro Airport → DeKalb Peachtree Airport | $9,675",,Citation X,KTEB - Teterboro Airport,KTEB,TEB,Teterboro Airport,Teterboro,US,KPDK - DeKalb Peachtree Airport,KPDK,PDK,Dekalb-Peachtree Airport,Atlanta,US,24 August 2026,2026-08-24,12:00,13:52,1h 52m,"$9,675",9675,USD,$,12,https://villiers.ai/empty-legs/kteb-kpdk-citation-x-2026-08-24-06ae064d?id=ADHUHR,https://villiers.ai/empty-legs/kteb-kpdk-citation-x-2026-08-24-06ae064d?id=ADHUHR,https://villiers.ai/empty-legs/kteb-kpdk-citation-x-2026-08-24-06ae064d?id=ADHUHR,"Sun, 23 Aug 2026 18:22:04 GMT",2026-08-25T00:17:02+00:00
https://villiers.ai/empty-legs/kvny-kapc-citation-x-2026-08-24-8012c57b?id=ADHUHR,inactive,inactive,2026-08-23T18:47:02+00:00,2026-08-24T23:47:01+00:00,2026-08-25T00:17:02+00:00,"Citation X | Van Nuys Airport → Napa County Airport | $8,600",,Citation X,KVNY - Van Nuys Airport,KVNY,VNY,Van Nuys Airport,Van Nuys,US,KAPC - Napa County Airport,KAPC,APC,Napa County Airport,Napa,US,24 August 2026,2026-08-24,12:00,13:08,1h 9m,"$8,600",8600,USD,$,12,https://villiers.ai/empty-legs/kvny-kapc-citation-x-2026-08-24-8012c57b?id=ADHUHR,https://villiers.ai/empty-legs/kvny-kapc-citation-x-2026-08-24-8012c57b?id=ADHUHR,https://villiers.ai/empty-legs/kvny-kapc-citation-x-2026-08-24-8012c57b?id=ADHUHR,"Sun, 23 Aug 2026 18:22:03 GMT",2026-08-25T00:17:02+00:00
https://villiers.ai/empty-legs/kvny-ksrq-citation-x-2026-08-24-685d4604?id=ADHUHR,inactive,inactive,2026-08-23T18:47:02+00:00,2026-08-24T23:47:01+00:00,2026-08-25T00:17:02+00:00,"Citation X | Van Nuys Airport → Sarasota Bradenton International Airport | $25,800",,Citation X,KVNY - Van Nuys Airport,KVNY,VNY,Van Nuys Airport,Van Nuys,US,KSRQ - Sarasota Bradenton International Airport,KSRQ,SRQ,Sarasota/Bradenton International Airport,Sarasota/Bradenton,US,24 August 2026,2026-08-24,12:00,16:30,4h 31m,"$25,800",25800,USD,$,12,https://villiers.ai/empty-legs/kvny-ksrq-citation-x-2026-08-24-685d4604?id=ADHUHR,https://villiers.ai/empty-legs/kvny-ksrq-citation-x-2026-08-24-685d4604?id=ADHUHR,https://villiers.ai/empty-legs/kvny-ksrq-citation-x-2026-08-24-685d4604?id=ADHUHR,"Sun, 23 Aug 2026 18:22:04 GMT",2026-08-25T00:17:02+00:00
https://villiers.ai/empty-legs/sf_all-koak-citation-x-2026-08-24-3213890a?id=ADHUHR,inactive,inactive,2026-08-23T18:47:02+00:00,2026-08-24T23:47:01+00:00,2026-08-25T00:17:02+00:00,"Citation X | All San Francisco, United States Airports → San Francisco Bay Oakland International Airport | $8,600",,Citation X,"SF_ALL - All San Francisco, United States Airports",,,"All San Francisco, United States Airports",,,KOAK - San Francisco Bay Oakland International Airport,KOAK,OAK,Oakland San Francisco Bay Airport,Oakland,US,24 August 2026,2026-08-24,12:00,12:31,31m,"$8,600",8600,USD,$,12,https://villiers.ai/empty-legs/sf_all-koak-citation-x-2026-08-24-3213890a?id=ADHUHR,https://villiers.ai/empty-legs/sf_all-koak-citation-x-2026-08-24-3213890a?id=ADHUHR,https://villiers.ai/empty-legs/sf_all-koak-citation-x-2026-08-24-3213890a?id=ADHUHR,"Sun, 23 Aug 2026 18:22:05 GMT",2026-08-25T00:17:02+00:00
https://villiers.ai/empty-legs/swbc-ktpl-citation-x-2026-08-24-52c642d1?id=ADHUHR,inactive,inactive,2026-08-23T18:47:02+00:00,2026-08-24T23:47:01+00:00,2026-08-25T00:17:02+00:00,"Citation X | Barcelos Airport → Draughon Miller Central Texas Regional Airport | $8,600",,Citation X,SWBC - Barcelos Airport,SWBC,BAZ,Barcelos Airport,Barcelos,BR,KTPL - Draughon Miller Central Texas Regional Airport,KTPL,TPL,Draughon-Miller Central Texas Regional Airport,Temple,US,24 August 2026,2026-08-24,12:00,18:21,6h 22m,"$8,600",8600,USD,$,12,https://villiers.ai/empty-legs/swbc-ktpl-citation-x-2026-08-24-52c642d1?id=ADHUHR,https://villiers.ai/empty-legs/swbc-ktpl-citation-x-2026-08-24-52c642d1?id=ADHUHR,https://villiers.ai/empty-legs/swbc-ktpl-citation-x-2026-08-24-52c642d1?id=ADHUHR,"Sun, 23 Aug 2026 18:22:04 GMT",2026-08-25T00:17:02+00:00
https://villiers.ai/empty-legs/kapa-kflg-challenger-300-2026-08-25-e370b039?id=ADHUHR,inactive,inactive,2026-08-23T18:47:02+00:00,2026-08-25T23:47:01+00:00,2026-08-26T00:17:02+00:00,"Challenger 300 | Centennial Airport → Flagstaff Pulliam International Airport | $10,750",,Challenger 300,KAPA - Centennial Airport,KAPA,APA,Centennial Airport,Denver,US,KFLG - Flagstaff Pulliam International Airport,KFLG,FLG,Flagstaff Pulliam Airport,Flagstaff,US,25 August 2026,2026-08-25,12:00,13:23,1h 24m,"$10,750",10750,USD,$,10,https://villiers.ai/empty-legs/kapa-kflg-challenger-300-2026-08-25-e370b039?id=ADHUHR,https://villiers.ai/empty-legs/kapa-kflg-challenger-300-2026-08-25-e370b039?id=ADHUHR,https://villiers.ai/empty-legs/kapa-kflg-challenger-300-2026-08-25-e370b039?id=ADHUHR,"Sun, 23 Aug 2026 18:22:00 GMT",2026-08-26T00:17:02+00:00
https://villiers.ai/empty-legs/kaus-kbpt-cessna-citation-v-2026-08-25-ca291c93?id=ADHUHR,inactive,inactive,2026-08-23T18:47:02+00:00,2026-08-25T23:47:01+00:00,2026-08-26T00:17:02+00:00,"Cessna Citation V | Austin Bergstrom International Airport → Jack Brooks Regional Airport | $2,795",,Cessna Citation V,KAUS - Austin Bergstrom International Airport,KAUS,AUS,Austin-Bergstrom International Airport,Austin,US,KBPT - Jack Brooks Regional Airport,KBPT,BPT,Jack Brooks Regional Airport,Beaumont/Port Arthur,US,25 August 2026,2026-08-25,12:00,12:54,54m,"$2,795",2795,USD,$,7,https://villiers.ai/empty-legs/kaus-kbpt-cessna-citation-v-2026-08-25-ca291c93?id=ADHUHR,https://villiers.ai/empty-legs/kaus-kbpt-cessna-citation-v-2026-08-25-ca291c93?id=ADHUHR,https://villiers.ai/empty-legs/kaus-kbpt-cessna-citation-v-2026-08-25-ca291c93?id=ADHUHR,"Sun, 23 Aug 2026 18:23:21 GMT",2026-08-26T00:17:02+00:00
https://villiers.ai/empty-legs/kbur-sf_all-citation-x-2026-08-25-019e66f6?id=ADHUHR,inactive,inactive,2026-08-23T18:47:02+00:00,2026-08-25T23:47:01+00:00,2026-08-26T00:17:02+00:00,"Citation X | Hollywood Burbank Airport → All San Francisco, United States Airports | $8,600",,Citation X,KBUR - Hollywood Burbank Airport,KBUR,BUR,Bob Hope Airport,Burbank,US,"SF_ALL - All San Francisco, United States Airports",,,"All San Francisco, United States Airports",,,25 August 2026,2026-08-25,12:00,13:07,1h 7m,"$8,600",8600,USD,$,12,https://villiers.ai/empty-legs/kbur-sf_all-citation-x-2026-08-25-019e66f6?id=ADHUHR,https://villiers.ai/empty-legs/kbur-sf_all-citation-x-2026-08-25-019e66f6?id=ADHUHR,https://villiers.ai/empty-legs/kbur-sf_all-citation-x-2026-08-25-019e66f6?id=ADHUHR,"Sun, 23 Aug 2026 18:22:05 GMT",2026-08-26T00:17:02+00:00
https://villiers.ai/empty-legs/kdal-kbpt-cessna-citation-ultra-2026-08-25-2567ccfd?id=ADHUHR,inactive,inactive,2026-08-23T04:47:02+00:00,2026-08-25T23:47:01+00:00,2026-08-26T00:17:02+00:00,"Cessna Citation Ultra | Dallas Love Field → Jack Brooks Regional Airport | $2,795",,Cessna Citation Ultra,KDAL - Dallas Love Field,KDAL,DAL,Dallas Love Field,Dallas,US,KBPT - Jack Brooks Regional Airport,KBPT,BPT,Jack Brooks Regional Airport,Beaumont/Port Arthur,US,25 August 2026,2026-08-25,12:00,12:58,59m,"$2,795",2795,USD,$,7,https://villiers.ai/empty-legs/kdal-kbpt-cessna-citation-ultra-2026-08-25-2567ccfd?id=ADHUHR,https://villiers.ai/empty-legs/kdal-kbpt-cessna-citation-ultra-2026-08-25-2567ccfd?id=ADHUHR,https://villiers.ai/empty-legs/kdal-kbpt-cessna-citation-ultra-2026-08-25-2567ccfd?id=ADHUHR,"Sun, 23 Aug 2026 04:28:21 GMT",2026-08-26T00:17:02+00:00
https://villiers.ai/empty-legs/kdal-khou-aircraft-2026-08-25-e1796a85?id=ADHUHR,inactive,inactive,2026-08-14T14:17:02+00:00,2026-08-25T23:47:01+00:00,2026-08-26T00:17:02+00:00,"Private Jet | Dallas Love Field → William P. Hobby Airport | $2,795",,Private Jet,KDAL - Dallas Love Field,KDAL,DAL,Dallas Love Field,Dallas,US,KHOU - William P. Hobby Airport,KHOU,HOU,William P Hobby Airport,Houston,US,25 August 2026,2026-08-25,12:00,12:56,57m,"$2,795",2795,USD,$,7,https://villiers.ai/empty-legs/kdal-khou-aircraft-2026-08-25-e1796a85?id=ADHUHR,https://villiers.ai/empty-legs/kdal-khou-aircraft-2026-08-25-e1796a85?id=ADHUHR,https://villiers.ai/empty-legs/kdal-khou-aircraft-2026-08-25-e1796a85?id=ADHUHR,"Fri, 14 Aug 2026 14:01:13 GMT",2026-08-26T00:17:02+00:00
https://villiers.ai/empty-legs/kdal-mrlb-2026-08-25?id=ADHUHR,inactive,inactive,2026-08-05T22:38:36+00:00,2026-08-25T23:47:01+00:00,2026-08-26T00:17:02+00:00,"Bombardier Challenger 604 | Dallas Love Field → Guanacaste Airport | $23,220",,Bombardier Challenger 604,KDAL - Dallas Love Field,KDAL,DAL,Dallas Love Field,Dallas,US,MRLB - Guanacaste Airport,MRLB,LIR,Daniel Oduber Quiros International Airport,Liberia,CR,25 August 2026,2026-08-25,12:00,15:38,3h 38m,"$23,220",23220,USD,$,10,https://villiers.ai/empty-legs/kdal-mrlb-2026-08-25?id=ADHUHR,https://villiers.ai/empty-legs/kdal-mrlb-2026-08-25?id=ADHUHR,https://villiers.ai/empty-legs/kdal-mrlb-2026-08-25?id=ADHUHR,"Tue, 07 Jul 2026 13:58:53 GMT",2026-08-26T00:17:02+00:00
https://villiers.ai/empty-legs/kfok-kmaf-citation-x-2026-08-25-32b214e1?id=ADHUHR,inactive,inactive,2026-08-23T18:47:02+00:00,2026-08-25T23:47:01+00:00,2026-08-26T00:17:02+00:00,"Citation X | Francis S Gabreski Airport → Midland International Air and Space Port | $15,050",,Citation X,KFOK - Francis S Gabreski Airport,KFOK,FOK,Francis S Gabreski Airport,Westhampton Beach,US,KMAF - Midland International Air and Space Port,KMAF,MAF,Midland International Air And Space Port Airport,Midland,US,25 August 2026,2026-08-25,12:00,15:43,3h 44m,"$15,050",15050,USD,$,12,https://villiers.ai/empty-legs/kfok-kmaf-citation-x-2026-08-25-32b214e1?id=ADHUHR,https://villiers.ai/empty-legs/kfok-kmaf-citation-x-2026-08-25-32b214e1?id=ADHUHR,https://villiers.ai/empty-legs/kfok-kmaf-citation-x-2026-08-25-32b214e1?id=ADHUHR,"Sun, 23 Aug 2026 18:22:06 GMT",2026-08-26T00:17:02+00:00
https://villiers.ai/empty-legs/khdn-knuq-challenger-300-2026-08-25-3bf57811?id=ADHUHR,inactive,inactive,2026-08-23T18:47:02+00:00,2026-08-25T23:47:01+00:00,2026-08-26T00:17:02+00:00,"Challenger 300 | Yampa Valley Airport → Moffett Federal Airfield | $12,900",,Challenger 300,KHDN - Yampa Valley Airport,KHDN,HDN,Yampa Valley Airport,Hayden,US,KNUQ - Moffett Federal Airfield,KNUQ,NUQ,Moffett Federal Airfield,Mountain View,US,25 August 2026,2026-08-25,12:00,14:01,2h 1m,"$12,900",12900,USD,$,10,https://villiers.ai/empty-legs/khdn-knuq-challenger-300-2026-08-25-3bf57811?id=ADHUHR,https://villiers.ai/empty-legs/khdn-knuq-challenger-300-2026-08-25-3bf57811?id=ADHUHR,https://villiers.ai/empty-legs/khdn-knuq-challenger-300-2026-08-25-3bf57811?id=ADHUHR,"Sun, 23 Aug 2026 18:22:00 GMT",2026-08-26T00:17:02+00:00
https://villiers.ai/empty-legs/khpn-kfok-citation-x-2026-08-25-c630752b?id=ADHUHR,inactive,inactive,2026-08-23T18:47:02+00:00,2026-08-25T23:47:01+00:00,2026-08-26T00:17:02+00:00,"Citation X | Westchester County Airport → Francis S Gabreski Airport | $8,600",,Citation X,KHPN - Westchester County Airport,KHPN,HPN,Westchester County Airport,White Plains,US,KFOK - Francis S Gabreski Airport,KFOK,FOK,Francis S Gabreski Airport,Westhampton Beach,US,25 August 2026,2026-08-25,12:00,12:36,36m,"$8,600",8600,USD,$,12,https://villiers.ai/empty-legs/khpn-kfok-citation-x-2026-08-25-c630752b?id=ADHUHR,https://villiers.ai/empty-legs/khpn-kfok-citation-x-2026-08-25-c630752b?id=ADHUHR,https://villiers.ai/empty-legs/khpn-kfok-citation-x-2026-08-25-c630752b?id=ADHUHR,"Sun, 23 Aug 2026 18:22:06 GMT",2026-08-26T00:17:02+00:00
https://villiers.ai/empty-legs/kjac-ksba-challenger-300-2026-08-25-f6a784fb?id=ADHUHR,inactive,inactive,2026-08-23T18:47:02+00:00,2026-08-25T23:47:01+00:00,2026-08-26T00:17:02+00:00,"Challenger 300 | Jackson Hole Airport → Santa Barbara Municipal Airport | $15,050",,Challenger 300,KJAC - Jackson Hole Airport,KJAC,JAC,Jackson Hole Airport,Jackson,US,KSBA - Santa Barbara Municipal Airport,KSBA,SBA,Santa Barbara Municipal Airport,Santa Barbara,US,25 August 2026,2026-08-25,12:00,13:58,1h 59m,"$15,050",15050,USD,$,10,https://villiers.ai/empty-legs/kjac-ksba-challenger-300-2026-08-25-f6a784fb?id=ADHUHR,https://villiers.ai/empty-legs/kjac-ksba-challenger-300-2026-08-25-f6a784fb?id=ADHUHR,https://villiers.ai/empty-legs/kjac-ksba-challenger-300-2026-08-25-f6a784fb?id=ADHUHR,"Sun, 23 Aug 2026 18:22:00 GMT",2026-08-26T00:17:02+00:00
https://villiers.ai/empty-legs/kmaf-kdal-cessna-citation-ultra-2026-08-25-2897d6fc?id=ADHUHR,inactive,inactive,2026-08-17T14:47:01+00:00,2026-08-25T23:47:01+00:00,2026-08-26T00:17:02+00:00,"Cessna Citation Ultra | Midland International Air and Space Port → Dallas Love Field | $3,118",,Cessna Citation Ultra,KMAF - Midland International Air and Space Port,KMAF,MAF,Midland International Air And Space Port Airport,Midland,US,KDAL - Dallas Love Field,KDAL,DAL,Dallas Love Field,Dallas,US,25 August 2026,2026-08-25,12:00,13:05,1h 5m,"$3,118",3118,USD,$,7,https://villiers.ai/empty-legs/kmaf-kdal-cessna-citation-ultra-2026-08-25-2897d6fc?id=ADHUHR,https://villiers.ai/empty-legs/kmaf-kdal-cessna-citation-ultra-2026-08-25-2897d6fc?id=ADHUHR,https://villiers.ai/empty-legs/kmaf-kdal-cessna-citation-ultra-2026-08-25-2897d6fc?id=ADHUHR,"Mon, 17 Aug 2026 14:28:55 GMT",2026-08-26T00:17:02+00:00
https://villiers.ai/empty-legs/kmaf-khou-cessna-citation-ultra-2026-08-25-aa52ec7a?id=ADHUHR,inactive,inactive,2026-08-18T17:47:01+00:00,2026-08-25T23:47:01+00:00,2026-08-26T00:17:02+00:00,"Cessna Citation Ultra | Midland International Air and Space Port → William P. Hobby Airport | $4,193",,Cessna Citation Ultra,KMAF - Midland International Air and Space Port,KMAF,MAF,Midland International Air And Space Port Airport,Midland,US,KHOU - William P. Hobby Airport,KHOU,HOU,William P Hobby Airport,Houston,US,25 August 2026,2026-08-25,12:00,13:18,1h 19m,"$4,193",4193,USD,$,7,https://villiers.ai/empty-legs/kmaf-khou-cessna-citation-ultra-2026-08-25-aa52ec7a?id=ADHUHR,https://villiers.ai/empty-legs/kmaf-khou-cessna-citation-ultra-2026-08-25-aa52ec7a?id=ADHUHR,https://villiers.ai/empty-legs/kmaf-khou-cessna-citation-ultra-2026-08-25-aa52ec7a?id=ADHUHR,"Tue, 18 Aug 2026 17:30:04 GMT",2026-08-26T00:17:02+00:00
https://villiers.ai/empty-legs/kmia-kphx-challenger-300-2026-08-25-582464f9?id=ADHUHR,inactive,inactive,2026-08-23T18:47:02+00:00,2026-08-25T23:47:01+00:00,2026-08-26T00:17:02+00:00,"Challenger 300 | Miami International Airport → Phoenix Sky Harbor International Airport | $32,250",,Challenger 300,KMIA - Miami International Airport,KMIA,MIA,Miami International Airport,Miami,US,KPHX - Phoenix Sky Harbor International Airport,KPHX,PHX,Phoenix Sky Harbor International Airport,Phoenix,US,25 August 2026,2026-08-25,12:00,16:08,4h 8m,"$32,250",32250,USD,$,10,https://villiers.ai/empty-legs/kmia-kphx-challenger-300-2026-08-25-582464f9?id=ADHUHR,https://villiers.ai/empty-legs/kmia-kphx-challenger-300-2026-08-25-582464f9?id=ADHUHR,https://villiers.ai/empty-legs/kmia-kphx-challenger-300-2026-08-25-582464f9?id=ADHUHR,"Sun, 23 Aug 2026 18:22:00 GMT",2026-08-26T00:17:02+00:00
https://villiers.ai/empty-legs/ksna-kjhw-citation-x-2026-08-25-a4d228e7?id=ADHUHR,inactive,inactive,2026-08-23T18:47:02+00:00,2026-08-25T23:47:01+00:00,2026-08-26T00:17:02+00:00,"Citation X | John Wayne Orange County International Airport → Chautauqua County-Jamestown Airport | $25,800",,Citation X,KSNA - John Wayne Orange County International Airport,KSNA,SNA,John Wayne/Orange County Airport,Santa Ana,US,KJHW - Chautauqua County-Jamestown Airport,KJHW,JHW,Chautauqua County/Jamestown Airport,Jamestown,US,25 August 2026,2026-08-25,12:00,16:30,4h 30m,"$25,800",25800,USD,$,12,https://villiers.ai/empty-legs/ksna-kjhw-citation-x-2026-08-25-a4d228e7?id=ADHUHR,https://villiers.ai/empty-legs/ksna-kjhw-citation-x-2026-08-25-a4d228e7?id=ADHUHR,https://villiers.ai/empty-legs/ksna-kjhw-citation-x-2026-08-25-a4d228e7?id=ADHUHR,"Sun, 23 Aug 2026 18:22:06 GMT",2026-08-26T00:17:02+00:00
https://villiers.ai/empty-legs/ksyr-kfwa-citation-x-2026-08-25-8cd1decc?id=ADHUHR,inactive,inactive,2026-08-23T18:47:02+00:00,2026-08-25T23:47:01+00:00,2026-08-26T00:17:02+00:00,"Citation X | Syracuse Hancock International Airport → Fort Wayne International Airport | $9,675",,Citation X,KSYR - Syracuse Hancock International Airport,KSYR,SYR,Syracuse Hancock International Airport,Syracuse,US,KFWA - Fort Wayne International Airport,KFWA,FWA,Fort Wayne International Airport,Fort Wayne,US,25 August 2026,2026-08-25,12:00,13:24,1h 24m,"$9,675",9675,USD,$,12,https://villiers.ai/empty-legs/ksyr-kfwa-citation-x-2026-08-25-8cd1decc?id=ADHUHR,https://villiers.ai/empty-legs/ksyr-kfwa-citation-x-2026-08-25-8cd1decc?id=ADHUHR,https://villiers.ai/empty-legs/ksyr-kfwa-citation-x-2026-08-25-8cd1decc?id=ADHUHR,"Sun, 23 Aug 2026 18:22:06 GMT",2026-08-26T00:17:02+00:00
https://villiers.ai/empty-legs/ktpa-kfll-citation-x-2026-08-25-6e1de733?id=ADHUHR,inactive,inactive,2026-08-23T18:47:02+00:00,2026-08-25T23:47:01+00:00,2026-08-26T00:17:02+00:00,"Citation X | Tampa International Airport → Fort Lauderdale Hollywood International Airport | $8,600",,Citation X,KTPA - Tampa International Airport,KTPA,TPA,Tampa International Airport,Tampa,US,KFLL - Fort Lauderdale Hollywood International Airport,KFLL,FLL,Fort Lauderdale/Hollywood International Airport,Fort Lauderdale,US,25 August 2026,2026-08-25,12:00,12:51,52m,"$8,600",8600,USD,$,12,https://villiers.ai/empty-legs/ktpa-kfll-citation-x-2026-08-25-6e1de733?id=ADHUHR,https://villiers.ai/empty-legs/ktpa-kfll-citation-x-2026-08-25-6e1de733?id=ADHUHR,https://villiers.ai/empty-legs/ktpa-kfll-citation-x-2026-08-25-6e1de733?id=ADHUHR,"Sun, 23 Aug 2026 18:22:06 GMT",2026-08-26T00:17:02+00:00
https://villiers.ai/empty-legs/ktvl-kflg-citation-x-2026-08-25-0468c96c?id=ADHUHR,inactive,inactive,2026-08-23T18:47:02+00:00,2026-08-25T23:47:01+00:00,2026-08-26T00:17:02+00:00,"Citation X | Lake Tahoe Airport → Flagstaff Pulliam International Airport | $8,600",,Citation X,KTVL - Lake Tahoe Airport,KTVL,TVL,Lake Tahoe Airport,South Lake Tahoe,US,KFLG - Flagstaff Pulliam International Airport,KFLG,FLG,Flagstaff Pulliam Airport,Flagstaff,US,25 August 2026,2026-08-25,12:00,13:28,1h 28m,"$8,600",8600,USD,$,12,https://villiers.ai/empty-legs/ktvl-kflg-citation-x-2026-08-25-0468c96c?id=ADHUHR,https://villiers.ai/empty-legs/ktvl-kflg-citation-x-2026-08-25-0468c96c?id=ADHUHR,https://villiers.ai/empty-legs/ktvl-kflg-citation-x-2026-08-25-0468c96c?id=ADHUHR,"Sun, 23 Aug 2026 18:22:06 GMT",2026-08-26T00:17:02+00:00
https://villiers.ai/empty-legs/kvny-cyvr-challenger-300-2026-08-25-88216ab0?id=ADHUHR,inactive,inactive,2026-08-23T18:47:02+00:00,2026-08-25T23:47:01+00:00,2026-08-26T00:17:02+00:00,"Challenger 300 | Van Nuys Airport → Vancouver International Airport | $12,900",,Challenger 300,KVNY - Van Nuys Airport,KVNY,VNY,Van Nuys Airport,Van Nuys,US,CYVR - Vancouver International Airport,CYVR,YVR,Vancouver International Airport,Richmond,CA,25 August 2026,2026-08-25,12:00,14:27,2h 28m,"$12,900",12900,USD,$,10,https://villiers.ai/empty-legs/kvny-cyvr-challenger-300-2026-08-25-88216ab0?id=ADHUHR,https://villiers.ai/empty-legs/kvny-cyvr-challenger-300-2026-08-25-88216ab0?id=ADHUHR,https://villiers.ai/empty-legs/kvny-cyvr-challenger-300-2026-08-25-88216ab0?id=ADHUHR,"Sun, 23 Aug 2026 18:22:00 GMT",2026-08-26T00:17:02+00:00
https://villiers.ai/empty-legs/kvny-kabq-citation-x-2026-08-25-fe40ab44?id=ADHUHR,inactive,inactive,2026-08-23T18:47:02+00:00,2026-08-25T23:47:01+00:00,2026-08-26T00:17:02+00:00,"Citation X | Van Nuys Airport → Albuquerque International Sunport | $9,675",,Citation X,KVNY - Van Nuys Airport,KVNY,VNY,Van Nuys Airport,Van Nuys,US,KABQ - Albuquerque International Sunport,KABQ,ABQ,Albuquerque International Sunport Airport,Albuquerque,US,25 August 2026,2026-08-25,12:00,13:45,1h 45m,"$9,675",9675,USD,$,12,https://villiers.ai/empty-legs/kvny-kabq-citation-x-2026-08-25-fe40ab44?id=ADHUHR,https://villiers.ai/empty-legs/kvny-kabq-citation-x-2026-08-25-fe40ab44?id=ADHUHR,https://villiers.ai/empty-legs/kvny-kabq-citation-x-2026-08-25-fe40ab44?id=ADHUHR,"Sun, 23 Aug 2026 18:22:05 GMT",2026-08-26T00:17:02+00:00
https://villiers.ai/empty-legs/tjig-khrf-citation-x-2026-08-25-181a485f?id=ADHUHR,inactive,inactive,2026-08-23T18:47:02+00:00,2026-08-25T23:47:01+00:00,2026-08-26T00:17:02+00:00,"Citation X | Fernando Luis Ribas Dominicci Airport → Ravalli County Airport | $12,900",,Citation X,TJIG - Fernando Luis Ribas Dominicci Airport,TJIG,SIG,Fernando Luis Ribas Dominicci Airport,San Juan,US,KHRF - Ravalli County Airport,KHRF,,Ravalli County Airport,Hamilton,US,25 August 2026,2026-08-25,12:00,18:39,6h 39m,"$12,900",12900,USD,$,12,https://villiers.ai/empty-legs/tjig-khrf-citation-x-2026-08-25-181a485f?id=ADHUHR,https://villiers.ai/empty-legs/tjig-khrf-citation-x-2026-08-25-181a485f?id=ADHUHR,https://villiers.ai/empty-legs/tjig-khrf-citation-x-2026-08-25-181a485f?id=ADHUHR,"Sun, 23 Aug 2026 18:22:06 GMT",2026-08-26T00:17:02+00:00
https://villiers.ai/empty-legs/kack-kiad-pilatus-pc-12-ng-2026-08-27-046180c5?id=ADHUHR,inactive,inactive,2026-08-25T17:47:01+00:00,2026-08-27T23:47:01+00:00,2026-08-28T00:17:02+00:00,"Pilatus PC 12 NG | Nantucket Memorial Airport → Washington Dulles International Airport | $6,020",,Pilatus PC 12 NG,KACK - Nantucket Memorial Airport,KACK,ACK,Nantucket Memorial Airport,Nantucket,US,KIAD - Washington Dulles International Airport,KIAD,IAD,Washington Dulles International Airport,Washington,US,27 August 2026,2026-08-27,12:00,13:16,1h 17m,"$6,020",6020,USD,$,7,https://villiers.ai/empty-legs/kack-kiad-pilatus-pc-12-ng-2026-08-27-046180c5?id=ADHUHR,https://villiers.ai/empty-legs/kack-kiad-pilatus-pc-12-ng-2026-08-27-046180c5?id=ADHUHR,https://villiers.ai/empty-legs/kack-kiad-pilatus-pc-12-ng-2026-08-27-046180c5?id=ADHUHR,"Tue, 25 Aug 2026 17:17:14 GMT",2026-08-28T00:17:02+00:00
https://villiers.ai/empty-legs/kack-kmyj-pilatus-pc-12-ng-2026-08-27-328efbf2?id=ADHUHR,inactive,inactive,2026-08-26T17:17:02+00:00,2026-08-27T23:47:01+00:00,2026-08-28T00:17:02+00:00,"Pilatus PC-12 NG | Nantucket Memorial Airport → Mexico Memorial Airport | $18,490",,Pilatus PC-12 NG,KACK - Nantucket Memorial Airport,KACK,ACK,Nantucket Memorial Airport,Nantucket,US,KMYJ - Mexico Memorial Airport,KMYJ,,Mexico Memorial Airport,Mexico,US,27 August 2026,2026-08-27,12:00,14:38,2h 38m,"$18,490",18490,USD,$,7,https://villiers.ai/empty-legs/kack-kmyj-pilatus-pc-12-ng-2026-08-27-328efbf2?id=ADHUHR,https://villiers.ai/empty-legs/kack-kmyj-pilatus-pc-12-ng-2026-08-27-328efbf2?id=ADHUHR,https://villiers.ai/empty-legs/kack-kmyj-pilatus-pc-12-ng-2026-08-27-328efbf2?id=ADHUHR,"Wed, 26 Aug 2026 16:50:01 GMT",2026-08-28T00:17:02+00:00
https://villiers.ai/empty-legs/kbpt-kbfl-cessna-citation-ultra-2026-08-27-86b5923d?id=ADHUHR,inactive,inactive,2026-08-23T04:47:02+00:00,2026-08-27T23:47:01+00:00,2026-08-28T00:17:02+00:00,"Cessna Citation Ultra | Jack Brooks Regional Airport → Meadows Field | $14,835",,Cessna Citation Ultra,KBPT - Jack Brooks Regional Airport,KBPT,BPT,Jack Brooks Regional Airport,Beaumont/Port Arthur,US,KBFL - Meadows Field,KBFL,BFL,Meadows Field,Bakersfield,US,27 August 2026,2026-08-27,12:00,15:16,3h 16m,"$14,835",14835,USD,$,7,https://villiers.ai/empty-legs/kbpt-kbfl-cessna-citation-ultra-2026-08-27-86b5923d?id=ADHUHR,https://villiers.ai/empty-legs/kbpt-kbfl-cessna-citation-ultra-2026-08-27-86b5923d?id=ADHUHR,https://villiers.ai/empty-legs/kbpt-kbfl-cessna-citation-ultra-2026-08-27-86b5923d?id=ADHUHR,"Sun, 23 Aug 2026 04:28:21 GMT",2026-08-28T00:17:02+00:00
https://villiers.ai/empty-legs/kbpt-kpne-cessna-citation-ultra-2026-08-27-7513bfe2?id=ADHUHR,inactive,inactive,2026-08-23T04:47:02+00:00,2026-08-27T23:47:01+00:00,2026-08-28T00:17:02+00:00,"Cessna Citation Ultra | Jack Brooks Regional Airport → Northeast Philadelphia Airport | $9,998",,Cessna Citation Ultra,KBPT - Jack Brooks Regional Airport,KBPT,BPT,Jack Brooks Regional Airport,Beaumont/Port Arthur,US,KPNE - Northeast Philadelphia Airport,KPNE,PNE,Northeast Philadelphia Airport,Philadelphia,US,27 August 2026,2026-08-27,12:00,14:51,2h 52m,"$9,998",9998,USD,$,7,https://villiers.ai/empty-legs/kbpt-kpne-cessna-citation-ultra-2026-08-27-7513bfe2?id=ADHUHR,https://villiers.ai/empty-legs/kbpt-kpne-cessna-citation-ultra-2026-08-27-7513bfe2?id=ADHUHR,https://villiers.ai/empty-legs/kbpt-kpne-cessna-citation-ultra-2026-08-27-7513bfe2?id=ADHUHR,"Sun, 23 Aug 2026 04:28:21 GMT",2026-08-28T00:17:02+00:00
https://villiers.ai/empty-legs/kdal-kbfl-cessna-citation-v-2026-08-27-5d82262f?id=ADHUHR,inactive,inactive,2026-08-26T17:17:02+00:00,2026-08-27T23:47:01+00:00,2026-08-28T00:17:02+00:00,"Cessna Citation V | Dallas Love Field → Meadows Field | $13,760",,Cessna Citation V,KDAL - Dallas Love Field,KDAL,DAL,Dallas Love Field,Dallas,US,KBFL - Meadows Field,KBFL,BFL,Meadows Field,Bakersfield,US,27 August 2026,2026-08-27,12:00,14:51,2h 52m,"$13,760",13760,USD,$,7,https://villiers.ai/empty-legs/kdal-kbfl-cessna-citation-v-2026-08-27-5d82262f?id=ADHUHR,https://villiers.ai/empty-legs/kdal-kbfl-cessna-citation-v-2026-08-27-5d82262f?id=ADHUHR,https://villiers.ai/empty-legs/kdal-kbfl-cessna-citation-v-2026-08-27-5d82262f?id=ADHUHR,"Wed, 26 Aug 2026 16:50:01 GMT",2026-08-28T00:17:02+00:00
https://villiers.ai/empty-legs/kdal-kpne-cessna-citation-ultra-2026-08-27-ddc0da74?id=ADHUHR,inactive,inactive,2026-08-19T23:17:01+00:00,2026-08-27T23:47:01+00:00,2026-08-28T00:17:02+00:00,"Cessna Citation Ultra | Dallas Love Field → Northeast Philadelphia Airport | $9,998",,Cessna Citation Ultra,KDAL - Dallas Love Field,KDAL,DAL,Dallas Love Field,Dallas,US,KPNE - Northeast Philadelphia Airport,KPNE,PNE,Northeast Philadelphia Airport,Philadelphia,US,27 August 2026,2026-08-27,12:00,14:55,2h 55m,"$9,998",9998,USD,$,7,https://villiers.ai/empty-legs/kdal-kpne-cessna-citation-ultra-2026-08-27-ddc0da74?id=ADHUHR,https://villiers.ai/empty-legs/kdal-kpne-cessna-citation-ultra-2026-08-27-ddc0da74?id=ADHUHR,https://villiers.ai/empty-legs/kdal-kpne-cessna-citation-ultra-2026-08-27-ddc0da74?id=ADHUHR,"Wed, 19 Aug 2026 22:51:09 GMT",2026-08-28T00:17:02+00:00
https://villiers.ai/empty-legs/kgpt-kdal-cessna-citation-ultra-2026-08-27-e36fc4a5?id=ADHUHR,inactive,inactive,2026-08-26T17:17:02+00:00,2026-08-27T23:47:01+00:00,2026-08-28T00:17:02+00:00,"Cessna Citation Ultra | Gulfport Biloxi International Airport → Dallas Love Field | $5,590",,Cessna Citation Ultra,KGPT - Gulfport Biloxi International Airport,KGPT,GPT,Gulfport-Biloxi International Airport,Gulfport,US,KDAL - Dallas Love Field,KDAL,DAL,Dallas Love Field,Dallas,US,27 August 2026,2026-08-27,12:00,13:24,1h 24m,"$5,590",5590,USD,$,7,https://villiers.ai/empty-legs/kgpt-kdal-cessna-citation-ultra-2026-08-27-e36fc4a5?id=ADHUHR,https://villiers.ai/empty-legs/kgpt-kdal-cessna-citation-ultra-2026-08-27-e36fc4a5?id=ADHUHR,https://villiers.ai/empty-legs/kgpt-kdal-cessna-citation-ultra-2026-08-27-e36fc4a5?id=ADHUHR,"Wed, 26 Aug 2026 16:50:01 GMT",2026-08-28T00:17:02+00:00
https://villiers.ai/empty-legs/khou-kbfl-cessna-citation-ultra-2026-08-27-dbfec96a?id=ADHUHR,inactive,inactive,2026-08-19T23:17:01+00:00,2026-08-27T23:47:01+00:00,2026-08-28T00:17:02+00:00,"Cessna Citation Ultra | William P. Hobby Airport → Meadows Field | $14,190",,Cessna Citation Ultra,KHOU - William P. Hobby Airport,KHOU,HOU,William P Hobby Airport,Houston,US,KBFL - Meadows Field,KBFL,BFL,Meadows Field,Bakersfield,US,27 August 2026,2026-08-27,12:00,15:09,3h 9m,"$14,190",14190,USD,$,7,https://villiers.ai/empty-legs/khou-kbfl-cessna-citation-ultra-2026-08-27-dbfec96a?id=ADHUHR,https://villiers.ai/empty-legs/khou-kbfl-cessna-citation-ultra-2026-08-27-dbfec96a?id=ADHUHR,https://villiers.ai/empty-legs/khou-kbfl-cessna-citation-ultra-2026-08-27-dbfec96a?id=ADHUHR,"Wed, 19 Aug 2026 22:51:09 GMT",2026-08-28T00:17:02+00:00
https://villiers.ai/empty-legs/khou-kftw-2026-08-27?id=ADHUHR,inactive,inactive,2026-08-05T22:38:36+00:00,2026-08-27T23:47:01+00:00,2026-08-28T00:17:02+00:00,"Bombardier Challenger 604 | William P. Hobby Airport → Fort Worth Meacham International Airport | $7,095",,Bombardier Challenger 604,KHOU - William P. Hobby Airport,KHOU,HOU,William P Hobby Airport,Houston,US,KFTW - Fort Worth Meacham International Airport,KFTW,FTW,Fort Worth Meacham International Airport,Fort Worth,US,27 August 2026,2026-08-27,12:00,12:57,58m,"$7,095",7095,USD,$,10,https://villiers.ai/empty-legs/khou-kftw-2026-08-27?id=ADHUHR,https://villiers.ai/empty-legs/khou-kftw-2026-08-27?id=ADHUHR,https://villiers.ai/empty-legs/khou-kftw-2026-08-27?id=ADHUHR,"Wed, 15 Jul 2026 14:20:14 GMT",2026-08-28T00:17:02+00:00
https://villiers.ai/empty-legs/khou-kpne-cessna-citation-ultra-2026-08-27-d7cf87e0?id=ADHUHR,inactive,inactive,2026-08-23T18:47:02+00:00,2026-08-27T23:47:01+00:00,2026-08-28T00:17:02+00:00,"Cessna Citation Ultra | William P. Hobby Airport → Northeast Philadelphia Airport | $10,320",,Cessna Citation Ultra,KHOU - William P. Hobby Airport,KHOU,HOU,William P Hobby Airport,Houston,US,KPNE - Northeast Philadelphia Airport,KPNE,PNE,Northeast Philadelphia Airport,Philadelphia,US,27 August 2026,2026-08-27,12:00,14:59,2h 60m,"$10,320",10320,USD,$,7,https://villiers.ai/empty-legs/khou-kpne-cessna-citation-ultra-2026-08-27-d7cf87e0?id=ADHUHR,https://villiers.ai/empty-legs/khou-kpne-cessna-citation-ultra-2026-08-27-d7cf87e0?id=ADHUHR,https://villiers.ai/empty-legs/khou-kpne-cessna-citation-ultra-2026-08-27-d7cf87e0?id=ADHUHR,"Sun, 23 Aug 2026 18:23:22 GMT",2026-08-28T00:17:02+00:00
https://villiers.ai/empty-legs/kluk-kpne-cessna-citation-ultra-2026-08-27-96242a8c?id=ADHUHR,inactive,inactive,2026-08-27T16:47:01+00:00,2026-08-27T23:47:01+00:00,2026-08-28T00:17:02+00:00,"Cessna Citation Ultra | Cincinnati Municipal Airport Lunken Field → Northeast Philadelphia Airport | $4,193",,Cessna Citation Ultra,KLUK - Cincinnati Municipal Airport Lunken Field,KLUK,LUK,Cincinnati Municipal/Lunken Field,Cincinnati,US,KPNE - Northeast Philadelphia Airport,KPNE,PNE,Northeast Philadelphia Airport,Philadelphia,US,27 August 2026,2026-08-27,12:00,13:26,1h 26m,"$4,193",4193,USD,$,7,https://villiers.ai/empty-legs/kluk-kpne-cessna-citation-ultra-2026-08-27-96242a8c?id=ADHUHR,https://villiers.ai/empty-legs/kluk-kpne-cessna-citation-ultra-2026-08-27-96242a8c?id=ADHUHR,https://villiers.ai/empty-legs/kluk-kpne-cessna-citation-ultra-2026-08-27-96242a8c?id=ADHUHR,"Thu, 27 Aug 2026 16:34:20 GMT",2026-08-28T00:17:02+00:00
https://villiers.ai/empty-legs/ksaf-kcrq-citation-cj3-2026-08-27-f69a9eb3?id=ADHUHR,inactive,inactive,2026-08-27T00:47:02+00:00,2026-08-27T23:47:01+00:00,2026-08-28T00:17:02+00:00,"Citation CJ3 | Santa Fe Municipal Airport → McClellan-Palomar Airport | $5,913",,Citation CJ3,KSAF - Santa Fe Municipal Airport,KSAF,SAF,Santa Fe Regional Airport,Santa Fe,US,KCRQ - McClellan-Palomar Airport,KCRQ,CLD,Mc Clellan-Palomar Airport,Carlsbad,US,27 August 2026,2026-08-27,12:00,13:43,1h 43m,"$5,913",5913,USD,$,6,https://villiers.ai/empty-legs/ksaf-kcrq-citation-cj3-2026-08-27-f69a9eb3?id=ADHUHR,https://villiers.ai/empty-legs/ksaf-kcrq-citation-cj3-2026-08-27-f69a9eb3?id=ADHUHR,https://villiers.ai/empty-legs/ksaf-kcrq-citation-cj3-2026-08-27-f69a9eb3?id=ADHUHR,"Thu, 27 Aug 2026 00:21:40 GMT",2026-08-28T00:17:02+00:00
https://villiers.ai/empty-legs/ksan-kbfi-challenger-605-2026-08-27-baa1fd12?id=ADHUHR,inactive,inactive,2026-08-27T00:47:02+00:00,2026-08-27T23:47:01+00:00,2026-08-28T00:17:02+00:00,"Challenger 605 | San Diego International Airport → Boeing Field King County International Airport | $12,900",,Challenger 605,KSAN - San Diego International Airport,KSAN,SAN,San Diego International Airport,San Diego,US,KBFI - Boeing Field King County International Airport,KBFI,BFI,Boeing Field/King County International Airport,Seattle,US,27 August 2026,2026-08-27,12:00,14:27,2h 27m,"$12,900",12900,USD,$,9,https://villiers.ai/empty-legs/ksan-kbfi-challenger-605-2026-08-27-baa1fd12?id=ADHUHR,https://villiers.ai/empty-legs/ksan-kbfi-challenger-605-2026-08-27-baa1fd12?id=ADHUHR,https://villiers.ai/empty-legs/ksan-kbfi-challenger-605-2026-08-27-baa1fd12?id=ADHUHR,"Thu, 27 Aug 2026 00:21:40 GMT",2026-08-28T00:17:02+00:00
https://villiers.ai/empty-legs/kbmi-ksat-cessna-citation-v-2026-08-28-ed31dde1?id=ADHUHR,inactive,inactive,2026-08-25T17:47:01+00:00,2026-08-28T23:47:02+00:00,2026-08-29T00:17:02+00:00,"Cessna Citation V | Central Illinois Regional Airport at Bloomington-Normal → San Antonio International Airport | $10,320",,Cessna Citation V,KBMI - Central Illinois Regional Airport at Bloomington-Normal,KBMI,BMI,Central Il Regional/Bloomington-Normal Airport,Bloomington/Normal,US,KSAT - San Antonio International Airport,KSAT,SAT,San Antonio International Airport,San Antonio,US,28 August 2026,2026-08-28,12:00,14:12,2h 13m,"$10,320",10320,USD,$,7,https://villiers.ai/empty-legs/kbmi-ksat-cessna-citation-v-2026-08-28-ed31dde1?id=ADHUHR,https://villiers.ai/empty-legs/kbmi-ksat-cessna-citation-v-2026-08-28-ed31dde1?id=ADHUHR,https://villiers.ai/empty-legs/kbmi-ksat-cessna-citation-v-2026-08-28-ed31dde1?id=ADHUHR,"Tue, 25 Aug 2026 17:17:14 GMT",2026-08-29T00:17:02+00:00
https://villiers.ai/empty-legs/kcrq-ksdf-cj3-2026-08-28-4c1f626b?id=ADHUHR,inactive,inactive,2026-08-18T22:17:01+00:00,2026-08-28T23:47:02+00:00,2026-08-29T00:17:02+00:00,"CJ3 | McClellan-Palomar Airport → Louisville Muhammad Ali International Airport | $21,500",,CJ3,KCRQ - McClellan-Palomar Airport,KCRQ,CLD,Mc Clellan-Palomar Airport,Carlsbad,US,KSDF - Louisville Muhammad Ali International Airport,KSDF,SDF,Louisville Muhammad Ali International Airport,Louisville,US,28 August 2026,2026-08-28,12:00,15:49,3h 49m,"$21,500",21500,USD,$,8,https://villiers.ai/empty-legs/kcrq-ksdf-cj3-2026-08-28-4c1f626b?id=ADHUHR,https://villiers.ai/empty-legs/kcrq-ksdf-cj3-2026-08-28-4c1f626b?id=ADHUHR,https://villiers.ai/empty-legs/kcrq-ksdf-cj3-2026-08-28-4c1f626b?id=ADHUHR,"Tue, 18 Aug 2026 21:56:49 GMT",2026-08-29T00:17:02+00:00
https://villiers.ai/empty-legs/kdal-kt82-cessna-citation-v-2026-08-28-d2af0d54?id=ADHUHR,inactive,inactive,2026-08-25T17:47:01+00:00,2026-08-28T23:47:02+00:00,2026-08-29T00:17:02+00:00,"Cessna Citation V | Dallas Love Field → Gillespie County Airport | $3,118",,Cessna Citation V,KDAL - Dallas Love Field,KDAL,DAL,Dallas Love Field,Dallas,US,KT82 - Gillespie County Airport,KT82,,Gillespie County Airport,Fredericksburg,US,28 August 2026,2026-08-28,12:00,12:54,54m,"$3,118",3118,USD,$,7,https://villiers.ai/empty-legs/kdal-kt82-cessna-citation-v-2026-08-28-d2af0d54?id=ADHUHR,https://villiers.ai/empty-legs/kdal-kt82-cessna-citation-v-2026-08-28-d2af0d54?id=ADHUHR,https://villiers.ai/empty-legs/kdal-kt82-cessna-citation-v-2026-08-28-d2af0d54?id=ADHUHR,"Tue, 25 Aug 2026 17:17:14 GMT",2026-08-29T00:17:02+00:00
https://villiers.ai/empty-legs/kfok-khou-bombardier-challenger-300-2026-08-28-c73a70b8?id=ADHUHR,inactive,inactive,2026-08-23T04:47:02+00:00,2026-08-28T23:47:02+00:00,2026-08-29T00:17:02+00:00,"Bombardier Challenger 300 | Francis S Gabreski Airport → William P. Hobby Airport | $26,768",,Bombardier Challenger 300,KFOK - Francis S Gabreski Airport,KFOK,FOK,Francis S Gabreski Airport,Westhampton Beach,US,KHOU - William P. Hobby Airport,KHOU,HOU,William P Hobby Airport,Houston,US,28 August 2026,2026-08-28,12:00,15:14,3h 15m,"$26,768",26768,USD,$,9,https://villiers.ai/empty-legs/kfok-khou-bombardier-challenger-300-2026-08-28-c73a70b8?id=ADHUHR,https://villiers.ai/empty-legs/kfok-khou-bombardier-challenger-300-2026-08-28-c73a70b8?id=ADHUHR,https://villiers.ai/empty-legs/kfok-khou-bombardier-challenger-300-2026-08-28-c73a70b8?id=ADHUHR,"Sun, 23 Aug 2026 04:28:21 GMT",2026-08-29T00:17:02+00:00
https://villiers.ai/empty-legs/kftw-khou-2026-08-28?id=ADHUHR,inactive,inactive,2026-08-05T22:38:36+00:00,2026-08-28T23:47:02+00:00,2026-08-29T00:17:02+00:00,"Bombardier Challenger 604 | Fort Worth Meacham International Airport → William P. Hobby Airport | $6,343",,Bombardier Challenger 604,KFTW - Fort Worth Meacham International Airport,KFTW,FTW,Fort Worth Meacham International Airport,Fort Worth,US,KHOU - William P. Hobby Airport,KHOU,HOU,William P Hobby Airport,Houston,US,28 August 2026,2026-08-28,12:00,12:57,58m,"$6,343",6343,USD,$,10,https://villiers.ai/empty-legs/kftw-khou-2026-08-28?id=ADHUHR,https://villiers.ai/empty-legs/kftw-khou-2026-08-28?id=ADHUHR,https://villiers.ai/empty-legs/kftw-khou-2026-08-28?id=ADHUHR,"Thu, 30 Jul 2026 14:21:38 GMT",2026-08-29T00:17:02+00:00
https://villiers.ai/empty-legs/khml-kcrq-hawker-900xp-2026-08-28-622e6c5d?id=ADHUHR,inactive,inactive,2026-08-18T22:17:01+00:00,2026-08-28T23:47:02+00:00,2026-08-29T00:17:02+00:00,"Hawker 900XP | Hamilton Municipal Airport → McClellan-Palomar Airport | $16,125",,Hawker 900XP,KHML - Hamilton Municipal Airport,KHML,,Hamilton Municipal Airport,,,KCRQ - McClellan-Palomar Airport,KCRQ,CLD,Mc Clellan-Palomar Airport,Carlsbad,US,28 August 2026,2026-08-28,12:00,14:12,2h 12m,"$16,125",16125,USD,$,9,https://villiers.ai/empty-legs/khml-kcrq-hawker-900xp-2026-08-28-622e6c5d?id=ADHUHR,https://villiers.ai/empty-legs/khml-kcrq-hawker-900xp-2026-08-28-622e6c5d?id=ADHUHR,https://villiers.ai/empty-legs/khml-kcrq-hawker-900xp-2026-08-28-622e6c5d?id=ADHUHR,"Tue, 18 Aug 2026 21:56:49 GMT",2026-08-29T00:17:02+00:00
https://villiers.ai/empty-legs/khou-kdal-cessna-citation-ultra-2026-08-28-0ab68992?id=ADHUHR,inactive,inactive,2026-08-18T17:47:01+00:00,2026-08-28T23:47:02+00:00,2026-08-29T00:17:02+00:00,"Cessna Citation Ultra | William P. Hobby Airport → Dallas Love Field | $3,118",,Cessna Citation Ultra,KHOU - William P. Hobby Airport,KHOU,HOU,William P Hobby Airport,Houston,US,KDAL - Dallas Love Field,KDAL,DAL,Dallas Love Field,Dallas,US,28 August 2026,2026-08-28,12:00,12:56,57m,"$3,118",3118,USD,$,7,https://villiers.ai/empty-legs/khou-kdal-cessna-citation-ultra-2026-08-28-0ab68992?id=ADHUHR,https://villiers.ai/empty-legs/khou-kdal-cessna-citation-ultra-2026-08-28-0ab68992?id=ADHUHR,https://villiers.ai/empty-legs/khou-kdal-cessna-citation-ultra-2026-08-28-0ab68992?id=ADHUHR,"Tue, 18 Aug 2026 17:30:04 GMT",2026-08-29T00:17:02+00:00
https://villiers.ai/empty-legs/kpil-khou-pilatus-pc-12-ng-2026-08-28-102dc51b?id=ADHUHR,inactive,inactive,2026-08-25T17:47:01+00:00,2026-08-28T23:47:02+00:00,2026-08-29T00:17:02+00:00,"Pilatus PC 12 NG | Port Isabel Cameron County Airport → William P. Hobby Airport | $2,795",,Pilatus PC 12 NG,KPIL - Port Isabel Cameron County Airport,KPIL,,Cameron County Airport,Port Isabel,US,KHOU - William P. Hobby Airport,KHOU,HOU,William P Hobby Airport,Houston,US,28 August 2026,2026-08-28,12:00,13:00,1h 0m,"$2,795",2795,USD,$,7,https://villiers.ai/empty-legs/kpil-khou-pilatus-pc-12-ng-2026-08-28-102dc51b?id=ADHUHR,https://villiers.ai/empty-legs/kpil-khou-pilatus-pc-12-ng-2026-08-28-102dc51b?id=ADHUHR,https://villiers.ai/empty-legs/kpil-khou-pilatus-pc-12-ng-2026-08-28-102dc51b?id=ADHUHR,"Tue, 25 Aug 2026 17:17:15 GMT",2026-08-29T00:17:02+00:00
https://villiers.ai/empty-legs/kpil-kiws-pilatus-pc-12-ng-2026-08-28-0d6cb1ed?id=ADHUHR,inactive,inactive,2026-08-26T17:17:02+00:00,2026-08-28T23:47:02+00:00,2026-08-29T00:17:02+00:00,"Pilatus PC-12 NG | Port Isabel Cameron County Airport → West Houston Airport | $2,795",,Pilatus PC-12 NG,KPIL - Port Isabel Cameron County Airport,KPIL,,Cameron County Airport,Port Isabel,US,KIWS - West Houston Airport,KIWS,IWS,West Houston Airport,Houston,US,28 August 2026,2026-08-28,12:00,13:00,1h 0m,"$2,795",2795,USD,$,7,https://villiers.ai/empty-legs/kpil-kiws-pilatus-pc-12-ng-2026-08-28-0d6cb1ed?id=ADHUHR,https://villiers.ai/empty-legs/kpil-kiws-pilatus-pc-12-ng-2026-08-28-0d6cb1ed?id=ADHUHR,https://villiers.ai/empty-legs/kpil-kiws-pilatus-pc-12-ng-2026-08-28-0d6cb1ed?id=ADHUHR,"Wed, 26 Aug 2026 16:50:01 GMT",2026-08-29T00:17:02+00:00
https://villiers.ai/empty-legs/kpne-kfok-cessna-citation-ultra-2026-08-28-257926c1?id=ADHUHR,inactive,inactive,2026-08-08T00:17:02+00:00,2026-08-28T23:47:02+00:00,2026-08-29T00:17:02+00:00,"Cessna Citation Ultra | Northeast Philadelphia Airport → Francis S Gabreski Airport | $1,720",,Cessna Citation Ultra,KPNE - Northeast Philadelphia Airport,KPNE,PNE,Northeast Philadelphia Airport,Philadelphia,US,KFOK - Francis S Gabreski Airport,KFOK,FOK,Francis S Gabreski Airport,Westhampton Beach,US,28 August 2026,2026-08-28,12:00,12:45,45m,"$1,720",1720,USD,$,7,https://villiers.ai/empty-legs/kpne-kfok-cessna-citation-ultra-2026-08-28-257926c1?id=ADHUHR,https://villiers.ai/empty-legs/kpne-kfok-cessna-citation-ultra-2026-08-28-257926c1?id=ADHUHR,https://villiers.ai/empty-legs/kpne-kfok-cessna-citation-ultra-2026-08-28-257926c1?id=ADHUHR,"Fri, 07 Aug 2026 14:24:20 GMT",2026-08-29T00:17:02+00:00
https://villiers.ai/empty-legs/kprb-kcrq-beechjet-400a-2026-08-28-a8fc1956?id=ADHUHR,inactive,inactive,2026-08-18T22:17:01+00:00,2026-08-28T23:47:02+00:00,2026-08-29T00:17:02+00:00,"Beechjet 400A | Paso Robles Municipal Airport → McClellan-Palomar Airport | $5,375",,Beechjet 400A,KPRB - Paso Robles Municipal Airport,KPRB,PRB,Paso Robles Municipal Airport,Paso Robles,US,KCRQ - McClellan-Palomar Airport,KCRQ,CLD,Mc Clellan-Palomar Airport,Carlsbad,US,28 August 2026,2026-08-28,12:00,12:58,59m,"$5,375",5375,USD,$,8,https://villiers.ai/empty-legs/kprb-kcrq-beechjet-400a-2026-08-28-a8fc1956?id=ADHUHR,https://villiers.ai/empty-legs/kprb-kcrq-beechjet-400a-2026-08-28-a8fc1956?id=ADHUHR,https://villiers.ai/empty-legs/kprb-kcrq-beechjet-400a-2026-08-28-a8fc1956?id=ADHUHR,"Tue, 18 Aug 2026 21:56:48 GMT",2026-08-29T00:17:02+00:00
https://villiers.ai/empty-legs/eggw-lepa-aircraft-2026-08-29-ae88811f?id=ADHUHR,inactive,inactive,2026-08-14T18:47:02+00:00,2026-08-29T23:47:01+00:00,2026-08-30T00:17:02+00:00,"Private Jet | London Luton Airport → Palma de Mallorca Airport | £10,213",,Private Jet,EGGW - London Luton Airport,EGGW,LTN,London Luton Airport,London,GB,LEPA - Palma de Mallorca Airport,LEPA,PMI,Palma De Mallorca Airport,Palma De Mallorca,ES,29 August 2026,2026-08-29,12:00,14:05,2h 6m,"£10,213",10213,GBP,£,6,https://villiers.ai/empty-legs/eggw-lepa-aircraft-2026-08-29-ae88811f?id=ADHUHR,https://villiers.ai/empty-legs/eggw-lepa-aircraft-2026-08-29-ae88811f?id=ADHUHR,https://villiers.ai/empty-legs/eggw-lepa-aircraft-2026-08-29-ae88811f?id=ADHUHR,"Fri, 14 Aug 2026 18:19:45 GMT",2026-08-30T00:17:02+00:00
https://villiers.ai/empty-legs/eglf-leib-aircraft-2026-08-29-1f2e01e6?id=ADHUHR,inactive,inactive,2026-08-14T18:47:02+00:00,2026-08-29T23:47:01+00:00,2026-08-30T00:17:02+00:00,"Private Jet | Farnborough Airport → Ibiza Airport | £15,910",,Private Jet,EGLF - Farnborough Airport,EGLF,FAB,Farnborough Airport,Farnborough,GB,LEIB - Ibiza Airport,LEIB,IBZ,Ibiza Airport,Ibiza,ES,29 August 2026,2026-08-29,12:00,14:05,2h 6m,"£15,910",15910,GBP,£,9,https://villiers.ai/empty-legs/eglf-leib-aircraft-2026-08-29-1f2e01e6?id=ADHUHR,https://villiers.ai/empty-legs/eglf-leib-aircraft-2026-08-29-1f2e01e6?id=ADHUHR,https://villiers.ai/empty-legs/eglf-leib-aircraft-2026-08-29-1f2e01e6?id=ADHUHR,"Fri, 14 Aug 2026 18:19:45 GMT",2026-08-30T00:17:02+00:00
https://villiers.ai/empty-legs/kopf-kvji-gulfstream-iv-sp-2026-08-29-8393dfbe?id=ADHUHR,inactive,inactive,2026-08-29T20:47:02+00:00,2026-08-29T23:47:01+00:00,2026-08-30T00:17:02+00:00,"Gulfstream IV-SP | Miami-Opa Locka Executive Airport → Virginia Highlands Airport | $16,125",,Gulfstream IV-SP,KOPF - Miami-Opa Locka Executive Airport,KOPF,OPF,Miami-Opa Locka Executive Airport,Miami,US,KVJI - Virginia Highlands Airport,KVJI,VJI,Virginia Highlands Airport,Abingdon,US,29 August 2026,2026-08-29,12:00,13:53,1h 53m,"$16,125",16125,USD,$,16,https://villiers.ai/empty-legs/kopf-kvji-gulfstream-iv-sp-2026-08-29-8393dfbe?id=ADHUHR,https://villiers.ai/empty-legs/kopf-kvji-gulfstream-iv-sp-2026-08-29-8393dfbe?id=ADHUHR,https://villiers.ai/empty-legs/kopf-kvji-gulfstream-iv-sp-2026-08-29-8393dfbe?id=ADHUHR,"Sat, 29 Aug 2026 20:26:46 GMT",2026-08-30T00:17:02+00:00
https://villiers.ai/empty-legs/ksat-kamw-cessna-citation-v-2026-08-29-432f6175?id=ADHUHR,inactive,inactive,2026-08-25T17:47:01+00:00,2026-08-29T23:47:01+00:00,2026-08-30T00:17:02+00:00,"Cessna Citation V | San Antonio International Airport → Ames Municipal Airport | $7,955",,Cessna Citation V,KSAT - San Antonio International Airport,KSAT,SAT,San Antonio International Airport,San Antonio,US,KAMW - Ames Municipal Airport,KAMW,AMW,Ames Municipal Airport,Ames,US,29 August 2026,2026-08-29,12:00,14:10,2h 10m,"$7,955",7955,USD,$,7,https://villiers.ai/empty-legs/ksat-kamw-cessna-citation-v-2026-08-29-432f6175?id=ADHUHR,https://villiers.ai/empty-legs/ksat-kamw-cessna-citation-v-2026-08-29-432f6175?id=ADHUHR,https://villiers.ai/empty-legs/ksat-kamw-cessna-citation-v-2026-08-29-432f6175?id=ADHUHR,"Tue, 25 Aug 2026 17:17:15 GMT",2026-08-30T00:17:02+00:00
https://villiers.ai/empty-legs/ktrk-kcrq-beechjet-400a-2026-08-29-a372e5c1?id=ADHUHR,inactive,inactive,2026-08-18T22:17:01+00:00,2026-08-29T23:47:01+00:00,2026-08-30T00:17:02+00:00,"Beechjet 400A | Truckee Tahoe Airport → McClellan-Palomar Airport | $8,600",,Beechjet 400A,KTRK - Truckee Tahoe Airport,KTRK,TKF,Truckee-Tahoe Airport,Truckee,US,KCRQ - McClellan-Palomar Airport,KCRQ,CLD,Mc Clellan-Palomar Airport,Carlsbad,US,29 August 2026,2026-08-29,12:00,13:20,1h 21m,"$8,600",8600,USD,$,8,https://villiers.ai/empty-legs/ktrk-kcrq-beechjet-400a-2026-08-29-a372e5c1?id=ADHUHR,https://villiers.ai/empty-legs/ktrk-kcrq-beechjet-400a-2026-08-29-a372e5c1?id=ADHUHR,https://villiers.ai/empty-legs/ktrk-kcrq-beechjet-400a-2026-08-29-a372e5c1?id=ADHUHR,"Tue, 18 Aug 2026 21:56:49 GMT",2026-08-30T00:17:02+00:00
https://villiers.ai/empty-legs/eglf-lfpb-2026-08-30?id=ADHUHR,inactive,inactive,2026-08-05T22:38:36+00:00,2026-08-30T23:47:02+00:00,2026-08-31T00:17:03+00:00,"Citation XLS+ | Farnborough Airport → Paris Le Bourget Airport | £10,213",,Citation XLS+,EGLF - Farnborough Airport,EGLF,FAB,Farnborough Airport,Farnborough,GB,LFPB - Paris Le Bourget Airport,LFPB,LBG,Paris-Le Bourget Airport,Paris,FR,30 August 2026,2026-08-30,12:00,12:53,54m,"£10,213",10213,GBP,£,7,https://villiers.ai/empty-legs/eglf-lfpb-2026-08-30?id=ADHUHR,https://villiers.ai/empty-legs/eglf-lfpb-2026-08-30?id=ADHUHR,https://villiers.ai/empty-legs/eglf-lfpb-2026-08-30?id=ADHUHR,"Fri, 17 Jul 2026 22:25:16 GMT",2026-08-31T00:17:03+00:00
https://villiers.ai/empty-legs/kamw-khou-cessna-citation-ultra-2026-08-30-ef0296f0?id=ADHUHR,inactive,inactive,2026-08-23T18:47:02+00:00,2026-08-30T23:47:02+00:00,2026-08-31T00:17:03+00:00,"Cessna Citation Ultra | Ames Municipal Airport → William P. Hobby Airport | $8,600",,Cessna Citation Ultra,KAMW - Ames Municipal Airport,KAMW,AMW,Ames Municipal Airport,Ames,US,KHOU - William P. Hobby Airport,KHOU,HOU,William P Hobby Airport,Houston,US,30 August 2026,2026-08-30,12:00,14:05,2h 5m,"$8,600",8600,USD,$,7,https://villiers.ai/empty-legs/kamw-khou-cessna-citation-ultra-2026-08-30-ef0296f0?id=ADHUHR,https://villiers.ai/empty-legs/kamw-khou-cessna-citation-ultra-2026-08-30-ef0296f0?id=ADHUHR,https://villiers.ai/empty-legs/kamw-khou-cessna-citation-ultra-2026-08-30-ef0296f0?id=ADHUHR,"Sun, 23 Aug 2026 18:23:23 GMT",2026-08-31T00:17:03+00:00
https://villiers.ai/empty-legs/kbed-khou-bombardier-challenger-300-2026-08-30-1e2d4053?id=ADHUHR,inactive,inactive,2026-08-26T17:17:02+00:00,2026-08-30T23:47:02+00:00,2026-08-31T00:17:03+00:00,"Bombardier Challenger 300 | Laurence G Hanscom Field → William P. Hobby Airport | $29,133",,Bombardier Challenger 300,KBED - Laurence G Hanscom Field,KBED,BED,Laurence G Hanscom Field,Bedford,US,KHOU - William P. Hobby Airport,KHOU,HOU,William P Hobby Airport,Houston,US,30 August 2026,2026-08-30,12:00,15:27,3h 27m,"$29,133",29133,USD,$,9,https://villiers.ai/empty-legs/kbed-khou-bombardier-challenger-300-2026-08-30-1e2d4053?id=ADHUHR,https://villiers.ai/empty-legs/kbed-khou-bombardier-challenger-300-2026-08-30-1e2d4053?id=ADHUHR,https://villiers.ai/empty-legs/kbed-khou-bombardier-challenger-300-2026-08-30-1e2d4053?id=ADHUHR,"Wed, 26 Aug 2026 16:50:01 GMT",2026-08-31T00:17:03+00:00
https://villiers.ai/empty-legs/kdal-kamw-cessna-citation-v-2026-08-30-b55c5238?id=ADHUHR,inactive,inactive,2026-08-23T18:47:02+00:00,2026-08-30T23:47:02+00:00,2026-08-31T00:17:03+00:00,"Cessna Citation V | Dallas Love Field → Ames Municipal Airport | $6,235",,Cessna Citation V,KDAL - Dallas Love Field,KDAL,DAL,Dallas Love Field,Dallas,US,KAMW - Ames Municipal Airport,KAMW,AMW,Ames Municipal Airport,Ames,US,30 August 2026,2026-08-30,12:00,13:42,1h 43m,"$6,235",6235,USD,$,7,https://villiers.ai/empty-legs/kdal-kamw-cessna-citation-v-2026-08-30-b55c5238?id=ADHUHR,https://villiers.ai/empty-legs/kdal-kamw-cessna-citation-v-2026-08-30-b55c5238?id=ADHUHR,https://villiers.ai/empty-legs/kdal-kamw-cessna-citation-v-2026-08-30-b55c5238?id=ADHUHR,"Sun, 23 Aug 2026 18:23:23 GMT",2026-08-31T00:17:03+00:00
https://villiers.ai/empty-legs/kdal-khou-cessna-citation-ultra-2026-08-30-f3713b95?id=ADHUHR,inactive,inactive,2026-08-18T17:47:01+00:00,2026-08-30T23:47:02+00:00,2026-08-31T00:17:03+00:00,"Cessna Citation Ultra | Dallas Love Field → William P. Hobby Airport | $2,795",,Cessna Citation Ultra,KDAL - Dallas Love Field,KDAL,DAL,Dallas Love Field,Dallas,US,KHOU - William P. Hobby Airport,KHOU,HOU,William P Hobby Airport,Houston,US,30 August 2026,2026-08-30,12:00,12:56,57m,"$2,795",2795,USD,$,7,https://villiers.ai/empty-legs/kdal-khou-cessna-citation-ultra-2026-08-30-f3713b95?id=ADHUHR,https://villiers.ai/empty-legs/kdal-khou-cessna-citation-ultra-2026-08-30-f3713b95?id=ADHUHR,https://villiers.ai/empty-legs/kdal-khou-cessna-citation-ultra-2026-08-30-f3713b95?id=ADHUHR,"Tue, 18 Aug 2026 17:30:04 GMT",2026-08-31T00:17:03+00:00
https://villiers.ai/empty-legs/kfok-kdal-cessna-citation-ultra-2026-08-30-20f8967f?id=ADHUHR,inactive,inactive,2026-08-23T04:47:02+00:00,2026-08-30T23:47:02+00:00,2026-08-31T00:17:03+00:00,"Cessna Citation Ultra | Francis S Gabreski Airport → Dallas Love Field | $15,158",,Cessna Citation Ultra,KFOK - Francis S Gabreski Airport,KFOK,FOK,Francis S Gabreski Airport,Westhampton Beach,US,KDAL - Dallas Love Field,KDAL,DAL,Dallas Love Field,Dallas,US,30 August 2026,2026-08-30,12:00,15:10,3h 10m,"$15,158",15158,USD,$,7,https://villiers.ai/empty-legs/kfok-kdal-cessna-citation-ultra-2026-08-30-20f8967f?id=ADHUHR,https://villiers.ai/empty-legs/kfok-kdal-cessna-citation-ultra-2026-08-30-20f8967f?id=ADHUHR,https://villiers.ai/empty-legs/kfok-kdal-cessna-citation-ultra-2026-08-30-20f8967f?id=ADHUHR,"Sun, 23 Aug 2026 04:28:22 GMT",2026-08-31T00:17:03+00:00
https://villiers.ai/empty-legs/kfok-khou-cessna-citation-ultra-2026-08-30-4e380b26?id=ADHUHR,inactive,inactive,2026-08-19T23:17:01+00:00,2026-08-30T23:47:02+00:00,2026-08-31T00:17:03+00:00,"Cessna Citation Ultra | Francis S Gabreski Airport → William P. Hobby Airport | $15,158",,Cessna Citation Ultra,KFOK - Francis S Gabreski Airport,KFOK,FOK,Francis S Gabreski Airport,Westhampton Beach,US,KHOU - William P. Hobby Airport,KHOU,HOU,William P Hobby Airport,Houston,US,30 August 2026,2026-08-30,12:00,15:14,3h 15m,"$15,158",15158,USD,$,7,https://villiers.ai/empty-legs/kfok-khou-cessna-citation-ultra-2026-08-30-4e380b26?id=ADHUHR,https://villiers.ai/empty-legs/kfok-khou-cessna-citation-ultra-2026-08-30-4e380b26?id=ADHUHR,https://villiers.ai/empty-legs/kfok-khou-cessna-citation-ultra-2026-08-30-4e380b26?id=ADHUHR,"Wed, 19 Aug 2026 22:51:09 GMT",2026-08-31T00:17:03+00:00
https://villiers.ai/empty-legs/kfok-kpne-cessna-citation-ultra-2026-08-30-c0176eaf?id=ADHUHR,inactive,inactive,2026-08-08T00:17:02+00:00,2026-08-30T23:47:02+00:00,2026-08-31T00:17:03+00:00,"Cessna Citation Ultra | Francis S Gabreski Airport → Northeast Philadelphia Airport | $2,473",,Cessna Citation Ultra,KFOK - Francis S Gabreski Airport,KFOK,FOK,Francis S Gabreski Airport,Westhampton Beach,US,KPNE - Northeast Philadelphia Airport,KPNE,PNE,Northeast Philadelphia Airport,Philadelphia,US,30 August 2026,2026-08-30,12:00,12:45,45m,"$2,473",2473,USD,$,7,https://villiers.ai/empty-legs/kfok-kpne-cessna-citation-ultra-2026-08-30-c0176eaf?id=ADHUHR,https://villiers.ai/empty-legs/kfok-kpne-cessna-citation-ultra-2026-08-30-c0176eaf?id=ADHUHR,https://villiers.ai/empty-legs/kfok-kpne-cessna-citation-ultra-2026-08-30-c0176eaf?id=ADHUHR,"Fri, 07 Aug 2026 14:24:21 GMT",2026-08-31T00:17:03+00:00
https://villiers.ai/empty-legs/ksat-khou-cessna-citation-v-2026-08-30-ff20294b?id=ADHUHR,inactive,inactive,2026-08-27T16:47:01+00:00,2026-08-30T23:47:02+00:00,2026-08-31T00:17:03+00:00,"Cessna Citation V | San Antonio International Airport → William P. Hobby Airport | $2,473",,Cessna Citation V,KSAT - San Antonio International Airport,KSAT,SAT,San Antonio International Airport,San Antonio,US,KHOU - William P. Hobby Airport,KHOU,HOU,William P Hobby Airport,Houston,US,30 August 2026,2026-08-30,12:00,12:51,51m,"$2,473",2473,USD,$,7,https://villiers.ai/empty-legs/ksat-khou-cessna-citation-v-2026-08-30-ff20294b?id=ADHUHR,https://villiers.ai/empty-legs/ksat-khou-cessna-citation-v-2026-08-30-ff20294b?id=ADHUHR,https://villiers.ai/empty-legs/ksat-khou-cessna-citation-v-2026-08-30-ff20294b?id=ADHUHR,"Thu, 27 Aug 2026 16:34:20 GMT",2026-08-31T00:17:03+00:00
https://villiers.ai/empty-legs/ksbm-kmyj-pilatus-pc-12-ng-2026-08-30-d6ddd487?id=ADHUHR,inactive,inactive,2026-08-15T14:17:02+00:00,2026-08-30T23:47:02+00:00,2026-08-31T00:17:03+00:00,"Pilatus PC 12 NG | Sheboygan County Memorial Airport → Mexico Memorial Airport | $5,375",,Pilatus PC 12 NG,KSBM - Sheboygan County Memorial Airport,KSBM,SBM,Sheboygan County Memorial International Airport,Sheboygan,US,KMYJ - Mexico Memorial Airport,KMYJ,,Mexico Memorial Airport,Mexico,US,30 August 2026,2026-08-30,12:00,13:12,1h 12m,"$5,375",5375,USD,$,7,https://villiers.ai/empty-legs/ksbm-kmyj-pilatus-pc-12-ng-2026-08-30-d6ddd487?id=ADHUHR,https://villiers.ai/empty-legs/ksbm-kmyj-pilatus-pc-12-ng-2026-08-30-d6ddd487?id=ADHUHR,https://villiers.ai/empty-legs/ksbm-kmyj-pilatus-pc-12-ng-2026-08-30-d6ddd487?id=ADHUHR,"Sat, 15 Aug 2026 14:13:15 GMT",2026-08-31T00:17:03+00:00
https://villiers.ai/empty-legs/ktvc-ksbm-pilatus-pc-12-ng-2026-08-30-d21f52ff?id=ADHUHR,inactive,inactive,2026-08-15T14:17:02+00:00,2026-08-30T23:47:02+00:00,2026-08-31T00:17:03+00:00,"Pilatus PC 12 NG | Cherry Capital Airport → Sheboygan County Memorial Airport | $3,010",,Pilatus PC 12 NG,KTVC - Cherry Capital Airport,KTVC,TVC,Cherry Capital Airport,Traverse City,US,KSBM - Sheboygan County Memorial Airport,KSBM,SBM,Sheboygan County Memorial International Airport,Sheboygan,US,30 August 2026,2026-08-30,12:00,12:44,45m,"$3,010",3010,USD,$,7,https://villiers.ai/empty-legs/ktvc-ksbm-pilatus-pc-12-ng-2026-08-30-d21f52ff?id=ADHUHR,https://villiers.ai/empty-legs/ktvc-ksbm-pilatus-pc-12-ng-2026-08-30-d21f52ff?id=ADHUHR,https://villiers.ai/empty-legs/ktvc-ksbm-pilatus-pc-12-ng-2026-08-30-d21f52ff?id=ADHUHR,"Sat, 15 Aug 2026 14:13:15 GMT",2026-08-31T00:17:03+00:00
https://villiers.ai/empty-legs/kfok-kopf-cessna-citation-ultra-2026-08-31-a7d9e0c1?id=ADHUHR,inactive,inactive,2026-08-27T16:47:01+00:00,2026-08-31T23:47:01+00:00,2026-09-01T00:17:02+00:00,"Cessna Citation Ultra | Francis S Gabreski Airport → Miami-Opa Locka Executive Airport | $10,750",,Cessna Citation Ultra,KFOK - Francis S Gabreski Airport,KFOK,FOK,Francis S Gabreski Airport,Westhampton Beach,US,KOPF - Miami-Opa Locka Executive Airport,KOPF,OPF,Miami-Opa Locka Executive Airport,Miami,US,31 August 2026,2026-08-31,12:00,14:34,2h 34m,"$10,750",10750,USD,$,7,https://villiers.ai/empty-legs/kfok-kopf-cessna-citation-ultra-2026-08-31-a7d9e0c1?id=ADHUHR,https://villiers.ai/empty-legs/kfok-kopf-cessna-citation-ultra-2026-08-31-a7d9e0c1?id=ADHUHR,https://villiers.ai/empty-legs/kfok-kopf-cessna-citation-ultra-2026-08-31-a7d9e0c1?id=ADHUHR,"Thu, 27 Aug 2026 16:34:21 GMT",2026-09-01T00:17:02+00:00
https://villiers.ai/empty-legs/khou-kftw-pilatus-pc-12-ng-2026-08-31-39053b95?id=ADHUHR,inactive,inactive,2026-08-29T16:47:01+00:00,2026-08-31T23:47:01+00:00,2026-09-01T00:17:02+00:00,"Pilatus PC 12 NG | William P. Hobby Airport → Fort Worth Meacham International Airport | $3,010",,Pilatus PC 12 NG,KHOU - William P. Hobby Airport,KHOU,HOU,William P Hobby Airport,Houston,US,KFTW - Fort Worth Meacham International Airport,KFTW,FTW,Fort Worth Meacham International Airport,Fort Worth,US,31 August 2026,2026-08-31,12:00,12:57,58m,"$3,010",3010,USD,$,7,https://villiers.ai/empty-legs/khou-kftw-pilatus-pc-12-ng-2026-08-31-39053b95?id=ADHUHR,https://villiers.ai/empty-legs/khou-kftw-pilatus-pc-12-ng-2026-08-31-39053b95?id=ADHUHR,https://villiers.ai/empty-legs/khou-kftw-pilatus-pc-12-ng-2026-08-31-39053b95?id=ADHUHR,"Sat, 29 Aug 2026 16:17:45 GMT",2026-09-01T00:17:02+00:00
https://villiers.ai/empty-legs/khou-krdu-cessna-citation-v-2026-08-31-c0d5d197?id=ADHUHR,inactive,inactive,2026-08-29T05:17:02+00:00,2026-08-31T23:47:01+00:00,2026-09-01T00:17:02+00:00,"Cessna Citation V | William P. Hobby Airport → Raleigh Durham International Airport | $9,030",,Cessna Citation V,KHOU - William P. Hobby Airport,KHOU,HOU,William P Hobby Airport,Houston,US,KRDU - Raleigh Durham International Airport,KRDU,RDU,Raleigh-Durham International Airport,Raleigh/Durham,US,31 August 2026,2026-08-31,12:00,14:26,2h 26m,"$9,030",9030,USD,$,7,https://villiers.ai/empty-legs/khou-krdu-cessna-citation-v-2026-08-31-c0d5d197?id=ADHUHR,https://villiers.ai/empty-legs/khou-krdu-cessna-citation-v-2026-08-31-c0d5d197?id=ADHUHR,https://villiers.ai/empty-legs/khou-krdu-cessna-citation-v-2026-08-31-c0d5d197?id=ADHUHR,"Sat, 29 Aug 2026 05:00:41 GMT",2026-09-01T00:17:02+00:00
https://villiers.ai/empty-legs/kdal-khou-cessna-citation-ultra-2026-09-01-789eccd4?id=ADHUHR,inactive,inactive,2026-08-31T14:17:01+00:00,2026-09-01T23:47:01+00:00,2026-09-02T00:17:02+00:00,"Cessna Citation Ultra | Dallas Love Field → William P. Hobby Airport | $2,795",,Cessna Citation Ultra,KDAL - Dallas Love Field,KDAL,DAL,Dallas Love Field,Dallas,US,KHOU - William P. Hobby Airport,KHOU,HOU,William P Hobby Airport,Houston,US,01 September 2026,2026-09-01,12:00,12:56,57m,"$2,795",2795,USD,$,7,https://villiers.ai/empty-legs/kdal-khou-cessna-citation-ultra-2026-09-01-789eccd4?id=ADHUHR,https://villiers.ai/empty-legs/kdal-khou-cessna-citation-ultra-2026-09-01-789eccd4?id=ADHUHR,https://villiers.ai/empty-legs/kdal-khou-cessna-citation-ultra-2026-09-01-789eccd4?id=ADHUHR,"Mon, 31 Aug 2026 13:58:35 GMT",2026-09-02T00:17:02+00:00
https://villiers.ai/empty-legs/kftw-khou-pilatus-pc-12-ng-2026-09-01-f087394a?id=ADHUHR,inactive,inactive,2026-08-29T16:47:01+00:00,2026-09-01T23:47:01+00:00,2026-09-02T00:17:02+00:00,"Pilatus PC 12 NG | Fort Worth Meacham International Airport → William P. Hobby Airport | $2,795",,Pilatus PC 12 NG,KFTW - Fort Worth Meacham International Airport,KFTW,FTW,Fort Worth Meacham International Airport,Fort Worth,US,KHOU - William P. Hobby Airport,KHOU,HOU,William P Hobby Airport,Houston,US,01 September 2026,2026-09-01,12:00,12:57,58m,"$2,795",2795,USD,$,7,https://villiers.ai/empty-legs/kftw-khou-pilatus-pc-12-ng-2026-09-01-f087394a?id=ADHUHR,https://villiers.ai/empty-legs/kftw-khou-pilatus-pc-12-ng-2026-09-01-f087394a?id=ADHUHR,https://villiers.ai/empty-legs/kftw-khou-pilatus-pc-12-ng-2026-09-01-f087394a?id=ADHUHR,"Sat, 29 Aug 2026 16:17:45 GMT",2026-09-02T00:17:02+00:00
https://villiers.ai/empty-legs/sadf-sumu-gulfstream-g-v-2026-09-01-350116ab?id=ADHUHR,inactive,inactive,2026-08-31T17:47:01+00:00,2026-09-01T23:47:01+00:00,2026-09-02T00:17:02+00:00,"Gulfstream G-V | San Fernando Airport → Carrasco General Cesáreo L. Berisso International Airport | $6,988",,Gulfstream G-V,SADF - San Fernando Airport,SADF,FDO,San Fernando Airport,San Fernando,AR,SUMU - Carrasco General Cesáreo L. Berisso International Airport,SUMU,MVD,Carrasco International /General C L Berisso Airport,Montevideo,UY,01 September 2026,2026-09-01,12:33,13:19,46m,"$6,988",6988,USD,$,14,https://villiers.ai/empty-legs/sadf-sumu-gulfstream-g-v-2026-09-01-350116ab?id=ADHUHR,https://villiers.ai/empty-legs/sadf-sumu-gulfstream-g-v-2026-09-01-350116ab?id=ADHUHR,https://villiers.ai/empty-legs/sadf-sumu-gulfstream-g-v-2026-09-01-350116ab?id=ADHUHR,"Mon, 31 Aug 2026 17:26:45 GMT",2026-09-02T00:17:02+00:00
https://villiers.ai/empty-legs/eggw-lszh-aircraft-2026-09-02-a3efb61d?id=ADHUHR,inactive,inactive,2026-08-14T18:47:02+00:00,2026-09-02T23:47:01+00:00,2026-09-03T00:17:03+00:00,"Private Jet | London Luton Airport → Zürich Airport | £7,418",,Private Jet,EGGW - London Luton Airport,EGGW,LTN,London Luton Airport,London,GB,LSZH - Zürich Airport,LSZH,ZRH,Zurich Airport,Zurich,CH,02 September 2026,2026-09-02,12:00,13:25,1h 26m,"£7,418",7418,GBP,£,6,https://villiers.ai/empty-legs/eggw-lszh-aircraft-2026-09-02-a3efb61d?id=ADHUHR,https://villiers.ai/empty-legs/eggw-lszh-aircraft-2026-09-02-a3efb61d?id=ADHUHR,https://villiers.ai/empty-legs/eggw-lszh-aircraft-2026-09-02-a3efb61d?id=ADHUHR,"Fri, 14 Aug 2026 18:19:45 GMT",2026-09-03T00:17:03+00:00
https://villiers.ai/empty-legs/kacy-khpn-bombardier-challenger-300-2026-09-02-f36b24e0?id=ADHUHR,inactive,inactive,2026-09-02T16:17:01+00:00,2026-09-02T23:47:01+00:00,2026-09-03T00:17:03+00:00,"Bombardier Challenger 300 | Atlantic City International Airport → Westchester County Airport | $8,600",,Bombardier Challenger 300,KACY - Atlantic City International Airport,KACY,ACY,Atlantic City International Airport,Atlantic City,US,KHPN - Westchester County Airport,KHPN,HPN,Westchester County Airport,White Plains,US,02 September 2026,2026-09-02,12:00,12:43,43m,"$8,600",8600,USD,$,10,https://villiers.ai/empty-legs/kacy-khpn-bombardier-challenger-300-2026-09-02-f36b24e0?id=ADHUHR,https://villiers.ai/empty-legs/kacy-khpn-bombardier-challenger-300-2026-09-02-f36b24e0?id=ADHUHR,https://villiers.ai/empty-legs/kacy-khpn-bombardier-challenger-300-2026-09-02-f36b24e0?id=ADHUHR,"Wed, 02 Sep 2026 15:56:34 GMT",2026-09-03T00:17:03+00:00
https://villiers.ai/empty-legs/kaus-khou-pilatus-pc-12-ng-2026-09-02-441f07d4?id=ADHUHR,inactive,inactive,2026-08-08T00:17:02+00:00,2026-09-02T23:47:01+00:00,2026-09-03T00:17:03+00:00,"Pilatus PC-12 NG | Austin Bergstrom International Airport → William P. Hobby Airport | $1,720",,Pilatus PC-12 NG,KAUS - Austin Bergstrom International Airport,KAUS,AUS,Austin-Bergstrom International Airport,Austin,US,KHOU - William P. Hobby Airport,KHOU,HOU,William P Hobby Airport,Houston,US,02 September 2026,2026-09-02,12:00,12:46,46m,"$1,720",1720,USD,$,7,https://villiers.ai/empty-legs/kaus-khou-pilatus-pc-12-ng-2026-09-02-441f07d4?id=ADHUHR,https://villiers.ai/empty-legs/kaus-khou-pilatus-pc-12-ng-2026-09-02-441f07d4?id=ADHUHR,https://villiers.ai/empty-legs/kaus-khou-pilatus-pc-12-ng-2026-09-02-441f07d4?id=ADHUHR,"Fri, 07 Aug 2026 14:24:21 GMT",2026-09-03T00:17:03+00:00
https://villiers.ai/empty-legs/kbdl-83fl-bombardier-challenger-300-2026-09-02-638fb21d?id=ADHUHR,inactive,inactive,2026-09-02T16:17:01+00:00,2026-09-02T23:47:01+00:00,2026-09-03T00:17:03+00:00,"Bombardier Challenger 300 | Bradley International Airport → Nassau Airport | $10,750",,Bombardier Challenger 300,KBDL - Bradley International Airport,KBDL,BDL,Bradley International Airport,Windsor Locks,US,83FL - Nassau Airport,83FL,,Nassau Airport,Yulee,US,02 September 2026,2026-09-02,12:00,14:12,2h 12m,"$10,750",10750,USD,$,10,https://villiers.ai/empty-legs/kbdl-83fl-bombardier-challenger-300-2026-09-02-638fb21d?id=ADHUHR,https://villiers.ai/empty-legs/kbdl-83fl-bombardier-challenger-300-2026-09-02-638fb21d?id=ADHUHR,https://villiers.ai/empty-legs/kbdl-83fl-bombardier-challenger-300-2026-09-02-638fb21d?id=ADHUHR,"Wed, 02 Sep 2026 15:56:35 GMT",2026-09-03T00:17:03+00:00
https://villiers.ai/empty-legs/kchs-kpdk-bombardier-challenger-300-2026-09-02-ad4003e2?id=ADHUHR,inactive,inactive,2026-09-02T16:17:01+00:00,2026-09-02T23:47:01+00:00,2026-09-03T00:17:03+00:00,"Bombardier Challenger 300 | Charleston International Airport → DeKalb Peachtree Airport | $8,600",,Bombardier Challenger 300,KCHS - Charleston International Airport,KCHS,CHS,Charleston Afb/International Airport,Charleston,US,KPDK - DeKalb Peachtree Airport,KPDK,PDK,Dekalb-Peachtree Airport,Atlanta,US,02 September 2026,2026-09-02,12:00,12:58,58m,"$8,600",8600,USD,$,10,https://villiers.ai/empty-legs/kchs-kpdk-bombardier-challenger-300-2026-09-02-ad4003e2?id=ADHUHR,https://villiers.ai/empty-legs/kchs-kpdk-bombardier-challenger-300-2026-09-02-ad4003e2?id=ADHUHR,https://villiers.ai/empty-legs/kchs-kpdk-bombardier-challenger-300-2026-09-02-ad4003e2?id=ADHUHR,"Wed, 02 Sep 2026 15:56:35 GMT",2026-09-03T00:17:03+00:00
https://villiers.ai/empty-legs/kfok-khqz-cessna-citation-ultra-2026-09-02-4240ee36?id=ADHUHR,inactive,inactive,2026-09-02T06:17:02+00:00,2026-09-02T23:47:01+00:00,2026-09-03T00:17:03+00:00,"Cessna Citation Ultra | Francis S Gabreski Airport → Mesquite Metro Airport | $15,158",,Cessna Citation Ultra,KFOK - Francis S Gabreski Airport,KFOK,FOK,Francis S Gabreski Airport,Westhampton Beach,US,KHQZ - Mesquite Metro Airport,KHQZ,,Mesquite Metro Airport,Mesquite,US,02 September 2026,2026-09-02,12:00,15:08,3h 9m,"$15,158",15158,USD,$,7,https://villiers.ai/empty-legs/kfok-khqz-cessna-citation-ultra-2026-09-02-4240ee36?id=ADHUHR,https://villiers.ai/empty-legs/kfok-khqz-cessna-citation-ultra-2026-09-02-4240ee36?id=ADHUHR,https://villiers.ai/empty-legs/kfok-khqz-cessna-citation-ultra-2026-09-02-4240ee36?id=ADHUHR,"Wed, 02 Sep 2026 06:04:47 GMT",2026-09-03T00:17:03+00:00
https://villiers.ai/empty-legs/kfok-krdu-cessna-citation-ultra-2026-09-02-2eed71f3?id=ADHUHR,inactive,inactive,2026-08-29T16:47:01+00:00,2026-09-02T23:47:01+00:00,2026-09-03T00:17:03+00:00,"Cessna Citation Ultra | Francis S Gabreski Airport → Raleigh Durham International Airport | $5,590",,Cessna Citation Ultra,KFOK - Francis S Gabreski Airport,KFOK,FOK,Francis S Gabreski Airport,Westhampton Beach,US,KRDU - Raleigh Durham International Airport,KRDU,RDU,Raleigh-Durham International Airport,Raleigh/Durham,US,02 September 2026,2026-09-02,12:00,13:23,1h 23m,"$5,590",5590,USD,$,7,https://villiers.ai/empty-legs/kfok-krdu-cessna-citation-ultra-2026-09-02-2eed71f3?id=ADHUHR,https://villiers.ai/empty-legs/kfok-krdu-cessna-citation-ultra-2026-09-02-2eed71f3?id=ADHUHR,https://villiers.ai/empty-legs/kfok-krdu-cessna-citation-ultra-2026-09-02-2eed71f3?id=ADHUHR,"Sat, 29 Aug 2026 16:17:45 GMT",2026-09-03T00:17:03+00:00
https://villiers.ai/empty-legs/khou-kmaf-cessna-citation-ultra-2026-09-02-b0482bde?id=ADHUHR,inactive,inactive,2026-08-27T16:47:01+00:00,2026-09-02T23:47:01+00:00,2026-09-03T00:17:03+00:00,"Cessna Citation Ultra | William P. Hobby Airport → Midland International Air and Space Port | $4,838",,Cessna Citation Ultra,KHOU - William P. Hobby Airport,KHOU,HOU,William P Hobby Airport,Houston,US,KMAF - Midland International Air and Space Port,KMAF,MAF,Midland International Air And Space Port Airport,Midland,US,02 September 2026,2026-09-02,12:00,13:18,1h 19m,"$4,838",4838,USD,$,7,https://villiers.ai/empty-legs/khou-kmaf-cessna-citation-ultra-2026-09-02-b0482bde?id=ADHUHR,https://villiers.ai/empty-legs/khou-kmaf-cessna-citation-ultra-2026-09-02-b0482bde?id=ADHUHR,https://villiers.ai/empty-legs/khou-kmaf-cessna-citation-ultra-2026-09-02-b0482bde?id=ADHUHR,"Thu, 27 Aug 2026 16:34:21 GMT",2026-09-03T00:17:03+00:00
https://villiers.ai/empty-legs/kmaf-mmep-bombardier-challenger-300-2026-09-02-a3f146f4?id=ADHUHR,inactive,inactive,2026-09-02T16:17:01+00:00,2026-09-02T23:47:01+00:00,2026-09-03T00:17:03+00:00,"Bombardier Challenger 300 | Midland International Air and Space Port → Amado Nervo National Airport | $15,050",,Bombardier Challenger 300,KMAF - Midland International Air and Space Port,KMAF,MAF,Midland International Air And Space Port Airport,Midland,US,MMEP - Amado Nervo National Airport,MMEP,TPQ,Amado Nervo National Airport,Tepic,MX,02 September 2026,2026-09-02,12:00,13:52,1h 53m,"$15,050",15050,USD,$,10,https://villiers.ai/empty-legs/kmaf-mmep-bombardier-challenger-300-2026-09-02-a3f146f4?id=ADHUHR,https://villiers.ai/empty-legs/kmaf-mmep-bombardier-challenger-300-2026-09-02-a3f146f4?id=ADHUHR,https://villiers.ai/empty-legs/kmaf-mmep-bombardier-challenger-300-2026-09-02-a3f146f4?id=ADHUHR,"Wed, 02 Sep 2026 15:56:37 GMT",2026-09-03T00:17:03+00:00
https://villiers.ai/empty-legs/kmsp-kcle-bombardier-challenger-300-2026-09-02-81085883?id=ADHUHR,inactive,inactive,2026-09-02T16:17:01+00:00,2026-09-02T23:47:01+00:00,2026-09-03T00:17:03+00:00,"Bombardier Challenger 300 | Minneapolis–Saint Paul International Airport / Wold–Chamberlain Field → Cleveland Hopkins International Airport | $9,675",,Bombardier Challenger 300,KMSP - Minneapolis–Saint Paul International Airport / Wold–Chamberlain Field,KMSP,MSP,Minneapolis-St Paul International/Wold-Chamberlain Airport,Minneapolis,US,KCLE - Cleveland Hopkins International Airport,KCLE,CLE,Cleveland-Hopkins International Airport,Cleveland,US,02 September 2026,2026-09-02,12:00,13:38,1h 39m,"$9,675",9675,USD,$,10,https://villiers.ai/empty-legs/kmsp-kcle-bombardier-challenger-300-2026-09-02-81085883?id=ADHUHR,https://villiers.ai/empty-legs/kmsp-kcle-bombardier-challenger-300-2026-09-02-81085883?id=ADHUHR,https://villiers.ai/empty-legs/kmsp-kcle-bombardier-challenger-300-2026-09-02-81085883?id=ADHUHR,"Wed, 02 Sep 2026 15:56:38 GMT",2026-09-03T00:17:03+00:00
https://villiers.ai/empty-legs/kopf-krdu-cessna-citation-ultra-2026-09-02-d5b2fe9b?id=ADHUHR,inactive,inactive,2026-08-29T05:17:02+00:00,2026-09-02T23:47:01+00:00,2026-09-03T00:17:03+00:00,"Cessna Citation Ultra | Miami-Opa Locka Executive Airport → Raleigh Durham International Airport | $6,235",,Cessna Citation Ultra,KOPF - Miami-Opa Locka Executive Airport,KOPF,OPF,Miami-Opa Locka Executive Airport,Miami,US,KRDU - Raleigh Durham International Airport,KRDU,RDU,Raleigh-Durham International Airport,Raleigh/Durham,US,02 September 2026,2026-09-02,12:00,13:47,1h 47m,"$6,235",6235,USD,$,7,https://villiers.ai/empty-legs/kopf-krdu-cessna-citation-ultra-2026-09-02-d5b2fe9b?id=ADHUHR,https://villiers.ai/empty-legs/kopf-krdu-cessna-citation-ultra-2026-09-02-d5b2fe9b?id=ADHUHR,https://villiers.ai/empty-legs/kopf-krdu-cessna-citation-ultra-2026-09-02-d5b2fe9b?id=ADHUHR,"Sat, 29 Aug 2026 05:00:41 GMT",2026-09-03T00:17:03+00:00
https://villiers.ai/empty-legs/krtn-khou-cessna-citation-ultra-2026-09-02-0551ed67?id=ADHUHR,inactive,inactive,2026-09-02T15:47:02+00:00,2026-09-02T23:47:01+00:00,2026-09-03T00:17:03+00:00,"Cessna Citation Ultra | Raton Municipal Airport / Crews Field → William P. Hobby Airport | $6,235",,Cessna Citation Ultra,KRTN - Raton Municipal Airport / Crews Field,KRTN,RTN,Raton Municipal/Crews Field,Raton,US,KHOU - William P. Hobby Airport,KHOU,HOU,William P Hobby Airport,Houston,US,02 September 2026,2026-09-02,12:00,13:50,1h 50m,"$6,235",6235,USD,$,7,https://villiers.ai/empty-legs/krtn-khou-cessna-citation-ultra-2026-09-02-0551ed67?id=ADHUHR,https://villiers.ai/empty-legs/krtn-khou-cessna-citation-ultra-2026-09-02-0551ed67?id=ADHUHR,https://villiers.ai/empty-legs/krtn-khou-cessna-citation-ultra-2026-09-02-0551ed67?id=ADHUHR,"Wed, 02 Sep 2026 15:34:27 GMT",2026-09-03T00:17:03+00:00
https://villiers.ai/empty-legs/ksba-kvny-bombardier-challenger-300-2026-09-02-01b539fa?id=ADHUHR,inactive,inactive,2026-09-02T16:17:01+00:00,2026-09-02T23:47:01+00:00,2026-09-03T00:17:03+00:00,"Bombardier Challenger 300 | Santa Barbara Municipal Airport → Van Nuys Airport | $8,600",,Bombardier Challenger 300,KSBA - Santa Barbara Municipal Airport,KSBA,SBA,Santa Barbara Municipal Airport,Santa Barbara,US,KVNY - Van Nuys Airport,KVNY,VNY,Van Nuys Airport,Van Nuys,US,02 September 2026,2026-09-02,12:00,12:38,39m,"$8,600",8600,USD,$,10,https://villiers.ai/empty-legs/ksba-kvny-bombardier-challenger-300-2026-09-02-01b539fa?id=ADHUHR,https://villiers.ai/empty-legs/ksba-kvny-bombardier-challenger-300-2026-09-02-01b539fa?id=ADHUHR,https://villiers.ai/empty-legs/ksba-kvny-bombardier-challenger-300-2026-09-02-01b539fa?id=ADHUHR,"Wed, 02 Sep 2026 15:56:38 GMT",2026-09-03T00:17:03+00:00
https://villiers.ai/empty-legs/ktex-krno-bombardier-challenger-300-2026-09-02-a79f40a2?id=ADHUHR,inactive,inactive,2026-09-02T16:17:01+00:00,2026-09-02T23:47:01+00:00,2026-09-03T00:17:03+00:00,"Bombardier Challenger 300 | Telluride Regional Airport → Reno Tahoe International Airport | $9,675",,Bombardier Challenger 300,KTEX - Telluride Regional Airport,KTEX,TEX,Telluride Regional Airport,Telluride,US,KRNO - Reno Tahoe International Airport,KRNO,RNO,Reno/Tahoe International Airport,Reno,US,02 September 2026,2026-09-02,12:00,13:41,1h 42m,"$9,675",9675,USD,$,10,https://villiers.ai/empty-legs/ktex-krno-bombardier-challenger-300-2026-09-02-a79f40a2?id=ADHUHR,https://villiers.ai/empty-legs/ktex-krno-bombardier-challenger-300-2026-09-02-a79f40a2?id=ADHUHR,https://villiers.ai/empty-legs/ktex-krno-bombardier-challenger-300-2026-09-02-a79f40a2?id=ADHUHR,"Wed, 02 Sep 2026 15:56:39 GMT",2026-09-03T00:17:03+00:00
https://villiers.ai/empty-legs/eggw-lfbo-aircraft-2026-09-03-41ddde01?id=ADHUHR,inactive,inactive,2026-08-14T18:47:02+00:00,2026-09-03T23:47:01+00:00,2026-09-04T00:17:02+00:00,"Private Jet | London Luton Airport → Toulouse-Blagnac Airport | £12,578",,Private Jet,EGGW - London Luton Airport,EGGW,LTN,London Luton Airport,London,GB,LFBO - Toulouse-Blagnac Airport,LFBO,TLS,Toulouse-Blagnac Airport,Toulouse/Blagnac,FR,03 September 2026,2026-09-03,12:00,13:33,1h 34m,"£12,578",12578,GBP,£,6,https://villiers.ai/empty-legs/eggw-lfbo-aircraft-2026-09-03-41ddde01?id=ADHUHR,https://villiers.ai/empty-legs/eggw-lfbo-aircraft-2026-09-03-41ddde01?id=ADHUHR,https://villiers.ai/empty-legs/eggw-lfbo-aircraft-2026-09-03-41ddde01?id=ADHUHR,"Fri, 14 Aug 2026 18:19:45 GMT",2026-09-04T00:17:02+00:00
https://villiers.ai/empty-legs/kaus-kiws-pilatus-pc-12-ng-2026-09-03-36613c16?id=ADHUHR,inactive,inactive,2026-08-27T16:47:01+00:00,2026-09-03T23:47:01+00:00,2026-09-04T00:17:02+00:00,"Pilatus PC-12 NG | Austin Bergstrom International Airport → West Houston Airport | $1,505",,Pilatus PC-12 NG,KAUS - Austin Bergstrom International Airport,KAUS,AUS,Austin-Bergstrom International Airport,Austin,US,KIWS - West Houston Airport,KIWS,IWS,West Houston Airport,Houston,US,03 September 2026,2026-09-03,12:00,12:43,44m,"$1,505",1505,USD,$,7,https://villiers.ai/empty-legs/kaus-kiws-pilatus-pc-12-ng-2026-09-03-36613c16?id=ADHUHR,https://villiers.ai/empty-legs/kaus-kiws-pilatus-pc-12-ng-2026-09-03-36613c16?id=ADHUHR,https://villiers.ai/empty-legs/kaus-kiws-pilatus-pc-12-ng-2026-09-03-36613c16?id=ADHUHR,"Thu, 27 Aug 2026 16:34:21 GMT",2026-09-04T00:17:02+00:00
https://villiers.ai/empty-legs/kcrq-kbfi-pilatus-pc-12-ngx-2026-09-03-42433782?id=ADHUHR,inactive,inactive,2026-09-02T23:17:02+00:00,2026-09-03T23:47:01+00:00,2026-09-04T00:17:02+00:00,"Pilatus PC-12 NGX | McClellan-Palomar Airport → Boeing Field King County International Airport | $9,138",,Pilatus PC-12 NGX,KCRQ - McClellan-Palomar Airport,KCRQ,CLD,Mc Clellan-Palomar Airport,Carlsbad,US,KBFI - Boeing Field King County International Airport,KBFI,BFI,Boeing Field/King County International Airport,Seattle,US,03 September 2026,2026-09-03,12:00,14:24,2h 24m,"$9,138",9138,USD,$,8,https://villiers.ai/empty-legs/kcrq-kbfi-pilatus-pc-12-ngx-2026-09-03-42433782?id=ADHUHR,https://villiers.ai/empty-legs/kcrq-kbfi-pilatus-pc-12-ngx-2026-09-03-42433782?id=ADHUHR,https://villiers.ai/empty-legs/kcrq-kbfi-pilatus-pc-12-ngx-2026-09-03-42433782?id=ADHUHR,"Wed, 02 Sep 2026 22:54:40 GMT",2026-09-04T00:17:02+00:00
https://villiers.ai/empty-legs/kdal-khou-cessna-citation-ultra-2026-09-03-105fd2b2?id=ADHUHR,inactive,inactive,2026-09-02T06:17:02+00:00,2026-09-03T23:47:01+00:00,2026-09-04T00:17:02+00:00,"Cessna Citation Ultra | Dallas Love Field → William P. Hobby Airport | $2,795",,Cessna Citation Ultra,KDAL - Dallas Love Field,KDAL,DAL,Dallas Love Field,Dallas,US,KHOU - William P. Hobby Airport,KHOU,HOU,William P Hobby Airport,Houston,US,03 September 2026,2026-09-03,12:00,12:56,57m,"$2,795",2795,USD,$,7,https://villiers.ai/empty-legs/kdal-khou-cessna-citation-ultra-2026-09-03-105fd2b2?id=ADHUHR,https://villiers.ai/empty-legs/kdal-khou-cessna-citation-ultra-2026-09-03-105fd2b2?id=ADHUHR,https://villiers.ai/empty-legs/kdal-khou-cessna-citation-ultra-2026-09-03-105fd2b2?id=ADHUHR,"Wed, 02 Sep 2026 06:04:47 GMT",2026-09-04T00:17:02+00:00
https://villiers.ai/empty-legs/kedc-kftw-bombardier-challenger-300-2026-09-03-91803953?id=ADHUHR,inactive,inactive,2026-09-02T16:17:01+00:00,2026-09-03T23:47:01+00:00,2026-09-04T00:17:02+00:00,"Bombardier Challenger 300 | Austin Executive Airport → Fort Worth Meacham International Airport | $8,600",,Bombardier Challenger 300,KEDC - Austin Executive Airport,KEDC,EDC,Austin Executive Airport,Austin,US,KFTW - Fort Worth Meacham International Airport,KFTW,FTW,Fort Worth Meacham International Airport,Fort Worth,US,03 September 2026,2026-09-03,12:00,12:48,49m,"$8,600",8600,USD,$,10,https://villiers.ai/empty-legs/kedc-kftw-bombardier-challenger-300-2026-09-03-91803953?id=ADHUHR,https://villiers.ai/empty-legs/kedc-kftw-bombardier-challenger-300-2026-09-03-91803953?id=ADHUHR,https://villiers.ai/empty-legs/kedc-kftw-bombardier-challenger-300-2026-09-03-91803953?id=ADHUHR,"Wed, 02 Sep 2026 15:56:42 GMT",2026-09-04T00:17:02+00:00
https://villiers.ai/empty-legs/kedc-khqz-cessna-citation-ultra-2026-09-03-2a70a550?id=ADHUHR,inactive,inactive,2026-09-03T19:17:01+00:00,2026-09-03T23:47:01+00:00,2026-09-04T00:17:02+00:00,"Cessna Citation Ultra | Austin Executive Airport → Mesquite Metro Airport | $2,150",,Cessna Citation Ultra,KEDC - Austin Executive Airport,KEDC,EDC,Austin Executive Airport,Austin,US,KHQZ - Mesquite Metro Airport,KHQZ,,Mesquite Metro Airport,Mesquite,US,03 September 2026,2026-09-03,12:00,12:49,49m,"$2,150",2150,USD,$,7,https://villiers.ai/empty-legs/kedc-khqz-cessna-citation-ultra-2026-09-03-2a70a550?id=ADHUHR,https://villiers.ai/empty-legs/kedc-khqz-cessna-citation-ultra-2026-09-03-2a70a550?id=ADHUHR,https://villiers.ai/empty-legs/kedc-khqz-cessna-citation-ultra-2026-09-03-2a70a550?id=ADHUHR,"Thu, 03 Sep 2026 19:15:43 GMT",2026-09-04T00:17:02+00:00
https://villiers.ai/empty-legs/kedc-khqz-cessna-citation-v-2026-09-03-ff4d2b10?id=ADHUHR,inactive,inactive,2026-08-31T14:17:01+00:00,2026-09-03T23:47:01+00:00,2026-09-04T00:17:02+00:00,"Cessna Citation V | Austin Executive Airport → Mesquite Metro Airport | $2,473",,Cessna Citation V,KEDC - Austin Executive Airport,KEDC,EDC,Austin Executive Airport,Austin,US,KHQZ - Mesquite Metro Airport,KHQZ,,Mesquite Metro Airport,Mesquite,US,03 September 2026,2026-09-03,12:00,12:49,49m,"$2,473",2473,USD,$,7,https://villiers.ai/empty-legs/kedc-khqz-cessna-citation-v-2026-09-03-ff4d2b10?id=ADHUHR,https://villiers.ai/empty-legs/kedc-khqz-cessna-citation-v-2026-09-03-ff4d2b10?id=ADHUHR,https://villiers.ai/empty-legs/kedc-khqz-cessna-citation-v-2026-09-03-ff4d2b10?id=ADHUHR,"Mon, 31 Aug 2026 13:58:35 GMT",2026-09-04T00:17:02+00:00
https://villiers.ai/empty-legs/kfok-khqz-cessna-citation-v-2026-09-03-e66f7cf7?id=ADHUHR,inactive,inactive,2026-08-25T00:47:01+00:00,2026-09-03T23:47:01+00:00,2026-09-04T00:17:02+00:00,"Cessna Citation V | Francis S Gabreski Airport → Mesquite Metro Airport | $16,233",,Cessna Citation V,KFOK - Francis S Gabreski Airport,KFOK,FOK,Francis S Gabreski Airport,Westhampton Beach,US,KHQZ - Mesquite Metro Airport,KHQZ,,Mesquite Metro Airport,Mesquite,US,03 September 2026,2026-09-03,12:00,15:08,3h 9m,"$16,233",16233,USD,$,7,https://villiers.ai/empty-legs/kfok-khqz-cessna-citation-v-2026-09-03-e66f7cf7?id=ADHUHR,https://villiers.ai/empty-legs/kfok-khqz-cessna-citation-v-2026-09-03-e66f7cf7?id=ADHUHR,https://villiers.ai/empty-legs/kfok-khqz-cessna-citation-v-2026-09-03-e66f7cf7?id=ADHUHR,"Tue, 25 Aug 2026 00:33:48 GMT",2026-09-04T00:17:02+00:00
https://villiers.ai/empty-legs/khou-khqz-cessna-citation-v-2026-09-03-56c8f80f?id=ADHUHR,inactive,inactive,2026-08-20T21:47:01+00:00,2026-09-03T23:47:01+00:00,2026-09-04T00:17:02+00:00,"Cessna Citation V | William P. Hobby Airport → Mesquite Metro Airport | $3,118",,Cessna Citation V,KHOU - William P. Hobby Airport,KHOU,HOU,William P Hobby Airport,Houston,US,KHQZ - Mesquite Metro Airport,KHQZ,,Mesquite Metro Airport,Mesquite,US,03 September 2026,2026-09-03,12:00,12:55,55m,"$3,118",3118,USD,$,7,https://villiers.ai/empty-legs/khou-khqz-cessna-citation-v-2026-09-03-56c8f80f?id=ADHUHR,https://villiers.ai/empty-legs/khou-khqz-cessna-citation-v-2026-09-03-56c8f80f?id=ADHUHR,https://villiers.ai/empty-legs/khou-khqz-cessna-citation-v-2026-09-03-56c8f80f?id=ADHUHR,"Thu, 20 Aug 2026 21:34:20 GMT",2026-09-04T00:17:02+00:00
https://villiers.ai/empty-legs/kiad-kmdw-bombardier-challenger-300-2026-09-03-1097f5e2?id=ADHUHR,inactive,inactive,2026-09-02T16:17:01+00:00,2026-09-03T23:47:01+00:00,2026-09-04T00:17:02+00:00,"Bombardier Challenger 300 | Washington Dulles International Airport → Chicago Midway International Airport | $10,750",,Bombardier Challenger 300,KIAD - Washington Dulles International Airport,KIAD,IAD,Washington Dulles International Airport,Washington,US,KMDW - Chicago Midway International Airport,KMDW,MDW,Chicago Midway International Airport,Chicago,US,03 September 2026,2026-09-03,12:00,13:33,1h 34m,"$10,750",10750,USD,$,10,https://villiers.ai/empty-legs/kiad-kmdw-bombardier-challenger-300-2026-09-03-1097f5e2?id=ADHUHR,https://villiers.ai/empty-legs/kiad-kmdw-bombardier-challenger-300-2026-09-03-1097f5e2?id=ADHUHR,https://villiers.ai/empty-legs/kiad-kmdw-bombardier-challenger-300-2026-09-03-1097f5e2?id=ADHUHR,"Wed, 02 Sep 2026 15:56:44 GMT",2026-09-04T00:17:02+00:00
https://villiers.ai/empty-legs/kmaf-mmep-bombardier-challenger-300-2026-09-03-18f09f83?id=ADHUHR,inactive,inactive,2026-09-02T16:17:01+00:00,2026-09-03T23:47:01+00:00,2026-09-04T00:17:02+00:00,"Bombardier Challenger 300 | Midland International Air and Space Port → Amado Nervo National Airport | $15,050",,Bombardier Challenger 300,KMAF - Midland International Air and Space Port,KMAF,MAF,Midland International Air And Space Port Airport,Midland,US,MMEP - Amado Nervo National Airport,MMEP,TPQ,Amado Nervo National Airport,Tepic,MX,03 September 2026,2026-09-03,12:00,13:52,1h 53m,"$15,050",15050,USD,$,10,https://villiers.ai/empty-legs/kmaf-mmep-bombardier-challenger-300-2026-09-03-18f09f83?id=ADHUHR,https://villiers.ai/empty-legs/kmaf-mmep-bombardier-challenger-300-2026-09-03-18f09f83?id=ADHUHR,https://villiers.ai/empty-legs/kmaf-mmep-bombardier-challenger-300-2026-09-03-18f09f83?id=ADHUHR,"Wed, 02 Sep 2026 15:56:45 GMT",2026-09-04T00:17:02+00:00
https://villiers.ai/empty-legs/kmry-kcrq-citation-cj3-2026-09-03-4b799f91?id=ADHUHR,inactive,inactive,2026-08-28T00:17:02+00:00,2026-09-03T23:47:01+00:00,2026-09-04T00:17:02+00:00,"Citation CJ3 | Monterey Peninsula Airport → McClellan-Palomar Airport | $2,688",,Citation CJ3,KMRY - Monterey Peninsula Airport,KMRY,MRY,Monterey Regional Airport,Monterey,US,KCRQ - McClellan-Palomar Airport,KCRQ,CLD,Mc Clellan-Palomar Airport,Carlsbad,US,03 September 2026,2026-09-03,12:00,13:09,1h 9m,"$2,688",2688,USD,$,6,https://villiers.ai/empty-legs/kmry-kcrq-citation-cj3-2026-09-03-4b799f91?id=ADHUHR,https://villiers.ai/empty-legs/kmry-kcrq-citation-cj3-2026-09-03-4b799f91?id=ADHUHR,https://villiers.ai/empty-legs/kmry-kcrq-citation-cj3-2026-09-03-4b799f91?id=ADHUHR,"Fri, 28 Aug 2026 00:10:59 GMT",2026-09-04T00:17:02+00:00
https://villiers.ai/empty-legs/kmyl-kcrq-cessna-citation-cj3-2026-09-03-3a99552e?id=ADHUHR,inactive,inactive,2026-09-02T06:47:02+00:00,2026-09-03T23:47:01+00:00,2026-09-04T00:17:02+00:00,"Cessna Citation CJ3 | McCall Municipal Airport → McClellan-Palomar Airport | $11,825",,Cessna Citation CJ3,KMYL - McCall Municipal Airport,KMYL,MYL,Mc Call Municipal Airport,Mc Call,US,KCRQ - McClellan-Palomar Airport,KCRQ,CLD,Mc Clellan-Palomar Airport,Carlsbad,US,03 September 2026,2026-09-03,12:00,14:00,2h 0m,"$11,825",11825,USD,$,8,https://villiers.ai/empty-legs/kmyl-kcrq-cessna-citation-cj3-2026-09-03-3a99552e?id=ADHUHR,https://villiers.ai/empty-legs/kmyl-kcrq-cessna-citation-cj3-2026-09-03-3a99552e?id=ADHUHR,https://villiers.ai/empty-legs/kmyl-kcrq-cessna-citation-cj3-2026-09-03-3a99552e?id=ADHUHR,"Wed, 02 Sep 2026 06:27:03 GMT",2026-09-04T00:17:02+00:00
https://villiers.ai/empty-legs/krdu-khqz-cessna-citation-v-2026-09-03-0cc2b7d7?id=ADHUHR,inactive,inactive,2026-08-29T05:17:02+00:00,2026-09-03T23:47:01+00:00,2026-09-04T00:17:02+00:00,"Cessna Citation V | Raleigh Durham International Airport → Mesquite Metro Airport | $11,395",,Cessna Citation V,KRDU - Raleigh Durham International Airport,KRDU,RDU,Raleigh-Durham International Airport,Raleigh/Durham,US,KHQZ - Mesquite Metro Airport,KHQZ,,Mesquite Metro Airport,Mesquite,US,03 September 2026,2026-09-03,12:00,14:24,2h 25m,"$11,395",11395,USD,$,7,https://villiers.ai/empty-legs/krdu-khqz-cessna-citation-v-2026-09-03-0cc2b7d7?id=ADHUHR,https://villiers.ai/empty-legs/krdu-khqz-cessna-citation-v-2026-09-03-0cc2b7d7?id=ADHUHR,https://villiers.ai/empty-legs/krdu-khqz-cessna-citation-v-2026-09-03-0cc2b7d7?id=ADHUHR,"Sat, 29 Aug 2026 05:00:41 GMT",2026-09-04T00:17:02+00:00
https://villiers.ai/empty-legs/ktki-kpwa-cessna-citation-ultra-2026-09-03-3d8b1cbc?id=ADHUHR,inactive,inactive,2026-09-03T17:47:01+00:00,2026-09-03T23:47:01+00:00,2026-09-04T00:17:02+00:00,"Cessna Citation Ultra | McKinney National Airport → Wiley Post Airport | $2,795",,Cessna Citation Ultra,KTKI - McKinney National Airport,KTKI,,Mckinney Ntl Airport,Dallas,US,KPWA - Wiley Post Airport,KPWA,PWA,Wiley Post Airport,Oklahoma City,US,03 September 2026,2026-09-03,12:00,12:49,49m,"$2,795",2795,USD,$,7,https://villiers.ai/empty-legs/ktki-kpwa-cessna-citation-ultra-2026-09-03-3d8b1cbc?id=ADHUHR,https://villiers.ai/empty-legs/ktki-kpwa-cessna-citation-ultra-2026-09-03-3d8b1cbc?id=ADHUHR,https://villiers.ai/empty-legs/ktki-kpwa-cessna-citation-ultra-2026-09-03-3d8b1cbc?id=ADHUHR,"Thu, 03 Sep 2026 17:43:52 GMT",2026-09-04T00:17:02+00:00
https://villiers.ai/empty-legs/ktrk-kcrq-cessna-citation-m2-2026-09-03-4e4e34b1?id=ADHUHR,inactive,inactive,2026-09-02T06:47:02+00:00,2026-09-03T23:47:01+00:00,2026-09-04T00:17:02+00:00,"Cessna Citation M2 | Truckee Tahoe Airport → McClellan-Palomar Airport | $7,525",,Cessna Citation M2,KTRK - Truckee Tahoe Airport,KTRK,TKF,Truckee-Tahoe Airport,Truckee,US,KCRQ - McClellan-Palomar Airport,KCRQ,CLD,Mc Clellan-Palomar Airport,Carlsbad,US,03 September 2026,2026-09-03,12:00,13:20,1h 21m,"$7,525",7525,USD,$,7,https://villiers.ai/empty-legs/ktrk-kcrq-cessna-citation-m2-2026-09-03-4e4e34b1?id=ADHUHR,https://villiers.ai/empty-legs/ktrk-kcrq-cessna-citation-m2-2026-09-03-4e4e34b1?id=ADHUHR,https://villiers.ai/empty-legs/ktrk-kcrq-cessna-citation-m2-2026-09-03-4e4e34b1?id=ADHUHR,"Wed, 02 Sep 2026 06:27:02 GMT",2026-09-04T00:17:02+00:00
https://villiers.ai/empty-legs/kvny-ksjc-bombardier-challenger-300-2026-09-03-203feb44?id=ADHUHR,inactive,inactive,2026-09-02T16:17:01+00:00,2026-09-03T23:47:01+00:00,2026-09-04T00:17:02+00:00,"Bombardier Challenger 300 | Van Nuys Airport → San Jose International Airport | $8,600",,Bombardier Challenger 300,KVNY - Van Nuys Airport,KVNY,VNY,Van Nuys Airport,Van Nuys,US,KSJC - San Jose International Airport,KSJC,SJC,Norman Y Mineta San Jose International Airport,San Jose,US,03 September 2026,2026-09-03,12:00,13:02,1h 2m,"$8,600",8600,USD,$,10,https://villiers.ai/empty-legs/kvny-ksjc-bombardier-challenger-300-2026-09-03-203feb44?id=ADHUHR,https://villiers.ai/empty-legs/kvny-ksjc-bombardier-challenger-300-2026-09-03-203feb44?id=ADHUHR,https://villiers.ai/empty-legs/kvny-ksjc-bombardier-challenger-300-2026-09-03-203feb44?id=ADHUHR,"Wed, 02 Sep 2026 15:56:40 GMT",2026-09-04T00:17:02+00:00
https://villiers.ai/empty-legs/ktex-kvny-bombardier-challenger-300-2026-09-03-5db7762c?id=ADHUHR,inactive,inactive,2026-09-03T18:47:02+00:00,2026-09-03T23:47:01+00:00,2026-09-04T00:17:02+00:00,"Bombardier Challenger 300 | Telluride Regional Airport → Van Nuys Airport | $8,600",,Bombardier Challenger 300,KTEX - Telluride Regional Airport,KTEX,TEX,Telluride Regional Airport,Telluride,US,KVNY - Van Nuys Airport,KVNY,VNY,Van Nuys Airport,Van Nuys,US,03 September 2026,2026-09-03,17:00,18:41,1h 41m,"$8,600",8600,USD,$,8,https://villiers.ai/empty-legs/ktex-kvny-bombardier-challenger-300-2026-09-03-5db7762c?id=ADHUHR,https://villiers.ai/empty-legs/ktex-kvny-bombardier-challenger-300-2026-09-03-5db7762c?id=ADHUHR,https://villiers.ai/empty-legs/ktex-kvny-bombardier-challenger-300-2026-09-03-5db7762c?id=ADHUHR,"Thu, 03 Sep 2026 18:44:26 GMT",2026-09-04T00:17:02+00:00
https://villiers.ai/empty-legs/sumu-sadf-gulfstream-g-v-2026-09-04-3af4daf8?id=ADHUHR,inactive,inactive,2026-08-31T17:47:01+00:00,2026-09-04T23:47:02+00:00,2026-09-05T00:17:02+00:00,"Gulfstream G-V | Carrasco General Cesáreo L. Berisso International Airport → San Fernando Airport | $6,988",,Gulfstream G-V,SUMU - Carrasco General Cesáreo L. Berisso International Airport,SUMU,MVD,Carrasco International /General C L Berisso Airport,Montevideo,UY,SADF - San Fernando Airport,SADF,FDO,San Fernando Airport,San Fernando,AR,04 September 2026,2026-09-04,06:15,07:01,46m,"$6,988",6988,USD,$,14,https://villiers.ai/empty-legs/sumu-sadf-gulfstream-g-v-2026-09-04-3af4daf8?id=ADHUHR,https://villiers.ai/empty-legs/sumu-sadf-gulfstream-g-v-2026-09-04-3af4daf8?id=ADHUHR,https://villiers.ai/empty-legs/sumu-sadf-gulfstream-g-v-2026-09-04-3af4daf8?id=ADHUHR,"Mon, 31 Aug 2026 17:26:45 GMT",2026-09-05T00:17:02+00:00
https://villiers.ai/empty-legs/kcha-kvny-challenger-350-2026-09-04-915f02c8?id=ADHUHR,inactive,inactive,2026-08-27T00:47:02+00:00,2026-09-04T23:47:02+00:00,2026-09-05T00:17:02+00:00,"Challenger 350 | Chattanooga Metropolitan Airport (Lovell Field) → Van Nuys Airport | $34,400",,Challenger 350,KCHA - Chattanooga Metropolitan Airport (Lovell Field),KCHA,CHA,Lovell Field,Chattanooga,US,KVNY - Van Nuys Airport,KVNY,VNY,Van Nuys Airport,Van Nuys,US,04 September 2026,2026-09-04,12:00,15:59,3h 59m,"$34,400",34400,USD,$,9,https://villiers.ai/empty-legs/kcha-kvny-challenger-350-2026-09-04-915f02c8?id=ADHUHR,https://villiers.ai/empty-legs/kcha-kvny-challenger-350-2026-09-04-915f02c8?id=ADHUHR,https://villiers.ai/empty-legs/kcha-kvny-challenger-350-2026-09-04-915f02c8?id=ADHUHR,"Thu, 27 Aug 2026 00:21:40 GMT",2026-09-05T00:17:02+00:00
https://villiers.ai/empty-legs/kcrq-koak-hawker-850xp-2026-09-04-a6f38083?id=ADHUHR,inactive,inactive,2026-09-02T06:47:02+00:00,2026-09-04T23:47:02+00:00,2026-09-05T00:17:02+00:00,"Hawker 850XP | McClellan-Palomar Airport → San Francisco Bay Oakland International Airport | $9,675",,Hawker 850XP,KCRQ - McClellan-Palomar Airport,KCRQ,CLD,Mc Clellan-Palomar Airport,Carlsbad,US,KOAK - San Francisco Bay Oakland International Airport,KOAK,OAK,Oakland San Francisco Bay Airport,Oakland,US,04 September 2026,2026-09-04,12:00,13:16,1h 17m,"$9,675",9675,USD,$,9,https://villiers.ai/empty-legs/kcrq-koak-hawker-850xp-2026-09-04-a6f38083?id=ADHUHR,https://villiers.ai/empty-legs/kcrq-koak-hawker-850xp-2026-09-04-a6f38083?id=ADHUHR,https://villiers.ai/empty-legs/kcrq-koak-hawker-850xp-2026-09-04-a6f38083?id=ADHUHR,"Wed, 02 Sep 2026 06:27:03 GMT",2026-09-05T00:17:02+00:00
https://villiers.ai/empty-legs/kcsl-kvny-bombardier-challenger-300-2026-09-04-46b138c6?id=ADHUHR,inactive,inactive,2026-09-02T16:17:01+00:00,2026-09-04T23:47:02+00:00,2026-09-05T00:17:02+00:00,"Bombardier Challenger 300 | San Luis County Regional Airport → Van Nuys Airport | $15,050",,Bombardier Challenger 300,KCSL - San Luis County Regional Airport,KCSL,,San Luis County Regional Airport,,,KVNY - Van Nuys Airport,KVNY,VNY,Van Nuys Airport,Van Nuys,US,04 September 2026,2026-09-04,12:00,12:45,46m,"$15,050",15050,USD,$,10,https://villiers.ai/empty-legs/kcsl-kvny-bombardier-challenger-300-2026-09-04-46b138c6?id=ADHUHR,https://villiers.ai/empty-legs/kcsl-kvny-bombardier-challenger-300-2026-09-04-46b138c6?id=ADHUHR,https://villiers.ai/empty-legs/kcsl-kvny-bombardier-challenger-300-2026-09-04-46b138c6?id=ADHUHR,"Wed, 02 Sep 2026 15:56:48 GMT",2026-09-05T00:17:02+00:00
https://villiers.ai/empty-legs/kdal-khou-cessna-citation-ultra-2026-09-04-750d266e?id=ADHUHR,inactive,inactive,2026-09-03T17:47:01+00:00,2026-09-04T23:47:02+00:00,2026-09-05T00:17:02+00:00,"Cessna Citation Ultra | Dallas Love Field → William P. Hobby Airport | $2,795",,Cessna Citation Ultra,KDAL - Dallas Love Field,KDAL,DAL,Dallas Love Field,Dallas,US,KHOU - William P. Hobby Airport,KHOU,HOU,William P Hobby Airport,Houston,US,04 September 2026,2026-09-04,12:00,12:56,57m,"$2,795",2795,USD,$,7,https://villiers.ai/empty-legs/kdal-khou-cessna-citation-ultra-2026-09-04-750d266e?id=ADHUHR,https://villiers.ai/empty-legs/kdal-khou-cessna-citation-ultra-2026-09-04-750d266e?id=ADHUHR,https://villiers.ai/empty-legs/kdal-khou-cessna-citation-ultra-2026-09-04-750d266e?id=ADHUHR,"Thu, 03 Sep 2026 17:43:53 GMT",2026-09-05T00:17:02+00:00
https://villiers.ai/empty-legs/kdjt-kaaf-cessna-citation-v-2026-09-04-542fc5c3?id=ADHUHR,inactive,inactive,2026-09-02T15:47:02+00:00,2026-09-04T23:47:02+00:00,2026-09-05T00:17:02+00:00,"Cessna Citation V | President Donald J. Trump International Airport → Apalachicola Regional Airport | $4,515",,Cessna Citation V,KDJT - President Donald J. Trump International Airport,KDJT,PBI,President Donald J Trump International Airport,West Palm Beach,US,KAAF - Apalachicola Regional Airport,KAAF,AAF,Apalachicola Regional-Cleve Randolph Field,Apalachicola,US,04 September 2026,2026-09-04,12:00,13:10,1h 11m,"$4,515",4515,USD,$,7,https://villiers.ai/empty-legs/kdjt-kaaf-cessna-citation-v-2026-09-04-542fc5c3?id=ADHUHR,https://villiers.ai/empty-legs/kdjt-kaaf-cessna-citation-v-2026-09-04-542fc5c3?id=ADHUHR,https://villiers.ai/empty-legs/kdjt-kaaf-cessna-citation-v-2026-09-04-542fc5c3?id=ADHUHR,"Wed, 02 Sep 2026 15:34:27 GMT",2026-09-05T00:17:02+00:00
https://villiers.ai/empty-legs/kdjt-khou-cessna-citation-v-2026-09-04-2c46e401?id=ADHUHR,inactive,inactive,2026-09-03T19:17:01+00:00,2026-09-04T23:47:02+00:00,2026-09-05T00:17:02+00:00,"Cessna Citation V | President Donald J. Trump International Airport → William P. Hobby Airport | $9,675",,Cessna Citation V,KDJT - President Donald J. Trump International Airport,KDJT,PBI,President Donald J Trump International Airport,West Palm Beach,US,KHOU - William P. Hobby Airport,KHOU,HOU,William P Hobby Airport,Houston,US,04 September 2026,2026-09-04,12:00,14:14,2h 15m,"$9,675",9675,USD,$,7,https://villiers.ai/empty-legs/kdjt-khou-cessna-citation-v-2026-09-04-2c46e401?id=ADHUHR,https://villiers.ai/empty-legs/kdjt-khou-cessna-citation-v-2026-09-04-2c46e401?id=ADHUHR,https://villiers.ai/empty-legs/kdjt-khou-cessna-citation-v-2026-09-04-2c46e401?id=ADHUHR,"Thu, 03 Sep 2026 19:15:43 GMT",2026-09-05T00:17:02+00:00
https://villiers.ai/empty-legs/kdts-kahn-pilatus-pc-12-ng-2026-09-04-5ed98e8f?id=ADHUHR,inactive,inactive,2026-09-03T17:47:01+00:00,2026-09-04T23:47:02+00:00,2026-09-05T00:17:02+00:00,"Pilatus PC-12 NG | Destin Executive Airport → Athens Ben Epps Airport | $3,010",,Pilatus PC-12 NG,KDTS - Destin Executive Airport,KDTS,DSI,Destin Executive Airport,Destin,US,KAHN - Athens Ben Epps Airport,KAHN,AHN,Athens/Ben Epps Airport,Athens,US,04 September 2026,2026-09-04,12:00,13:04,1h 4m,"$3,010",3010,USD,$,7,https://villiers.ai/empty-legs/kdts-kahn-pilatus-pc-12-ng-2026-09-04-5ed98e8f?id=ADHUHR,https://villiers.ai/empty-legs/kdts-kahn-pilatus-pc-12-ng-2026-09-04-5ed98e8f?id=ADHUHR,https://villiers.ai/empty-legs/kdts-kahn-pilatus-pc-12-ng-2026-09-04-5ed98e8f?id=ADHUHR,"Thu, 03 Sep 2026 17:43:53 GMT",2026-09-05T00:17:02+00:00
https://villiers.ai/empty-legs/kelp-kftw-bombardier-challenger-300-2026-09-04-7b0f5268?id=ADHUHR,inactive,inactive,2026-09-02T16:17:01+00:00,2026-09-04T23:47:02+00:00,2026-09-05T00:17:02+00:00,"Bombardier Challenger 300 | El Paso International Airport → Fort Worth Meacham International Airport | $8,600",,Bombardier Challenger 300,KELP - El Paso International Airport,KELP,ELP,El Paso International Airport,El Paso,US,KFTW - Fort Worth Meacham International Airport,KFTW,FTW,Fort Worth Meacham International Airport,Fort Worth,US,04 September 2026,2026-09-04,12:00,13:28,1h 29m,"$8,600",8600,USD,$,10,https://villiers.ai/empty-legs/kelp-kftw-bombardier-challenger-300-2026-09-04-7b0f5268?id=ADHUHR,https://villiers.ai/empty-legs/kelp-kftw-bombardier-challenger-300-2026-09-04-7b0f5268?id=ADHUHR,https://villiers.ai/empty-legs/kelp-kftw-bombardier-challenger-300-2026-09-04-7b0f5268?id=ADHUHR,"Wed, 02 Sep 2026 15:56:49 GMT",2026-09-05T00:17:02+00:00
https://villiers.ai/empty-legs/kerv-kiws-pilatus-pc-12-ng-2026-09-04-5fcd9b25?id=ADHUHR,inactive,inactive,2026-09-02T06:17:02+00:00,2026-09-04T23:47:02+00:00,2026-09-05T00:17:02+00:00,"Pilatus PC 12 NG | Kerrville / Kerr County Airport at Louis Schreiner Field → West Houston Airport | $2,150",,Pilatus PC 12 NG,KERV - Kerrville / Kerr County Airport at Louis Schreiner Field,KERV,ERV,Kerrville Municipal/Louis Schreiner Field,Kerrville,US,KIWS - West Houston Airport,KIWS,IWS,West Houston Airport,Houston,US,04 September 2026,2026-09-04,12:00,12:52,53m,"$2,150",2150,USD,$,7,https://villiers.ai/empty-legs/kerv-kiws-pilatus-pc-12-ng-2026-09-04-5fcd9b25?id=ADHUHR,https://villiers.ai/empty-legs/kerv-kiws-pilatus-pc-12-ng-2026-09-04-5fcd9b25?id=ADHUHR,https://villiers.ai/empty-legs/kerv-kiws-pilatus-pc-12-ng-2026-09-04-5fcd9b25?id=ADHUHR,"Wed, 02 Sep 2026 06:04:47 GMT",2026-09-05T00:17:02+00:00
https://villiers.ai/empty-legs/khou-kdal-cessna-citation-ultra-2026-09-04-d70bf696?id=ADHUHR,inactive,inactive,2026-08-26T17:17:02+00:00,2026-09-04T23:47:02+00:00,2026-09-05T00:17:02+00:00,"Cessna Citation Ultra | William P. Hobby Airport → Dallas Love Field | $3,118",,Cessna Citation Ultra,KHOU - William P. Hobby Airport,KHOU,HOU,William P Hobby Airport,Houston,US,KDAL - Dallas Love Field,KDAL,DAL,Dallas Love Field,Dallas,US,04 September 2026,2026-09-04,12:00,12:56,57m,"$3,118",3118,USD,$,7,https://villiers.ai/empty-legs/khou-kdal-cessna-citation-ultra-2026-09-04-d70bf696?id=ADHUHR,https://villiers.ai/empty-legs/khou-kdal-cessna-citation-ultra-2026-09-04-d70bf696?id=ADHUHR,https://villiers.ai/empty-legs/khou-kdal-cessna-citation-ultra-2026-09-04-d70bf696?id=ADHUHR,"Wed, 26 Aug 2026 16:50:01 GMT",2026-09-05T00:17:02+00:00
https://villiers.ai/empty-legs/khou-kgtu-aircraft-2026-09-04-8b9a3416?id=ADHUHR,inactive,inactive,2026-08-14T14:17:02+00:00,2026-09-04T23:47:02+00:00,2026-09-05T00:17:02+00:00,"Private Jet | William P. Hobby Airport → Georgetown Executive Airport at Johnny Gantt Field | $2,795",,Private Jet,KHOU - William P. Hobby Airport,KHOU,HOU,William P Hobby Airport,Houston,US,KGTU - Georgetown Executive Airport at Johnny Gantt Field,KGTU,,Georgetown Executive Airport,Georgetown,US,04 September 2026,2026-09-04,12:00,12:47,48m,"$2,795",2795,USD,$,7,https://villiers.ai/empty-legs/khou-kgtu-aircraft-2026-09-04-8b9a3416?id=ADHUHR,https://villiers.ai/empty-legs/khou-kgtu-aircraft-2026-09-04-8b9a3416?id=ADHUHR,https://villiers.ai/empty-legs/khou-kgtu-aircraft-2026-09-04-8b9a3416?id=ADHUHR,"Fri, 14 Aug 2026 14:01:13 GMT",2026-09-05T00:17:02+00:00
https://villiers.ai/empty-legs/khqz-kgtu-cessna-citation-ultra-2026-09-04-4fb6fad1?id=ADHUHR,inactive,inactive,2026-09-03T19:17:01+00:00,2026-09-04T23:47:02+00:00,2026-09-05T00:17:02+00:00,"Cessna Citation Ultra | Mesquite Metro Airport → Georgetown Executive Airport at Johnny Gantt Field | $2,473",,Cessna Citation Ultra,KHQZ - Mesquite Metro Airport,KHQZ,,Mesquite Metro Airport,Mesquite,US,KGTU - Georgetown Executive Airport at Johnny Gantt Field,KGTU,,Georgetown Executive Airport,Georgetown,US,04 September 2026,2026-09-04,12:00,12:47,48m,"$2,473",2473,USD,$,7,https://villiers.ai/empty-legs/khqz-kgtu-cessna-citation-ultra-2026-09-04-4fb6fad1?id=ADHUHR,https://villiers.ai/empty-legs/khqz-kgtu-cessna-citation-ultra-2026-09-04-4fb6fad1?id=ADHUHR,https://villiers.ai/empty-legs/khqz-kgtu-cessna-citation-ultra-2026-09-04-4fb6fad1?id=ADHUHR,"Thu, 03 Sep 2026 19:15:43 GMT",2026-09-05T00:17:02+00:00
https://villiers.ai/empty-legs/khqz-kgtu-cessna-citation-v-2026-09-04-1f649e83?id=ADHUHR,inactive,inactive,2026-08-21T00:17:02+00:00,2026-09-04T23:47:02+00:00,2026-09-05T00:17:02+00:00,"Cessna Citation V | Mesquite Metro Airport → Georgetown Executive Airport at Johnny Gantt Field | $2,795",,Cessna Citation V,KHQZ - Mesquite Metro Airport,KHQZ,,Mesquite Metro Airport,Mesquite,US,KGTU - Georgetown Executive Airport at Johnny Gantt Field,KGTU,,Georgetown Executive Airport,Georgetown,US,04 September 2026,2026-09-04,12:00,12:47,48m,"$2,795",2795,USD,$,7,https://villiers.ai/empty-legs/khqz-kgtu-cessna-citation-v-2026-09-04-1f649e83?id=ADHUHR,https://villiers.ai/empty-legs/khqz-kgtu-cessna-citation-v-2026-09-04-1f649e83?id=ADHUHR,https://villiers.ai/empty-legs/khqz-kgtu-cessna-citation-v-2026-09-04-1f649e83?id=ADHUHR,"Thu, 20 Aug 2026 21:34:20 GMT",2026-09-05T00:17:02+00:00
https://villiers.ai/empty-legs/klex-khou-cessna-citation-v-2026-09-04-be28b42c?id=ADHUHR,inactive,inactive,2026-09-02T15:47:02+00:00,2026-09-04T23:47:02+00:00,2026-09-05T00:17:02+00:00,"Cessna Citation V | Blue Grass Airport → William P. Hobby Airport | $9,353",,Cessna Citation V,KLEX - Blue Grass Airport,KLEX,LEX,Blue Grass Airport,Lexington,US,KHOU - William P. Hobby Airport,KHOU,HOU,William P Hobby Airport,Houston,US,04 September 2026,2026-09-04,12:00,14:03,2h 3m,"$9,353",9353,USD,$,7,https://villiers.ai/empty-legs/klex-khou-cessna-citation-v-2026-09-04-be28b42c?id=ADHUHR,https://villiers.ai/empty-legs/klex-khou-cessna-citation-v-2026-09-04-be28b42c?id=ADHUHR,https://villiers.ai/empty-legs/klex-khou-cessna-citation-v-2026-09-04-be28b42c?id=ADHUHR,"Wed, 02 Sep 2026 15:34:27 GMT",2026-09-05T00:17:02+00:00
https://villiers.ai/empty-legs/kmaf-kdal-cessna-citation-ultra-2026-09-04-563e2cd7?id=ADHUHR,inactive,inactive,2026-08-29T05:17:02+00:00,2026-09-04T23:47:02+00:00,2026-09-05T00:17:02+00:00,"Cessna Citation Ultra | Midland International Air and Space Port → Dallas Love Field | $3,118",,Cessna Citation Ultra,KMAF - Midland International Air and Space Port,KMAF,MAF,Midland International Air And Space Port Airport,Midland,US,KDAL - Dallas Love Field,KDAL,DAL,Dallas Love Field,Dallas,US,04 September 2026,2026-09-04,12:00,13:05,1h 5m,"$3,118",3118,USD,$,7,https://villiers.ai/empty-legs/kmaf-kdal-cessna-citation-ultra-2026-09-04-563e2cd7?id=ADHUHR,https://villiers.ai/empty-legs/kmaf-kdal-cessna-citation-ultra-2026-09-04-563e2cd7?id=ADHUHR,https://villiers.ai/empty-legs/kmaf-kdal-cessna-citation-ultra-2026-09-04-563e2cd7?id=ADHUHR,"Sat, 29 Aug 2026 05:00:41 GMT",2026-09-05T00:17:02+00:00
https://villiers.ai/empty-legs/kmdw-kopf-2026-09-04?id=ADHUHR,inactive,inactive,2026-08-05T22:38:36+00:00,2026-09-04T23:47:02+00:00,2026-09-05T00:17:02+00:00,"Bombardier Challenger 300 | Chicago Midway International Airport → Miami-Opa Locka Executive Airport | $15,840",,Bombardier Challenger 300,KMDW - Chicago Midway International Airport,KMDW,MDW,Chicago Midway International Airport,Chicago,US,KOPF - Miami-Opa Locka Executive Airport,KOPF,OPF,Miami-Opa Locka Executive Airport,Miami,US,04 September 2026,2026-09-04,12:00,14:40,2h 41m,"$15,840",15840,USD,$,9,https://villiers.ai/empty-legs/kmdw-kopf-2026-09-04?id=ADHUHR,https://villiers.ai/empty-legs/kmdw-kopf-2026-09-04?id=ADHUHR,https://villiers.ai/empty-legs/kmdw-kopf-2026-09-04?id=ADHUHR,"Sat, 06 Jun 2026 23:56:41 GMT",2026-09-05T00:17:02+00:00
https://villiers.ai/empty-legs/kmdw-kteb-bombardier-challenger-300-2026-09-04-84924628?id=ADHUHR,inactive,inactive,2026-08-29T16:47:01+00:00,2026-09-04T23:47:02+00:00,2026-09-05T00:17:02+00:00,"Bombardier Challenger 300 | Chicago Midway International Airport → Teterboro Airport | $10,213",,Bombardier Challenger 300,KMDW - Chicago Midway International Airport,KMDW,MDW,Chicago Midway International Airport,Chicago,US,KTEB - Teterboro Airport,KTEB,TEB,Teterboro Airport,Teterboro,US,04 September 2026,2026-09-04,12:00,13:49,1h 49m,"$10,213",10213,USD,$,9,https://villiers.ai/empty-legs/kmdw-kteb-bombardier-challenger-300-2026-09-04-84924628?id=ADHUHR,https://villiers.ai/empty-legs/kmdw-kteb-bombardier-challenger-300-2026-09-04-84924628?id=ADHUHR,https://villiers.ai/empty-legs/kmdw-kteb-bombardier-challenger-300-2026-09-04-84924628?id=ADHUHR,"Sat, 29 Aug 2026 16:17:45 GMT",2026-09-05T00:17:02+00:00
https://villiers.ai/empty-legs/knew-khou-cessna-citation-ultra-2026-09-04-ce279168?id=ADHUHR,inactive,inactive,2026-08-21T18:47:01+00:00,2026-09-04T23:47:02+00:00,2026-09-05T00:17:02+00:00,"Cessna Citation Ultra | Lakefront Airport → William P. Hobby Airport | $3,870",,Cessna Citation Ultra,KNEW - Lakefront Airport,KNEW,NEW,Lakefront Airport,New Orleans,US,KHOU - William P. Hobby Airport,KHOU,HOU,William P Hobby Airport,Houston,US,04 September 2026,2026-09-04,12:00,13:05,1h 5m,"$3,870",3870,USD,$,7,https://villiers.ai/empty-legs/knew-khou-cessna-citation-ultra-2026-09-04-ce279168?id=ADHUHR,https://villiers.ai/empty-legs/knew-khou-cessna-citation-ultra-2026-09-04-ce279168?id=ADHUHR,https://villiers.ai/empty-legs/knew-khou-cessna-citation-ultra-2026-09-04-ce279168?id=ADHUHR,"Fri, 21 Aug 2026 18:42:16 GMT",2026-09-05T00:17:02+00:00
https://villiers.ai/empty-legs/kpil-khou-2026-09-04?id=ADHUHR,inactive,inactive,2026-08-05T22:38:36+00:00,2026-09-04T23:47:02+00:00,2026-09-05T00:17:02+00:00,"Pilatus PC-12 NG | Port Isabel Cameron County Airport → William P. Hobby Airport | $2,860",,Pilatus PC-12 NG,KPIL - Port Isabel Cameron County Airport,KPIL,,Cameron County Airport,Port Isabel,US,KHOU - William P. Hobby Airport,KHOU,HOU,William P Hobby Airport,Houston,US,04 September 2026,2026-09-04,12:00,13:00,1h 0m,"$2,860",2860,USD,$,7,https://villiers.ai/empty-legs/kpil-khou-2026-09-04?id=ADHUHR,https://villiers.ai/empty-legs/kpil-khou-2026-09-04?id=ADHUHR,https://villiers.ai/empty-legs/kpil-khou-2026-09-04?id=ADHUHR,"Tue, 09 Jun 2026 06:25:29 GMT",2026-09-05T00:17:02+00:00
https://villiers.ai/empty-legs/kpil-kiws-2026-09-04?id=ADHUHR,inactive,inactive,2026-08-05T22:38:36+00:00,2026-09-04T23:47:02+00:00,2026-09-05T00:17:02+00:00,"Pilatus PC 12 NG | Port Isabel Cameron County Airport → West Houston Airport | $2,860",,Pilatus PC 12 NG,KPIL - Port Isabel Cameron County Airport,KPIL,,Cameron County Airport,Port Isabel,US,KIWS - West Houston Airport,KIWS,IWS,West Houston Airport,Houston,US,04 September 2026,2026-09-04,12:00,13:00,1h 0m,"$2,860",2860,USD,$,7,https://villiers.ai/empty-legs/kpil-kiws-2026-09-04?id=ADHUHR,https://villiers.ai/empty-legs/kpil-kiws-2026-09-04?id=ADHUHR,https://villiers.ai/empty-legs/kpil-kiws-2026-09-04?id=ADHUHR,"Tue, 24 Mar 2026 12:35:16 GMT",2026-09-05T00:17:02+00:00
https://villiers.ai/empty-legs/kvny-krdk-bombardier-challenger-300-2026-09-04-fce0452b?id=ADHUHR,inactive,inactive,2026-09-02T16:17:01+00:00,2026-09-04T23:47:02+00:00,2026-09-05T00:17:02+00:00,"Bombardier Challenger 300 | Van Nuys Airport → Red Oak Municipal Airport | $8,600",,Bombardier Challenger 300,KVNY - Van Nuys Airport,KVNY,VNY,Van Nuys Airport,Van Nuys,US,KRDK - Red Oak Municipal Airport,KRDK,,Red Oak Municipal Airport,Red Oak,US,04 September 2026,2026-09-04,12:00,14:59,2h 60m,"$8,600",8600,USD,$,10,https://villiers.ai/empty-legs/kvny-krdk-bombardier-challenger-300-2026-09-04-fce0452b?id=ADHUHR,https://villiers.ai/empty-legs/kvny-krdk-bombardier-challenger-300-2026-09-04-fce0452b?id=ADHUHR,https://villiers.ai/empty-legs/kvny-krdk-bombardier-challenger-300-2026-09-04-fce0452b?id=ADHUHR,"Wed, 02 Sep 2026 15:56:48 GMT",2026-09-05T00:17:02+00:00
https://villiers.ai/empty-legs/eggw-lkpr-cessna-citation-sovereign-2026-09-04-69aa8e22?id=ADHUHR,inactive,inactive,2026-09-02T20:47:01+00:00,2026-09-04T23:47:02+00:00,2026-09-05T00:17:02+00:00,"Cessna Citation Sovereign | London Luton Airport → Václav Havel Airport Prague | €2,150",,Cessna Citation Sovereign,EGGW - London Luton Airport,EGGW,LTN,London Luton Airport,London,GB,LKPR - Václav Havel Airport Prague,LKPR,PRG,Václav Havel Airport,Prague,CZ,04 September 2026,2026-09-04,19:30,21:11,1h 42m,"€2,150",2150,EUR,€,8,https://villiers.ai/empty-legs/eggw-lkpr-cessna-citation-sovereign-2026-09-04-69aa8e22?id=ADHUHR,https://villiers.ai/empty-legs/eggw-lkpr-cessna-citation-sovereign-2026-09-04-69aa8e22?id=ADHUHR,https://villiers.ai/empty-legs/eggw-lkpr-cessna-citation-sovereign-2026-09-04-69aa8e22?id=ADHUHR,"Wed, 02 Sep 2026 20:34:26 GMT",2026-09-05T00:17:02+00:00
https://villiers.ai/empty-legs/kaus-kbzn-challenger-300-2026-09-05-789ac666?id=ADHUHR,inactive,inactive,2026-09-05T19:47:01+00:00,2026-09-05T23:47:02+00:00,2026-09-06T00:17:02+00:00,"Challenger 300 | Austin Bergstrom International Airport → Bozeman Yellowstone International Airport | $12,900",,Challenger 300,KAUS - Austin Bergstrom International Airport,KAUS,AUS,Austin-Bergstrom International Airport,Austin,US,KBZN - Bozeman Yellowstone International Airport,KBZN,BZN,Bozeman Yellowstone International Airport,Bozeman,US,05 September 2026,2026-09-05,12:00,14:54,2h 54m,"$12,900",12900,USD,$,10,https://villiers.ai/empty-legs/kaus-kbzn-challenger-300-2026-09-05-789ac666?id=ADHUHR,https://villiers.ai/empty-legs/kaus-kbzn-challenger-300-2026-09-05-789ac666?id=ADHUHR,https://villiers.ai/empty-legs/kaus-kbzn-challenger-300-2026-09-05-789ac666?id=ADHUHR,"Sat, 05 Sep 2026 19:29:42 GMT",2026-09-06T00:17:02+00:00
https://villiers.ai/empty-legs/kaus-kpil-pilatus-pc-12-ng-2026-09-05-54f85dac?id=ADHUHR,inactive,inactive,2026-08-26T17:17:02+00:00,2026-09-05T23:47:02+00:00,2026-09-06T00:17:02+00:00,"Pilatus PC-12 NG | Austin Bergstrom International Airport → Port Isabel Cameron County Airport | $3,225",,Pilatus PC-12 NG,KAUS - Austin Bergstrom International Airport,KAUS,AUS,Austin-Bergstrom International Airport,Austin,US,KPIL - Port Isabel Cameron County Airport,KPIL,,Cameron County Airport,Port Isabel,US,05 September 2026,2026-09-05,12:00,13:01,1h 1m,"$3,225",3225,USD,$,7,https://villiers.ai/empty-legs/kaus-kpil-pilatus-pc-12-ng-2026-09-05-54f85dac?id=ADHUHR,https://villiers.ai/empty-legs/kaus-kpil-pilatus-pc-12-ng-2026-09-05-54f85dac?id=ADHUHR,https://villiers.ai/empty-legs/kaus-kpil-pilatus-pc-12-ng-2026-09-05-54f85dac?id=ADHUHR,"Wed, 26 Aug 2026 16:50:01 GMT",2026-09-06T00:17:02+00:00
https://villiers.ai/empty-legs/kavl-khou-cessna-citation-v-2026-09-05-dd4b6d39?id=ADHUHR,inactive,inactive,2026-09-05T15:17:02+00:00,2026-09-05T23:47:02+00:00,2026-09-06T00:17:02+00:00,"Cessna Citation V | Asheville Regional Airport → William P. Hobby Airport | $9,353",,Cessna Citation V,KAVL - Asheville Regional Airport,KAVL,AVL,Asheville Regional Airport,Asheville,US,KHOU - William P. Hobby Airport,KHOU,HOU,William P Hobby Airport,Houston,US,05 September 2026,2026-09-05,12:00,14:03,2h 3m,"$9,353",9353,USD,$,7,https://villiers.ai/empty-legs/kavl-khou-cessna-citation-v-2026-09-05-dd4b6d39?id=ADHUHR,https://villiers.ai/empty-legs/kavl-khou-cessna-citation-v-2026-09-05-dd4b6d39?id=ADHUHR,https://villiers.ai/empty-legs/kavl-khou-cessna-citation-v-2026-09-05-dd4b6d39?id=ADHUHR,"Sat, 05 Sep 2026 15:03:06 GMT",2026-09-06T00:17:02+00:00
https://villiers.ai/empty-legs/kcha-kvny-challenger-350-2026-09-05-c8cce390?id=ADHUHR,inactive,inactive,2026-09-02T23:17:02+00:00,2026-09-05T23:47:02+00:00,2026-09-06T00:17:02+00:00,"Challenger 350 | Chattanooga Metropolitan Airport (Lovell Field) → Van Nuys Airport | $34,400",,Challenger 350,KCHA - Chattanooga Metropolitan Airport (Lovell Field),KCHA,CHA,Lovell Field,Chattanooga,US,KVNY - Van Nuys Airport,KVNY,VNY,Van Nuys Airport,Van Nuys,US,05 September 2026,2026-09-05,12:00,15:59,3h 59m,"$34,400",34400,USD,$,9,https://villiers.ai/empty-legs/kcha-kvny-challenger-350-2026-09-05-c8cce390?id=ADHUHR,https://villiers.ai/empty-legs/kcha-kvny-challenger-350-2026-09-05-c8cce390?id=ADHUHR,https://villiers.ai/empty-legs/kcha-kvny-challenger-350-2026-09-05-c8cce390?id=ADHUHR,"Wed, 02 Sep 2026 22:54:41 GMT",2026-09-06T00:17:02+00:00
https://villiers.ai/empty-legs/kchs-kfoa-citation-x-2026-09-05-617f76d6?id=ADHUHR,inactive,inactive,2026-09-05T19:47:01+00:00,2026-09-05T23:47:02+00:00,2026-09-06T00:17:02+00:00,"Citation X | Charleston International Airport → Flora Municipal Airport | $8,600",,Citation X,KCHS - Charleston International Airport,KCHS,CHS,Charleston Afb/International Airport,Charleston,US,KFOA - Flora Municipal Airport,KFOA,,Flora Municipal Airport,Flora,US,05 September 2026,2026-09-05,12:00,13:38,1h 38m,"$8,600",8600,USD,$,12,https://villiers.ai/empty-legs/kchs-kfoa-citation-x-2026-09-05-617f76d6?id=ADHUHR,https://villiers.ai/empty-legs/kchs-kfoa-citation-x-2026-09-05-617f76d6?id=ADHUHR,https://villiers.ai/empty-legs/kchs-kfoa-citation-x-2026-09-05-617f76d6?id=ADHUHR,"Sat, 05 Sep 2026 19:29:51 GMT",2026-09-06T00:17:02+00:00
https://villiers.ai/empty-legs/kcrq-ktrk-cessna-citation-cj3-2026-09-05-dc7dd94e?id=ADHUHR,inactive,inactive,2026-09-02T06:47:02+00:00,2026-09-05T23:47:02+00:00,2026-09-06T00:17:02+00:00,"Cessna Citation CJ3 | McClellan-Palomar Airport → Truckee Tahoe Airport | $8,600",,Cessna Citation CJ3,KCRQ - McClellan-Palomar Airport,KCRQ,CLD,Mc Clellan-Palomar Airport,Carlsbad,US,KTRK - Truckee Tahoe Airport,KTRK,TKF,Truckee-Tahoe Airport,Truckee,US,05 September 2026,2026-09-05,12:00,13:20,1h 21m,"$8,600",8600,USD,$,8,https://villiers.ai/empty-legs/kcrq-ktrk-cessna-citation-cj3-2026-09-05-dc7dd94e?id=ADHUHR,https://villiers.ai/empty-legs/kcrq-ktrk-cessna-citation-cj3-2026-09-05-dc7dd94e?id=ADHUHR,https://villiers.ai/empty-legs/kcrq-ktrk-cessna-citation-cj3-2026-09-05-dc7dd94e?id=ADHUHR,"Wed, 02 Sep 2026 06:27:03 GMT",2026-09-06T00:17:02+00:00
https://villiers.ai/empty-legs/kd07-kykm-challenger-300-2026-09-05-b2f2ead6?id=ADHUHR,inactive,inactive,2026-09-05T19:47:01+00:00,2026-09-05T23:47:02+00:00,2026-09-06T00:17:02+00:00,"Challenger 300 | Faith Municipal Airport → Yakima Air Terminal McAllister Field | $10,750",,Challenger 300,KD07 - Faith Municipal Airport,KD07,,Faith Municipal Airport,Faith,US,KYKM - Yakima Air Terminal McAllister Field,KYKM,YKM,Yakima Air Trml/Mcallister Field,Yakima,US,05 September 2026,2026-09-05,12:00,14:09,2h 9m,"$10,750",10750,USD,$,10,https://villiers.ai/empty-legs/kd07-kykm-challenger-300-2026-09-05-b2f2ead6?id=ADHUHR,https://villiers.ai/empty-legs/kd07-kykm-challenger-300-2026-09-05-b2f2ead6?id=ADHUHR,https://villiers.ai/empty-legs/kd07-kykm-challenger-300-2026-09-05-b2f2ead6?id=ADHUHR,"Sat, 05 Sep 2026 19:29:43 GMT",2026-09-06T00:17:02+00:00
https://villiers.ai/empty-legs/kdjt-khou-cessna-citation-ultra-2026-09-05-4264170b?id=ADHUHR,inactive,inactive,2026-08-29T16:47:01+00:00,2026-09-05T23:47:02+00:00,2026-09-06T00:17:02+00:00,"Cessna Citation Ultra | President Donald J. Trump International Airport → William P. Hobby Airport | $9,353",,Cessna Citation Ultra,KDJT - President Donald J. Trump International Airport,KDJT,PBI,President Donald J Trump International Airport,West Palm Beach,US,KHOU - William P. Hobby Airport,KHOU,HOU,William P Hobby Airport,Houston,US,05 September 2026,2026-09-05,12:00,14:14,2h 15m,"$9,353",9353,USD,$,7,https://villiers.ai/empty-legs/kdjt-khou-cessna-citation-ultra-2026-09-05-4264170b?id=ADHUHR,https://villiers.ai/empty-legs/kdjt-khou-cessna-citation-ultra-2026-09-05-4264170b?id=ADHUHR,https://villiers.ai/empty-legs/kdjt-khou-cessna-citation-ultra-2026-09-05-4264170b?id=ADHUHR,"Sat, 29 Aug 2026 16:17:45 GMT",2026-09-06T00:17:02+00:00
https://villiers.ai/empty-legs/kelp-ktex-challenger-300-2026-09-05-136347ae?id=ADHUHR,inactive,inactive,2026-09-05T19:47:01+00:00,2026-09-05T23:47:02+00:00,2026-09-06T00:17:02+00:00,"Challenger 300 | El Paso International Airport → Telluride Regional Airport | $9,675",,Challenger 300,KELP - El Paso International Airport,KELP,ELP,El Paso International Airport,El Paso,US,KTEX - Telluride Regional Airport,KTEX,TEX,Telluride Regional Airport,Telluride,US,05 September 2026,2026-09-05,12:00,13:18,1h 18m,"$9,675",9675,USD,$,10,https://villiers.ai/empty-legs/kelp-ktex-challenger-300-2026-09-05-136347ae?id=ADHUHR,https://villiers.ai/empty-legs/kelp-ktex-challenger-300-2026-09-05-136347ae?id=ADHUHR,https://villiers.ai/empty-legs/kelp-ktex-challenger-300-2026-09-05-136347ae?id=ADHUHR,"Sat, 05 Sep 2026 19:29:43 GMT",2026-09-06T00:17:02+00:00
https://villiers.ai/empty-legs/khou-kaus-bombardier-challenger-604-2026-09-05-078d4627?id=ADHUHR,inactive,inactive,2026-08-21T00:17:02+00:00,2026-09-05T23:47:02+00:00,2026-09-06T00:17:02+00:00,"Bombardier Challenger 604 | William P. Hobby Airport → Austin Bergstrom International Airport | $5,590",,Bombardier Challenger 604,KHOU - William P. Hobby Airport,KHOU,HOU,William P Hobby Airport,Houston,US,KAUS - Austin Bergstrom International Airport,KAUS,AUS,Austin-Bergstrom International Airport,Austin,US,05 September 2026,2026-09-05,12:00,12:46,46m,"$5,590",5590,USD,$,10,https://villiers.ai/empty-legs/khou-kaus-bombardier-challenger-604-2026-09-05-078d4627?id=ADHUHR,https://villiers.ai/empty-legs/khou-kaus-bombardier-challenger-604-2026-09-05-078d4627?id=ADHUHR,https://villiers.ai/empty-legs/khou-kaus-bombardier-challenger-604-2026-09-05-078d4627?id=ADHUHR,"Thu, 20 Aug 2026 21:34:21 GMT",2026-09-06T00:17:02+00:00
https://villiers.ai/empty-legs/kiad-khpn-citation-x-2026-09-05-6fb97421?id=ADHUHR,inactive,inactive,2026-09-05T19:47:01+00:00,2026-09-05T23:47:02+00:00,2026-09-06T00:17:02+00:00,"Citation X | Washington Dulles International Airport → Westchester County Airport | $8,600",,Citation X,KIAD - Washington Dulles International Airport,KIAD,IAD,Washington Dulles International Airport,Washington,US,KHPN - Westchester County Airport,KHPN,HPN,Westchester County Airport,White Plains,US,05 September 2026,2026-09-05,12:00,12:57,57m,"$8,600",8600,USD,$,12,https://villiers.ai/empty-legs/kiad-khpn-citation-x-2026-09-05-6fb97421?id=ADHUHR,https://villiers.ai/empty-legs/kiad-khpn-citation-x-2026-09-05-6fb97421?id=ADHUHR,https://villiers.ai/empty-legs/kiad-khpn-citation-x-2026-09-05-6fb97421?id=ADHUHR,"Sat, 05 Sep 2026 19:29:51 GMT",2026-09-06T00:17:02+00:00
https://villiers.ai/empty-legs/kind-skgp-citation-x-2026-09-05-c5961ade?id=ADHUHR,inactive,inactive,2026-09-05T19:47:01+00:00,2026-09-05T23:47:02+00:00,2026-09-06T00:17:02+00:00,"Citation X | Indianapolis International Airport → Juan Casiano Airport | $12,900",,Citation X,KIND - Indianapolis International Airport,KIND,IND,Indianapolis International Airport,Indianapolis,US,SKGP - Juan Casiano Airport,SKGP,GPI,Juan Casiano Airport,Guapi,CO,05 September 2026,2026-09-05,12:00,17:20,5h 21m,"$12,900",12900,USD,$,12,https://villiers.ai/empty-legs/kind-skgp-citation-x-2026-09-05-c5961ade?id=ADHUHR,https://villiers.ai/empty-legs/kind-skgp-citation-x-2026-09-05-c5961ade?id=ADHUHR,https://villiers.ai/empty-legs/kind-skgp-citation-x-2026-09-05-c5961ade?id=ADHUHR,"Sat, 05 Sep 2026 19:29:51 GMT",2026-09-06T00:17:02+00:00
https://villiers.ai/empty-legs/klex-khou-cessna-citation-v-2026-09-05-b5d2a1c8?id=ADHUHR,inactive,inactive,2026-09-03T17:47:01+00:00,2026-09-05T23:47:02+00:00,2026-09-06T00:17:02+00:00,"Cessna Citation V | Blue Grass Airport → William P. Hobby Airport | $9,353",,Cessna Citation V,KLEX - Blue Grass Airport,KLEX,LEX,Blue Grass Airport,Lexington,US,KHOU - William P. Hobby Airport,KHOU,HOU,William P Hobby Airport,Houston,US,05 September 2026,2026-09-05,12:00,14:03,2h 3m,"$9,353",9353,USD,$,7,https://villiers.ai/empty-legs/klex-khou-cessna-citation-v-2026-09-05-b5d2a1c8?id=ADHUHR,https://villiers.ai/empty-legs/klex-khou-cessna-citation-v-2026-09-05-b5d2a1c8?id=ADHUHR,https://villiers.ai/empty-legs/klex-khou-cessna-citation-v-2026-09-05-b5d2a1c8?id=ADHUHR,"Thu, 03 Sep 2026 17:43:54 GMT",2026-09-06T00:17:02+00:00
https://villiers.ai/empty-legs/kmht-kbhb-citation-x-2026-09-05-1fb2c402?id=ADHUHR,inactive,inactive,2026-09-05T19:47:01+00:00,2026-09-05T23:47:02+00:00,2026-09-06T00:17:02+00:00,"Citation X | Manchester-Boston Regional Airport → Hancock County-Bar Harbor Airport | $8,600",,Citation X,KMHT - Manchester-Boston Regional Airport,KMHT,MHT,Manchester Boston Regional Airport,Manchester,US,KBHB - Hancock County-Bar Harbor Airport,KBHB,BHB,Hancock County/Bar Harbor Airport,Bar Harbor,US,05 September 2026,2026-09-05,12:00,12:50,51m,"$8,600",8600,USD,$,12,https://villiers.ai/empty-legs/kmht-kbhb-citation-x-2026-09-05-1fb2c402?id=ADHUHR,https://villiers.ai/empty-legs/kmht-kbhb-citation-x-2026-09-05-1fb2c402?id=ADHUHR,https://villiers.ai/empty-legs/kmht-kbhb-citation-x-2026-09-05-1fb2c402?id=ADHUHR,"Sat, 05 Sep 2026 19:29:52 GMT",2026-09-06T00:17:02+00:00
https://villiers.ai/empty-legs/kopf-kbtr-challenger-300-2026-09-05-55ee3be5?id=ADHUHR,inactive,inactive,2026-09-05T19:47:01+00:00,2026-09-05T23:47:02+00:00,2026-09-06T00:17:02+00:00,"Challenger 300 | Miami-Opa Locka Executive Airport → Baton Rouge Metropolitan Airport | $9,675",,Challenger 300,KOPF - Miami-Opa Locka Executive Airport,KOPF,OPF,Miami-Opa Locka Executive Airport,Miami,US,KBTR - Baton Rouge Metropolitan Airport,KBTR,BTR,"Baton Rouge Metro, Ryan Field",Baton Rouge,US,05 September 2026,2026-09-05,12:00,13:51,1h 51m,"$9,675",9675,USD,$,10,https://villiers.ai/empty-legs/kopf-kbtr-challenger-300-2026-09-05-55ee3be5?id=ADHUHR,https://villiers.ai/empty-legs/kopf-kbtr-challenger-300-2026-09-05-55ee3be5?id=ADHUHR,https://villiers.ai/empty-legs/kopf-kbtr-challenger-300-2026-09-05-55ee3be5?id=ADHUHR,"Sat, 05 Sep 2026 19:29:40 GMT",2026-09-06T00:17:02+00:00
https://villiers.ai/empty-legs/kopf-kcsl-challenger-300-2026-09-05-9674d092?id=ADHUHR,inactive,inactive,2026-09-05T19:47:01+00:00,2026-09-05T23:47:02+00:00,2026-09-06T00:17:02+00:00,"Challenger 300 | Miami-Opa Locka Executive Airport → San Luis County Regional Airport | $26,875",,Challenger 300,KOPF - Miami-Opa Locka Executive Airport,KOPF,OPF,Miami-Opa Locka Executive Airport,Miami,US,KCSL - San Luis County Regional Airport,KCSL,,San Luis County Regional Airport,,,05 September 2026,2026-09-05,12:00,17:03,5h 4m,"$26,875",26875,USD,$,10,https://villiers.ai/empty-legs/kopf-kcsl-challenger-300-2026-09-05-9674d092?id=ADHUHR,https://villiers.ai/empty-legs/kopf-kcsl-challenger-300-2026-09-05-9674d092?id=ADHUHR,https://villiers.ai/empty-legs/kopf-kcsl-challenger-300-2026-09-05-9674d092?id=ADHUHR,"Sat, 05 Sep 2026 19:29:41 GMT",2026-09-06T00:17:02+00:00
https://villiers.ai/empty-legs/kopf-kdjt-citation-x-2026-09-05-191f5646?id=ADHUHR,inactive,inactive,2026-09-05T19:47:01+00:00,2026-09-05T23:47:02+00:00,2026-09-06T00:17:02+00:00,"Citation X | Miami-Opa Locka Executive Airport → President Donald J. Trump International Airport | $8,600",,Citation X,KOPF - Miami-Opa Locka Executive Airport,KOPF,OPF,Miami-Opa Locka Executive Airport,Miami,US,KDJT - President Donald J. Trump International Airport,KDJT,PBI,President Donald J Trump International Airport,West Palm Beach,US,05 September 2026,2026-09-05,12:00,12:36,36m,"$8,600",8600,USD,$,12,https://villiers.ai/empty-legs/kopf-kdjt-citation-x-2026-09-05-191f5646?id=ADHUHR,https://villiers.ai/empty-legs/kopf-kdjt-citation-x-2026-09-05-191f5646?id=ADHUHR,https://villiers.ai/empty-legs/kopf-kdjt-citation-x-2026-09-05-191f5646?id=ADHUHR,"Sat, 05 Sep 2026 19:29:51 GMT",2026-09-06T00:17:02+00:00
https://villiers.ai/empty-legs/kopf-kfok-challenger-300-2026-09-05-0affff40?id=ADHUHR,inactive,inactive,2026-09-05T19:47:01+00:00,2026-09-05T23:47:02+00:00,2026-09-06T00:17:02+00:00,"Challenger 300 | Miami-Opa Locka Executive Airport → Francis S Gabreski Airport | $10,750",,Challenger 300,KOPF - Miami-Opa Locka Executive Airport,KOPF,OPF,Miami-Opa Locka Executive Airport,Miami,US,KFOK - Francis S Gabreski Airport,KFOK,FOK,Francis S Gabreski Airport,Westhampton Beach,US,05 September 2026,2026-09-05,12:00,14:34,2h 34m,"$10,750",10750,USD,$,10,https://villiers.ai/empty-legs/kopf-kfok-challenger-300-2026-09-05-0affff40?id=ADHUHR,https://villiers.ai/empty-legs/kopf-kfok-challenger-300-2026-09-05-0affff40?id=ADHUHR,https://villiers.ai/empty-legs/kopf-kfok-challenger-300-2026-09-05-0affff40?id=ADHUHR,"Sat, 05 Sep 2026 19:29:40 GMT",2026-09-06T00:17:02+00:00
https://villiers.ai/empty-legs/kopf-khou-cessna-citation-ultra-2026-09-05-6dbf34cb?id=ADHUHR,inactive,inactive,2026-08-27T16:47:01+00:00,2026-09-05T23:47:02+00:00,2026-09-06T00:17:02+00:00,"Cessna Citation Ultra | Miami-Opa Locka Executive Airport → William P. Hobby Airport | $9,353",,Cessna Citation Ultra,KOPF - Miami-Opa Locka Executive Airport,KOPF,OPF,Miami-Opa Locka Executive Airport,Miami,US,KHOU - William P. Hobby Airport,KHOU,HOU,William P Hobby Airport,Houston,US,05 September 2026,2026-09-05,12:00,14:15,2h 16m,"$9,353",9353,USD,$,7,https://villiers.ai/empty-legs/kopf-khou-cessna-citation-ultra-2026-09-05-6dbf34cb?id=ADHUHR,https://villiers.ai/empty-legs/kopf-khou-cessna-citation-ultra-2026-09-05-6dbf34cb?id=ADHUHR,https://villiers.ai/empty-legs/kopf-khou-cessna-citation-ultra-2026-09-05-6dbf34cb?id=ADHUHR,"Thu, 27 Aug 2026 16:34:22 GMT",2026-09-06T00:17:02+00:00
https://villiers.ai/empty-legs/kopf-kjac-challenger-300-2026-09-05-7f35646e?id=ADHUHR,inactive,inactive,2026-09-05T19:47:01+00:00,2026-09-05T23:47:02+00:00,2026-09-06T00:17:02+00:00,"Challenger 300 | Miami-Opa Locka Executive Airport → Jackson Hole Airport | $26,875",,Challenger 300,KOPF - Miami-Opa Locka Executive Airport,KOPF,OPF,Miami-Opa Locka Executive Airport,Miami,US,KJAC - Jackson Hole Airport,KJAC,JAC,Jackson Hole Airport,Jackson,US,05 September 2026,2026-09-05,12:00,16:22,4h 23m,"$26,875",26875,USD,$,10,https://villiers.ai/empty-legs/kopf-kjac-challenger-300-2026-09-05-7f35646e?id=ADHUHR,https://villiers.ai/empty-legs/kopf-kjac-challenger-300-2026-09-05-7f35646e?id=ADHUHR,https://villiers.ai/empty-legs/kopf-kjac-challenger-300-2026-09-05-7f35646e?id=ADHUHR,"Sat, 05 Sep 2026 19:29:41 GMT",2026-09-06T00:17:02+00:00
https://villiers.ai/empty-legs/kopf-kvny-challenger-300-2026-09-05-00e8deff?id=ADHUHR,inactive,inactive,2026-09-05T19:47:01+00:00,2026-09-05T23:47:02+00:00,2026-09-06T00:17:02+00:00,"Challenger 300 | Miami-Opa Locka Executive Airport → Van Nuys Airport | $26,875",,Challenger 300,KOPF - Miami-Opa Locka Executive Airport,KOPF,OPF,Miami-Opa Locka Executive Airport,Miami,US,KVNY - Van Nuys Airport,KVNY,VNY,Van Nuys Airport,Van Nuys,US,05 September 2026,2026-09-05,12:00,16:49,4h 50m,"$26,875",26875,USD,$,10,https://villiers.ai/empty-legs/kopf-kvny-challenger-300-2026-09-05-00e8deff?id=ADHUHR,https://villiers.ai/empty-legs/kopf-kvny-challenger-300-2026-09-05-00e8deff?id=ADHUHR,https://villiers.ai/empty-legs/kopf-kvny-challenger-300-2026-09-05-00e8deff?id=ADHUHR,"Sat, 05 Sep 2026 19:29:41 GMT",2026-09-06T00:17:02+00:00
https://villiers.ai/empty-legs/kril-kapa-cessna-citation-excel-2026-09-05-4c425a4c?id=ADHUHR,inactive,inactive,2026-09-02T15:47:02+00:00,2026-09-05T23:47:02+00:00,2026-09-06T00:17:02+00:00,"Cessna Citation Excel | Garfield County Regional Airport → Centennial Airport | $2,903",,Cessna Citation Excel,KRIL - Garfield County Regional Airport,KRIL,RIL,Rifle Garfield County Airport,Rifle,US,KAPA - Centennial Airport,KAPA,APA,Centennial Airport,Denver,US,05 September 2026,2026-09-05,12:00,12:47,47m,"$2,903",2903,USD,$,9,https://villiers.ai/empty-legs/kril-kapa-cessna-citation-excel-2026-09-05-4c425a4c?id=ADHUHR,https://villiers.ai/empty-legs/kril-kapa-cessna-citation-excel-2026-09-05-4c425a4c?id=ADHUHR,https://villiers.ai/empty-legs/kril-kapa-cessna-citation-excel-2026-09-05-4c425a4c?id=ADHUHR,"Wed, 02 Sep 2026 15:34:27 GMT",2026-09-06T00:17:02+00:00
https://villiers.ai/empty-legs/ksez-kcrq-cessna-citation-xls-2026-09-05-e18098b5?id=ADHUHR,inactive,inactive,2026-09-02T06:47:02+00:00,2026-09-05T23:47:02+00:00,2026-09-06T00:17:02+00:00,"Cessna Citation XLS | Sedona Airport → McClellan-Palomar Airport | $8,600",,Cessna Citation XLS,KSEZ - Sedona Airport,KSEZ,SDX,Sedona Airport,Sedona,US,KCRQ - McClellan-Palomar Airport,KCRQ,CLD,Mc Clellan-Palomar Airport,Carlsbad,US,05 September 2026,2026-09-05,12:00,13:07,1h 7m,"$8,600",8600,USD,$,8,https://villiers.ai/empty-legs/ksez-kcrq-cessna-citation-xls-2026-09-05-e18098b5?id=ADHUHR,https://villiers.ai/empty-legs/ksez-kcrq-cessna-citation-xls-2026-09-05-e18098b5?id=ADHUHR,https://villiers.ai/empty-legs/ksez-kcrq-cessna-citation-xls-2026-09-05-e18098b5?id=ADHUHR,"Wed, 02 Sep 2026 06:27:03 GMT",2026-09-06T00:17:02+00:00
https://villiers.ai/empty-legs/ksts-krno-challenger-300-2026-09-05-81f62d33?id=ADHUHR,inactive,inactive,2026-09-05T19:47:01+00:00,2026-09-05T23:47:02+00:00,2026-09-06T00:17:02+00:00,"Challenger 300 | Charles M. Schulz Sonoma County Airport → Reno Tahoe International Airport | $8,600",,Challenger 300,KSTS - Charles M. Schulz Sonoma County Airport,KSTS,STS,Charles M Schulz/Sonoma County Airport,Santa Rosa,US,KRNO - Reno Tahoe International Airport,KRNO,RNO,Reno/Tahoe International Airport,Reno,US,05 September 2026,2026-09-05,12:00,12:49,50m,"$8,600",8600,USD,$,10,https://villiers.ai/empty-legs/ksts-krno-challenger-300-2026-09-05-81f62d33?id=ADHUHR,https://villiers.ai/empty-legs/ksts-krno-challenger-300-2026-09-05-81f62d33?id=ADHUHR,https://villiers.ai/empty-legs/ksts-krno-challenger-300-2026-09-05-81f62d33?id=ADHUHR,"Sat, 05 Sep 2026 19:29:43 GMT",2026-09-06T00:17:02+00:00
https://villiers.ai/empty-legs/ktus-kaus-bombardier-challenger-604-2026-09-05-d1122a27?id=ADHUHR,inactive,inactive,2026-08-27T16:47:01+00:00,2026-09-05T23:47:02+00:00,2026-09-06T00:17:02+00:00,"Bombardier Challenger 604 | Tucson International Airport / Morris Air National Guard Base → Austin Bergstrom International Airport | $13,438",,Bombardier Challenger 604,KTUS - Tucson International Airport / Morris Air National Guard Base,KTUS,TUS,Tucson International Airport,Tucson,US,KAUS - Austin Bergstrom International Airport,KAUS,AUS,Austin-Bergstrom International Airport,Austin,US,05 September 2026,2026-09-05,12:00,13:58,1h 58m,"$13,438",13438,USD,$,10,https://villiers.ai/empty-legs/ktus-kaus-bombardier-challenger-604-2026-09-05-d1122a27?id=ADHUHR,https://villiers.ai/empty-legs/ktus-kaus-bombardier-challenger-604-2026-09-05-d1122a27?id=ADHUHR,https://villiers.ai/empty-legs/ktus-kaus-bombardier-challenger-604-2026-09-05-d1122a27?id=ADHUHR,"Thu, 27 Aug 2026 16:34:22 GMT",2026-09-06T00:17:02+00:00
https://villiers.ai/empty-legs/kxna-khou-aircraft-2026-09-05-21018cde?id=ADHUHR,inactive,inactive,2026-08-14T14:17:02+00:00,2026-09-05T23:47:02+00:00,2026-09-06T00:17:02+00:00,"Private Jet | Northwest Arkansas National Airport → William P. Hobby Airport | $5,590",,Private Jet,KXNA - Northwest Arkansas National Airport,KXNA,XNA,Northwest Arkansas Ntl Airport,Fayetteville/Springdale/Rogers,US,KHOU - William P. Hobby Airport,KHOU,HOU,William P Hobby Airport,Houston,US,05 September 2026,2026-09-05,12:00,13:21,1h 21m,"$5,590",5590,USD,$,7,https://villiers.ai/empty-legs/kxna-khou-aircraft-2026-09-05-21018cde?id=ADHUHR,https://villiers.ai/empty-legs/kxna-khou-aircraft-2026-09-05-21018cde?id=ADHUHR,https://villiers.ai/empty-legs/kxna-khou-aircraft-2026-09-05-21018cde?id=ADHUHR,"Fri, 14 Aug 2026 14:01:13 GMT",2026-09-06T00:17:02+00:00
https://villiers.ai/empty-legs/kxna-khou-cessna-citation-ultra-2026-09-05-1776d8a9?id=ADHUHR,inactive,inactive,2026-09-03T19:17:01+00:00,2026-09-05T23:47:02+00:00,2026-09-06T00:17:02+00:00,"Cessna Citation Ultra | Northwest Arkansas National Airport → William P. Hobby Airport | $5,160",,Cessna Citation Ultra,KXNA - Northwest Arkansas National Airport,KXNA,XNA,Northwest Arkansas Ntl Airport,Fayetteville/Springdale/Rogers,US,KHOU - William P. Hobby Airport,KHOU,HOU,William P Hobby Airport,Houston,US,05 September 2026,2026-09-05,12:00,13:21,1h 21m,"$5,160",5160,USD,$,7,https://villiers.ai/empty-legs/kxna-khou-cessna-citation-ultra-2026-09-05-1776d8a9?id=ADHUHR,https://villiers.ai/empty-legs/kxna-khou-cessna-citation-ultra-2026-09-05-1776d8a9?id=ADHUHR,https://villiers.ai/empty-legs/kxna-khou-cessna-citation-ultra-2026-09-05-1776d8a9?id=ADHUHR,"Thu, 03 Sep 2026 19:15:43 GMT",2026-09-06T00:17:02+00:00
https://villiers.ai/empty-legs/sktm-ktki-citation-x-2026-09-05-66bdeb76?id=ADHUHR,inactive,inactive,2026-09-05T19:47:01+00:00,2026-09-05T23:47:02+00:00,2026-09-06T00:17:02+00:00,"Citation X | Gustavo Vargas Airport → McKinney National Airport | $8,600",,Citation X,SKTM - Gustavo Vargas Airport,SKTM,TME,Gustavo Vargas Airport,Tame,CO,KTKI - McKinney National Airport,KTKI,,Mckinney Ntl Airport,Dallas,US,05 September 2026,2026-09-05,12:00,17:00,5h 0m,"$8,600",8600,USD,$,12,https://villiers.ai/empty-legs/sktm-ktki-citation-x-2026-09-05-66bdeb76?id=ADHUHR,https://villiers.ai/empty-legs/sktm-ktki-citation-x-2026-09-05-66bdeb76?id=ADHUHR,https://villiers.ai/empty-legs/sktm-ktki-citation-x-2026-09-05-66bdeb76?id=ADHUHR,"Sat, 05 Sep 2026 19:29:52 GMT",2026-09-06T00:17:02+00:00
https://villiers.ai/empty-legs/kacy-kfoe-citation-x-2026-09-06-b77b32be?id=ADHUHR,inactive,inactive,2026-09-05T19:47:01+00:00,2026-09-06T23:47:01+00:00,2026-09-07T00:17:03+00:00,"Citation X | Atlantic City International Airport → Topeka Regional Airport | $15,050",,Citation X,KACY - Atlantic City International Airport,KACY,ACY,Atlantic City International Airport,Atlantic City,US,KFOE - Topeka Regional Airport,KFOE,FOE,Topeka Regional Airport,Topeka,US,06 September 2026,2026-09-06,12:00,14:35,2h 35m,"$15,050",15050,USD,$,12,https://villiers.ai/empty-legs/kacy-kfoe-citation-x-2026-09-06-b77b32be?id=ADHUHR,https://villiers.ai/empty-legs/kacy-kfoe-citation-x-2026-09-06-b77b32be?id=ADHUHR,https://villiers.ai/empty-legs/kacy-kfoe-citation-x-2026-09-06-b77b32be?id=ADHUHR,"Sat, 05 Sep 2026 19:29:53 GMT",2026-09-07T00:17:03+00:00
https://villiers.ai/empty-legs/kapc-kmhr-challenger-300-2026-09-06-4882b3e2?id=ADHUHR,inactive,inactive,2026-09-05T19:47:01+00:00,2026-09-06T23:47:01+00:00,2026-09-07T00:17:03+00:00,"Challenger 300 | Napa County Airport → Sacramento Mather Airport | $8,600",,Challenger 300,KAPC - Napa County Airport,KAPC,APC,Napa County Airport,Napa,US,KMHR - Sacramento Mather Airport,KMHR,MHR,Sacramento Mather Airport,Sacramento,US,06 September 2026,2026-09-06,12:00,12:36,36m,"$8,600",8600,USD,$,10,https://villiers.ai/empty-legs/kapc-kmhr-challenger-300-2026-09-06-4882b3e2?id=ADHUHR,https://villiers.ai/empty-legs/kapc-kmhr-challenger-300-2026-09-06-4882b3e2?id=ADHUHR,https://villiers.ai/empty-legs/kapc-kmhr-challenger-300-2026-09-06-4882b3e2?id=ADHUHR,"Sat, 05 Sep 2026 19:29:45 GMT",2026-09-07T00:17:03+00:00
https://villiers.ai/empty-legs/kbed-kisp-citation-x-2026-09-06-022d2f29?id=ADHUHR,inactive,inactive,2026-09-05T19:47:01+00:00,2026-09-06T23:47:01+00:00,2026-09-07T00:17:03+00:00,"Citation X | Laurence G Hanscom Field → Long Island Mac Arthur Airport | $8,600",,Citation X,KBED - Laurence G Hanscom Field,KBED,BED,Laurence G Hanscom Field,Bedford,US,KISP - Long Island Mac Arthur Airport,KISP,ISP,Long Island Mac Arthur Airport,New York,US,06 September 2026,2026-09-06,12:00,12:46,47m,"$8,600",8600,USD,$,12,https://villiers.ai/empty-legs/kbed-kisp-citation-x-2026-09-06-022d2f29?id=ADHUHR,https://villiers.ai/empty-legs/kbed-kisp-citation-x-2026-09-06-022d2f29?id=ADHUHR,https://villiers.ai/empty-legs/kbed-kisp-citation-x-2026-09-06-022d2f29?id=ADHUHR,"Sat, 05 Sep 2026 19:29:53 GMT",2026-09-07T00:17:03+00:00
https://villiers.ai/empty-legs/kcno-klas-citation-x-2026-09-06-79641e47?id=ADHUHR,inactive,inactive,2026-09-05T19:47:01+00:00,2026-09-06T23:47:01+00:00,2026-09-07T00:17:03+00:00,"Citation X | Chino Airport → Harry Reid International Airport | $8,600",,Citation X,KCNO - Chino Airport,KCNO,CNO,Chino Airport,Chino,US,KLAS - Harry Reid International Airport,KLAS,LAS,Harry Reid International Airport,Las Vegas,US,06 September 2026,2026-09-06,12:00,12:52,52m,"$8,600",8600,USD,$,12,https://villiers.ai/empty-legs/kcno-klas-citation-x-2026-09-06-79641e47?id=ADHUHR,https://villiers.ai/empty-legs/kcno-klas-citation-x-2026-09-06-79641e47?id=ADHUHR,https://villiers.ai/empty-legs/kcno-klas-citation-x-2026-09-06-79641e47?id=ADHUHR,"Sat, 05 Sep 2026 19:29:53 GMT",2026-09-07T00:17:03+00:00
https://villiers.ai/empty-legs/kcrq-ktrk-cessna-citation-m2-2026-09-06-89eca31f?id=ADHUHR,inactive,inactive,2026-09-02T06:47:02+00:00,2026-09-06T23:47:01+00:00,2026-09-07T00:17:03+00:00,"Cessna Citation M2 | McClellan-Palomar Airport → Truckee Tahoe Airport | $7,525",,Cessna Citation M2,KCRQ - McClellan-Palomar Airport,KCRQ,CLD,Mc Clellan-Palomar Airport,Carlsbad,US,KTRK - Truckee Tahoe Airport,KTRK,TKF,Truckee-Tahoe Airport,Truckee,US,06 September 2026,2026-09-06,12:00,13:20,1h 21m,"$7,525",7525,USD,$,7,https://villiers.ai/empty-legs/kcrq-ktrk-cessna-citation-m2-2026-09-06-89eca31f?id=ADHUHR,https://villiers.ai/empty-legs/kcrq-ktrk-cessna-citation-m2-2026-09-06-89eca31f?id=ADHUHR,https://villiers.ai/empty-legs/kcrq-ktrk-cessna-citation-m2-2026-09-06-89eca31f?id=ADHUHR,"Wed, 02 Sep 2026 06:27:03 GMT",2026-09-07T00:17:03+00:00
https://villiers.ai/empty-legs/kdal-kege-citation-x-2026-09-06-6048f479?id=ADHUHR,inactive,inactive,2026-09-05T19:47:01+00:00,2026-09-06T23:47:01+00:00,2026-09-07T00:17:03+00:00,"Citation X | Dallas Love Field → Eagle County Regional Airport | $12,900",,Citation X,KDAL - Dallas Love Field,KDAL,DAL,Dallas Love Field,Dallas,US,KEGE - Eagle County Regional Airport,KEGE,EGE,Eagle County Regional Airport,Eagle,US,06 September 2026,2026-09-06,12:00,13:51,1h 51m,"$12,900",12900,USD,$,12,https://villiers.ai/empty-legs/kdal-kege-citation-x-2026-09-06-6048f479?id=ADHUHR,https://villiers.ai/empty-legs/kdal-kege-citation-x-2026-09-06-6048f479?id=ADHUHR,https://villiers.ai/empty-legs/kdal-kege-citation-x-2026-09-06-6048f479?id=ADHUHR,"Sat, 05 Sep 2026 19:29:54 GMT",2026-09-07T00:17:03+00:00
https://villiers.ai/empty-legs/kdjt-klyh-challenger-300-2026-09-06-fab2fd90?id=ADHUHR,inactive,inactive,2026-09-05T19:47:01+00:00,2026-09-06T23:47:01+00:00,2026-09-07T00:17:03+00:00,"Challenger 300 | President Donald J. Trump International Airport → Lynchburg Regional Airport - Preston Glenn Field | $9,675",,Challenger 300,KDJT - President Donald J. Trump International Airport,KDJT,PBI,President Donald J Trump International Airport,West Palm Beach,US,KLYH - Lynchburg Regional Airport - Preston Glenn Field,KLYH,LYH,Lynchburg Regional/Preston Glenn Field,Lynchburg,US,06 September 2026,2026-09-06,12:00,13:51,1h 52m,"$9,675",9675,USD,$,10,https://villiers.ai/empty-legs/kdjt-klyh-challenger-300-2026-09-06-fab2fd90?id=ADHUHR,https://villiers.ai/empty-legs/kdjt-klyh-challenger-300-2026-09-06-fab2fd90?id=ADHUHR,https://villiers.ai/empty-legs/kdjt-klyh-challenger-300-2026-09-06-fab2fd90?id=ADHUHR,"Sat, 05 Sep 2026 19:29:46 GMT",2026-09-07T00:17:03+00:00
https://villiers.ai/empty-legs/khpn-kind-challenger-300-2026-09-06-2ed7b728?id=ADHUHR,inactive,inactive,2026-09-05T19:47:01+00:00,2026-09-06T23:47:01+00:00,2026-09-07T00:17:03+00:00,"Challenger 300 | Westchester County Airport → Indianapolis International Airport | $9,675",,Challenger 300,KHPN - Westchester County Airport,KHPN,HPN,Westchester County Airport,White Plains,US,KIND - Indianapolis International Airport,KIND,IND,Indianapolis International Airport,Indianapolis,US,06 September 2026,2026-09-06,12:00,13:44,1h 44m,"$9,675",9675,USD,$,10,https://villiers.ai/empty-legs/khpn-kind-challenger-300-2026-09-06-2ed7b728?id=ADHUHR,https://villiers.ai/empty-legs/khpn-kind-challenger-300-2026-09-06-2ed7b728?id=ADHUHR,https://villiers.ai/empty-legs/khpn-kind-challenger-300-2026-09-06-2ed7b728?id=ADHUHR,"Sat, 05 Sep 2026 19:29:46 GMT",2026-09-07T00:17:03+00:00
https://villiers.ai/empty-legs/kiad-kfhb-citation-x-2026-09-06-4f0c9c9c?id=ADHUHR,inactive,inactive,2026-09-05T19:47:01+00:00,2026-09-06T23:47:01+00:00,2026-09-07T00:17:03+00:00,"Citation X | Washington Dulles International Airport → Fernandina Beach Municipal Airport | $10,750",,Citation X,KIAD - Washington Dulles International Airport,KIAD,IAD,Washington Dulles International Airport,Washington,US,KFHB - Fernandina Beach Municipal Airport,KFHB,,Fernandina Beach Municipal Airport,Fernandina Beach,US,06 September 2026,2026-09-06,12:00,13:38,1h 38m,"$10,750",10750,USD,$,12,https://villiers.ai/empty-legs/kiad-kfhb-citation-x-2026-09-06-4f0c9c9c?id=ADHUHR,https://villiers.ai/empty-legs/kiad-kfhb-citation-x-2026-09-06-4f0c9c9c?id=ADHUHR,https://villiers.ai/empty-legs/kiad-kfhb-citation-x-2026-09-06-4f0c9c9c?id=ADHUHR,"Sat, 05 Sep 2026 19:29:54 GMT",2026-09-07T00:17:03+00:00
https://villiers.ai/empty-legs/kjwn-kdal-challenger-300-2026-09-06-14cdcae2?id=ADHUHR,inactive,inactive,2026-09-05T19:47:01+00:00,2026-09-06T23:47:01+00:00,2026-09-07T00:17:03+00:00,"Challenger 300 | John C Tune Airport → Dallas Love Field | $9,675",,Challenger 300,KJWN - John C Tune Airport,KJWN,,John C Tune Airport,Nashville,US,KDAL - Dallas Love Field,KDAL,DAL,Dallas Love Field,Dallas,US,06 September 2026,2026-09-06,12:00,13:37,1h 38m,"$9,675",9675,USD,$,10,https://villiers.ai/empty-legs/kjwn-kdal-challenger-300-2026-09-06-14cdcae2?id=ADHUHR,https://villiers.ai/empty-legs/kjwn-kdal-challenger-300-2026-09-06-14cdcae2?id=ADHUHR,https://villiers.ai/empty-legs/kjwn-kdal-challenger-300-2026-09-06-14cdcae2?id=ADHUHR,"Sat, 05 Sep 2026 19:29:47 GMT",2026-09-07T00:17:03+00:00
https://villiers.ai/empty-legs/klas-kcrq-cessna-citation-cj3-2026-09-06-3065756d?id=ADHUHR,inactive,inactive,2026-09-02T06:47:02+00:00,2026-09-06T23:47:01+00:00,2026-09-07T00:17:03+00:00,"Cessna Citation CJ3 | Harry Reid International Airport → McClellan-Palomar Airport | $6,450",,Cessna Citation CJ3,KLAS - Harry Reid International Airport,KLAS,LAS,Harry Reid International Airport,Las Vegas,US,KCRQ - McClellan-Palomar Airport,KCRQ,CLD,Mc Clellan-Palomar Airport,Carlsbad,US,06 September 2026,2026-09-06,12:00,12:56,56m,"$6,450",6450,USD,$,8,https://villiers.ai/empty-legs/klas-kcrq-cessna-citation-cj3-2026-09-06-3065756d?id=ADHUHR,https://villiers.ai/empty-legs/klas-kcrq-cessna-citation-cj3-2026-09-06-3065756d?id=ADHUHR,https://villiers.ai/empty-legs/klas-kcrq-cessna-citation-cj3-2026-09-06-3065756d?id=ADHUHR,"Wed, 02 Sep 2026 06:27:03 GMT",2026-09-07T00:17:03+00:00
https://villiers.ai/empty-legs/klwb-kdal-cessna-citation-ultra-2026-09-06-a6df494e?id=ADHUHR,inactive,inactive,2026-08-29T05:17:02+00:00,2026-09-06T23:47:01+00:00,2026-09-07T00:17:03+00:00,"Cessna Citation Ultra | Greenbrier Valley Airport → Dallas Love Field | $10,320",,Cessna Citation Ultra,KLWB - Greenbrier Valley Airport,KLWB,LWB,Greenbrier Valley Airport,Lewisburg,US,KDAL - Dallas Love Field,KDAL,DAL,Dallas Love Field,Dallas,US,06 September 2026,2026-09-06,12:00,14:19,2h 20m,"$10,320",10320,USD,$,7,https://villiers.ai/empty-legs/klwb-kdal-cessna-citation-ultra-2026-09-06-a6df494e?id=ADHUHR,https://villiers.ai/empty-legs/klwb-kdal-cessna-citation-ultra-2026-09-06-a6df494e?id=ADHUHR,https://villiers.ai/empty-legs/klwb-kdal-cessna-citation-ultra-2026-09-06-a6df494e?id=ADHUHR,"Sat, 29 Aug 2026 05:00:41 GMT",2026-09-07T00:17:03+00:00
https://villiers.ai/empty-legs/klwb-kxna-cessna-citation-ultra-2026-09-06-37c99f33?id=ADHUHR,inactive,inactive,2026-08-25T17:47:01+00:00,2026-09-06T23:47:01+00:00,2026-09-07T00:17:03+00:00,"Cessna Citation Ultra | Greenbrier Valley Airport → Northwest Arkansas National Airport | $8,600",,Cessna Citation Ultra,KLWB - Greenbrier Valley Airport,KLWB,LWB,Greenbrier Valley Airport,Lewisburg,US,KXNA - Northwest Arkansas National Airport,KXNA,XNA,Northwest Arkansas Ntl Airport,Fayetteville/Springdale/Rogers,US,06 September 2026,2026-09-06,12:00,13:55,1h 56m,"$8,600",8600,USD,$,7,https://villiers.ai/empty-legs/klwb-kxna-cessna-citation-ultra-2026-09-06-37c99f33?id=ADHUHR,https://villiers.ai/empty-legs/klwb-kxna-cessna-citation-ultra-2026-09-06-37c99f33?id=ADHUHR,https://villiers.ai/empty-legs/klwb-kxna-cessna-citation-ultra-2026-09-06-37c99f33?id=ADHUHR,"Tue, 25 Aug 2026 17:17:15 GMT",2026-09-07T00:17:03+00:00
https://villiers.ai/empty-legs/kmry-kmev-challenger-300-2026-09-06-7f50f303?id=ADHUHR,inactive,inactive,2026-09-05T19:47:01+00:00,2026-09-06T23:47:01+00:00,2026-09-07T00:17:03+00:00,"Challenger 300 | Monterey Peninsula Airport → Minden-Tahoe Airport | $8,600",,Challenger 300,KMRY - Monterey Peninsula Airport,KMRY,MRY,Monterey Regional Airport,Monterey,US,KMEV - Minden-Tahoe Airport,KMEV,MEV,Minden-Tahoe Airport,Minden,US,06 September 2026,2026-09-06,12:00,12:52,52m,"$8,600",8600,USD,$,10,https://villiers.ai/empty-legs/kmry-kmev-challenger-300-2026-09-06-7f50f303?id=ADHUHR,https://villiers.ai/empty-legs/kmry-kmev-challenger-300-2026-09-06-7f50f303?id=ADHUHR,https://villiers.ai/empty-legs/kmry-kmev-challenger-300-2026-09-06-7f50f303?id=ADHUHR,"Sat, 05 Sep 2026 19:29:47 GMT",2026-09-07T00:17:03+00:00
https://villiers.ai/empty-legs/kopf-kcsl-challenger-300-2026-09-06-e2717253?id=ADHUHR,inactive,inactive,2026-09-05T19:47:01+00:00,2026-09-06T23:47:01+00:00,2026-09-07T00:17:03+00:00,"Challenger 300 | Miami-Opa Locka Executive Airport → San Luis County Regional Airport | $26,875",,Challenger 300,KOPF - Miami-Opa Locka Executive Airport,KOPF,OPF,Miami-Opa Locka Executive Airport,Miami,US,KCSL - San Luis County Regional Airport,KCSL,,San Luis County Regional Airport,,,06 September 2026,2026-09-06,12:00,17:03,5h 4m,"$26,875",26875,USD,$,10,https://villiers.ai/empty-legs/kopf-kcsl-challenger-300-2026-09-06-e2717253?id=ADHUHR,https://villiers.ai/empty-legs/kopf-kcsl-challenger-300-2026-09-06-e2717253?id=ADHUHR,https://villiers.ai/empty-legs/kopf-kcsl-challenger-300-2026-09-06-e2717253?id=ADHUHR,"Sat, 05 Sep 2026 19:29:45 GMT",2026-09-07T00:17:03+00:00
https://villiers.ai/empty-legs/kopf-kjac-challenger-300-2026-09-06-827dd84d?id=ADHUHR,inactive,inactive,2026-09-05T19:47:01+00:00,2026-09-06T23:47:01+00:00,2026-09-07T00:17:03+00:00,"Challenger 300 | Miami-Opa Locka Executive Airport → Jackson Hole Airport | $26,875",,Challenger 300,KOPF - Miami-Opa Locka Executive Airport,KOPF,OPF,Miami-Opa Locka Executive Airport,Miami,US,KJAC - Jackson Hole Airport,KJAC,JAC,Jackson Hole Airport,Jackson,US,06 September 2026,2026-09-06,12:00,16:22,4h 23m,"$26,875",26875,USD,$,10,https://villiers.ai/empty-legs/kopf-kjac-challenger-300-2026-09-06-827dd84d?id=ADHUHR,https://villiers.ai/empty-legs/kopf-kjac-challenger-300-2026-09-06-827dd84d?id=ADHUHR,https://villiers.ai/empty-legs/kopf-kjac-challenger-300-2026-09-06-827dd84d?id=ADHUHR,"Sat, 05 Sep 2026 19:29:45 GMT",2026-09-07T00:17:03+00:00
https://villiers.ai/empty-legs/kpgv-kfok-challenger-300-2026-09-06-ddd69b4b?id=ADHUHR,inactive,inactive,2026-09-05T19:47:01+00:00,2026-09-06T23:47:01+00:00,2026-09-07T00:17:03+00:00,"Challenger 300 | Pitt-Greenville Airport → Francis S Gabreski Airport | $9,675",,Challenger 300,KPGV - Pitt-Greenville Airport,KPGV,PGV,Pitt-Greenville Airport,Greenville,US,KFOK - Francis S Gabreski Airport,KFOK,FOK,Francis S Gabreski Airport,Westhampton Beach,US,06 September 2026,2026-09-06,12:00,13:19,1h 19m,"$9,675",9675,USD,$,10,https://villiers.ai/empty-legs/kpgv-kfok-challenger-300-2026-09-06-ddd69b4b?id=ADHUHR,https://villiers.ai/empty-legs/kpgv-kfok-challenger-300-2026-09-06-ddd69b4b?id=ADHUHR,https://villiers.ai/empty-legs/kpgv-kfok-challenger-300-2026-09-06-ddd69b4b?id=ADHUHR,"Sat, 05 Sep 2026 19:29:48 GMT",2026-09-07T00:17:03+00:00
https://villiers.ai/empty-legs/kpie-kaus-citation-x-2026-09-06-2ad12aa9?id=ADHUHR,inactive,inactive,2026-09-05T19:47:01+00:00,2026-09-06T23:47:01+00:00,2026-09-07T00:17:03+00:00,"Citation X | St. Petersburg Clearwater International Airport → Austin Bergstrom International Airport | $15,050",,Citation X,KPIE - St. Petersburg Clearwater International Airport,KPIE,PIE,St Pete-Clearwater International Airport,St Petersburg-Clearwater,US,KAUS - Austin Bergstrom International Airport,KAUS,AUS,Austin-Bergstrom International Airport,Austin,US,06 September 2026,2026-09-06,12:00,14:11,2h 12m,"$15,050",15050,USD,$,12,https://villiers.ai/empty-legs/kpie-kaus-citation-x-2026-09-06-2ad12aa9?id=ADHUHR,https://villiers.ai/empty-legs/kpie-kaus-citation-x-2026-09-06-2ad12aa9?id=ADHUHR,https://villiers.ai/empty-legs/kpie-kaus-citation-x-2026-09-06-2ad12aa9?id=ADHUHR,"Sat, 05 Sep 2026 19:29:54 GMT",2026-09-07T00:17:03+00:00
https://villiers.ai/empty-legs/kpsf-kilg-citation-x-2026-09-06-ec9ccf9d?id=ADHUHR,inactive,inactive,2026-09-05T19:47:01+00:00,2026-09-06T23:47:01+00:00,2026-09-07T00:17:03+00:00,"Citation X | Pittsfield Municipal Airport → Wilmington Airport | $8,600",,Citation X,KPSF - Pittsfield Municipal Airport,KPSF,PSF,Pittsfield Municipal Airport,Pittsfield,US,KILG - Wilmington Airport,KILG,ILG,New Castle Airport,Wilmington,US,06 September 2026,2026-09-06,12:00,12:54,55m,"$8,600",8600,USD,$,12,https://villiers.ai/empty-legs/kpsf-kilg-citation-x-2026-09-06-ec9ccf9d?id=ADHUHR,https://villiers.ai/empty-legs/kpsf-kilg-citation-x-2026-09-06-ec9ccf9d?id=ADHUHR,https://villiers.ai/empty-legs/kpsf-kilg-citation-x-2026-09-06-ec9ccf9d?id=ADHUHR,"Sat, 05 Sep 2026 19:29:55 GMT",2026-09-07T00:17:03+00:00
https://villiers.ai/empty-legs/ksjc-ksts-citation-x-2026-09-06-4f063e78?id=ADHUHR,inactive,inactive,2026-09-05T19:47:01+00:00,2026-09-06T23:47:01+00:00,2026-09-07T00:17:03+00:00,"Citation X | San Jose International Airport → Charles M. Schulz Sonoma County Airport | $8,600",,Citation X,KSJC - San Jose International Airport,KSJC,SJC,Norman Y Mineta San Jose International Airport,San Jose,US,KSTS - Charles M. Schulz Sonoma County Airport,KSTS,STS,Charles M Schulz/Sonoma County Airport,Santa Rosa,US,06 September 2026,2026-09-06,12:00,12:40,40m,"$8,600",8600,USD,$,12,https://villiers.ai/empty-legs/ksjc-ksts-citation-x-2026-09-06-4f063e78?id=ADHUHR,https://villiers.ai/empty-legs/ksjc-ksts-citation-x-2026-09-06-4f063e78?id=ADHUHR,https://villiers.ai/empty-legs/ksjc-ksts-citation-x-2026-09-06-4f063e78?id=ADHUHR,"Sat, 05 Sep 2026 19:29:55 GMT",2026-09-07T00:17:03+00:00
https://villiers.ai/empty-legs/ksna-ksts-citation-x-2026-09-06-e9bdeeaa?id=ADHUHR,inactive,inactive,2026-09-05T19:47:01+00:00,2026-09-06T23:47:01+00:00,2026-09-07T00:17:03+00:00,"Citation X | John Wayne Orange County International Airport → Charles M. Schulz Sonoma County Airport | $8,600",,Citation X,KSNA - John Wayne Orange County International Airport,KSNA,SNA,John Wayne/Orange County Airport,Santa Ana,US,KSTS - Charles M. Schulz Sonoma County Airport,KSTS,STS,Charles M Schulz/Sonoma County Airport,Santa Rosa,US,06 September 2026,2026-09-06,12:00,13:18,1h 18m,"$8,600",8600,USD,$,12,https://villiers.ai/empty-legs/ksna-ksts-citation-x-2026-09-06-e9bdeeaa?id=ADHUHR,https://villiers.ai/empty-legs/ksna-ksts-citation-x-2026-09-06-e9bdeeaa?id=ADHUHR,https://villiers.ai/empty-legs/ksna-ksts-citation-x-2026-09-06-e9bdeeaa?id=ADHUHR,"Sat, 05 Sep 2026 19:29:55 GMT",2026-09-07T00:17:03+00:00
https://villiers.ai/empty-legs/kssi-kedc-challenger-300-2026-09-06-2471a187?id=ADHUHR,inactive,inactive,2026-09-05T19:47:01+00:00,2026-09-06T23:47:01+00:00,2026-09-07T00:17:03+00:00,"Challenger 300 | St Simons Island Airport → Austin Executive Airport | $12,900",,Challenger 300,KSSI - St Simons Island Airport,KSSI,SSI,St Simons Island Airport,St Simons Island,US,KEDC - Austin Executive Airport,KEDC,EDC,Austin Executive Airport,Austin,US,06 September 2026,2026-09-06,12:00,14:16,2h 17m,"$12,900",12900,USD,$,10,https://villiers.ai/empty-legs/kssi-kedc-challenger-300-2026-09-06-2471a187?id=ADHUHR,https://villiers.ai/empty-legs/kssi-kedc-challenger-300-2026-09-06-2471a187?id=ADHUHR,https://villiers.ai/empty-legs/kssi-kedc-challenger-300-2026-09-06-2471a187?id=ADHUHR,"Sat, 05 Sep 2026 19:29:48 GMT",2026-09-07T00:17:03+00:00
https://villiers.ai/empty-legs/kteb-ksby-citation-x-2026-09-06-bb84434e?id=ADHUHR,inactive,inactive,2026-09-05T19:47:01+00:00,2026-09-06T23:47:01+00:00,2026-09-07T00:17:03+00:00,"Citation X | Teterboro Airport → Salisbury Ocean City Wicomico Regional Airport | $8,600",,Citation X,KTEB - Teterboro Airport,KTEB,TEB,Teterboro Airport,Teterboro,US,KSBY - Salisbury Ocean City Wicomico Regional Airport,KSBY,SBY,Salisbury-Ocean City Wicomico Regional Airport,Salisbury,US,06 September 2026,2026-09-06,12:00,12:51,51m,"$8,600",8600,USD,$,12,https://villiers.ai/empty-legs/kteb-ksby-citation-x-2026-09-06-bb84434e?id=ADHUHR,https://villiers.ai/empty-legs/kteb-ksby-citation-x-2026-09-06-bb84434e?id=ADHUHR,https://villiers.ai/empty-legs/kteb-ksby-citation-x-2026-09-06-bb84434e?id=ADHUHR,"Sat, 05 Sep 2026 19:29:52 GMT",2026-09-07T00:17:03+00:00
https://villiers.ai/empty-legs/kapa-kril-cessna-citation-excel-2026-09-07-282f832a?id=ADHUHR,inactive,inactive,2026-09-02T15:47:02+00:00,2026-09-07T23:47:01+00:00,2026-09-08T00:17:03+00:00,"Cessna Citation Excel | Centennial Airport → Garfield County Regional Airport | $3,440",,Cessna Citation Excel,KAPA - Centennial Airport,KAPA,APA,Centennial Airport,Denver,US,KRIL - Garfield County Regional Airport,KRIL,RIL,Rifle Garfield County Airport,Rifle,US,07 September 2026,2026-09-07,12:00,12:47,47m,"$3,440",3440,USD,$,9,https://villiers.ai/empty-legs/kapa-kril-cessna-citation-excel-2026-09-07-282f832a?id=ADHUHR,https://villiers.ai/empty-legs/kapa-kril-cessna-citation-excel-2026-09-07-282f832a?id=ADHUHR,https://villiers.ai/empty-legs/kapa-kril-cessna-citation-excel-2026-09-07-282f832a?id=ADHUHR,"Wed, 02 Sep 2026 15:34:27 GMT",2026-09-08T00:17:03+00:00
https://villiers.ai/empty-legs/kapa-kslc-citation-x-2026-09-07-e7e1647e?id=ADHUHR,inactive,inactive,2026-09-05T19:47:01+00:00,2026-09-07T23:47:01+00:00,2026-09-08T00:17:03+00:00,"Citation X | Centennial Airport → Salt Lake City International Airport | $9,675",,Citation X,KAPA - Centennial Airport,KAPA,APA,Centennial Airport,Denver,US,KSLC - Salt Lake City International Airport,KSLC,SLC,Salt Lake City International Airport,Salt Lake City,US,07 September 2026,2026-09-07,12:00,13:12,1h 13m,"$9,675",9675,USD,$,12,https://villiers.ai/empty-legs/kapa-kslc-citation-x-2026-09-07-e7e1647e?id=ADHUHR,https://villiers.ai/empty-legs/kapa-kslc-citation-x-2026-09-07-e7e1647e?id=ADHUHR,https://villiers.ai/empty-legs/kapa-kslc-citation-x-2026-09-07-e7e1647e?id=ADHUHR,"Sat, 05 Sep 2026 19:29:58 GMT",2026-09-08T00:17:03+00:00
https://villiers.ai/empty-legs/kauo-kclt-citation-x-2026-09-07-decef8fc?id=ADHUHR,inactive,inactive,2026-09-05T19:47:01+00:00,2026-09-07T23:47:01+00:00,2026-09-08T00:17:03+00:00,"Citation X | Auburn University Regional Airport → Charlotte Douglas International Airport | $9,675",,Citation X,KAUO - Auburn University Regional Airport,KAUO,AUO,Auburn University Regional Airport,Auburn,US,KCLT - Charlotte Douglas International Airport,KCLT,CLT,Charlotte/Douglas International Airport,Charlotte,US,07 September 2026,2026-09-07,12:00,13:04,1h 5m,"$9,675",9675,USD,$,12,https://villiers.ai/empty-legs/kauo-kclt-citation-x-2026-09-07-decef8fc?id=ADHUHR,https://villiers.ai/empty-legs/kauo-kclt-citation-x-2026-09-07-decef8fc?id=ADHUHR,https://villiers.ai/empty-legs/kauo-kclt-citation-x-2026-09-07-decef8fc?id=ADHUHR,"Sat, 05 Sep 2026 19:29:59 GMT",2026-09-08T00:17:03+00:00
https://villiers.ai/empty-legs/kaus-kcos-citation-x-2026-09-07-acf6f407?id=ADHUHR,inactive,inactive,2026-09-07T16:17:02+00:00,2026-09-07T23:47:01+00:00,2026-09-08T00:17:03+00:00,"CITATION X | Austin Bergstrom International Airport → City of Colorado Springs Municipal Airport | $10,750",,CITATION X,KAUS - Austin Bergstrom International Airport,KAUS,AUS,Austin-Bergstrom International Airport,Austin,US,KCOS - City of Colorado Springs Municipal Airport,KCOS,COS,City Of Colorado Springs Municipal Airport,Colorado Springs,US,07 September 2026,2026-09-07,12:00,13:49,1h 50m,"$10,750",10750,USD,$,12,https://villiers.ai/empty-legs/kaus-kcos-citation-x-2026-09-07-acf6f407?id=ADHUHR,https://villiers.ai/empty-legs/kaus-kcos-citation-x-2026-09-07-acf6f407?id=ADHUHR,https://villiers.ai/empty-legs/kaus-kcos-citation-x-2026-09-07-acf6f407?id=ADHUHR,"Mon, 07 Sep 2026 16:12:47 GMT",2026-09-08T00:17:03+00:00
https://villiers.ai/empty-legs/kbdl-kfok-challenger-300-2026-09-07-e8d001a3?id=ADHUHR,inactive,inactive,2026-09-05T19:47:01+00:00,2026-09-07T23:47:01+00:00,2026-09-08T00:17:03+00:00,"Challenger 300 | Bradley International Airport → Francis S Gabreski Airport | $8,600",,Challenger 300,KBDL - Bradley International Airport,KBDL,BDL,Bradley International Airport,Windsor Locks,US,KFOK - Francis S Gabreski Airport,KFOK,FOK,Francis S Gabreski Airport,Westhampton Beach,US,07 September 2026,2026-09-07,12:00,12:38,38m,"$8,600",8600,USD,$,10,https://villiers.ai/empty-legs/kbdl-kfok-challenger-300-2026-09-07-e8d001a3?id=ADHUHR,https://villiers.ai/empty-legs/kbdl-kfok-challenger-300-2026-09-07-e8d001a3?id=ADHUHR,https://villiers.ai/empty-legs/kbdl-kfok-challenger-300-2026-09-07-e8d001a3?id=ADHUHR,"Sat, 05 Sep 2026 19:29:49 GMT",2026-09-08T00:17:03+00:00
https://villiers.ai/empty-legs/kcew-krdu-challenger-300-2026-09-07-b26d21f7?id=ADHUHR,inactive,inactive,2026-09-05T19:47:01+00:00,2026-09-07T23:47:01+00:00,2026-09-08T00:17:03+00:00,"Challenger 300 | Bob Sikes Airport → Raleigh Durham International Airport | $8,600",,Challenger 300,KCEW - Bob Sikes Airport,KCEW,CEW,Bob Sikes Airport,Crestview,US,KRDU - Raleigh Durham International Airport,KRDU,RDU,Raleigh-Durham International Airport,Raleigh/Durham,US,07 September 2026,2026-09-07,12:00,13:33,1h 33m,"$8,600",8600,USD,$,10,https://villiers.ai/empty-legs/kcew-krdu-challenger-300-2026-09-07-b26d21f7?id=ADHUHR,https://villiers.ai/empty-legs/kcew-krdu-challenger-300-2026-09-07-b26d21f7?id=ADHUHR,https://villiers.ai/empty-legs/kcew-krdu-challenger-300-2026-09-07-b26d21f7?id=ADHUHR,"Sat, 05 Sep 2026 19:29:49 GMT",2026-09-08T00:17:03+00:00
https://villiers.ai/empty-legs/kclt-khvn-citation-x-2026-09-07-49a56719?id=ADHUHR,inactive,inactive,2026-09-05T19:47:01+00:00,2026-09-07T23:47:01+00:00,2026-09-08T00:17:03+00:00,"Citation X | Charlotte Douglas International Airport → Tweed New Haven Airport | $9,675",,Citation X,KCLT - Charlotte Douglas International Airport,KCLT,CLT,Charlotte/Douglas International Airport,Charlotte,US,KHVN - Tweed New Haven Airport,KHVN,HVN,Tweed/New Haven Airport,New Haven,US,07 September 2026,2026-09-07,12:00,13:37,1h 37m,"$9,675",9675,USD,$,12,https://villiers.ai/empty-legs/kclt-khvn-citation-x-2026-09-07-49a56719?id=ADHUHR,https://villiers.ai/empty-legs/kclt-khvn-citation-x-2026-09-07-49a56719?id=ADHUHR,https://villiers.ai/empty-legs/kclt-khvn-citation-x-2026-09-07-49a56719?id=ADHUHR,"Sat, 05 Sep 2026 19:29:57 GMT",2026-09-08T00:17:03+00:00
https://villiers.ai/empty-legs/kdjt-kpie-challenger-300-2026-09-07-ee7f6f78?id=ADHUHR,inactive,inactive,2026-09-07T16:17:02+00:00,2026-09-07T23:47:01+00:00,2026-09-08T00:17:03+00:00,"CHALLENGER 300 | President Donald J. Trump International Airport → St. Petersburg Clearwater International Airport | $8,600",,CHALLENGER 300,KDJT - President Donald J. Trump International Airport,KDJT,PBI,President Donald J Trump International Airport,West Palm Beach,US,KPIE - St. Petersburg Clearwater International Airport,KPIE,PIE,St Pete-Clearwater International Airport,St Petersburg-Clearwater,US,07 September 2026,2026-09-07,12:00,12:50,50m,"$8,600",8600,USD,$,10,https://villiers.ai/empty-legs/kdjt-kpie-challenger-300-2026-09-07-ee7f6f78?id=ADHUHR,https://villiers.ai/empty-legs/kdjt-kpie-challenger-300-2026-09-07-ee7f6f78?id=ADHUHR,https://villiers.ai/empty-legs/kdjt-kpie-challenger-300-2026-09-07-ee7f6f78?id=ADHUHR,"Mon, 07 Sep 2026 16:12:33 GMT",2026-09-08T00:17:03+00:00
https://villiers.ai/empty-legs/kfll-kpie-challenger-300-2026-09-07-4e8afca5?id=ADHUHR,inactive,inactive,2026-09-05T19:47:01+00:00,2026-09-07T23:47:01+00:00,2026-09-08T00:17:03+00:00,"Challenger 300 | Fort Lauderdale Hollywood International Airport → St. Petersburg Clearwater International Airport | $8,600",,Challenger 300,KFLL - Fort Lauderdale Hollywood International Airport,KFLL,FLL,Fort Lauderdale/Hollywood International Airport,Fort Lauderdale,US,KPIE - St. Petersburg Clearwater International Airport,KPIE,PIE,St Pete-Clearwater International Airport,St Petersburg-Clearwater,US,07 September 2026,2026-09-07,12:00,12:52,52m,"$8,600",8600,USD,$,10,https://villiers.ai/empty-legs/kfll-kpie-challenger-300-2026-09-07-4e8afca5?id=ADHUHR,https://villiers.ai/empty-legs/kfll-kpie-challenger-300-2026-09-07-4e8afca5?id=ADHUHR,https://villiers.ai/empty-legs/kfll-kpie-challenger-300-2026-09-07-4e8afca5?id=ADHUHR,"Sat, 05 Sep 2026 19:29:49 GMT",2026-09-08T00:17:03+00:00
https://villiers.ai/empty-legs/kfok-kpln-citation-x-2026-09-07-44bcbfaf?id=ADHUHR,inactive,inactive,2026-09-07T16:17:02+00:00,2026-09-07T23:47:01+00:00,2026-09-08T00:17:03+00:00,"CITATION X | Francis S Gabreski Airport → Pellston Regional Airport of Emmet County Airport | $9,675",,CITATION X,KFOK - Francis S Gabreski Airport,KFOK,FOK,Francis S Gabreski Airport,Westhampton Beach,US,KPLN - Pellston Regional Airport of Emmet County Airport,KPLN,PLN,Pellston Regional/Emmet County Airport,Pellston,US,07 September 2026,2026-09-07,12:00,13:46,1h 47m,"$9,675",9675,USD,$,12,https://villiers.ai/empty-legs/kfok-kpln-citation-x-2026-09-07-44bcbfaf?id=ADHUHR,https://villiers.ai/empty-legs/kfok-kpln-citation-x-2026-09-07-44bcbfaf?id=ADHUHR,https://villiers.ai/empty-legs/kfok-kpln-citation-x-2026-09-07-44bcbfaf?id=ADHUHR,"Mon, 07 Sep 2026 16:12:48 GMT",2026-09-08T00:17:03+00:00
https://villiers.ai/empty-legs/khln-cyyc-citation-x-2026-09-07-e95186ae?id=ADHUHR,inactive,inactive,2026-09-05T19:47:01+00:00,2026-09-07T23:47:01+00:00,2026-09-08T00:17:03+00:00,"Citation X | Helena Regional Airport → Calgary International Airport | $10,750",,Citation X,KHLN - Helena Regional Airport,KHLN,HLN,Helena Regional Airport,Helena,US,CYYC - Calgary International Airport,CYYC,YYC,Calgary International Airport,Calgary,CA,07 September 2026,2026-09-07,12:00,13:06,1h 6m,"$10,750",10750,USD,$,12,https://villiers.ai/empty-legs/khln-cyyc-citation-x-2026-09-07-e95186ae?id=ADHUHR,https://villiers.ai/empty-legs/khln-cyyc-citation-x-2026-09-07-e95186ae?id=ADHUHR,https://villiers.ai/empty-legs/khln-cyyc-citation-x-2026-09-07-e95186ae?id=ADHUHR,"Sat, 05 Sep 2026 19:29:57 GMT",2026-09-08T00:17:03+00:00
https://villiers.ai/empty-legs/khou-kczl-cessna-citation-ultra-2026-09-07-f054e8e0?id=ADHUHR,inactive,inactive,2026-09-06T22:47:01+00:00,2026-09-07T23:47:01+00:00,2026-09-08T00:17:03+00:00,"Cessna Citation Ultra | William P. Hobby Airport → Tom B. David Field | $5,913",,Cessna Citation Ultra,KHOU - William P. Hobby Airport,KHOU,HOU,William P Hobby Airport,Houston,US,KCZL - Tom B. David Field,KCZL,,Tom B David Field,Calhoun,US,07 September 2026,2026-09-07,12:00,13:46,1h 47m,"$5,913",5913,USD,$,7,https://villiers.ai/empty-legs/khou-kczl-cessna-citation-ultra-2026-09-07-f054e8e0?id=ADHUHR,https://villiers.ai/empty-legs/khou-kczl-cessna-citation-ultra-2026-09-07-f054e8e0?id=ADHUHR,https://villiers.ai/empty-legs/khou-kczl-cessna-citation-ultra-2026-09-07-f054e8e0?id=ADHUHR,"Sun, 06 Sep 2026 22:31:22 GMT",2026-09-08T00:17:03+00:00
https://villiers.ai/empty-legs/khou-kdts-pilatus-pc-12-ng-2026-09-07-4ca63b05?id=ADHUHR,inactive,inactive,2026-08-27T16:47:01+00:00,2026-09-07T23:47:01+00:00,2026-09-08T00:17:03+00:00,"Pilatus PC-12 NG | William P. Hobby Airport → Destin Executive Airport | $4,730",,Pilatus PC-12 NG,KHOU - William P. Hobby Airport,KHOU,HOU,William P Hobby Airport,Houston,US,KDTS - Destin Executive Airport,KDTS,DSI,Destin Executive Airport,Destin,US,07 September 2026,2026-09-07,12:00,13:28,1h 29m,"$4,730",4730,USD,$,7,https://villiers.ai/empty-legs/khou-kdts-pilatus-pc-12-ng-2026-09-07-4ca63b05?id=ADHUHR,https://villiers.ai/empty-legs/khou-kdts-pilatus-pc-12-ng-2026-09-07-4ca63b05?id=ADHUHR,https://villiers.ai/empty-legs/khou-kdts-pilatus-pc-12-ng-2026-09-07-4ca63b05?id=ADHUHR,"Thu, 27 Aug 2026 16:34:22 GMT",2026-09-08T00:17:03+00:00
https://villiers.ai/empty-legs/khou-kxna-cessna-citation-ultra-2026-09-07-37c8131e?id=ADHUHR,inactive,inactive,2026-08-21T00:17:02+00:00,2026-09-07T23:47:01+00:00,2026-09-08T00:17:03+00:00,"Cessna Citation Ultra | William P. Hobby Airport → Northwest Arkansas National Airport | $4,515",,Cessna Citation Ultra,KHOU - William P. Hobby Airport,KHOU,HOU,William P Hobby Airport,Houston,US,KXNA - Northwest Arkansas National Airport,KXNA,XNA,Northwest Arkansas Ntl Airport,Fayetteville/Springdale/Rogers,US,07 September 2026,2026-09-07,12:00,13:21,1h 21m,"$4,515",4515,USD,$,7,https://villiers.ai/empty-legs/khou-kxna-cessna-citation-ultra-2026-09-07-37c8131e?id=ADHUHR,https://villiers.ai/empty-legs/khou-kxna-cessna-citation-ultra-2026-09-07-37c8131e?id=ADHUHR,https://villiers.ai/empty-legs/khou-kxna-cessna-citation-ultra-2026-09-07-37c8131e?id=ADHUHR,"Thu, 20 Aug 2026 21:34:21 GMT",2026-09-08T00:17:03+00:00
https://villiers.ai/empty-legs/khum-ksna-challenger-300-2026-09-07-682fb7fb?id=ADHUHR,inactive,inactive,2026-09-05T19:47:01+00:00,2026-09-07T23:47:01+00:00,2026-09-08T00:17:03+00:00,"Challenger 300 | Houma Terrebonne Airport → John Wayne Orange County International Airport | $12,900",,Challenger 300,KHUM - Houma Terrebonne Airport,KHUM,HUM,Houma-Terrebonne Airport,Houma,US,KSNA - John Wayne Orange County International Airport,KSNA,SNA,John Wayne/Orange County Airport,Santa Ana,US,07 September 2026,2026-09-07,12:00,15:29,3h 30m,"$12,900",12900,USD,$,10,https://villiers.ai/empty-legs/khum-ksna-challenger-300-2026-09-07-682fb7fb?id=ADHUHR,https://villiers.ai/empty-legs/khum-ksna-challenger-300-2026-09-07-682fb7fb?id=ADHUHR,https://villiers.ai/empty-legs/khum-ksna-challenger-300-2026-09-07-682fb7fb?id=ADHUHR,"Sat, 05 Sep 2026 19:29:50 GMT",2026-09-08T00:17:03+00:00
https://villiers.ai/empty-legs/kiad-kacy-challenger-300-2026-09-07-f6e40a5e?id=ADHUHR,inactive,inactive,2026-09-07T16:17:02+00:00,2026-09-07T23:47:01+00:00,2026-09-08T00:17:03+00:00,"CHALLENGER 300 | Washington Dulles International Airport → Atlantic City International Airport | $8,600",,CHALLENGER 300,KIAD - Washington Dulles International Airport,KIAD,IAD,Washington Dulles International Airport,Washington,US,KACY - Atlantic City International Airport,KACY,ACY,Atlantic City International Airport,Atlantic City,US,07 September 2026,2026-09-07,12:00,12:47,48m,"$8,600",8600,USD,$,10,https://villiers.ai/empty-legs/kiad-kacy-challenger-300-2026-09-07-f6e40a5e?id=ADHUHR,https://villiers.ai/empty-legs/kiad-kacy-challenger-300-2026-09-07-f6e40a5e?id=ADHUHR,https://villiers.ai/empty-legs/kiad-kacy-challenger-300-2026-09-07-f6e40a5e?id=ADHUHR,"Mon, 07 Sep 2026 16:12:34 GMT",2026-09-08T00:17:03+00:00
https://villiers.ai/empty-legs/kiad-khpn-citation-x-2026-09-07-a73f9145?id=ADHUHR,inactive,inactive,2026-09-05T19:47:01+00:00,2026-09-07T23:47:01+00:00,2026-09-08T00:17:03+00:00,"Citation X | Washington Dulles International Airport → Westchester County Airport | $8,600",,Citation X,KIAD - Washington Dulles International Airport,KIAD,IAD,Washington Dulles International Airport,Washington,US,KHPN - Westchester County Airport,KHPN,HPN,Westchester County Airport,White Plains,US,07 September 2026,2026-09-07,12:00,12:57,57m,"$8,600",8600,USD,$,12,https://villiers.ai/empty-legs/kiad-khpn-citation-x-2026-09-07-a73f9145?id=ADHUHR,https://villiers.ai/empty-legs/kiad-khpn-citation-x-2026-09-07-a73f9145?id=ADHUHR,https://villiers.ai/empty-legs/kiad-khpn-citation-x-2026-09-07-a73f9145?id=ADHUHR,"Sat, 05 Sep 2026 19:29:58 GMT",2026-09-08T00:17:03+00:00
https://villiers.ai/empty-legs/kiws-kpil-pilatus-pc-12-ng-2026-09-07-1613cc15?id=ADHUHR,inactive,inactive,2026-08-29T05:17:02+00:00,2026-09-07T23:47:01+00:00,2026-09-08T00:17:03+00:00,"Pilatus PC 12 NG | West Houston Airport → Port Isabel Cameron County Airport | $3,440",,Pilatus PC 12 NG,KIWS - West Houston Airport,KIWS,IWS,West Houston Airport,Houston,US,KPIL - Port Isabel Cameron County Airport,KPIL,,Cameron County Airport,Port Isabel,US,07 September 2026,2026-09-07,12:00,13:00,1h 0m,"$3,440",3440,USD,$,7,https://villiers.ai/empty-legs/kiws-kpil-pilatus-pc-12-ng-2026-09-07-1613cc15?id=ADHUHR,https://villiers.ai/empty-legs/kiws-kpil-pilatus-pc-12-ng-2026-09-07-1613cc15?id=ADHUHR,https://villiers.ai/empty-legs/kiws-kpil-pilatus-pc-12-ng-2026-09-07-1613cc15?id=ADHUHR,"Sat, 29 Aug 2026 05:00:41 GMT",2026-09-08T00:17:03+00:00
https://villiers.ai/empty-legs/klga-kfok-challenger-300-2026-09-07-10d1d00e?id=ADHUHR,inactive,inactive,2026-09-07T16:17:02+00:00,2026-09-07T23:47:01+00:00,2026-09-08T00:17:03+00:00,"CHALLENGER 300 | LaGuardia Airport → Francis S Gabreski Airport | $8,600",,CHALLENGER 300,KLGA - LaGuardia Airport,KLGA,LGA,Laguardia Airport,New York,US,KFOK - Francis S Gabreski Airport,KFOK,FOK,Francis S Gabreski Airport,Westhampton Beach,US,07 September 2026,2026-09-07,12:00,12:37,37m,"$8,600",8600,USD,$,10,https://villiers.ai/empty-legs/klga-kfok-challenger-300-2026-09-07-10d1d00e?id=ADHUHR,https://villiers.ai/empty-legs/klga-kfok-challenger-300-2026-09-07-10d1d00e?id=ADHUHR,https://villiers.ai/empty-legs/klga-kfok-challenger-300-2026-09-07-10d1d00e?id=ADHUHR,"Mon, 07 Sep 2026 16:12:36 GMT",2026-09-08T00:17:03+00:00
https://villiers.ai/empty-legs/klga-krkd-challenger-300-2026-09-07-9e25285b?id=ADHUHR,inactive,inactive,2026-09-05T19:47:01+00:00,2026-09-07T23:47:01+00:00,2026-09-08T00:17:03+00:00,"Challenger 300 | LaGuardia Airport → Knox County Regional Airport | $8,600",,Challenger 300,KLGA - LaGuardia Airport,KLGA,LGA,Laguardia Airport,New York,US,KRKD - Knox County Regional Airport,KRKD,RKD,Knox County Regional Airport,Rockland,US,07 September 2026,2026-09-07,12:00,13:06,1h 7m,"$8,600",8600,USD,$,10,https://villiers.ai/empty-legs/klga-krkd-challenger-300-2026-09-07-9e25285b?id=ADHUHR,https://villiers.ai/empty-legs/klga-krkd-challenger-300-2026-09-07-9e25285b?id=ADHUHR,https://villiers.ai/empty-legs/klga-krkd-challenger-300-2026-09-07-9e25285b?id=ADHUHR,"Sat, 05 Sep 2026 19:29:50 GMT",2026-09-08T00:17:03+00:00
https://villiers.ai/empty-legs/koak-kcrq-hawker-850xp-2026-09-07-8d408ed9?id=ADHUHR,inactive,inactive,2026-09-02T06:47:02+00:00,2026-09-07T23:47:01+00:00,2026-09-08T00:17:03+00:00,"Hawker 850XP | San Francisco Bay Oakland International Airport → McClellan-Palomar Airport | $9,675",,Hawker 850XP,KOAK - San Francisco Bay Oakland International Airport,KOAK,OAK,Oakland San Francisco Bay Airport,Oakland,US,KCRQ - McClellan-Palomar Airport,KCRQ,CLD,Mc Clellan-Palomar Airport,Carlsbad,US,07 September 2026,2026-09-07,12:00,13:16,1h 17m,"$9,675",9675,USD,$,9,https://villiers.ai/empty-legs/koak-kcrq-hawker-850xp-2026-09-07-8d408ed9?id=ADHUHR,https://villiers.ai/empty-legs/koak-kcrq-hawker-850xp-2026-09-07-8d408ed9?id=ADHUHR,https://villiers.ai/empty-legs/koak-kcrq-hawker-850xp-2026-09-07-8d408ed9?id=ADHUHR,"Wed, 02 Sep 2026 06:27:03 GMT",2026-09-08T00:17:03+00:00
https://villiers.ai/empty-legs/kpdk-khpn-challenger-300-2026-09-07-549b75e3?id=ADHUHR,inactive,inactive,2026-09-07T16:17:02+00:00,2026-09-07T23:47:01+00:00,2026-09-08T00:17:03+00:00,"CHALLENGER 300 | DeKalb Peachtree Airport → Westchester County Airport | $8,600",,CHALLENGER 300,KPDK - DeKalb Peachtree Airport,KPDK,PDK,Dekalb-Peachtree Airport,Atlanta,US,KHPN - Westchester County Airport,KHPN,HPN,Westchester County Airport,White Plains,US,07 September 2026,2026-09-07,12:00,13:54,1h 55m,"$8,600",8600,USD,$,10,https://villiers.ai/empty-legs/kpdk-khpn-challenger-300-2026-09-07-549b75e3?id=ADHUHR,https://villiers.ai/empty-legs/kpdk-khpn-challenger-300-2026-09-07-549b75e3?id=ADHUHR,https://villiers.ai/empty-legs/kpdk-khpn-challenger-300-2026-09-07-549b75e3?id=ADHUHR,"Mon, 07 Sep 2026 16:12:36 GMT",2026-09-08T00:17:03+00:00
https://villiers.ai/empty-legs/kpie-kaus-citation-x-2026-09-07-6582f713?id=ADHUHR,inactive,inactive,2026-09-07T16:17:02+00:00,2026-09-07T23:47:01+00:00,2026-09-08T00:17:03+00:00,"CITATION X | St. Petersburg Clearwater International Airport → Austin Bergstrom International Airport | $10,750",,CITATION X,KPIE - St. Petersburg Clearwater International Airport,KPIE,PIE,St Pete-Clearwater International Airport,St Petersburg-Clearwater,US,KAUS - Austin Bergstrom International Airport,KAUS,AUS,Austin-Bergstrom International Airport,Austin,US,07 September 2026,2026-09-07,12:00,14:11,2h 12m,"$10,750",10750,USD,$,12,https://villiers.ai/empty-legs/kpie-kaus-citation-x-2026-09-07-6582f713?id=ADHUHR,https://villiers.ai/empty-legs/kpie-kaus-citation-x-2026-09-07-6582f713?id=ADHUHR,https://villiers.ai/empty-legs/kpie-kaus-citation-x-2026-09-07-6582f713?id=ADHUHR,"Mon, 07 Sep 2026 16:12:49 GMT",2026-09-08T00:17:03+00:00
https://villiers.ai/empty-legs/krdk-kcsl-challenger-300-2026-09-07-b432e7d3?id=ADHUHR,inactive,inactive,2026-09-05T19:47:01+00:00,2026-09-07T23:47:01+00:00,2026-09-08T00:17:03+00:00,"Challenger 300 | Red Oak Municipal Airport → San Luis County Regional Airport | $12,900",,Challenger 300,KRDK - Red Oak Municipal Airport,KRDK,,Red Oak Municipal Airport,Red Oak,US,KCSL - San Luis County Regional Airport,KCSL,,San Luis County Regional Airport,,,07 September 2026,2026-09-07,12:00,15:08,3h 9m,"$12,900",12900,USD,$,10,https://villiers.ai/empty-legs/krdk-kcsl-challenger-300-2026-09-07-b432e7d3?id=ADHUHR,https://villiers.ai/empty-legs/krdk-kcsl-challenger-300-2026-09-07-b432e7d3?id=ADHUHR,https://villiers.ai/empty-legs/krdk-kcsl-challenger-300-2026-09-07-b432e7d3?id=ADHUHR,"Sat, 05 Sep 2026 19:29:48 GMT",2026-09-08T00:17:03+00:00
https://villiers.ai/empty-legs/ksba-kcsl-challenger-300-2026-09-07-011869cc?id=ADHUHR,inactive,inactive,2026-09-07T16:17:02+00:00,2026-09-07T23:47:01+00:00,2026-09-08T00:17:03+00:00,"CHALLENGER 300 | Santa Barbara Municipal Airport → San Luis County Regional Airport | $15,050",,CHALLENGER 300,KSBA - Santa Barbara Municipal Airport,KSBA,SBA,Santa Barbara Municipal Airport,Santa Barbara,US,KCSL - San Luis County Regional Airport,KCSL,,San Luis County Regional Airport,,,07 September 2026,2026-09-07,12:00,12:37,38m,"$15,050",15050,USD,$,10,https://villiers.ai/empty-legs/ksba-kcsl-challenger-300-2026-09-07-011869cc?id=ADHUHR,https://villiers.ai/empty-legs/ksba-kcsl-challenger-300-2026-09-07-011869cc?id=ADHUHR,https://villiers.ai/empty-legs/ksba-kcsl-challenger-300-2026-09-07-011869cc?id=ADHUHR,"Mon, 07 Sep 2026 16:12:37 GMT",2026-09-08T00:17:03+00:00
https://villiers.ai/empty-legs/ksjc-kboi-citation-x-2026-09-07-5a06cad9?id=ADHUHR,inactive,inactive,2026-09-05T19:47:01+00:00,2026-09-07T23:47:01+00:00,2026-09-08T00:17:03+00:00,"Citation X | San Jose International Airport → Boise Air Terminal/Gowen Field | $9,675",,Citation X,KSJC - San Jose International Airport,KSJC,SJC,Norman Y Mineta San Jose International Airport,San Jose,US,KBOI - Boise Air Terminal/Gowen Field,KBOI,BOI,Boise Air Trml/Gowen Field,Boise,US,07 September 2026,2026-09-07,12:00,13:27,1h 28m,"$9,675",9675,USD,$,12,https://villiers.ai/empty-legs/ksjc-kboi-citation-x-2026-09-07-5a06cad9?id=ADHUHR,https://villiers.ai/empty-legs/ksjc-kboi-citation-x-2026-09-07-5a06cad9?id=ADHUHR,https://villiers.ai/empty-legs/ksjc-kboi-citation-x-2026-09-07-5a06cad9?id=ADHUHR,"Sat, 05 Sep 2026 19:29:59 GMT",2026-09-08T00:17:03+00:00
https://villiers.ai/empty-legs/ksjc-ksba-challenger-300-2026-09-07-d82e5e2c?id=ADHUHR,inactive,inactive,2026-09-05T19:47:01+00:00,2026-09-07T23:47:01+00:00,2026-09-08T00:17:03+00:00,"Challenger 300 | San Jose International Airport → Santa Barbara Municipal Airport | $8,600",,Challenger 300,KSJC - San Jose International Airport,KSJC,SJC,Norman Y Mineta San Jose International Airport,San Jose,US,KSBA - Santa Barbara Municipal Airport,KSBA,SBA,Santa Barbara Municipal Airport,Santa Barbara,US,07 September 2026,2026-09-07,12:00,12:55,56m,"$8,600",8600,USD,$,10,https://villiers.ai/empty-legs/ksjc-ksba-challenger-300-2026-09-07-d82e5e2c?id=ADHUHR,https://villiers.ai/empty-legs/ksjc-ksba-challenger-300-2026-09-07-d82e5e2c?id=ADHUHR,https://villiers.ai/empty-legs/ksjc-ksba-challenger-300-2026-09-07-d82e5e2c?id=ADHUHR,"Sat, 05 Sep 2026 19:29:50 GMT",2026-09-08T00:17:03+00:00
https://villiers.ai/empty-legs/kteb-kfok-citation-x-2026-09-07-115a87c5?id=ADHUHR,inactive,inactive,2026-09-05T19:47:01+00:00,2026-09-07T23:47:01+00:00,2026-09-08T00:17:03+00:00,"Citation X | Teterboro Airport → Francis S Gabreski Airport | $8,600",,Citation X,KTEB - Teterboro Airport,KTEB,TEB,Teterboro Airport,Teterboro,US,KFOK - Francis S Gabreski Airport,KFOK,FOK,Francis S Gabreski Airport,Westhampton Beach,US,07 September 2026,2026-09-07,12:00,12:38,38m,"$8,600",8600,USD,$,12,https://villiers.ai/empty-legs/kteb-kfok-citation-x-2026-09-07-115a87c5?id=ADHUHR,https://villiers.ai/empty-legs/kteb-kfok-citation-x-2026-09-07-115a87c5?id=ADHUHR,https://villiers.ai/empty-legs/kteb-kfok-citation-x-2026-09-07-115a87c5?id=ADHUHR,"Sat, 05 Sep 2026 19:29:56 GMT",2026-09-08T00:17:03+00:00
https://villiers.ai/empty-legs/kteb-kmdw-bombardier-challenger-300-2026-09-07-a8c8f152?id=ADHUHR,inactive,inactive,2026-08-29T16:47:01+00:00,2026-09-07T23:47:01+00:00,2026-09-08T00:17:03+00:00,"Bombardier Challenger 300 | Teterboro Airport → Chicago Midway International Airport | $15,695",,Bombardier Challenger 300,KTEB - Teterboro Airport,KTEB,TEB,Teterboro Airport,Teterboro,US,KMDW - Chicago Midway International Airport,KMDW,MDW,Chicago Midway International Airport,Chicago,US,07 September 2026,2026-09-07,12:00,13:49,1h 49m,"$15,695",15695,USD,$,9,https://villiers.ai/empty-legs/kteb-kmdw-bombardier-challenger-300-2026-09-07-a8c8f152?id=ADHUHR,https://villiers.ai/empty-legs/kteb-kmdw-bombardier-challenger-300-2026-09-07-a8c8f152?id=ADHUHR,https://villiers.ai/empty-legs/kteb-kmdw-bombardier-challenger-300-2026-09-07-a8c8f152?id=ADHUHR,"Sat, 29 Aug 2026 16:17:45 GMT",2026-09-08T00:17:03+00:00
https://villiers.ai/empty-legs/kteb-ksby-citation-x-2026-09-07-ae0905df?id=ADHUHR,inactive,inactive,2026-09-05T19:47:01+00:00,2026-09-07T23:47:01+00:00,2026-09-08T00:17:03+00:00,"Citation X | Teterboro Airport → Salisbury Ocean City Wicomico Regional Airport | $8,600",,Citation X,KTEB - Teterboro Airport,KTEB,TEB,Teterboro Airport,Teterboro,US,KSBY - Salisbury Ocean City Wicomico Regional Airport,KSBY,SBY,Salisbury-Ocean City Wicomico Regional Airport,Salisbury,US,07 September 2026,2026-09-07,12:00,12:51,51m,"$8,600",8600,USD,$,12,https://villiers.ai/empty-legs/kteb-ksby-citation-x-2026-09-07-ae0905df?id=ADHUHR,https://villiers.ai/empty-legs/kteb-ksby-citation-x-2026-09-07-ae0905df?id=ADHUHR,https://villiers.ai/empty-legs/kteb-ksby-citation-x-2026-09-07-ae0905df?id=ADHUHR,"Sat, 05 Sep 2026 19:29:56 GMT",2026-09-08T00:17:03+00:00
https://villiers.ai/empty-legs/kvny-kfat-citation-x-2026-09-07-37fae3ed?id=ADHUHR,inactive,inactive,2026-09-05T19:47:01+00:00,2026-09-07T23:47:01+00:00,2026-09-08T00:17:03+00:00,"Citation X | Van Nuys Airport → Fresno Yosemite International Airport | $8,600",,Citation X,KVNY - Van Nuys Airport,KVNY,VNY,Van Nuys Airport,Van Nuys,US,KFAT - Fresno Yosemite International Airport,KFAT,FAT,Fresno Yosemite International Airport,Fresno,US,07 September 2026,2026-09-07,12:00,12:51,51m,"$8,600",8600,USD,$,12,https://villiers.ai/empty-legs/kvny-kfat-citation-x-2026-09-07-37fae3ed?id=ADHUHR,https://villiers.ai/empty-legs/kvny-kfat-citation-x-2026-09-07-37fae3ed?id=ADHUHR,https://villiers.ai/empty-legs/kvny-kfat-citation-x-2026-09-07-37fae3ed?id=ADHUHR,"Sat, 05 Sep 2026 19:29:56 GMT",2026-09-08T00:17:03+00:00
https://villiers.ai/empty-legs/kvny-krdk-citation-x-2026-09-07-48d6a8f1?id=ADHUHR,inactive,inactive,2026-09-05T19:47:01+00:00,2026-09-07T23:47:01+00:00,2026-09-08T00:17:03+00:00,"Citation X | Van Nuys Airport → Red Oak Municipal Airport | $8,600",,Citation X,KVNY - Van Nuys Airport,KVNY,VNY,Van Nuys Airport,Van Nuys,US,KRDK - Red Oak Municipal Airport,KRDK,,Red Oak Municipal Airport,Red Oak,US,07 September 2026,2026-09-07,12:00,14:59,2h 60m,"$8,600",8600,USD,$,12,https://villiers.ai/empty-legs/kvny-krdk-citation-x-2026-09-07-48d6a8f1?id=ADHUHR,https://villiers.ai/empty-legs/kvny-krdk-citation-x-2026-09-07-48d6a8f1?id=ADHUHR,https://villiers.ai/empty-legs/kvny-krdk-citation-x-2026-09-07-48d6a8f1?id=ADHUHR,"Sat, 05 Sep 2026 19:29:57 GMT",2026-09-08T00:17:03+00:00
https://villiers.ai/empty-legs/kvny-ksba-challenger-300-2026-09-07-1cf093f9?id=ADHUHR,inactive,inactive,2026-09-07T16:17:02+00:00,2026-09-07T23:47:01+00:00,2026-09-08T00:17:03+00:00,"CHALLENGER 300 | Van Nuys Airport → Santa Barbara Municipal Airport | $8,600",,CHALLENGER 300,KVNY - Van Nuys Airport,KVNY,VNY,Van Nuys Airport,Van Nuys,US,KSBA - Santa Barbara Municipal Airport,KSBA,SBA,Santa Barbara Municipal Airport,Santa Barbara,US,07 September 2026,2026-09-07,12:00,12:38,39m,"$8,600",8600,USD,$,10,https://villiers.ai/empty-legs/kvny-ksba-challenger-300-2026-09-07-1cf093f9?id=ADHUHR,https://villiers.ai/empty-legs/kvny-ksba-challenger-300-2026-09-07-1cf093f9?id=ADHUHR,https://villiers.ai/empty-legs/kvny-ksba-challenger-300-2026-09-07-1cf093f9?id=ADHUHR,"Mon, 07 Sep 2026 16:12:32 GMT",2026-09-08T00:17:03+00:00
https://villiers.ai/empty-legs/ka20-kcrq-cessna-citation-cj3-2026-09-08-df27b2c4?id=ADHUHR,inactive,inactive,2026-09-02T23:17:02+00:00,2026-09-08T19:17:02+00:00,2026-09-19T17:49:50+00:00,"Cessna Citation CJ3 | Sun Valley Airport → McClellan-Palomar Airport | $8,063",,Cessna Citation CJ3,KA20 - Sun Valley Airport,KA20,,Sun Valley Airport,Bullhead City,US,KCRQ - McClellan-Palomar Airport,KCRQ,CLD,Mc Clellan-Palomar Airport,Carlsbad,US,08 September 2026,2026-09-08,12:00,12:52,52m,"$8,063",8063,USD,$,6,https://villiers.ai/empty-legs/ka20-kcrq-cessna-citation-cj3-2026-09-08-df27b2c4?id=ADHUHR,https://villiers.ai/empty-legs/ka20-kcrq-cessna-citation-cj3-2026-09-08-df27b2c4?id=ADHUHR,https://villiers.ai/empty-legs/ka20-kcrq-cessna-citation-cj3-2026-09-08-df27b2c4?id=ADHUHR,"Wed, 02 Sep 2026 22:54:42 GMT",2026-09-19T17:49:50+00:00
https://villiers.ai/empty-legs/kack-kteb-challenger-300-2026-09-08-16eb773d?id=ADHUHR,inactive,inactive,2026-09-07T16:17:02+00:00,2026-09-08T19:17:02+00:00,2026-09-19T17:49:50+00:00,"CHALLENGER 300 | Nantucket Memorial Airport → Teterboro Airport | $8,600",,CHALLENGER 300,KACK - Nantucket Memorial Airport,KACK,ACK,Nantucket Memorial Airport,Nantucket,US,KTEB - Teterboro Airport,KTEB,TEB,Teterboro Airport,Teterboro,US,08 September 2026,2026-09-08,12:00,12:53,53m,"$8,600",8600,USD,$,10,https://villiers.ai/empty-legs/kack-kteb-challenger-300-2026-09-08-16eb773d?id=ADHUHR,https://villiers.ai/empty-legs/kack-kteb-challenger-300-2026-09-08-16eb773d?id=ADHUHR,https://villiers.ai/empty-legs/kack-kteb-challenger-300-2026-09-08-16eb773d?id=ADHUHR,"Mon, 07 Sep 2026 16:12:39 GMT",2026-09-19T17:49:50+00:00
https://villiers.ai/empty-legs/kaus-khou-bombardier-challenger-604-2026-09-08-91a072c3?id=ADHUHR,inactive,inactive,2026-08-21T18:47:01+00:00,2026-09-08T19:17:02+00:00,2026-09-19T17:49:50+00:00,"Bombardier Challenger 604 | Austin Bergstrom International Airport → William P. Hobby Airport | $6,450",,Bombardier Challenger 604,KAUS - Austin Bergstrom International Airport,KAUS,AUS,Austin-Bergstrom International Airport,Austin,US,KHOU - William P. Hobby Airport,KHOU,HOU,William P Hobby Airport,Houston,US,08 September 2026,2026-09-08,12:00,12:46,46m,"$6,450",6450,USD,$,10,https://villiers.ai/empty-legs/kaus-khou-bombardier-challenger-604-2026-09-08-91a072c3?id=ADHUHR,https://villiers.ai/empty-legs/kaus-khou-bombardier-challenger-604-2026-09-08-91a072c3?id=ADHUHR,https://villiers.ai/empty-legs/kaus-khou-bombardier-challenger-604-2026-09-08-91a072c3?id=ADHUHR,"Fri, 21 Aug 2026 18:42:16 GMT",2026-09-19T17:49:50+00:00
https://villiers.ai/empty-legs/kaus-ksjt-cessna-citation-ultra-2026-09-08-538e160e?id=ADHUHR,inactive,inactive,2026-09-06T22:47:01+00:00,2026-09-08T19:17:02+00:00,2026-09-19T17:49:50+00:00,"Cessna Citation Ultra | Austin Bergstrom International Airport → San Angelo Regional Mathis Field | $2,795",,Cessna Citation Ultra,KAUS - Austin Bergstrom International Airport,KAUS,AUS,Austin-Bergstrom International Airport,Austin,US,KSJT - San Angelo Regional Mathis Field,KSJT,SJT,San Angelo Regional/Mathis Field,San Angelo,US,08 September 2026,2026-09-08,12:00,12:50,51m,"$2,795",2795,USD,$,7,https://villiers.ai/empty-legs/kaus-ksjt-cessna-citation-ultra-2026-09-08-538e160e?id=ADHUHR,https://villiers.ai/empty-legs/kaus-ksjt-cessna-citation-ultra-2026-09-08-538e160e?id=ADHUHR,https://villiers.ai/empty-legs/kaus-ksjt-cessna-citation-ultra-2026-09-08-538e160e?id=ADHUHR,"Sun, 06 Sep 2026 22:31:22 GMT",2026-09-19T17:49:50+00:00
https://villiers.ai/empty-legs/kbfi-kcrq-pilatus-pc-12-ngx-2026-09-08-2c06b956?id=ADHUHR,inactive,inactive,2026-08-27T00:47:02+00:00,2026-09-08T19:17:02+00:00,2026-09-19T17:49:50+00:00,"Pilatus PC-12 NGX | Boeing Field King County International Airport → McClellan-Palomar Airport | $9,138",,Pilatus PC-12 NGX,KBFI - Boeing Field King County International Airport,KBFI,BFI,Boeing Field/King County International Airport,Seattle,US,KCRQ - McClellan-Palomar Airport,KCRQ,CLD,Mc Clellan-Palomar Airport,Carlsbad,US,08 September 2026,2026-09-08,12:00,14:24,2h 24m,"$9,138",9138,USD,$,8,https://villiers.ai/empty-legs/kbfi-kcrq-pilatus-pc-12-ngx-2026-09-08-2c06b956?id=ADHUHR,https://villiers.ai/empty-legs/kbfi-kcrq-pilatus-pc-12-ngx-2026-09-08-2c06b956?id=ADHUHR,https://villiers.ai/empty-legs/kbfi-kcrq-pilatus-pc-12-ngx-2026-09-08-2c06b956?id=ADHUHR,"Thu, 27 Aug 2026 00:21:41 GMT",2026-09-19T17:49:50+00:00
https://villiers.ai/empty-legs/kbzn-klbb-global-express-2026-09-08-b2a14644?id=ADHUHR,inactive,inactive,2026-09-07T16:17:02+00:00,2026-09-08T19:17:02+00:00,2026-09-19T17:49:50+00:00,"GLOBAL EXPRESS | Bozeman Yellowstone International Airport → Lubbock Preston Smith International Airport | $16,125",,GLOBAL EXPRESS,KBZN - Bozeman Yellowstone International Airport,KBZN,BZN,Bozeman Yellowstone International Airport,Bozeman,US,KLBB - Lubbock Preston Smith International Airport,KLBB,LBB,Lubbock Preston Smith International Airport,Lubbock,US,08 September 2026,2026-09-08,12:00,14:17,2h 18m,"$16,125",16125,USD,$,19,https://villiers.ai/empty-legs/kbzn-klbb-global-express-2026-09-08-b2a14644?id=ADHUHR,https://villiers.ai/empty-legs/kbzn-klbb-global-express-2026-09-08-b2a14644?id=ADHUHR,https://villiers.ai/empty-legs/kbzn-klbb-global-express-2026-09-08-b2a14644?id=ADHUHR,"Mon, 07 Sep 2026 16:12:31 GMT",2026-09-19T17:49:50+00:00
https://villiers.ai/empty-legs/kcew-ksba-challenger-300-2026-09-08-937a9a07?id=ADHUHR,inactive,inactive,2026-09-07T16:17:02+00:00,2026-09-08T19:17:02+00:00,2026-09-19T17:49:50+00:00,"CHALLENGER 300 | Bob Sikes Airport → Santa Barbara Municipal Airport | $32,250",,CHALLENGER 300,KCEW - Bob Sikes Airport,KCEW,CEW,Bob Sikes Airport,Crestview,US,KSBA - Santa Barbara Municipal Airport,KSBA,SBA,Santa Barbara Municipal Airport,Santa Barbara,US,08 September 2026,2026-09-08,12:00,16:05,4h 6m,"$32,250",32250,USD,$,10,https://villiers.ai/empty-legs/kcew-ksba-challenger-300-2026-09-08-937a9a07?id=ADHUHR,https://villiers.ai/empty-legs/kcew-ksba-challenger-300-2026-09-08-937a9a07?id=ADHUHR,https://villiers.ai/empty-legs/kcew-ksba-challenger-300-2026-09-08-937a9a07?id=ADHUHR,"Mon, 07 Sep 2026 16:12:39 GMT",2026-09-19T17:49:50+00:00
https://villiers.ai/empty-legs/kcho-kbed-citation-x-2026-09-08-0272c97d?id=ADHUHR,inactive,inactive,2026-09-07T16:17:02+00:00,2026-09-08T19:17:02+00:00,2026-09-19T17:49:50+00:00,"CITATION X | Charlottesville Albemarle Airport → Laurence G Hanscom Field | $9,675",,CITATION X,KCHO - Charlottesville Albemarle Airport,KCHO,CHO,Charlottesville-Albemarle Airport,Charlottesville,US,KBED - Laurence G Hanscom Field,KBED,BED,Laurence G Hanscom Field,Bedford,US,08 September 2026,2026-09-08,12:00,13:23,1h 23m,"$9,675",9675,USD,$,12,https://villiers.ai/empty-legs/kcho-kbed-citation-x-2026-09-08-0272c97d?id=ADHUHR,https://villiers.ai/empty-legs/kcho-kbed-citation-x-2026-09-08-0272c97d?id=ADHUHR,https://villiers.ai/empty-legs/kcho-kbed-citation-x-2026-09-08-0272c97d?id=ADHUHR,"Mon, 07 Sep 2026 16:12:52 GMT",2026-09-19T17:49:50+00:00
https://villiers.ai/empty-legs/kdal-ksba-cessna-citation-ultra-2026-09-08-a33e2910?id=ADHUHR,inactive,inactive,2026-09-02T15:47:02+00:00,2026-09-08T19:17:02+00:00,2026-09-19T17:49:50+00:00,"Cessna Citation Ultra | Dallas Love Field → Santa Barbara Municipal Airport | $13,438",,Cessna Citation Ultra,KDAL - Dallas Love Field,KDAL,DAL,Dallas Love Field,Dallas,US,KSBA - Santa Barbara Municipal Airport,KSBA,SBA,Santa Barbara Municipal Airport,Santa Barbara,US,08 September 2026,2026-09-08,12:00,14:56,2h 57m,"$13,438",13438,USD,$,7,https://villiers.ai/empty-legs/kdal-ksba-cessna-citation-ultra-2026-09-08-a33e2910?id=ADHUHR,https://villiers.ai/empty-legs/kdal-ksba-cessna-citation-ultra-2026-09-08-a33e2910?id=ADHUHR,https://villiers.ai/empty-legs/kdal-ksba-cessna-citation-ultra-2026-09-08-a33e2910?id=ADHUHR,"Wed, 02 Sep 2026 15:34:27 GMT",2026-09-19T17:49:50+00:00
https://villiers.ai/empty-legs/kdjt-keyw-citation-x-2026-09-08-f9daf016?id=ADHUHR,inactive,inactive,2026-09-07T16:17:02+00:00,2026-09-08T19:17:02+00:00,2026-09-19T17:49:50+00:00,"CITATION X | President Donald J. Trump International Airport → Key West International Airport | $8,600",,CITATION X,KDJT - President Donald J. Trump International Airport,KDJT,PBI,President Donald J Trump International Airport,West Palm Beach,US,KEYW - Key West International Airport,KEYW,EYW,Key West International Airport,Key West,US,08 September 2026,2026-09-08,12:00,12:49,50m,"$8,600",8600,USD,$,12,https://villiers.ai/empty-legs/kdjt-keyw-citation-x-2026-09-08-f9daf016?id=ADHUHR,https://villiers.ai/empty-legs/kdjt-keyw-citation-x-2026-09-08-f9daf016?id=ADHUHR,https://villiers.ai/empty-legs/kdjt-keyw-citation-x-2026-09-08-f9daf016?id=ADHUHR,"Mon, 07 Sep 2026 16:12:53 GMT",2026-09-19T17:49:50+00:00
https://villiers.ai/empty-legs/kftg-kbhb-citation-x-2026-09-08-246a5170?id=ADHUHR,inactive,inactive,2026-09-07T16:17:02+00:00,2026-09-08T19:17:02+00:00,2026-09-19T17:49:50+00:00,"CITATION X | Colorado Air and Space Port → Hancock County-Bar Harbor Airport | $8,600",,CITATION X,KFTG - Colorado Air and Space Port,KFTG,,Colorado Air and Space Port,,,KBHB - Hancock County-Bar Harbor Airport,KBHB,BHB,Hancock County/Bar Harbor Airport,Bar Harbor,US,08 September 2026,2026-09-08,12:00,15:57,3h 57m,"$8,600",8600,USD,$,12,https://villiers.ai/empty-legs/kftg-kbhb-citation-x-2026-09-08-246a5170?id=ADHUHR,https://villiers.ai/empty-legs/kftg-kbhb-citation-x-2026-09-08-246a5170?id=ADHUHR,https://villiers.ai/empty-legs/kftg-kbhb-citation-x-2026-09-08-246a5170?id=ADHUHR,"Mon, 07 Sep 2026 16:12:54 GMT",2026-09-19T17:49:50+00:00
https://villiers.ai/empty-legs/kgtu-kftw-cessna-citation-ultra-2026-09-08-b2859fdc?id=ADHUHR,inactive,inactive,2026-08-21T00:17:02+00:00,2026-09-08T19:17:02+00:00,2026-09-19T17:49:50+00:00,"Cessna Citation Ultra | Georgetown Executive Airport at Johnny Gantt Field → Fort Worth Meacham International Airport | $2,150",,Cessna Citation Ultra,KGTU - Georgetown Executive Airport at Johnny Gantt Field,KGTU,,Georgetown Executive Airport,Georgetown,US,KFTW - Fort Worth Meacham International Airport,KFTW,FTW,Fort Worth Meacham International Airport,Fort Worth,US,08 September 2026,2026-09-08,12:00,12:46,47m,"$2,150",2150,USD,$,7,https://villiers.ai/empty-legs/kgtu-kftw-cessna-citation-ultra-2026-09-08-b2859fdc?id=ADHUHR,https://villiers.ai/empty-legs/kgtu-kftw-cessna-citation-ultra-2026-09-08-b2859fdc?id=ADHUHR,https://villiers.ai/empty-legs/kgtu-kftw-cessna-citation-ultra-2026-09-08-b2859fdc?id=ADHUHR,"Thu, 20 Aug 2026 21:34:22 GMT",2026-09-19T17:49:50+00:00
https://villiers.ai/empty-legs/khou-kftw-2026-09-08?id=ADHUHR,inactive,inactive,2026-08-05T22:38:36+00:00,2026-09-08T19:17:02+00:00,2026-09-19T17:49:50+00:00,"Cessna Citation V | William P. Hobby Airport → Fort Worth Meacham International Airport | $3,440",,Cessna Citation V,KHOU - William P. Hobby Airport,KHOU,HOU,William P Hobby Airport,Houston,US,KFTW - Fort Worth Meacham International Airport,KFTW,FTW,Fort Worth Meacham International Airport,Fort Worth,US,08 September 2026,2026-09-08,12:00,12:57,58m,"$3,440",3440,USD,$,7,https://villiers.ai/empty-legs/khou-kftw-2026-09-08?id=ADHUHR,https://villiers.ai/empty-legs/khou-kftw-2026-09-08?id=ADHUHR,https://villiers.ai/empty-legs/khou-kftw-2026-09-08?id=ADHUHR,"Thu, 30 Jul 2026 02:41:57 GMT",2026-09-19T17:49:50+00:00
https://villiers.ai/empty-legs/khou-ksjt-cessna-citation-ultra-2026-09-08-7fb11875?id=ADHUHR,inactive,inactive,2026-09-05T15:17:02+00:00,2026-09-08T19:17:02+00:00,2026-09-19T17:49:50+00:00,"Cessna Citation Ultra | William P. Hobby Airport → San Angelo Regional Mathis Field | $4,193",,Cessna Citation Ultra,KHOU - William P. Hobby Airport,KHOU,HOU,William P Hobby Airport,Houston,US,KSJT - San Angelo Regional Mathis Field,KSJT,SJT,San Angelo Regional/Mathis Field,San Angelo,US,08 September 2026,2026-09-08,12:00,13:06,1h 7m,"$4,193",4193,USD,$,7,https://villiers.ai/empty-legs/khou-ksjt-cessna-citation-ultra-2026-09-08-7fb11875?id=ADHUHR,https://villiers.ai/empty-legs/khou-ksjt-cessna-citation-ultra-2026-09-08-7fb11875?id=ADHUHR,https://villiers.ai/empty-legs/khou-ksjt-cessna-citation-ultra-2026-09-08-7fb11875?id=ADHUHR,"Sat, 05 Sep 2026 15:03:06 GMT",2026-09-19T17:49:50+00:00
https://villiers.ai/empty-legs/kiad-kteb-citation-x-2026-09-08-66da94eb?id=ADHUHR,inactive,inactive,2026-09-07T16:17:02+00:00,2026-09-08T19:17:02+00:00,2026-09-19T17:49:50+00:00,"CITATION X | Washington Dulles International Airport → Teterboro Airport | $8,600",,CITATION X,KIAD - Washington Dulles International Airport,KIAD,IAD,Washington Dulles International Airport,Washington,US,KTEB - Teterboro Airport,KTEB,TEB,Teterboro Airport,Teterboro,US,08 September 2026,2026-09-08,12:00,12:54,55m,"$8,600",8600,USD,$,12,https://villiers.ai/empty-legs/kiad-kteb-citation-x-2026-09-08-66da94eb?id=ADHUHR,https://villiers.ai/empty-legs/kiad-kteb-citation-x-2026-09-08-66da94eb?id=ADHUHR,https://villiers.ai/empty-legs/kiad-kteb-citation-x-2026-09-08-66da94eb?id=ADHUHR,"Mon, 07 Sep 2026 16:12:54 GMT",2026-09-19T17:49:50+00:00
https://villiers.ai/empty-legs/kmco-kptv-challenger-300-2026-09-08-6c0d96cd?id=ADHUHR,inactive,inactive,2026-09-07T16:17:02+00:00,2026-09-08T19:17:02+00:00,2026-09-19T17:49:50+00:00,"CHALLENGER 300 | Orlando International Airport → Porterville Municipal Airport | $34,400",,CHALLENGER 300,KMCO - Orlando International Airport,KMCO,MCO,Orlando International Airport,Orlando,US,KPTV - Porterville Municipal Airport,KPTV,PTV,Porterville Municipal Airport,Porterville,US,08 September 2026,2026-09-08,12:00,16:39,4h 40m,"$34,400",34400,USD,$,10,https://villiers.ai/empty-legs/kmco-kptv-challenger-300-2026-09-08-6c0d96cd?id=ADHUHR,https://villiers.ai/empty-legs/kmco-kptv-challenger-300-2026-09-08-6c0d96cd?id=ADHUHR,https://villiers.ai/empty-legs/kmco-kptv-challenger-300-2026-09-08-6c0d96cd?id=ADHUHR,"Mon, 07 Sep 2026 16:12:40 GMT",2026-09-19T17:49:50+00:00
https://villiers.ai/empty-legs/kopf-kmdw-2026-09-08?id=ADHUHR,inactive,inactive,2026-08-05T22:38:36+00:00,2026-09-08T19:17:02+00:00,2026-09-19T17:49:50+00:00,"Bombardier Challenger 300 | Miami-Opa Locka Executive Airport → Chicago Midway International Airport | $16,500",,Bombardier Challenger 300,KOPF - Miami-Opa Locka Executive Airport,KOPF,OPF,Miami-Opa Locka Executive Airport,Miami,US,KMDW - Chicago Midway International Airport,KMDW,MDW,Chicago Midway International Airport,Chicago,US,08 September 2026,2026-09-08,12:00,14:40,2h 41m,"$16,500",16500,USD,$,9,https://villiers.ai/empty-legs/kopf-kmdw-2026-09-08?id=ADHUHR,https://villiers.ai/empty-legs/kopf-kmdw-2026-09-08?id=ADHUHR,https://villiers.ai/empty-legs/kopf-kmdw-2026-09-08?id=ADHUHR,"Sat, 06 Jun 2026 23:56:41 GMT",2026-09-19T17:49:50+00:00
https://villiers.ai/empty-legs/kphl-kteb-citation-x-2026-09-08-de011239?id=ADHUHR,inactive,inactive,2026-09-07T16:17:02+00:00,2026-09-08T19:17:02+00:00,2026-09-19T17:49:50+00:00,"CITATION X | Philadelphia International Airport → Teterboro Airport | $8,600",,CITATION X,KPHL - Philadelphia International Airport,KPHL,PHL,Philadelphia International Airport,Philadelphia,US,KTEB - Teterboro Airport,KTEB,TEB,Teterboro Airport,Teterboro,US,08 September 2026,2026-09-08,12:00,12:40,40m,"$8,600",8600,USD,$,12,https://villiers.ai/empty-legs/kphl-kteb-citation-x-2026-09-08-de011239?id=ADHUHR,https://villiers.ai/empty-legs/kphl-kteb-citation-x-2026-09-08-de011239?id=ADHUHR,https://villiers.ai/empty-legs/kphl-kteb-citation-x-2026-09-08-de011239?id=ADHUHR,"Mon, 07 Sep 2026 16:12:55 GMT",2026-09-19T17:49:50+00:00
https://villiers.ai/empty-legs/kpwm-krkd-challenger-300-2026-09-08-c2c487be?id=ADHUHR,inactive,inactive,2026-09-07T16:17:02+00:00,2026-09-08T19:17:02+00:00,2026-09-19T17:49:50+00:00,"CHALLENGER 300 | Portland International Jetport → Knox County Regional Airport | $8,600",,CHALLENGER 300,KPWM - Portland International Jetport,KPWM,PWM,Portland International Jetport Airport,Portland,US,KRKD - Knox County Regional Airport,KRKD,RKD,Knox County Regional Airport,Rockland,US,08 September 2026,2026-09-08,12:00,12:37,37m,"$8,600",8600,USD,$,10,https://villiers.ai/empty-legs/kpwm-krkd-challenger-300-2026-09-08-c2c487be?id=ADHUHR,https://villiers.ai/empty-legs/kpwm-krkd-challenger-300-2026-09-08-c2c487be?id=ADHUHR,https://villiers.ai/empty-legs/kpwm-krkd-challenger-300-2026-09-08-c2c487be?id=ADHUHR,"Mon, 07 Sep 2026 16:12:41 GMT",2026-09-19T17:49:50+00:00
https://villiers.ai/empty-legs/krdk-kboi-challenger-300-2026-09-08-294d5b35?id=ADHUHR,inactive,inactive,2026-09-07T16:17:02+00:00,2026-09-08T19:17:02+00:00,2026-09-19T17:49:50+00:00,"CHALLENGER 300 | Red Oak Municipal Airport → Boise Air Terminal/Gowen Field | $9,675",,CHALLENGER 300,KRDK - Red Oak Municipal Airport,KRDK,,Red Oak Municipal Airport,Red Oak,US,KBOI - Boise Air Terminal/Gowen Field,KBOI,BOI,Boise Air Trml/Gowen Field,Boise,US,08 September 2026,2026-09-08,12:00,14:30,2h 30m,"$9,675",9675,USD,$,10,https://villiers.ai/empty-legs/krdk-kboi-challenger-300-2026-09-08-294d5b35?id=ADHUHR,https://villiers.ai/empty-legs/krdk-kboi-challenger-300-2026-09-08-294d5b35?id=ADHUHR,https://villiers.ai/empty-legs/krdk-kboi-challenger-300-2026-09-08-294d5b35?id=ADHUHR,"Mon, 07 Sep 2026 16:12:40 GMT",2026-09-19T17:49:50+00:00
https://villiers.ai/empty-legs/krdk-krno-citation-x-2026-09-08-f8bdeff2?id=ADHUHR,inactive,inactive,2026-09-07T16:17:02+00:00,2026-09-08T19:17:02+00:00,2026-09-19T17:49:50+00:00,"CITATION X | Red Oak Municipal Airport → Reno Tahoe International Airport | $8,600",,CITATION X,KRDK - Red Oak Municipal Airport,KRDK,,Red Oak Municipal Airport,Red Oak,US,KRNO - Reno Tahoe International Airport,KRNO,RNO,Reno/Tahoe International Airport,Reno,US,08 September 2026,2026-09-08,12:00,14:53,2h 53m,"$8,600",8600,USD,$,12,https://villiers.ai/empty-legs/krdk-krno-citation-x-2026-09-08-f8bdeff2?id=ADHUHR,https://villiers.ai/empty-legs/krdk-krno-citation-x-2026-09-08-f8bdeff2?id=ADHUHR,https://villiers.ai/empty-legs/krdk-krno-citation-x-2026-09-08-f8bdeff2?id=ADHUHR,"Mon, 07 Sep 2026 16:12:55 GMT",2026-09-19T17:49:50+00:00
https://villiers.ai/empty-legs/krdk-ktex-challenger-300-2026-09-08-5aeb3354?id=ADHUHR,inactive,inactive,2026-09-07T16:17:02+00:00,2026-09-08T19:17:02+00:00,2026-09-19T17:49:50+00:00,"CHALLENGER 300 | Red Oak Municipal Airport → Telluride Regional Airport | $12,900",,CHALLENGER 300,KRDK - Red Oak Municipal Airport,KRDK,,Red Oak Municipal Airport,Red Oak,US,KTEX - Telluride Regional Airport,KTEX,TEX,Telluride Regional Airport,Telluride,US,08 September 2026,2026-09-08,12:00,13:48,1h 48m,"$12,900",12900,USD,$,10,https://villiers.ai/empty-legs/krdk-ktex-challenger-300-2026-09-08-5aeb3354?id=ADHUHR,https://villiers.ai/empty-legs/krdk-ktex-challenger-300-2026-09-08-5aeb3354?id=ADHUHR,https://villiers.ai/empty-legs/krdk-ktex-challenger-300-2026-09-08-5aeb3354?id=ADHUHR,"Mon, 07 Sep 2026 16:12:40 GMT",2026-09-19T17:49:50+00:00
https://villiers.ai/empty-legs/ksba-ksjc-citation-x-2026-09-08-62b90d5a?id=ADHUHR,inactive,inactive,2026-09-07T16:17:02+00:00,2026-09-08T19:17:02+00:00,2026-09-19T17:49:50+00:00,"CITATION X | Santa Barbara Municipal Airport → San Jose International Airport | $8,600",,CITATION X,KSBA - Santa Barbara Municipal Airport,KSBA,SBA,Santa Barbara Municipal Airport,Santa Barbara,US,KSJC - San Jose International Airport,KSJC,SJC,Norman Y Mineta San Jose International Airport,San Jose,US,08 September 2026,2026-09-08,12:00,12:55,56m,"$8,600",8600,USD,$,12,https://villiers.ai/empty-legs/ksba-ksjc-citation-x-2026-09-08-62b90d5a?id=ADHUHR,https://villiers.ai/empty-legs/ksba-ksjc-citation-x-2026-09-08-62b90d5a?id=ADHUHR,https://villiers.ai/empty-legs/ksba-ksjc-citation-x-2026-09-08-62b90d5a?id=ADHUHR,"Mon, 07 Sep 2026 16:12:56 GMT",2026-09-19T17:49:50+00:00
https://villiers.ai/empty-legs/ksfo-kvny-citation-x-2026-09-08-e273780a?id=ADHUHR,inactive,inactive,2026-09-07T16:17:02+00:00,2026-09-08T19:17:02+00:00,2026-09-19T17:49:50+00:00,"CITATION X | San Francisco International Airport → Van Nuys Airport | $8,600",,CITATION X,KSFO - San Francisco International Airport,KSFO,SFO,San Francisco International Airport,San Francisco,US,KVNY - Van Nuys Airport,KVNY,VNY,Van Nuys Airport,Van Nuys,US,08 September 2026,2026-09-08,12:00,13:05,1h 6m,"$8,600",8600,USD,$,12,https://villiers.ai/empty-legs/ksfo-kvny-citation-x-2026-09-08-e273780a?id=ADHUHR,https://villiers.ai/empty-legs/ksfo-kvny-citation-x-2026-09-08-e273780a?id=ADHUHR,https://villiers.ai/empty-legs/ksfo-kvny-citation-x-2026-09-08-e273780a?id=ADHUHR,"Mon, 07 Sep 2026 16:12:57 GMT",2026-09-19T17:49:50+00:00
https://villiers.ai/empty-legs/ksjc-kpga-citation-x-2026-09-08-013f16ba?id=ADHUHR,inactive,inactive,2026-09-07T16:17:02+00:00,2026-09-08T19:17:02+00:00,2026-09-19T17:49:50+00:00,"CITATION X | San Jose International Airport → Page Municipal Airport | $8,600",,CITATION X,KSJC - San Jose International Airport,KSJC,SJC,Norman Y Mineta San Jose International Airport,San Jose,US,KPGA - Page Municipal Airport,KPGA,PGA,Page Municipal Airport,Page,US,08 September 2026,2026-09-08,12:00,13:34,1h 34m,"$8,600",8600,USD,$,12,https://villiers.ai/empty-legs/ksjc-kpga-citation-x-2026-09-08-013f16ba?id=ADHUHR,https://villiers.ai/empty-legs/ksjc-kpga-citation-x-2026-09-08-013f16ba?id=ADHUHR,https://villiers.ai/empty-legs/ksjc-kpga-citation-x-2026-09-08-013f16ba?id=ADHUHR,"Mon, 07 Sep 2026 16:12:57 GMT",2026-09-19T17:49:50+00:00
https://villiers.ai/empty-legs/kteb-kack-citation-x-2026-09-08-0b3eb5d7?id=ADHUHR,inactive,inactive,2026-09-07T16:17:02+00:00,2026-09-08T19:17:02+00:00,2026-09-19T17:49:50+00:00,"CITATION X | Teterboro Airport → Nantucket Memorial Airport | $8,600",,CITATION X,KTEB - Teterboro Airport,KTEB,TEB,Teterboro Airport,Teterboro,US,KACK - Nantucket Memorial Airport,KACK,ACK,Nantucket Memorial Airport,Nantucket,US,08 September 2026,2026-09-08,12:00,12:53,53m,"$8,600",8600,USD,$,12,https://villiers.ai/empty-legs/kteb-kack-citation-x-2026-09-08-0b3eb5d7?id=ADHUHR,https://villiers.ai/empty-legs/kteb-kack-citation-x-2026-09-08-0b3eb5d7?id=ADHUHR,https://villiers.ai/empty-legs/kteb-kack-citation-x-2026-09-08-0b3eb5d7?id=ADHUHR,"Mon, 07 Sep 2026 16:12:51 GMT",2026-09-19T17:49:50+00:00
https://villiers.ai/empty-legs/kteb-kfok-citation-x-2026-09-08-dc9f023f?id=ADHUHR,inactive,inactive,2026-09-07T16:17:02+00:00,2026-09-08T19:17:02+00:00,2026-09-19T17:49:50+00:00,"CITATION X | Teterboro Airport → Francis S Gabreski Airport | $8,600",,CITATION X,KTEB - Teterboro Airport,KTEB,TEB,Teterboro Airport,Teterboro,US,KFOK - Francis S Gabreski Airport,KFOK,FOK,Francis S Gabreski Airport,Westhampton Beach,US,08 September 2026,2026-09-08,12:00,12:38,38m,"$8,600",8600,USD,$,12,https://villiers.ai/empty-legs/kteb-kfok-citation-x-2026-09-08-dc9f023f?id=ADHUHR,https://villiers.ai/empty-legs/kteb-kfok-citation-x-2026-09-08-dc9f023f?id=ADHUHR,https://villiers.ai/empty-legs/kteb-kfok-citation-x-2026-09-08-dc9f023f?id=ADHUHR,"Mon, 07 Sep 2026 16:12:52 GMT",2026-09-19T17:49:50+00:00
https://villiers.ai/empty-legs/kteb-kmvy-challenger-300-2026-09-08-06721a37?id=ADHUHR,inactive,inactive,2026-09-07T16:17:02+00:00,2026-09-08T19:17:02+00:00,2026-09-19T17:49:50+00:00,"CHALLENGER 300 | Teterboro Airport → Martha's Vineyard Airport | $8,600",,CHALLENGER 300,KTEB - Teterboro Airport,KTEB,TEB,Teterboro Airport,Teterboro,US,KMVY - Martha's Vineyard Airport,KMVY,MVY,Martha's Vineyard Airport,Vineyard Haven,US,08 September 2026,2026-09-08,12:00,12:50,50m,"$8,600",8600,USD,$,10,https://villiers.ai/empty-legs/kteb-kmvy-challenger-300-2026-09-08-06721a37?id=ADHUHR,https://villiers.ai/empty-legs/kteb-kmvy-challenger-300-2026-09-08-06721a37?id=ADHUHR,https://villiers.ai/empty-legs/kteb-kmvy-challenger-300-2026-09-08-06721a37?id=ADHUHR,"Mon, 07 Sep 2026 16:12:38 GMT",2026-09-19T17:49:50+00:00
https://villiers.ai/empty-legs/ktki-khum-challenger-300-2026-09-08-a5423b37?id=ADHUHR,inactive,inactive,2026-09-07T16:17:02+00:00,2026-09-08T19:17:02+00:00,2026-09-19T17:49:50+00:00,"CHALLENGER 300 | McKinney National Airport → Houma Terrebonne Airport | $8,600",,CHALLENGER 300,KTKI - McKinney National Airport,KTKI,,Mckinney Ntl Airport,Dallas,US,KHUM - Houma Terrebonne Airport,KHUM,HUM,Houma-Terrebonne Airport,Houma,US,08 September 2026,2026-09-08,12:00,13:17,1h 18m,"$8,600",8600,USD,$,10,https://villiers.ai/empty-legs/ktki-khum-challenger-300-2026-09-08-a5423b37?id=ADHUHR,https://villiers.ai/empty-legs/ktki-khum-challenger-300-2026-09-08-a5423b37?id=ADHUHR,https://villiers.ai/empty-legs/ktki-khum-challenger-300-2026-09-08-a5423b37?id=ADHUHR,"Mon, 07 Sep 2026 16:12:42 GMT",2026-09-19T17:49:50+00:00
https://villiers.ai/empty-legs/kvny-kfhu-citation-x-2026-09-08-231ed2b7?id=ADHUHR,inactive,inactive,2026-09-07T16:17:02+00:00,2026-09-08T19:17:02+00:00,2026-09-19T17:49:50+00:00,"CITATION X | Van Nuys Airport → Sierra Vista Municipal Airport / Libby Army Air Field | $8,600",,CITATION X,KVNY - Van Nuys Airport,KVNY,VNY,Van Nuys Airport,Van Nuys,US,KFHU - Sierra Vista Municipal Airport / Libby Army Air Field,KFHU,FHU,Sierra Vista Municipal-Libby Army Air Field,Fort Huachuca Sierra Vista,US,08 September 2026,2026-09-08,12:00,13:26,1h 26m,"$8,600",8600,USD,$,12,https://villiers.ai/empty-legs/kvny-kfhu-citation-x-2026-09-08-231ed2b7?id=ADHUHR,https://villiers.ai/empty-legs/kvny-kfhu-citation-x-2026-09-08-231ed2b7?id=ADHUHR,https://villiers.ai/empty-legs/kvny-kfhu-citation-x-2026-09-08-231ed2b7?id=ADHUHR,"Mon, 07 Sep 2026 16:12:50 GMT",2026-09-19T17:49:50+00:00
https://villiers.ai/empty-legs/kack-kbed-challenger-300-2026-09-09-029f3da3?id=ADHUHR,inactive,inactive,2026-09-07T16:17:02+00:00,2026-09-08T19:17:02+00:00,2026-09-19T17:49:50+00:00,"CHALLENGER 300 | Nantucket Memorial Airport → Laurence G Hanscom Field | $8,600",,CHALLENGER 300,KACK - Nantucket Memorial Airport,KACK,ACK,Nantucket Memorial Airport,Nantucket,US,KBED - Laurence G Hanscom Field,KBED,BED,Laurence G Hanscom Field,Bedford,US,09 September 2026,2026-09-09,12:00,12:41,42m,"$8,600",8600,USD,$,10,https://villiers.ai/empty-legs/kack-kbed-challenger-300-2026-09-09-029f3da3?id=ADHUHR,https://villiers.ai/empty-legs/kack-kbed-challenger-300-2026-09-09-029f3da3?id=ADHUHR,https://villiers.ai/empty-legs/kack-kbed-challenger-300-2026-09-09-029f3da3?id=ADHUHR,"Mon, 07 Sep 2026 16:12:43 GMT",2026-09-19T17:49:50+00:00
https://villiers.ai/empty-legs/kals-khou-pilatus-pc-12-ng-2026-09-09-9df62e52?id=ADHUHR,inactive,inactive,2026-09-03T17:47:01+00:00,2026-09-08T19:17:02+00:00,2026-09-19T17:49:50+00:00,"Pilatus PC-12 NG | San Luis Valley Regional Airport/Bergman Field → William P. Hobby Airport | $6,665",,Pilatus PC-12 NG,KALS - San Luis Valley Regional Airport/Bergman Field,KALS,ALS,San Luis Valley Regional/Bergman Field,Alamosa,US,KHOU - William P. Hobby Airport,KHOU,HOU,William P Hobby Airport,Houston,US,09 September 2026,2026-09-09,12:00,14:00,2h 0m,"$6,665",6665,USD,$,7,https://villiers.ai/empty-legs/kals-khou-pilatus-pc-12-ng-2026-09-09-9df62e52?id=ADHUHR,https://villiers.ai/empty-legs/kals-khou-pilatus-pc-12-ng-2026-09-09-9df62e52?id=ADHUHR,https://villiers.ai/empty-legs/kals-khou-pilatus-pc-12-ng-2026-09-09-9df62e52?id=ADHUHR,"Thu, 03 Sep 2026 17:43:55 GMT",2026-09-19T17:49:50+00:00
https://villiers.ai/empty-legs/kboi-ksfo-citation-x-2026-09-09-38a79b58?id=ADHUHR,inactive,inactive,2026-09-07T16:17:02+00:00,2026-09-08T19:17:02+00:00,2026-09-19T17:49:50+00:00,"CITATION X | Boise Air Terminal/Gowen Field → San Francisco International Airport | $9,675",,CITATION X,KBOI - Boise Air Terminal/Gowen Field,KBOI,BOI,Boise Air Trml/Gowen Field,Boise,US,KSFO - San Francisco International Airport,KSFO,SFO,San Francisco International Airport,San Francisco,US,09 September 2026,2026-09-09,12:00,13:27,1h 28m,"$9,675",9675,USD,$,12,https://villiers.ai/empty-legs/kboi-ksfo-citation-x-2026-09-09-38a79b58?id=ADHUHR,https://villiers.ai/empty-legs/kboi-ksfo-citation-x-2026-09-09-38a79b58?id=ADHUHR,https://villiers.ai/empty-legs/kboi-ksfo-citation-x-2026-09-09-38a79b58?id=ADHUHR,"Mon, 07 Sep 2026 16:12:58 GMT",2026-09-19T17:49:50+00:00
https://villiers.ai/empty-legs/kdal-kaus-challenger-300-2026-09-09-7862d2ae?id=ADHUHR,inactive,inactive,2026-09-07T16:17:02+00:00,2026-09-08T19:17:02+00:00,2026-09-19T17:49:50+00:00,"CHALLENGER 300 | Dallas Love Field → Austin Bergstrom International Airport | $8,600",,CHALLENGER 300,KDAL - Dallas Love Field,KDAL,DAL,Dallas Love Field,Dallas,US,KAUS - Austin Bergstrom International Airport,KAUS,AUS,Austin-Bergstrom International Airport,Austin,US,09 September 2026,2026-09-09,12:00,12:50,51m,"$8,600",8600,USD,$,10,https://villiers.ai/empty-legs/kdal-kaus-challenger-300-2026-09-09-7862d2ae?id=ADHUHR,https://villiers.ai/empty-legs/kdal-kaus-challenger-300-2026-09-09-7862d2ae?id=ADHUHR,https://villiers.ai/empty-legs/kdal-kaus-challenger-300-2026-09-09-7862d2ae?id=ADHUHR,"Mon, 07 Sep 2026 16:12:43 GMT",2026-09-19T17:49:50+00:00
https://villiers.ai/empty-legs/kewr-kvny-challenger-300-2026-09-09-64102622?id=ADHUHR,inactive,inactive,2026-09-07T16:17:02+00:00,2026-09-08T19:17:02+00:00,2026-09-19T17:49:50+00:00,"CHALLENGER 300 | Newark Liberty International Airport → Van Nuys Airport | $32,250",,CHALLENGER 300,KEWR - Newark Liberty International Airport,KEWR,EWR,Newark Liberty International Airport,Newark,US,KVNY - Van Nuys Airport,KVNY,VNY,Van Nuys Airport,Van Nuys,US,09 September 2026,2026-09-09,12:00,17:01,5h 1m,"$32,250",32250,USD,$,10,https://villiers.ai/empty-legs/kewr-kvny-challenger-300-2026-09-09-64102622?id=ADHUHR,https://villiers.ai/empty-legs/kewr-kvny-challenger-300-2026-09-09-64102622?id=ADHUHR,https://villiers.ai/empty-legs/kewr-kvny-challenger-300-2026-09-09-64102622?id=ADHUHR,"Mon, 07 Sep 2026 16:12:44 GMT",2026-09-19T17:49:50+00:00
https://villiers.ai/empty-legs/kfll-kfok-citation-x-2026-09-09-51ce4aa4?id=ADHUHR,inactive,inactive,2026-09-07T16:17:02+00:00,2026-09-08T19:17:02+00:00,2026-09-19T17:49:50+00:00,"CITATION X | Fort Lauderdale Hollywood International Airport → Francis S Gabreski Airport | $12,900",,CITATION X,KFLL - Fort Lauderdale Hollywood International Airport,KFLL,FLL,Fort Lauderdale/Hollywood International Airport,Fort Lauderdale,US,KFOK - Francis S Gabreski Airport,KFOK,FOK,Francis S Gabreski Airport,Westhampton Beach,US,09 September 2026,2026-09-09,12:00,14:32,2h 33m,"$12,900",12900,USD,$,12,https://villiers.ai/empty-legs/kfll-kfok-citation-x-2026-09-09-51ce4aa4?id=ADHUHR,https://villiers.ai/empty-legs/kfll-kfok-citation-x-2026-09-09-51ce4aa4?id=ADHUHR,https://villiers.ai/empty-legs/kfll-kfok-citation-x-2026-09-09-51ce4aa4?id=ADHUHR,"Mon, 07 Sep 2026 16:12:59 GMT",2026-09-19T17:49:50+00:00
https://villiers.ai/empty-legs/kfok-ktpa-challenger-300-2026-09-09-4191694b?id=ADHUHR,inactive,inactive,2026-09-07T16:17:02+00:00,2026-09-08T19:17:02+00:00,2026-09-19T17:49:50+00:00,"CHALLENGER 300 | Francis S Gabreski Airport → Tampa International Airport | $12,900",,CHALLENGER 300,KFOK - Francis S Gabreski Airport,KFOK,FOK,Francis S Gabreski Airport,Westhampton Beach,US,KTPA - Tampa International Airport,KTPA,TPA,Tampa International Airport,Tampa,US,09 September 2026,2026-09-09,12:00,14:26,2h 27m,"$12,900",12900,USD,$,10,https://villiers.ai/empty-legs/kfok-ktpa-challenger-300-2026-09-09-4191694b?id=ADHUHR,https://villiers.ai/empty-legs/kfok-ktpa-challenger-300-2026-09-09-4191694b?id=ADHUHR,https://villiers.ai/empty-legs/kfok-ktpa-challenger-300-2026-09-09-4191694b?id=ADHUHR,"Mon, 07 Sep 2026 16:12:44 GMT",2026-09-19T17:49:50+00:00
https://villiers.ai/empty-legs/khou-kerv-cessna-citation-ultra-2026-09-09-100d1091?id=ADHUHR,inactive,inactive,2026-08-19T23:17:01+00:00,2026-09-08T19:17:02+00:00,2026-09-19T17:49:50+00:00,"Cessna Citation Ultra | William P. Hobby Airport → Kerrville / Kerr County Airport at Louis Schreiner Field | $3,118",,Cessna Citation Ultra,KHOU - William P. Hobby Airport,KHOU,HOU,William P Hobby Airport,Houston,US,KERV - Kerrville / Kerr County Airport at Louis Schreiner Field,KERV,ERV,Kerrville Municipal/Louis Schreiner Field,Kerrville,US,09 September 2026,2026-09-09,12:00,12:55,55m,"$3,118",3118,USD,$,7,https://villiers.ai/empty-legs/khou-kerv-cessna-citation-ultra-2026-09-09-100d1091?id=ADHUHR,https://villiers.ai/empty-legs/khou-kerv-cessna-citation-ultra-2026-09-09-100d1091?id=ADHUHR,https://villiers.ai/empty-legs/khou-kerv-cessna-citation-ultra-2026-09-09-100d1091?id=ADHUHR,"Wed, 19 Aug 2026 22:51:09 GMT",2026-09-19T17:49:50+00:00
https://villiers.ai/empty-legs/khpn-kapf-citation-x-2026-09-09-09eabab0?id=ADHUHR,inactive,inactive,2026-09-07T16:17:02+00:00,2026-09-08T19:17:02+00:00,2026-09-19T17:49:50+00:00,"CITATION X | Westchester County Airport → Naples Municipal Airport | $12,900",,CITATION X,KHPN - Westchester County Airport,KHPN,HPN,Westchester County Airport,White Plains,US,KAPF - Naples Municipal Airport,KAPF,APF,Naples Municipal Airport,Naples,US,09 September 2026,2026-09-09,12:00,14:35,2h 35m,"$12,900",12900,USD,$,12,https://villiers.ai/empty-legs/khpn-kapf-citation-x-2026-09-09-09eabab0?id=ADHUHR,https://villiers.ai/empty-legs/khpn-kapf-citation-x-2026-09-09-09eabab0?id=ADHUHR,https://villiers.ai/empty-legs/khpn-kapf-citation-x-2026-09-09-09eabab0?id=ADHUHR,"Mon, 07 Sep 2026 16:13:00 GMT",2026-09-19T17:49:50+00:00
https://villiers.ai/empty-legs/kiad-kbhb-citation-x-2026-09-09-98eb0d98?id=ADHUHR,inactive,inactive,2026-09-07T16:17:02+00:00,2026-09-08T19:17:02+00:00,2026-09-19T17:49:50+00:00,"CITATION X | Washington Dulles International Airport → Hancock County-Bar Harbor Airport | $8,600",,CITATION X,KIAD - Washington Dulles International Airport,KIAD,IAD,Washington Dulles International Airport,Washington,US,KBHB - Hancock County-Bar Harbor Airport,KBHB,BHB,Hancock County/Bar Harbor Airport,Bar Harbor,US,09 September 2026,2026-09-09,12:00,13:36,1h 37m,"$8,600",8600,USD,$,12,https://villiers.ai/empty-legs/kiad-kbhb-citation-x-2026-09-09-98eb0d98?id=ADHUHR,https://villiers.ai/empty-legs/kiad-kbhb-citation-x-2026-09-09-98eb0d98?id=ADHUHR,https://villiers.ai/empty-legs/kiad-kbhb-citation-x-2026-09-09-98eb0d98?id=ADHUHR,"Mon, 07 Sep 2026 16:13:01 GMT",2026-09-19T17:49:50+00:00
https://villiers.ai/empty-legs/kopf-kapf-citation-x-2026-09-09-a8bced77?id=ADHUHR,inactive,inactive,2026-09-07T16:17:02+00:00,2026-09-08T19:17:02+00:00,2026-09-19T17:49:50+00:00,"CITATION X | Miami-Opa Locka Executive Airport → Naples Municipal Airport | $8,600",,CITATION X,KOPF - Miami-Opa Locka Executive Airport,KOPF,OPF,Miami-Opa Locka Executive Airport,Miami,US,KAPF - Naples Municipal Airport,KAPF,APF,Naples Municipal Airport,Naples,US,09 September 2026,2026-09-09,12:00,12:40,40m,"$8,600",8600,USD,$,12,https://villiers.ai/empty-legs/kopf-kapf-citation-x-2026-09-09-a8bced77?id=ADHUHR,https://villiers.ai/empty-legs/kopf-kapf-citation-x-2026-09-09-a8bced77?id=ADHUHR,https://villiers.ai/empty-legs/kopf-kapf-citation-x-2026-09-09-a8bced77?id=ADHUHR,"Mon, 07 Sep 2026 16:12:58 GMT",2026-09-19T17:49:50+00:00
https://villiers.ai/empty-legs/kpdk-kiad-challenger-300-2026-09-09-658bcbf4?id=ADHUHR,inactive,inactive,2026-09-07T16:17:02+00:00,2026-09-08T19:17:02+00:00,2026-09-19T17:49:50+00:00,"CHALLENGER 300 | DeKalb Peachtree Airport → Washington Dulles International Airport | $8,600",,CHALLENGER 300,KPDK - DeKalb Peachtree Airport,KPDK,PDK,Dekalb-Peachtree Airport,Atlanta,US,KIAD - Washington Dulles International Airport,KIAD,IAD,Washington Dulles International Airport,Washington,US,09 September 2026,2026-09-09,12:00,13:27,1h 27m,"$8,600",8600,USD,$,10,https://villiers.ai/empty-legs/kpdk-kiad-challenger-300-2026-09-09-658bcbf4?id=ADHUHR,https://villiers.ai/empty-legs/kpdk-kiad-challenger-300-2026-09-09-658bcbf4?id=ADHUHR,https://villiers.ai/empty-legs/kpdk-kiad-challenger-300-2026-09-09-658bcbf4?id=ADHUHR,"Mon, 07 Sep 2026 16:12:45 GMT",2026-09-19T17:49:50+00:00
https://villiers.ai/empty-legs/krdk-kacy-citation-x-2026-09-09-1ef0de84?id=ADHUHR,inactive,inactive,2026-09-07T16:17:02+00:00,2026-09-08T19:17:02+00:00,2026-09-19T17:49:50+00:00,"CITATION X | Red Oak Municipal Airport → Atlantic City International Airport | $27,950",,CITATION X,KRDK - Red Oak Municipal Airport,KRDK,,Red Oak Municipal Airport,Red Oak,US,KACY - Atlantic City International Airport,KACY,ACY,Atlantic City International Airport,Atlantic City,US,09 September 2026,2026-09-09,12:00,14:31,2h 31m,"$27,950",27950,USD,$,12,https://villiers.ai/empty-legs/krdk-kacy-citation-x-2026-09-09-1ef0de84?id=ADHUHR,https://villiers.ai/empty-legs/krdk-kacy-citation-x-2026-09-09-1ef0de84?id=ADHUHR,https://villiers.ai/empty-legs/krdk-kacy-citation-x-2026-09-09-1ef0de84?id=ADHUHR,"Mon, 07 Sep 2026 16:13:01 GMT",2026-09-19T17:49:50+00:00
https://villiers.ai/empty-legs/ksat-klit-citation-x-2026-09-09-1633d4e9?id=ADHUHR,inactive,inactive,2026-09-07T16:17:02+00:00,2026-09-08T19:17:02+00:00,2026-09-19T17:49:50+00:00,"CITATION X | San Antonio International Airport → Bill & Hillary Clinton National Airport/Adams Field | $9,675",,CITATION X,KSAT - San Antonio International Airport,KSAT,SAT,San Antonio International Airport,San Antonio,US,KLIT - Bill & Hillary Clinton National Airport/Adams Field,KLIT,LIT,Bill And Hillary Clinton Ntl/Adams Field,Little Rock,US,09 September 2026,2026-09-09,12:00,13:26,1h 27m,"$9,675",9675,USD,$,12,https://villiers.ai/empty-legs/ksat-klit-citation-x-2026-09-09-1633d4e9?id=ADHUHR,https://villiers.ai/empty-legs/ksat-klit-citation-x-2026-09-09-1633d4e9?id=ADHUHR,https://villiers.ai/empty-legs/ksat-klit-citation-x-2026-09-09-1633d4e9?id=ADHUHR,"Mon, 07 Sep 2026 16:13:02 GMT",2026-09-19T17:49:50+00:00
https://villiers.ai/empty-legs/ksez-kcrq-cessna-citation-cj3-2026-09-09-ff69ad30?id=ADHUHR,inactive,inactive,2026-09-02T06:47:02+00:00,2026-09-08T19:17:02+00:00,2026-09-19T17:49:50+00:00,"Cessna Citation CJ3 | Sedona Airport → McClellan-Palomar Airport | $6,396",,Cessna Citation CJ3,KSEZ - Sedona Airport,KSEZ,SDX,Sedona Airport,Sedona,US,KCRQ - McClellan-Palomar Airport,KCRQ,CLD,Mc Clellan-Palomar Airport,Carlsbad,US,09 September 2026,2026-09-09,12:00,13:07,1h 7m,"$6,396",6396,USD,$,8,https://villiers.ai/empty-legs/ksez-kcrq-cessna-citation-cj3-2026-09-09-ff69ad30?id=ADHUHR,https://villiers.ai/empty-legs/ksez-kcrq-cessna-citation-cj3-2026-09-09-ff69ad30?id=ADHUHR,https://villiers.ai/empty-legs/ksez-kcrq-cessna-citation-cj3-2026-09-09-ff69ad30?id=ADHUHR,"Wed, 02 Sep 2026 06:27:03 GMT",2026-09-19T17:49:50+00:00
https://villiers.ai/empty-legs/kteb-kisp-citation-x-2026-09-09-b88906e6?id=ADHUHR,inactive,inactive,2026-09-07T16:17:02+00:00,2026-09-08T19:17:02+00:00,2026-09-19T17:49:50+00:00,"CITATION X | Teterboro Airport → Long Island Mac Arthur Airport | $8,600",,CITATION X,KTEB - Teterboro Airport,KTEB,TEB,Teterboro Airport,Teterboro,US,KISP - Long Island Mac Arthur Airport,KISP,ISP,Long Island Mac Arthur Airport,New York,US,09 September 2026,2026-09-09,12:00,12:35,36m,"$8,600",8600,USD,$,12,https://villiers.ai/empty-legs/kteb-kisp-citation-x-2026-09-09-b88906e6?id=ADHUHR,https://villiers.ai/empty-legs/kteb-kisp-citation-x-2026-09-09-b88906e6?id=ADHUHR,https://villiers.ai/empty-legs/kteb-kisp-citation-x-2026-09-09-b88906e6?id=ADHUHR,"Mon, 07 Sep 2026 16:12:58 GMT",2026-09-19T17:49:50+00:00
https://villiers.ai/empty-legs/kaus-khys-cessna-citation-ultra-2026-09-10-002552da?id=ADHUHR,inactive,inactive,2026-08-29T05:17:02+00:00,2026-09-08T19:17:02+00:00,2026-09-19T17:49:50+00:00,"Cessna Citation Ultra | Austin Bergstrom International Airport → Hays Regional Airport | $5,913",,Cessna Citation Ultra,KAUS - Austin Bergstrom International Airport,KAUS,AUS,Austin-Bergstrom International Airport,Austin,US,KHYS - Hays Regional Airport,KHYS,HYS,Hays Regional Airport,Hays,US,10 September 2026,2026-09-10,12:00,13:37,1h 37m,"$5,913",5913,USD,$,7,https://villiers.ai/empty-legs/kaus-khys-cessna-citation-ultra-2026-09-10-002552da?id=ADHUHR,https://villiers.ai/empty-legs/kaus-khys-cessna-citation-ultra-2026-09-10-002552da?id=ADHUHR,https://villiers.ai/empty-legs/kaus-khys-cessna-citation-ultra-2026-09-10-002552da?id=ADHUHR,"Sat, 29 Aug 2026 05:00:41 GMT",2026-09-19T17:49:50+00:00
https://villiers.ai/empty-legs/kdal-ksba-cessna-citation-ultra-2026-09-10-e8cdacb8?id=ADHUHR,inactive,inactive,2026-08-29T05:17:02+00:00,2026-09-08T19:17:02+00:00,2026-09-19T17:49:50+00:00,"Cessna Citation Ultra | Dallas Love Field → Santa Barbara Municipal Airport | $13,438",,Cessna Citation Ultra,KDAL - Dallas Love Field,KDAL,DAL,Dallas Love Field,Dallas,US,KSBA - Santa Barbara Municipal Airport,KSBA,SBA,Santa Barbara Municipal Airport,Santa Barbara,US,10 September 2026,2026-09-10,12:00,14:56,2h 57m,"$13,438",13438,USD,$,7,https://villiers.ai/empty-legs/kdal-ksba-cessna-citation-ultra-2026-09-10-e8cdacb8?id=ADHUHR,https://villiers.ai/empty-legs/kdal-ksba-cessna-citation-ultra-2026-09-10-e8cdacb8?id=ADHUHR,https://villiers.ai/empty-legs/kdal-ksba-cessna-citation-ultra-2026-09-10-e8cdacb8?id=ADHUHR,"Sat, 29 Aug 2026 05:00:41 GMT",2026-09-19T17:49:50+00:00
https://villiers.ai/empty-legs/kgtu-kdwh-cessna-citation-ultra-2026-09-10-f4658c4c?id=ADHUHR,inactive,inactive,2026-09-08T13:47:01+00:00,2026-09-08T19:17:02+00:00,2026-09-19T17:49:50+00:00,"Cessna Citation Ultra | Georgetown Executive Airport at Johnny Gantt Field → David Wayne Hooks Memorial Airport | $1,720",,Cessna Citation Ultra,KGTU - Georgetown Executive Airport at Johnny Gantt Field,KGTU,,Georgetown Executive Airport,Georgetown,US,KDWH - David Wayne Hooks Memorial Airport,KDWH,DWH,David Wayne Hooks Memorial Airport,Houston,US,10 September 2026,2026-09-10,12:00,12:44,45m,"$1,720",1720,USD,$,7,https://villiers.ai/empty-legs/kgtu-kdwh-cessna-citation-ultra-2026-09-10-f4658c4c?id=ADHUHR,https://villiers.ai/empty-legs/kgtu-kdwh-cessna-citation-ultra-2026-09-10-f4658c4c?id=ADHUHR,https://villiers.ai/empty-legs/kgtu-kdwh-cessna-citation-ultra-2026-09-10-f4658c4c?id=ADHUHR,"Tue, 08 Sep 2026 13:36:35 GMT",2026-09-19T17:49:50+00:00
https://villiers.ai/empty-legs/khou-kdal-cessna-citation-ultra-2026-09-10-db499a15?id=ADHUHR,inactive,inactive,2026-09-05T15:17:02+00:00,2026-09-08T19:17:02+00:00,2026-09-19T17:49:50+00:00,"Cessna Citation Ultra | William P. Hobby Airport → Dallas Love Field | $3,118",,Cessna Citation Ultra,KHOU - William P. Hobby Airport,KHOU,HOU,William P Hobby Airport,Houston,US,KDAL - Dallas Love Field,KDAL,DAL,Dallas Love Field,Dallas,US,10 September 2026,2026-09-10,12:00,12:56,57m,"$3,118",3118,USD,$,7,https://villiers.ai/empty-legs/khou-kdal-cessna-citation-ultra-2026-09-10-db499a15?id=ADHUHR,https://villiers.ai/empty-legs/khou-kdal-cessna-citation-ultra-2026-09-10-db499a15?id=ADHUHR,https://villiers.ai/empty-legs/khou-kdal-cessna-citation-ultra-2026-09-10-db499a15?id=ADHUHR,"Sat, 05 Sep 2026 15:03:06 GMT",2026-09-19T17:49:50+00:00
https://villiers.ai/empty-legs/khou-ksba-cessna-citation-v-2026-09-10-f2af0be7?id=ADHUHR,inactive,inactive,2026-08-25T17:47:01+00:00,2026-09-08T19:17:02+00:00,2026-09-19T17:49:50+00:00,"Cessna Citation V | William P. Hobby Airport → Santa Barbara Municipal Airport | $15,480",,Cessna Citation V,KHOU - William P. Hobby Airport,KHOU,HOU,William P Hobby Airport,Houston,US,KSBA - Santa Barbara Municipal Airport,KSBA,SBA,Santa Barbara Municipal Airport,Santa Barbara,US,10 September 2026,2026-09-10,12:00,15:13,3h 13m,"$15,480",15480,USD,$,7,https://villiers.ai/empty-legs/khou-ksba-cessna-citation-v-2026-09-10-f2af0be7?id=ADHUHR,https://villiers.ai/empty-legs/khou-ksba-cessna-citation-v-2026-09-10-f2af0be7?id=ADHUHR,https://villiers.ai/empty-legs/khou-ksba-cessna-citation-v-2026-09-10-f2af0be7?id=ADHUHR,"Tue, 25 Aug 2026 17:17:16 GMT",2026-09-19T17:49:50+00:00
https://villiers.ai/empty-legs/kiws-kpil-2026-09-10?id=ADHUHR,inactive,inactive,2026-08-05T22:38:36+00:00,2026-09-08T19:17:02+00:00,2026-09-19T17:49:50+00:00,"Pilatus PC 12 NG | West Houston Airport → Port Isabel Cameron County Airport | $3,520",,Pilatus PC 12 NG,KIWS - West Houston Airport,KIWS,IWS,West Houston Airport,Houston,US,KPIL - Port Isabel Cameron County Airport,KPIL,,Cameron County Airport,Port Isabel,US,10 September 2026,2026-09-10,12:00,13:00,1h 0m,"$3,520",3520,USD,$,7,https://villiers.ai/empty-legs/kiws-kpil-2026-09-10?id=ADHUHR,https://villiers.ai/empty-legs/kiws-kpil-2026-09-10?id=ADHUHR,https://villiers.ai/empty-legs/kiws-kpil-2026-09-10?id=ADHUHR,"Tue, 24 Mar 2026 12:35:16 GMT",2026-09-19T17:49:50+00:00
https://villiers.ai/empty-legs/kmsl-kdwh-cessna-citation-ultra-2026-09-10-0eee0891?id=ADHUHR,inactive,inactive,2026-08-26T17:17:02+00:00,2026-09-08T19:17:02+00:00,2026-09-19T17:49:50+00:00,"Cessna Citation Ultra | Northwest Alabama Regional Airport → David Wayne Hooks Memorial Airport | $6,235",,Cessna Citation Ultra,KMSL - Northwest Alabama Regional Airport,KMSL,MSL,Northwest Alabama Regional Airport,Muscle Shoals,US,KDWH - David Wayne Hooks Memorial Airport,KDWH,DWH,David Wayne Hooks Memorial Airport,Houston,US,10 September 2026,2026-09-10,12:00,13:32,1h 33m,"$6,235",6235,USD,$,7,https://villiers.ai/empty-legs/kmsl-kdwh-cessna-citation-ultra-2026-09-10-0eee0891?id=ADHUHR,https://villiers.ai/empty-legs/kmsl-kdwh-cessna-citation-ultra-2026-09-10-0eee0891?id=ADHUHR,https://villiers.ai/empty-legs/kmsl-kdwh-cessna-citation-ultra-2026-09-10-0eee0891?id=ADHUHR,"Wed, 26 Aug 2026 16:50:01 GMT",2026-09-19T17:49:50+00:00
https://villiers.ai/empty-legs/ksaf-ksba-cessna-citation-ultra-2026-09-10-c91f6309?id=ADHUHR,inactive,inactive,2026-09-05T15:17:02+00:00,2026-09-08T19:17:02+00:00,2026-09-19T17:49:50+00:00,"Cessna Citation Ultra | Santa Fe Municipal Airport → Santa Barbara Municipal Airport | $8,278",,Cessna Citation Ultra,KSAF - Santa Fe Municipal Airport,KSAF,SAF,Santa Fe Regional Airport,Santa Fe,US,KSBA - Santa Barbara Municipal Airport,KSBA,SBA,Santa Barbara Municipal Airport,Santa Barbara,US,10 September 2026,2026-09-10,12:00,13:56,1h 57m,"$8,278",8278,USD,$,7,https://villiers.ai/empty-legs/ksaf-ksba-cessna-citation-ultra-2026-09-10-c91f6309?id=ADHUHR,https://villiers.ai/empty-legs/ksaf-ksba-cessna-citation-ultra-2026-09-10-c91f6309?id=ADHUHR,https://villiers.ai/empty-legs/ksaf-ksba-cessna-citation-ultra-2026-09-10-c91f6309?id=ADHUHR,"Sat, 05 Sep 2026 15:03:06 GMT",2026-09-19T17:49:50+00:00
https://villiers.ai/empty-legs/ksts-kcrq-cessna-citation-xls-2026-09-10-0e0fd2b2?id=ADHUHR,inactive,inactive,2026-09-02T06:47:02+00:00,2026-09-08T19:17:02+00:00,2026-09-19T17:49:50+00:00,"Cessna Citation XLS | Charles M. Schulz Sonoma County Airport → McClellan-Palomar Airport | $11,771",,Cessna Citation XLS,KSTS - Charles M. Schulz Sonoma County Airport,KSTS,STS,Charles M Schulz/Sonoma County Airport,Santa Rosa,US,KCRQ - McClellan-Palomar Airport,KCRQ,CLD,Mc Clellan-Palomar Airport,Carlsbad,US,10 September 2026,2026-09-10,12:00,13:23,1h 24m,"$11,771",11771,USD,$,8,https://villiers.ai/empty-legs/ksts-kcrq-cessna-citation-xls-2026-09-10-0e0fd2b2?id=ADHUHR,https://villiers.ai/empty-legs/ksts-kcrq-cessna-citation-xls-2026-09-10-0e0fd2b2?id=ADHUHR,https://villiers.ai/empty-legs/ksts-kcrq-cessna-citation-xls-2026-09-10-0e0fd2b2?id=ADHUHR,"Wed, 02 Sep 2026 06:27:03 GMT",2026-09-19T17:49:50+00:00
https://villiers.ai/empty-legs/kuox-khou-cessna-citation-ultra-2026-09-10-8a64246a?id=ADHUHR,inactive,inactive,2026-08-25T17:47:01+00:00,2026-09-08T19:17:02+00:00,2026-09-19T17:49:50+00:00,"Cessna Citation Ultra | University Oxford Airport → William P. Hobby Airport | $5,160",,Cessna Citation Ultra,KUOX - University Oxford Airport,KUOX,UOX,University-Oxford Airport,Oxford,US,KHOU - William P. Hobby Airport,KHOU,HOU,William P Hobby Airport,Houston,US,10 September 2026,2026-09-10,12:00,13:22,1h 22m,"$5,160",5160,USD,$,7,https://villiers.ai/empty-legs/kuox-khou-cessna-citation-ultra-2026-09-10-8a64246a?id=ADHUHR,https://villiers.ai/empty-legs/kuox-khou-cessna-citation-ultra-2026-09-10-8a64246a?id=ADHUHR,https://villiers.ai/empty-legs/kuox-khou-cessna-citation-ultra-2026-09-10-8a64246a?id=ADHUHR,"Tue, 25 Aug 2026 17:17:16 GMT",2026-09-19T17:49:50+00:00
https://villiers.ai/empty-legs/lecu-lkpr-cessna-citation-sovereign-2026-09-10-49207600?id=ADHUHR,inactive,inactive,2026-09-05T13:17:01+00:00,2026-09-08T19:17:02+00:00,2026-09-19T17:49:50+00:00,"Cessna Citation Sovereign | Madrid-Cuatro Vientos Airport → Václav Havel Airport Prague | €3,225",,Cessna Citation Sovereign,LECU - Madrid-Cuatro Vientos Airport,LECU,,Cuatro Vientos Airport,Madrid,ES,LKPR - Václav Havel Airport Prague,LKPR,PRG,Václav Havel Airport,Prague,CZ,10 September 2026,2026-09-10,16:50,19:22,2h 32m,"€3,225",3225,EUR,€,8,https://villiers.ai/empty-legs/lecu-lkpr-cessna-citation-sovereign-2026-09-10-49207600?id=ADHUHR,https://villiers.ai/empty-legs/lecu-lkpr-cessna-citation-sovereign-2026-09-10-49207600?id=ADHUHR,https://villiers.ai/empty-legs/lecu-lkpr-cessna-citation-sovereign-2026-09-10-49207600?id=ADHUHR,"Sat, 05 Sep 2026 12:50:50 GMT",2026-09-19T17:49:50+00:00
https://villiers.ai/empty-legs/kaus-khou-cessna-citation-ultra-2026-09-11-a67c74c7?id=ADHUHR,inactive,inactive,2026-09-05T15:17:02+00:00,2026-09-08T19:17:02+00:00,2026-09-19T17:49:50+00:00,"Cessna Citation Ultra | Austin Bergstrom International Airport → William P. Hobby Airport | $2,150",,Cessna Citation Ultra,KAUS - Austin Bergstrom International Airport,KAUS,AUS,Austin-Bergstrom International Airport,Austin,US,KHOU - William P. Hobby Airport,KHOU,HOU,William P Hobby Airport,Houston,US,11 September 2026,2026-09-11,12:00,12:46,46m,"$2,150",2150,USD,$,7,https://villiers.ai/empty-legs/kaus-khou-cessna-citation-ultra-2026-09-11-a67c74c7?id=ADHUHR,https://villiers.ai/empty-legs/kaus-khou-cessna-citation-ultra-2026-09-11-a67c74c7?id=ADHUHR,https://villiers.ai/empty-legs/kaus-khou-cessna-citation-ultra-2026-09-11-a67c74c7?id=ADHUHR,"Sat, 05 Sep 2026 15:03:07 GMT",2026-09-19T17:49:50+00:00
https://villiers.ai/empty-legs/kdal-khys-cessna-citation-ultra-2026-09-11-63128f98?id=ADHUHR,inactive,inactive,2026-08-19T00:17:03+00:00,2026-09-08T19:17:02+00:00,2026-09-19T17:49:50+00:00,"Cessna Citation Ultra | Dallas Love Field → Hays Regional Airport | $4,838",,Cessna Citation Ultra,KDAL - Dallas Love Field,KDAL,DAL,Dallas Love Field,Dallas,US,KHYS - Hays Regional Airport,KHYS,HYS,Hays Regional Airport,Hays,US,11 September 2026,2026-09-11,12:00,13:18,1h 18m,"$4,838",4838,USD,$,7,https://villiers.ai/empty-legs/kdal-khys-cessna-citation-ultra-2026-09-11-63128f98?id=ADHUHR,https://villiers.ai/empty-legs/kdal-khys-cessna-citation-ultra-2026-09-11-63128f98?id=ADHUHR,https://villiers.ai/empty-legs/kdal-khys-cessna-citation-ultra-2026-09-11-63128f98?id=ADHUHR,"Tue, 18 Aug 2026 17:30:04 GMT",2026-09-19T17:49:50+00:00
https://villiers.ai/empty-legs/kedc-khou-cessna-citation-ultra-2026-09-11-ca0963cf?id=ADHUHR,inactive,inactive,2026-09-08T13:47:01+00:00,2026-09-08T19:17:02+00:00,2026-09-19T17:49:50+00:00,"Cessna Citation Ultra | Austin Executive Airport → William P. Hobby Airport | $2,150",,Cessna Citation Ultra,KEDC - Austin Executive Airport,KEDC,EDC,Austin Executive Airport,Austin,US,KHOU - William P. Hobby Airport,KHOU,HOU,William P Hobby Airport,Houston,US,11 September 2026,2026-09-11,12:00,12:46,46m,"$2,150",2150,USD,$,7,https://villiers.ai/empty-legs/kedc-khou-cessna-citation-ultra-2026-09-11-ca0963cf?id=ADHUHR,https://villiers.ai/empty-legs/kedc-khou-cessna-citation-ultra-2026-09-11-ca0963cf?id=ADHUHR,https://villiers.ai/empty-legs/kedc-khou-cessna-citation-ultra-2026-09-11-ca0963cf?id=ADHUHR,"Tue, 08 Sep 2026 13:36:35 GMT",2026-09-19T17:49:50+00:00
https://villiers.ai/empty-legs/kftw-khou-2026-09-11?id=ADHUHR,inactive,inactive,2026-08-05T22:38:36+00:00,2026-09-08T19:17:02+00:00,2026-09-19T17:49:50+00:00,"Cessna Citation V | Fort Worth Meacham International Airport → William P. Hobby Airport | $3,118",,Cessna Citation V,KFTW - Fort Worth Meacham International Airport,KFTW,FTW,Fort Worth Meacham International Airport,Fort Worth,US,KHOU - William P. Hobby Airport,KHOU,HOU,William P Hobby Airport,Houston,US,11 September 2026,2026-09-11,12:00,12:57,58m,"$3,118",3118,USD,$,7,https://villiers.ai/empty-legs/kftw-khou-2026-09-11?id=ADHUHR,https://villiers.ai/empty-legs/kftw-khou-2026-09-11?id=ADHUHR,https://villiers.ai/empty-legs/kftw-khou-2026-09-11?id=ADHUHR,"Thu, 30 Jul 2026 02:41:57 GMT",2026-09-19T17:49:50+00:00
https://villiers.ai/empty-legs/kftw-khys-cessna-citation-ultra-2026-09-11-26d261c5?id=ADHUHR,inactive,inactive,2026-08-19T23:17:01+00:00,2026-09-08T19:17:02+00:00,2026-09-19T17:49:50+00:00,"Cessna Citation Ultra | Fort Worth Meacham International Airport → Hays Regional Airport | $4,838",,Cessna Citation Ultra,KFTW - Fort Worth Meacham International Airport,KFTW,FTW,Fort Worth Meacham International Airport,Fort Worth,US,KHYS - Hays Regional Airport,KHYS,HYS,Hays Regional Airport,Hays,US,11 September 2026,2026-09-11,12:00,13:17,1h 18m,"$4,838",4838,USD,$,7,https://villiers.ai/empty-legs/kftw-khys-cessna-citation-ultra-2026-09-11-26d261c5?id=ADHUHR,https://villiers.ai/empty-legs/kftw-khys-cessna-citation-ultra-2026-09-11-26d261c5?id=ADHUHR,https://villiers.ai/empty-legs/kftw-khys-cessna-citation-ultra-2026-09-11-26d261c5?id=ADHUHR,"Wed, 19 Aug 2026 22:51:09 GMT",2026-09-19T17:49:50+00:00
https://villiers.ai/empty-legs/kt30-kdal-cessna-citation-ultra-2026-09-11-81306a86?id=ADHUHR,inactive,inactive,2026-09-08T13:47:01+00:00,2026-09-08T19:17:02+00:00,2026-09-19T17:49:50+00:00,"Cessna Citation Ultra | Mc Kinley Field → Dallas Love Field | $3,118",,Cessna Citation Ultra,KT30 - Mc Kinley Field,KT30,,Mc Kinley Field,Pearsall,US,KDAL - Dallas Love Field,KDAL,DAL,Dallas Love Field,Dallas,US,11 September 2026,2026-09-11,12:00,13:04,1h 4m,"$3,118",3118,USD,$,7,https://villiers.ai/empty-legs/kt30-kdal-cessna-citation-ultra-2026-09-11-81306a86?id=ADHUHR,https://villiers.ai/empty-legs/kt30-kdal-cessna-citation-ultra-2026-09-11-81306a86?id=ADHUHR,https://villiers.ai/empty-legs/kt30-kdal-cessna-citation-ultra-2026-09-11-81306a86?id=ADHUHR,"Tue, 08 Sep 2026 13:36:35 GMT",2026-09-19T17:49:50+00:00
https://villiers.ai/empty-legs/kaus-khou-cessna-citation-v-2026-09-12-112f0f48?id=ADHUHR,inactive,inactive,2026-08-10T14:17:01+00:00,2026-09-08T19:17:02+00:00,2026-09-19T17:49:50+00:00,"Cessna Citation V | Austin Bergstrom International Airport → William P. Hobby Airport | $2,150",,Cessna Citation V,KAUS - Austin Bergstrom International Airport,KAUS,AUS,Austin-Bergstrom International Airport,Austin,US,KHOU - William P. Hobby Airport,KHOU,HOU,William P Hobby Airport,Houston,US,12 September 2026,2026-09-12,12:00,12:46,46m,"$2,150",2150,USD,$,7,https://villiers.ai/empty-legs/kaus-khou-cessna-citation-v-2026-09-12-112f0f48?id=ADHUHR,https://villiers.ai/empty-legs/kaus-khou-cessna-citation-v-2026-09-12-112f0f48?id=ADHUHR,https://villiers.ai/empty-legs/kaus-khou-cessna-citation-v-2026-09-12-112f0f48?id=ADHUHR,"Mon, 10 Aug 2026 14:06:59 GMT",2026-09-19T17:49:50+00:00
https://villiers.ai/empty-legs/kaus-klbb-cessna-citation-ultra-2026-09-12-08f41c73?id=ADHUHR,inactive,inactive,2026-09-06T22:47:01+00:00,2026-09-08T19:17:02+00:00,2026-09-19T17:49:50+00:00,"Cessna Citation Ultra | Austin Bergstrom International Airport → Lubbock Preston Smith International Airport | $4,193",,Cessna Citation Ultra,KAUS - Austin Bergstrom International Airport,KAUS,AUS,Austin-Bergstrom International Airport,Austin,US,KLBB - Lubbock Preston Smith International Airport,KLBB,LBB,Lubbock Preston Smith International Airport,Lubbock,US,12 September 2026,2026-09-12,12:00,13:07,1h 8m,"$4,193",4193,USD,$,7,https://villiers.ai/empty-legs/kaus-klbb-cessna-citation-ultra-2026-09-12-08f41c73?id=ADHUHR,https://villiers.ai/empty-legs/kaus-klbb-cessna-citation-ultra-2026-09-12-08f41c73?id=ADHUHR,https://villiers.ai/empty-legs/kaus-klbb-cessna-citation-ultra-2026-09-12-08f41c73?id=ADHUHR,"Sun, 06 Sep 2026 22:31:22 GMT",2026-09-19T17:49:50+00:00
https://villiers.ai/empty-legs/kaus-kuox-cessna-citation-v-2026-09-12-1562e01b?id=ADHUHR,inactive,inactive,2026-08-25T17:47:01+00:00,2026-09-08T19:17:02+00:00,2026-09-19T17:49:50+00:00,"Cessna Citation V | Austin Bergstrom International Airport → University Oxford Airport | $5,160",,Cessna Citation V,KAUS - Austin Bergstrom International Airport,KAUS,AUS,Austin-Bergstrom International Airport,Austin,US,KUOX - University Oxford Airport,KUOX,UOX,University-Oxford Airport,Oxford,US,12 September 2026,2026-09-12,12:00,13:31,1h 32m,"$5,160",5160,USD,$,7,https://villiers.ai/empty-legs/kaus-kuox-cessna-citation-v-2026-09-12-1562e01b?id=ADHUHR,https://villiers.ai/empty-legs/kaus-kuox-cessna-citation-v-2026-09-12-1562e01b?id=ADHUHR,https://villiers.ai/empty-legs/kaus-kuox-cessna-citation-v-2026-09-12-1562e01b?id=ADHUHR,"Tue, 25 Aug 2026 17:17:16 GMT",2026-09-19T17:49:50+00:00
https://villiers.ai/empty-legs/kdts-kmsl-cessna-citation-ultra-2026-09-12-becedf17?id=ADHUHR,inactive,inactive,2026-08-26T17:17:02+00:00,2026-09-08T19:17:02+00:00,2026-09-19T17:49:50+00:00,"Cessna Citation Ultra | Destin Executive Airport → Northwest Alabama Regional Airport | $3,440",,Cessna Citation Ultra,KDTS - Destin Executive Airport,KDTS,DSI,Destin Executive Airport,Destin,US,KMSL - Northwest Alabama Regional Airport,KMSL,MSL,Northwest Alabama Regional Airport,Muscle Shoals,US,12 September 2026,2026-09-12,12:00,13:04,1h 4m,"$3,440",3440,USD,$,7,https://villiers.ai/empty-legs/kdts-kmsl-cessna-citation-ultra-2026-09-12-becedf17?id=ADHUHR,https://villiers.ai/empty-legs/kdts-kmsl-cessna-citation-ultra-2026-09-12-becedf17?id=ADHUHR,https://villiers.ai/empty-legs/kdts-kmsl-cessna-citation-ultra-2026-09-12-becedf17?id=ADHUHR,"Wed, 26 Aug 2026 16:50:01 GMT",2026-09-19T17:49:50+00:00
https://villiers.ai/empty-legs/kdts-ksgr-cessna-citation-ultra-2026-09-12-ea94d862?id=ADHUHR,inactive,inactive,2026-09-08T13:47:01+00:00,2026-09-08T19:17:02+00:00,2026-09-19T17:49:50+00:00,"Cessna Citation Ultra | Destin Executive Airport → Sugar Land Regional Airport | $5,913",,Cessna Citation Ultra,KDTS - Destin Executive Airport,KDTS,DSI,Destin Executive Airport,Destin,US,KSGR - Sugar Land Regional Airport,KSGR,SGR,Sugar Land Regional Airport,Houston,US,12 September 2026,2026-09-12,12:00,13:31,1h 31m,"$5,913",5913,USD,$,7,https://villiers.ai/empty-legs/kdts-ksgr-cessna-citation-ultra-2026-09-12-ea94d862?id=ADHUHR,https://villiers.ai/empty-legs/kdts-ksgr-cessna-citation-ultra-2026-09-12-ea94d862?id=ADHUHR,https://villiers.ai/empty-legs/kdts-ksgr-cessna-citation-ultra-2026-09-12-ea94d862?id=ADHUHR,"Tue, 08 Sep 2026 13:36:35 GMT",2026-09-19T17:49:50+00:00
https://villiers.ai/empty-legs/kerv-khou-cessna-citation-ultra-2026-09-12-63d72fa0?id=ADHUHR,inactive,inactive,2026-08-19T23:17:01+00:00,2026-09-08T19:17:02+00:00,2026-09-19T17:49:50+00:00,"Cessna Citation Ultra | Kerrville / Kerr County Airport at Louis Schreiner Field → William P. Hobby Airport | $2,795",,Cessna Citation Ultra,KERV - Kerrville / Kerr County Airport at Louis Schreiner Field,KERV,ERV,Kerrville Municipal/Louis Schreiner Field,Kerrville,US,KHOU - William P. Hobby Airport,KHOU,HOU,William P Hobby Airport,Houston,US,12 September 2026,2026-09-12,12:00,12:55,55m,"$2,795",2795,USD,$,7,https://villiers.ai/empty-legs/kerv-khou-cessna-citation-ultra-2026-09-12-63d72fa0?id=ADHUHR,https://villiers.ai/empty-legs/kerv-khou-cessna-citation-ultra-2026-09-12-63d72fa0?id=ADHUHR,https://villiers.ai/empty-legs/kerv-khou-cessna-citation-ultra-2026-09-12-63d72fa0?id=ADHUHR,"Wed, 19 Aug 2026 22:51:09 GMT",2026-09-19T17:49:50+00:00
https://villiers.ai/empty-legs/kerv-ksgr-cessna-citation-ultra-2026-09-12-73268db1?id=ADHUHR,inactive,inactive,2026-09-05T15:17:02+00:00,2026-09-08T19:17:02+00:00,2026-09-19T17:49:50+00:00,"Cessna Citation Ultra | Kerrville / Kerr County Airport at Louis Schreiner Field → Sugar Land Regional Airport | $2,473",,Cessna Citation Ultra,KERV - Kerrville / Kerr County Airport at Louis Schreiner Field,KERV,ERV,Kerrville Municipal/Louis Schreiner Field,Kerrville,US,KSGR - Sugar Land Regional Airport,KSGR,SGR,Sugar Land Regional Airport,Houston,US,12 September 2026,2026-09-12,12:00,12:52,53m,"$2,473",2473,USD,$,7,https://villiers.ai/empty-legs/kerv-ksgr-cessna-citation-ultra-2026-09-12-73268db1?id=ADHUHR,https://villiers.ai/empty-legs/kerv-ksgr-cessna-citation-ultra-2026-09-12-73268db1?id=ADHUHR,https://villiers.ai/empty-legs/kerv-ksgr-cessna-citation-ultra-2026-09-12-73268db1?id=ADHUHR,"Sat, 05 Sep 2026 15:03:07 GMT",2026-09-19T17:49:50+00:00
https://villiers.ai/empty-legs/kftw-kuox-cessna-citation-v-2026-09-12-5b5e9ab5?id=ADHUHR,inactive,inactive,2026-08-29T05:17:02+00:00,2026-09-08T19:17:02+00:00,2026-09-19T17:49:50+00:00,"Cessna Citation V | Fort Worth Meacham International Airport → University Oxford Airport | $4,515",,Cessna Citation V,KFTW - Fort Worth Meacham International Airport,KFTW,FTW,Fort Worth Meacham International Airport,Fort Worth,US,KUOX - University Oxford Airport,KUOX,UOX,University-Oxford Airport,Oxford,US,12 September 2026,2026-09-12,12:00,13:21,1h 21m,"$4,515",4515,USD,$,7,https://villiers.ai/empty-legs/kftw-kuox-cessna-citation-v-2026-09-12-5b5e9ab5?id=ADHUHR,https://villiers.ai/empty-legs/kftw-kuox-cessna-citation-v-2026-09-12-5b5e9ab5?id=ADHUHR,https://villiers.ai/empty-legs/kftw-kuox-cessna-citation-v-2026-09-12-5b5e9ab5?id=ADHUHR,"Sat, 29 Aug 2026 05:00:41 GMT",2026-09-19T17:49:50+00:00
https://villiers.ai/empty-legs/khou-kals-pilatus-pc-12-ng-2026-09-12-0c9e4d28?id=ADHUHR,inactive,inactive,2026-09-03T17:47:01+00:00,2026-09-08T19:17:02+00:00,2026-09-19T17:49:50+00:00,"Pilatus PC-12 NG | William P. Hobby Airport → San Luis Valley Regional Airport/Bergman Field | $9,030",,Pilatus PC-12 NG,KHOU - William P. Hobby Airport,KHOU,HOU,William P Hobby Airport,Houston,US,KALS - San Luis Valley Regional Airport/Bergman Field,KALS,ALS,San Luis Valley Regional/Bergman Field,Alamosa,US,12 September 2026,2026-09-12,12:00,14:00,2h 0m,"$9,030",9030,USD,$,7,https://villiers.ai/empty-legs/khou-kals-pilatus-pc-12-ng-2026-09-12-0c9e4d28?id=ADHUHR,https://villiers.ai/empty-legs/khou-kals-pilatus-pc-12-ng-2026-09-12-0c9e4d28?id=ADHUHR,https://villiers.ai/empty-legs/khou-kals-pilatus-pc-12-ng-2026-09-12-0c9e4d28?id=ADHUHR,"Thu, 03 Sep 2026 17:43:57 GMT",2026-09-19T17:49:50+00:00
https://villiers.ai/empty-legs/khou-kdfw-cessna-citation-excel-2026-09-12-8263d4b0?id=ADHUHR,inactive,inactive,2026-08-24T00:17:02+00:00,2026-09-08T19:17:02+00:00,2026-09-19T17:49:50+00:00,"Cessna Citation Excel | William P. Hobby Airport → Dallas Fort Worth International Airport | $4,408",,Cessna Citation Excel,KHOU - William P. Hobby Airport,KHOU,HOU,William P Hobby Airport,Houston,US,KDFW - Dallas Fort Worth International Airport,KDFW,DFW,Dallas-Fort Worth International Airport,Dallas-Fort Worth,US,12 September 2026,2026-09-12,12:00,12:57,57m,"$4,408",4408,USD,$,9,https://villiers.ai/empty-legs/khou-kdfw-cessna-citation-excel-2026-09-12-8263d4b0?id=ADHUHR,https://villiers.ai/empty-legs/khou-kdfw-cessna-citation-excel-2026-09-12-8263d4b0?id=ADHUHR,https://villiers.ai/empty-legs/khou-kdfw-cessna-citation-excel-2026-09-12-8263d4b0?id=ADHUHR,"Sun, 23 Aug 2026 18:23:23 GMT",2026-09-19T17:49:50+00:00
https://villiers.ai/empty-legs/khou-klbb-cessna-citation-ultra-2026-09-12-b81c0a25?id=ADHUHR,inactive,inactive,2026-09-03T17:47:01+00:00,2026-09-08T19:17:02+00:00,2026-09-19T17:49:50+00:00,"Cessna Citation Ultra | William P. Hobby Airport → Lubbock Preston Smith International Airport | $5,160",,Cessna Citation Ultra,KHOU - William P. Hobby Airport,KHOU,HOU,William P Hobby Airport,Houston,US,KLBB - Lubbock Preston Smith International Airport,KLBB,LBB,Lubbock Preston Smith International Airport,Lubbock,US,12 September 2026,2026-09-12,12:00,13:22,1h 23m,"$5,160",5160,USD,$,7,https://villiers.ai/empty-legs/khou-klbb-cessna-citation-ultra-2026-09-12-b81c0a25?id=ADHUHR,https://villiers.ai/empty-legs/khou-klbb-cessna-citation-ultra-2026-09-12-b81c0a25?id=ADHUHR,https://villiers.ai/empty-legs/khou-klbb-cessna-citation-ultra-2026-09-12-b81c0a25?id=ADHUHR,"Thu, 03 Sep 2026 17:43:56 GMT",2026-09-19T17:49:50+00:00
https://villiers.ai/empty-legs/eglf-lsgs-aircraft-2026-09-13-cbdbce82?id=ADHUHR,inactive,inactive,2026-08-14T18:47:02+00:00,2026-09-08T19:17:02+00:00,2026-09-19T17:49:50+00:00,"Private Jet | Farnborough Airport → Sion Airport | £8,493",,Private Jet,EGLF - Farnborough Airport,EGLF,FAB,Farnborough Airport,Farnborough,GB,LSGS - Sion Airport,LSGS,SIR,Sion Airport,Sion,CH,13 September 2026,2026-09-13,12:00,13:26,1h 26m,"£8,493",8493,GBP,£,7,https://villiers.ai/empty-legs/eglf-lsgs-aircraft-2026-09-13-cbdbce82?id=ADHUHR,https://villiers.ai/empty-legs/eglf-lsgs-aircraft-2026-09-13-cbdbce82?id=ADHUHR,https://villiers.ai/empty-legs/eglf-lsgs-aircraft-2026-09-13-cbdbce82?id=ADHUHR,"Fri, 14 Aug 2026 18:19:46 GMT",2026-09-19T17:49:50+00:00
https://villiers.ai/empty-legs/kdal-kt30-cessna-citation-ultra-2026-09-13-f3ca7ca5?id=ADHUHR,inactive,inactive,2026-09-08T13:47:01+00:00,2026-09-08T19:17:02+00:00,2026-09-19T17:49:50+00:00,"Cessna Citation Ultra | Dallas Love Field → Mc Kinley Field | $3,870",,Cessna Citation Ultra,KDAL - Dallas Love Field,KDAL,DAL,Dallas Love Field,Dallas,US,KT30 - Mc Kinley Field,KT30,,Mc Kinley Field,Pearsall,US,13 September 2026,2026-09-13,12:00,13:04,1h 4m,"$3,870",3870,USD,$,7,https://villiers.ai/empty-legs/kdal-kt30-cessna-citation-ultra-2026-09-13-f3ca7ca5?id=ADHUHR,https://villiers.ai/empty-legs/kdal-kt30-cessna-citation-ultra-2026-09-13-f3ca7ca5?id=ADHUHR,https://villiers.ai/empty-legs/kdal-kt30-cessna-citation-ultra-2026-09-13-f3ca7ca5?id=ADHUHR,"Tue, 08 Sep 2026 13:36:35 GMT",2026-09-19T17:49:50+00:00
https://villiers.ai/empty-legs/kdfw-khou-cessna-citation-excel-2026-09-13-b210a8d1?id=ADHUHR,inactive,inactive,2026-08-25T17:47:01+00:00,2026-09-08T19:17:02+00:00,2026-09-19T17:49:50+00:00,"Cessna Citation Excel | Dallas Fort Worth International Airport → William P. Hobby Airport | $3,870",,Cessna Citation Excel,KDFW - Dallas Fort Worth International Airport,KDFW,DFW,Dallas-Fort Worth International Airport,Dallas-Fort Worth,US,KHOU - William P. Hobby Airport,KHOU,HOU,William P Hobby Airport,Houston,US,13 September 2026,2026-09-13,12:00,12:57,57m,"$3,870",3870,USD,$,9,https://villiers.ai/empty-legs/kdfw-khou-cessna-citation-excel-2026-09-13-b210a8d1?id=ADHUHR,https://villiers.ai/empty-legs/kdfw-khou-cessna-citation-excel-2026-09-13-b210a8d1?id=ADHUHR,https://villiers.ai/empty-legs/kdfw-khou-cessna-citation-excel-2026-09-13-b210a8d1?id=ADHUHR,"Tue, 25 Aug 2026 17:17:17 GMT",2026-09-19T17:49:50+00:00
https://villiers.ai/empty-legs/khou-kdts-pilatus-pc-12-ng-2026-09-13-00e9bcf8?id=ADHUHR,inactive,inactive,2026-08-26T17:17:02+00:00,2026-09-08T19:17:02+00:00,2026-09-19T17:49:50+00:00,"Pilatus PC-12 NG | William P. Hobby Airport → Destin Executive Airport | $4,730",,Pilatus PC-12 NG,KHOU - William P. Hobby Airport,KHOU,HOU,William P Hobby Airport,Houston,US,KDTS - Destin Executive Airport,KDTS,DSI,Destin Executive Airport,Destin,US,13 September 2026,2026-09-13,12:00,13:28,1h 29m,"$4,730",4730,USD,$,7,https://villiers.ai/empty-legs/khou-kdts-pilatus-pc-12-ng-2026-09-13-00e9bcf8?id=ADHUHR,https://villiers.ai/empty-legs/khou-kdts-pilatus-pc-12-ng-2026-09-13-00e9bcf8?id=ADHUHR,https://villiers.ai/empty-legs/khou-kdts-pilatus-pc-12-ng-2026-09-13-00e9bcf8?id=ADHUHR,"Wed, 26 Aug 2026 16:50:01 GMT",2026-09-19T17:49:50+00:00
https://villiers.ai/empty-legs/khou-kedc-cessna-citation-ultra-2026-09-13-d9185920?id=ADHUHR,inactive,inactive,2026-09-08T13:47:01+00:00,2026-09-08T19:17:02+00:00,2026-09-19T17:49:50+00:00,"Cessna Citation Ultra | William P. Hobby Airport → Austin Executive Airport | $2,473",,Cessna Citation Ultra,KHOU - William P. Hobby Airport,KHOU,HOU,William P Hobby Airport,Houston,US,KEDC - Austin Executive Airport,KEDC,EDC,Austin Executive Airport,Austin,US,13 September 2026,2026-09-13,12:00,12:46,46m,"$2,473",2473,USD,$,7,https://villiers.ai/empty-legs/khou-kedc-cessna-citation-ultra-2026-09-13-d9185920?id=ADHUHR,https://villiers.ai/empty-legs/khou-kedc-cessna-citation-ultra-2026-09-13-d9185920?id=ADHUHR,https://villiers.ai/empty-legs/khou-kedc-cessna-citation-ultra-2026-09-13-d9185920?id=ADHUHR,"Tue, 08 Sep 2026 13:36:35 GMT",2026-09-19T17:49:50+00:00
https://villiers.ai/empty-legs/khys-kapa-cessna-citation-ultra-2026-09-13-893ebe50?id=ADHUHR,inactive,inactive,2026-08-19T00:17:03+00:00,2026-09-08T19:17:02+00:00,2026-09-19T17:49:50+00:00,"Cessna Citation Ultra | Hays Regional Airport → Centennial Airport | $4,193",,Cessna Citation Ultra,KHYS - Hays Regional Airport,KHYS,HYS,Hays Regional Airport,Hays,US,KAPA - Centennial Airport,KAPA,APA,Centennial Airport,Denver,US,13 September 2026,2026-09-13,12:00,13:03,1h 4m,"$4,193",4193,USD,$,7,https://villiers.ai/empty-legs/khys-kapa-cessna-citation-ultra-2026-09-13-893ebe50?id=ADHUHR,https://villiers.ai/empty-legs/khys-kapa-cessna-citation-ultra-2026-09-13-893ebe50?id=ADHUHR,https://villiers.ai/empty-legs/khys-kapa-cessna-citation-ultra-2026-09-13-893ebe50?id=ADHUHR,"Tue, 18 Aug 2026 17:30:04 GMT",2026-09-19T17:49:50+00:00
https://villiers.ai/empty-legs/khys-khou-cessna-citation-ultra-2026-09-13-1c1ae741?id=ADHUHR,inactive,inactive,2026-08-19T23:17:01+00:00,2026-09-08T19:17:02+00:00,2026-09-19T17:49:50+00:00,"Cessna Citation Ultra | Hays Regional Airport → William P. Hobby Airport | $6,235",,Cessna Citation Ultra,KHYS - Hays Regional Airport,KHYS,HYS,Hays Regional Airport,Hays,US,KHOU - William P. Hobby Airport,KHOU,HOU,William P Hobby Airport,Houston,US,13 September 2026,2026-09-13,12:00,13:44,1h 45m,"$6,235",6235,USD,$,7,https://villiers.ai/empty-legs/khys-khou-cessna-citation-ultra-2026-09-13-1c1ae741?id=ADHUHR,https://villiers.ai/empty-legs/khys-khou-cessna-citation-ultra-2026-09-13-1c1ae741?id=ADHUHR,https://villiers.ai/empty-legs/khys-khou-cessna-citation-ultra-2026-09-13-1c1ae741?id=ADHUHR,"Wed, 19 Aug 2026 22:51:09 GMT",2026-09-19T17:49:50+00:00
https://villiers.ai/empty-legs/eggw-lepa-aircraft-2026-09-14-47a7f05f?id=ADHUHR,inactive,inactive,2026-08-14T18:47:02+00:00,2026-09-08T19:17:02+00:00,2026-09-19T17:49:50+00:00,"Private Jet | London Luton Airport → Palma de Mallorca Airport | £10,965",,Private Jet,EGGW - London Luton Airport,EGGW,LTN,London Luton Airport,London,GB,LEPA - Palma de Mallorca Airport,LEPA,PMI,Palma De Mallorca Airport,Palma De Mallorca,ES,14 September 2026,2026-09-14,12:00,14:05,2h 6m,"£10,965",10965,GBP,£,7,https://villiers.ai/empty-legs/eggw-lepa-aircraft-2026-09-14-47a7f05f?id=ADHUHR,https://villiers.ai/empty-legs/eggw-lepa-aircraft-2026-09-14-47a7f05f?id=ADHUHR,https://villiers.ai/empty-legs/eggw-lepa-aircraft-2026-09-14-47a7f05f?id=ADHUHR,"Fri, 14 Aug 2026 18:19:46 GMT",2026-09-19T17:49:50+00:00
https://villiers.ai/empty-legs/egkb-lepa-hawker-400xp-2026-09-14-924d9f46?id=ADHUHR,inactive,inactive,2026-08-09T00:17:02+00:00,2026-09-08T19:17:02+00:00,2026-09-19T17:49:50+00:00,"Hawker 400XP | Biggin Hill Airport → Palma de Mallorca Airport | £10,965",,Hawker 400XP,EGKB - Biggin Hill Airport,EGKB,BQH,London Biggin Hill Airport,London,GB,LEPA - Palma de Mallorca Airport,LEPA,PMI,Palma De Mallorca Airport,Palma De Mallorca,ES,14 September 2026,2026-09-14,12:00,14:01,2h 1m,"£10,965",10965,GBP,£,7,https://villiers.ai/empty-legs/egkb-lepa-hawker-400xp-2026-09-14-924d9f46?id=ADHUHR,https://villiers.ai/empty-legs/egkb-lepa-hawker-400xp-2026-09-14-924d9f46?id=ADHUHR,https://villiers.ai/empty-legs/egkb-lepa-hawker-400xp-2026-09-14-924d9f46?id=ADHUHR,"Fri, 07 Aug 2026 18:00:57 GMT",2026-09-19T17:49:50+00:00
https://villiers.ai/empty-legs/sadf-sgas-learjet-60-2026-09-15-52a98eb0?id=ADHUHR,inactive,inactive,2026-09-08T00:17:03+00:00,2026-09-08T19:17:02+00:00,2026-09-19T17:49:50+00:00,"Learjet 60 | San Fernando Airport → Aeropuerto Internacional Silvio Pettirossi | $6,665",,Learjet 60,SADF - San Fernando Airport,SADF,FDO,San Fernando Airport,San Fernando,AR,SGAS - Aeropuerto Internacional Silvio Pettirossi,SGAS,ASU,Silvio Pettirossi International Airport,Asuncion,PY,15 September 2026,2026-09-15,09:00,10:40,1h 41m,"$6,665",6665,USD,$,8,https://villiers.ai/empty-legs/sadf-sgas-learjet-60-2026-09-15-52a98eb0?id=ADHUHR,https://villiers.ai/empty-legs/sadf-sgas-learjet-60-2026-09-15-52a98eb0?id=ADHUHR,https://villiers.ai/empty-legs/sadf-sgas-learjet-60-2026-09-15-52a98eb0?id=ADHUHR,"Mon, 07 Sep 2026 18:02:09 GMT",2026-09-19T17:49:50+00:00
https://villiers.ai/empty-legs/eggw-lfpb-pilatus-pc12-2026-09-15-5d6c9309?id=ADHUHR,inactive,inactive,2026-09-05T00:17:02+00:00,2026-09-08T19:17:02+00:00,2026-09-19T17:49:50+00:00,"Pilatus PC12 | London Luton Airport → Paris Le Bourget Airport | £6,988",,Pilatus PC12,EGGW - London Luton Airport,EGGW,LTN,London Luton Airport,London,GB,LFPB - Paris Le Bourget Airport,LFPB,LBG,Paris-Le Bourget Airport,Paris,FR,15 September 2026,2026-09-15,12:00,12:56,56m,"£6,988",6988,GBP,£,6,https://villiers.ai/empty-legs/eggw-lfpb-pilatus-pc12-2026-09-15-5d6c9309?id=ADHUHR,https://villiers.ai/empty-legs/eggw-lfpb-pilatus-pc12-2026-09-15-5d6c9309?id=ADHUHR,https://villiers.ai/empty-legs/eggw-lfpb-pilatus-pc12-2026-09-15-5d6c9309?id=ADHUHR,"Sat, 05 Sep 2026 00:13:18 GMT",2026-09-19T17:49:50+00:00
https://villiers.ai/empty-legs/klbb-khou-cessna-citation-ultra-2026-09-15-950a4969?id=ADHUHR,inactive,inactive,2026-09-03T17:47:01+00:00,2026-09-08T19:17:02+00:00,2026-09-19T17:49:50+00:00,"Cessna Citation Ultra | Lubbock Preston Smith International Airport → William P. Hobby Airport | $4,515",,Cessna Citation Ultra,KLBB - Lubbock Preston Smith International Airport,KLBB,LBB,Lubbock Preston Smith International Airport,Lubbock,US,KHOU - William P. Hobby Airport,KHOU,HOU,William P Hobby Airport,Houston,US,15 September 2026,2026-09-15,12:00,13:22,1h 23m,"$4,515",4515,USD,$,7,https://villiers.ai/empty-legs/klbb-khou-cessna-citation-ultra-2026-09-15-950a4969?id=ADHUHR,https://villiers.ai/empty-legs/klbb-khou-cessna-citation-ultra-2026-09-15-950a4969?id=ADHUHR,https://villiers.ai/empty-legs/klbb-khou-cessna-citation-ultra-2026-09-15-950a4969?id=ADHUHR,"Thu, 03 Sep 2026 17:43:57 GMT",2026-09-19T17:49:50+00:00
https://villiers.ai/empty-legs/sllp-sadf-learjet-60-2026-09-16-aa3fb845?id=ADHUHR,inactive,inactive,2026-09-08T00:17:03+00:00,2026-09-08T19:17:02+00:00,2026-09-19T17:49:50+00:00,"Learjet 60 | El Alto International Airport → San Fernando Airport | $14,298",,Learjet 60,SLLP - El Alto International Airport,SLLP,LPB,El Alto International Airport,La Paz / El Alto,BO,SADF - San Fernando Airport,SADF,FDO,San Fernando Airport,San Fernando,AR,16 September 2026,2026-09-16,07:44,10:46,3h 3m,"$14,298",14298,USD,$,8,https://villiers.ai/empty-legs/sllp-sadf-learjet-60-2026-09-16-aa3fb845?id=ADHUHR,https://villiers.ai/empty-legs/sllp-sadf-learjet-60-2026-09-16-aa3fb845?id=ADHUHR,https://villiers.ai/empty-legs/sllp-sadf-learjet-60-2026-09-16-aa3fb845?id=ADHUHR,"Mon, 07 Sep 2026 18:02:09 GMT",2026-09-19T17:49:50+00:00
https://villiers.ai/empty-legs/khou-khdc-cessna-citation-v-2026-09-16-fef10dd2?id=ADHUHR,inactive,inactive,2026-09-05T15:17:02+00:00,2026-09-08T19:17:02+00:00,2026-09-19T17:49:50+00:00,"Cessna Citation V | William P. Hobby Airport → Hammond Northshore Regional Airport | $3,118",,Cessna Citation V,KHOU - William P. Hobby Airport,KHOU,HOU,William P Hobby Airport,Houston,US,KHDC - Hammond Northshore Regional Airport,KHDC,,Hammond Northshore Regional Airport,Hammond,US,16 September 2026,2026-09-16,12:00,13:02,1h 3m,"$3,118",3118,USD,$,7,https://villiers.ai/empty-legs/khou-khdc-cessna-citation-v-2026-09-16-fef10dd2?id=ADHUHR,https://villiers.ai/empty-legs/khou-khdc-cessna-citation-v-2026-09-16-fef10dd2?id=ADHUHR,https://villiers.ai/empty-legs/khou-khdc-cessna-citation-v-2026-09-16-fef10dd2?id=ADHUHR,"Sat, 05 Sep 2026 15:03:07 GMT",2026-09-19T17:49:50+00:00
https://villiers.ai/empty-legs/kiws-klft-pilatus-pc-12-ng-2026-09-16-1b109130?id=ADHUHR,inactive,inactive,2026-08-27T16:47:01+00:00,2026-09-08T19:17:02+00:00,2026-09-19T17:49:50+00:00,"Pilatus PC-12 NG | West Houston Airport → Lafayette Regional Airport | $2,365",,Pilatus PC-12 NG,KIWS - West Houston Airport,KIWS,IWS,West Houston Airport,Houston,US,KLFT - Lafayette Regional Airport,KLFT,LFT,Lafayette Regional/Paul Fournet Field,Lafayette,US,16 September 2026,2026-09-16,12:00,12:54,55m,"$2,365",2365,USD,$,7,https://villiers.ai/empty-legs/kiws-klft-pilatus-pc-12-ng-2026-09-16-1b109130?id=ADHUHR,https://villiers.ai/empty-legs/kiws-klft-pilatus-pc-12-ng-2026-09-16-1b109130?id=ADHUHR,https://villiers.ai/empty-legs/kiws-klft-pilatus-pc-12-ng-2026-09-16-1b109130?id=ADHUHR,"Thu, 27 Aug 2026 16:34:23 GMT",2026-09-19T17:49:50+00:00
https://villiers.ai/empty-legs/klbb-kftw-cessna-citation-ultra-2026-09-16-bb5a64b4?id=ADHUHR,inactive,inactive,2026-09-07T15:47:01+00:00,2026-09-08T19:17:02+00:00,2026-09-19T17:49:50+00:00,"Cessna Citation Ultra | Lubbock Preston Smith International Airport → Fort Worth Meacham International Airport | $2,795",,Cessna Citation Ultra,KLBB - Lubbock Preston Smith International Airport,KLBB,LBB,Lubbock Preston Smith International Airport,Lubbock,US,KFTW - Fort Worth Meacham International Airport,KFTW,FTW,Fort Worth Meacham International Airport,Fort Worth,US,16 September 2026,2026-09-16,12:00,12:59,59m,"$2,795",2795,USD,$,7,https://villiers.ai/empty-legs/klbb-kftw-cessna-citation-ultra-2026-09-16-bb5a64b4?id=ADHUHR,https://villiers.ai/empty-legs/klbb-kftw-cessna-citation-ultra-2026-09-16-bb5a64b4?id=ADHUHR,https://villiers.ai/empty-legs/klbb-kftw-cessna-citation-ultra-2026-09-16-bb5a64b4?id=ADHUHR,"Mon, 07 Sep 2026 15:22:46 GMT",2026-09-19T17:49:50+00:00
https://villiers.ai/empty-legs/klft-khou-pilatus-pc-12-ng-2026-09-16-60e30ed1?id=ADHUHR,inactive,inactive,2026-08-27T16:47:01+00:00,2026-09-08T19:17:02+00:00,2026-09-19T17:49:50+00:00,"Pilatus PC-12 NG | Lafayette Regional Airport → William P. Hobby Airport | $2,795",,Pilatus PC-12 NG,KLFT - Lafayette Regional Airport,KLFT,LFT,Lafayette Regional/Paul Fournet Field,Lafayette,US,KHOU - William P. Hobby Airport,KHOU,HOU,William P Hobby Airport,Houston,US,16 September 2026,2026-09-16,12:00,12:52,52m,"$2,795",2795,USD,$,7,https://villiers.ai/empty-legs/klft-khou-pilatus-pc-12-ng-2026-09-16-60e30ed1?id=ADHUHR,https://villiers.ai/empty-legs/klft-khou-pilatus-pc-12-ng-2026-09-16-60e30ed1?id=ADHUHR,https://villiers.ai/empty-legs/klft-khou-pilatus-pc-12-ng-2026-09-16-60e30ed1?id=ADHUHR,"Thu, 27 Aug 2026 16:34:24 GMT",2026-09-19T17:49:50+00:00
https://villiers.ai/empty-legs/eglf-lfmn-pilatus-pc-24-2026-09-17-80288b21?id=ADHUHR,inactive,inactive,2026-09-05T00:17:02+00:00,2026-09-08T19:17:02+00:00,2026-09-19T17:49:50+00:00,"Pilatus PC-24 | Farnborough Airport → Nice-Côte d'Azur Airport | £18,114",,Pilatus PC-24,EGLF - Farnborough Airport,EGLF,FAB,Farnborough Airport,Farnborough,GB,LFMN - Nice-Côte d'Azur Airport,LFMN,NCE,Nice-Cote d'Azur Airport,Nice,FR,17 September 2026,2026-09-17,12:00,13:41,1h 41m,"£18,114",18114,GBP,£,8,https://villiers.ai/empty-legs/eglf-lfmn-pilatus-pc-24-2026-09-17-80288b21?id=ADHUHR,https://villiers.ai/empty-legs/eglf-lfmn-pilatus-pc-24-2026-09-17-80288b21?id=ADHUHR,https://villiers.ai/empty-legs/eglf-lfmn-pilatus-pc-24-2026-09-17-80288b21?id=ADHUHR,"Sat, 05 Sep 2026 00:13:18 GMT",2026-09-19T17:49:50+00:00
https://villiers.ai/empty-legs/kege-kdal-cessna-citation-ultra-2026-09-17-5c12f3dc?id=ADHUHR,inactive,inactive,2026-08-27T16:47:01+00:00,2026-09-08T19:17:02+00:00,2026-09-19T17:49:50+00:00,"Cessna Citation Ultra | Eagle County Regional Airport → Dallas Love Field | $6,235",,Cessna Citation Ultra,KEGE - Eagle County Regional Airport,KEGE,EGE,Eagle County Regional Airport,Eagle,US,KDAL - Dallas Love Field,KDAL,DAL,Dallas Love Field,Dallas,US,17 September 2026,2026-09-17,12:00,13:51,1h 51m,"$6,235",6235,USD,$,7,https://villiers.ai/empty-legs/kege-kdal-cessna-citation-ultra-2026-09-17-5c12f3dc?id=ADHUHR,https://villiers.ai/empty-legs/kege-kdal-cessna-citation-ultra-2026-09-17-5c12f3dc?id=ADHUHR,https://villiers.ai/empty-legs/kege-kdal-cessna-citation-ultra-2026-09-17-5c12f3dc?id=ADHUHR,"Thu, 27 Aug 2026 16:34:24 GMT",2026-09-19T17:49:50+00:00
https://villiers.ai/empty-legs/kege-khou-cessna-citation-ultra-2026-09-17-e04dcbb9?id=ADHUHR,inactive,inactive,2026-08-29T05:17:02+00:00,2026-09-08T19:17:02+00:00,2026-09-19T17:49:50+00:00,"Cessna Citation Ultra | Eagle County Regional Airport → William P. Hobby Airport | $7,955",,Cessna Citation Ultra,KEGE - Eagle County Regional Airport,KEGE,EGE,Eagle County Regional Airport,Eagle,US,KHOU - William P. Hobby Airport,KHOU,HOU,William P Hobby Airport,Houston,US,17 September 2026,2026-09-17,12:00,14:15,2h 16m,"$7,955",7955,USD,$,7,https://villiers.ai/empty-legs/kege-khou-cessna-citation-ultra-2026-09-17-e04dcbb9?id=ADHUHR,https://villiers.ai/empty-legs/kege-khou-cessna-citation-ultra-2026-09-17-e04dcbb9?id=ADHUHR,https://villiers.ai/empty-legs/kege-khou-cessna-citation-ultra-2026-09-17-e04dcbb9?id=ADHUHR,"Sat, 29 Aug 2026 05:00:41 GMT",2026-09-19T17:49:50+00:00
https://villiers.ai/empty-legs/khdn-kama-cessna-citation-ultra-2026-09-17-67421c1b?id=ADHUHR,inactive,inactive,2026-09-07T15:47:01+00:00,2026-09-08T19:17:02+00:00,2026-09-19T17:49:50+00:00,"Cessna Citation Ultra | Yampa Valley Airport → Rick Husband Amarillo International Airport | $4,193",,Cessna Citation Ultra,KHDN - Yampa Valley Airport,KHDN,HDN,Yampa Valley Airport,Hayden,US,KAMA - Rick Husband Amarillo International Airport,KAMA,AMA,Rick Husband Amarillo International Airport,Amarillo,US,17 September 2026,2026-09-17,12:00,13:22,1h 22m,"$4,193",4193,USD,$,7,https://villiers.ai/empty-legs/khdn-kama-cessna-citation-ultra-2026-09-17-67421c1b?id=ADHUHR,https://villiers.ai/empty-legs/khdn-kama-cessna-citation-ultra-2026-09-17-67421c1b?id=ADHUHR,https://villiers.ai/empty-legs/khdn-kama-cessna-citation-ultra-2026-09-17-67421c1b?id=ADHUHR,"Mon, 07 Sep 2026 15:22:46 GMT",2026-09-19T17:49:50+00:00
https://villiers.ai/empty-legs/khou-kdal-cessna-citation-ultra-2026-09-17-8f846cac?id=ADHUHR,inactive,inactive,2026-08-29T05:17:02+00:00,2026-09-08T19:17:02+00:00,2026-09-19T17:49:50+00:00,"Cessna Citation Ultra | William P. Hobby Airport → Dallas Love Field | $3,118",,Cessna Citation Ultra,KHOU - William P. Hobby Airport,KHOU,HOU,William P Hobby Airport,Houston,US,KDAL - Dallas Love Field,KDAL,DAL,Dallas Love Field,Dallas,US,17 September 2026,2026-09-17,12:00,12:56,57m,"$3,118",3118,USD,$,7,https://villiers.ai/empty-legs/khou-kdal-cessna-citation-ultra-2026-09-17-8f846cac?id=ADHUHR,https://villiers.ai/empty-legs/khou-kdal-cessna-citation-ultra-2026-09-17-8f846cac?id=ADHUHR,https://villiers.ai/empty-legs/khou-kdal-cessna-citation-ultra-2026-09-17-8f846cac?id=ADHUHR,"Sat, 29 Aug 2026 05:00:41 GMT",2026-09-19T17:49:50+00:00
https://villiers.ai/empty-legs/egcc-lipx-hawker-400xp-2026-09-18-78e86911?id=ADHUHR,inactive,inactive,2026-09-05T00:17:02+00:00,2026-09-08T19:17:02+00:00,2026-09-19T17:49:50+00:00,"Hawker 400XP | Manchester Airport → Verona Villafranca Valerio Catullo Airport | £11,610",,Hawker 400XP,EGCC - Manchester Airport,EGCC,MAN,Manchester Airport,Manchester,GB,LIPX - Verona Villafranca Valerio Catullo Airport,LIPX,VRN,Verona / Villafranca Airport,Verona,IT,18 September 2026,2026-09-18,12:00,13:59,1h 59m,"£11,610",11610,GBP,£,7,https://villiers.ai/empty-legs/egcc-lipx-hawker-400xp-2026-09-18-78e86911?id=ADHUHR,https://villiers.ai/empty-legs/egcc-lipx-hawker-400xp-2026-09-18-78e86911?id=ADHUHR,https://villiers.ai/empty-legs/egcc-lipx-hawker-400xp-2026-09-18-78e86911?id=ADHUHR,"Sat, 05 Sep 2026 00:13:18 GMT",2026-09-19T17:49:50+00:00
https://villiers.ai/empty-legs/khdc-khou-cessna-citation-v-2026-09-18-fbe4e16b?id=ADHUHR,inactive,inactive,2026-09-05T15:17:02+00:00,2026-09-08T19:17:02+00:00,2026-09-19T17:49:50+00:00,"Cessna Citation V | Hammond Northshore Regional Airport → William P. Hobby Airport | $4,193",,Cessna Citation V,KHDC - Hammond Northshore Regional Airport,KHDC,,Hammond Northshore Regional Airport,Hammond,US,KHOU - William P. Hobby Airport,KHOU,HOU,William P Hobby Airport,Houston,US,18 September 2026,2026-09-18,12:00,13:02,1h 3m,"$4,193",4193,USD,$,7,https://villiers.ai/empty-legs/khdc-khou-cessna-citation-v-2026-09-18-fbe4e16b?id=ADHUHR,https://villiers.ai/empty-legs/khdc-khou-cessna-citation-v-2026-09-18-fbe4e16b?id=ADHUHR,https://villiers.ai/empty-legs/khdc-khou-cessna-citation-v-2026-09-18-fbe4e16b?id=ADHUHR,"Sat, 05 Sep 2026 15:03:07 GMT",2026-09-19T17:49:50+00:00
https://villiers.ai/empty-legs/khou-kama-cessna-citation-ultra-2026-09-18-6d680a4b?id=ADHUHR,inactive,inactive,2026-09-03T18:17:03+00:00,2026-09-08T19:17:02+00:00,2026-09-19T17:49:50+00:00,"Cessna Citation Ultra | William P. Hobby Airport → Rick Husband Amarillo International Airport | $5,913",,Cessna Citation Ultra,KHOU - William P. Hobby Airport,KHOU,HOU,William P Hobby Airport,Houston,US,KAMA - Rick Husband Amarillo International Airport,KAMA,AMA,Rick Husband Amarillo International Airport,Amarillo,US,18 September 2026,2026-09-18,12:00,13:29,1h 30m,"$5,913",5913,USD,$,7,https://villiers.ai/empty-legs/khou-kama-cessna-citation-ultra-2026-09-18-6d680a4b?id=ADHUHR,https://villiers.ai/empty-legs/khou-kama-cessna-citation-ultra-2026-09-18-6d680a4b?id=ADHUHR,https://villiers.ai/empty-legs/khou-kama-cessna-citation-ultra-2026-09-18-6d680a4b?id=ADHUHR,"Thu, 03 Sep 2026 17:43:58 GMT",2026-09-19T17:49:50+00:00
https://villiers.ai/empty-legs/koun-khou-cessna-citation-ultra-2026-09-18-17e39759?id=ADHUHR,inactive,inactive,2026-09-03T17:47:01+00:00,2026-09-08T19:17:02+00:00,2026-09-19T17:49:50+00:00,"Cessna Citation Ultra | University of Oklahoma Westheimer Airport → William P. Hobby Airport | $4,193",,Cessna Citation Ultra,KOUN - University of Oklahoma Westheimer Airport,KOUN,OUN,University Of Oklahoma Westheimer Airport,Norman,US,KHOU - William P. Hobby Airport,KHOU,HOU,William P Hobby Airport,Houston,US,18 September 2026,2026-09-18,12:00,13:15,1h 15m,"$4,193",4193,USD,$,7,https://villiers.ai/empty-legs/koun-khou-cessna-citation-ultra-2026-09-18-17e39759?id=ADHUHR,https://villiers.ai/empty-legs/koun-khou-cessna-citation-ultra-2026-09-18-17e39759?id=ADHUHR,https://villiers.ai/empty-legs/koun-khou-cessna-citation-ultra-2026-09-18-17e39759?id=ADHUHR,"Thu, 03 Sep 2026 17:43:59 GMT",2026-09-19T17:49:50+00:00
https://villiers.ai/empty-legs/egbb-loww-challenger-350-2026-09-19-1843a691?id=ADHUHR,inactive,inactive,2026-09-05T00:17:02+00:00,2026-09-19T23:47:02+00:00,2026-09-20T00:17:02+00:00,"Challenger 350 | Birmingham Airport → Vienna International Airport | £15,910",,Challenger 350,EGBB - Birmingham Airport,EGBB,BHX,Birmingham International Airport,Birmingham,GB,LOWW - Vienna International Airport,LOWW,VIE,Vienna International Airport,Vienna,AT,19 September 2026,2026-09-19,12:00,14:05,2h 5m,"£15,910",15910,GBP,£,9,https://villiers.ai/empty-legs/egbb-loww-challenger-350-2026-09-19-1843a691?id=ADHUHR,https://villiers.ai/empty-legs/egbb-loww-challenger-350-2026-09-19-1843a691?id=ADHUHR,https://villiers.ai/empty-legs/egbb-loww-challenger-350-2026-09-19-1843a691?id=ADHUHR,"Sat, 05 Sep 2026 00:13:18 GMT",2026-09-20T00:17:02+00:00
https://villiers.ai/empty-legs/kapa-kdfw-cessna-citation-v-2026-09-19-9fede25a?id=ADHUHR,inactive,inactive,2026-09-19T17:49:50+00:00,2026-09-19T23:47:02+00:00,2026-09-20T00:17:02+00:00,"Cessna Citation V | Centennial Airport → Dallas Fort Worth International Airport | $5,913",,Cessna Citation V,KAPA - Centennial Airport,KAPA,APA,Centennial Airport,Denver,US,KDFW - Dallas Fort Worth International Airport,KDFW,DFW,Dallas-Fort Worth International Airport,Dallas-Fort Worth,US,19 September 2026,2026-09-19,12:00,13:40,1h 40m,"$5,913",5913,USD,$,7,https://villiers.ai/empty-legs/kapa-kdfw-cessna-citation-v-2026-09-19-9fede25a?id=ADHUHR,https://villiers.ai/empty-legs/kapa-kdfw-cessna-citation-v-2026-09-19-9fede25a?id=ADHUHR,https://villiers.ai/empty-legs/kapa-kdfw-cessna-citation-v-2026-09-19-9fede25a?id=ADHUHR,"Tue, 15 Sep 2026 15:36:11 GMT",2026-09-20T00:17:02+00:00
https://villiers.ai/empty-legs/kaus-kdfw-cessna-citation-v-2026-09-19-d377ccb6?id=ADHUHR,inactive,inactive,2026-09-19T17:49:50+00:00,2026-09-19T23:47:02+00:00,2026-09-20T00:17:02+00:00,"Cessna Citation V | Austin Bergstrom International Airport → Dallas Fort Worth International Airport | $2,473",,Cessna Citation V,KAUS - Austin Bergstrom International Airport,KAUS,AUS,Austin-Bergstrom International Airport,Austin,US,KDFW - Dallas Fort Worth International Airport,KDFW,DFW,Dallas-Fort Worth International Airport,Dallas-Fort Worth,US,19 September 2026,2026-09-19,12:00,12:51,51m,"$2,473",2473,USD,$,7,https://villiers.ai/empty-legs/kaus-kdfw-cessna-citation-v-2026-09-19-d377ccb6?id=ADHUHR,https://villiers.ai/empty-legs/kaus-kdfw-cessna-citation-v-2026-09-19-d377ccb6?id=ADHUHR,https://villiers.ai/empty-legs/kaus-kdfw-cessna-citation-v-2026-09-19-d377ccb6?id=ADHUHR,"Fri, 18 Sep 2026 19:25:31 GMT",2026-09-20T00:17:02+00:00
https://villiers.ai/empty-legs/kcrq-ksun-cessna-citation-cj3-2026-09-19-d011e7b2?id=ADHUHR,inactive,inactive,2026-09-19T17:49:50+00:00,2026-09-19T23:47:02+00:00,2026-09-20T00:17:02+00:00,"Cessna Citation CJ3 | McClellan-Palomar Airport → Friedman Memorial Airport | $8,063",,Cessna Citation CJ3,KCRQ - McClellan-Palomar Airport,KCRQ,CLD,Mc Clellan-Palomar Airport,Carlsbad,US,KSUN - Friedman Memorial Airport,KSUN,SUN,Friedman Memorial Airport,Hailey,US,19 September 2026,2026-09-19,12:00,13:51,1h 52m,"$8,063",8063,USD,$,6,https://villiers.ai/empty-legs/kcrq-ksun-cessna-citation-cj3-2026-09-19-d011e7b2?id=ADHUHR,https://villiers.ai/empty-legs/kcrq-ksun-cessna-citation-cj3-2026-09-19-d011e7b2?id=ADHUHR,https://villiers.ai/empty-legs/kcrq-ksun-cessna-citation-cj3-2026-09-19-d011e7b2?id=ADHUHR,"Wed, 09 Sep 2026 23:51:54 GMT",2026-09-20T00:17:02+00:00
https://villiers.ai/empty-legs/kdts-kdfw-cessna-citation-v-2026-09-19-805de764?id=ADHUHR,inactive,inactive,2026-09-19T17:49:50+00:00,2026-09-19T23:47:02+00:00,2026-09-20T00:17:02+00:00,"Cessna Citation V | Destin Executive Airport → Dallas Fort Worth International Airport | $7,310",,Cessna Citation V,KDTS - Destin Executive Airport,KDTS,DSI,Destin Executive Airport,Destin,US,KDFW - Dallas Fort Worth International Airport,KDFW,DFW,Dallas-Fort Worth International Airport,Dallas-Fort Worth,US,19 September 2026,2026-09-19,12:00,13:41,1h 42m,"$7,310",7310,USD,$,7,https://villiers.ai/empty-legs/kdts-kdfw-cessna-citation-v-2026-09-19-805de764?id=ADHUHR,https://villiers.ai/empty-legs/kdts-kdfw-cessna-citation-v-2026-09-19-805de764?id=ADHUHR,https://villiers.ai/empty-legs/kdts-kdfw-cessna-citation-v-2026-09-19-805de764?id=ADHUHR,"Wed, 16 Sep 2026 15:09:04 GMT",2026-09-20T00:17:02+00:00
https://villiers.ai/empty-legs/kelp-khou-cessna-citation-excel-2026-09-19-8e9bbdf5?id=ADHUHR,inactive,inactive,2026-09-19T17:49:50+00:00,2026-09-19T23:47:02+00:00,2026-09-20T00:17:02+00:00,"Cessna Citation Excel | El Paso International Airport → William P. Hobby Airport | $9,030",,Cessna Citation Excel,KELP - El Paso International Airport,KELP,ELP,El Paso International Airport,El Paso,US,KHOU - William P. Hobby Airport,KHOU,HOU,William P Hobby Airport,Houston,US,19 September 2026,2026-09-19,12:00,13:44,1h 45m,"$9,030",9030,USD,$,9,https://villiers.ai/empty-legs/kelp-khou-cessna-citation-excel-2026-09-19-8e9bbdf5?id=ADHUHR,https://villiers.ai/empty-legs/kelp-khou-cessna-citation-excel-2026-09-19-8e9bbdf5?id=ADHUHR,https://villiers.ai/empty-legs/kelp-khou-cessna-citation-excel-2026-09-19-8e9bbdf5?id=ADHUHR,"Fri, 11 Sep 2026 15:33:45 GMT",2026-09-20T00:17:02+00:00
https://villiers.ai/empty-legs/khdc-kdfw-cessna-citation-v-2026-09-19-aff5678d?id=ADHUHR,inactive,inactive,2026-09-19T17:49:50+00:00,2026-09-19T23:47:02+00:00,2026-09-20T00:17:02+00:00,"Cessna Citation V | Hammond Northshore Regional Airport → Dallas Fort Worth International Airport | $5,160",,Cessna Citation V,KHDC - Hammond Northshore Regional Airport,KHDC,,Hammond Northshore Regional Airport,Hammond,US,KDFW - Dallas Fort Worth International Airport,KDFW,DFW,Dallas-Fort Worth International Airport,Dallas-Fort Worth,US,19 September 2026,2026-09-19,12:00,13:16,1h 17m,"$5,160",5160,USD,$,7,https://villiers.ai/empty-legs/khdc-kdfw-cessna-citation-v-2026-09-19-aff5678d?id=ADHUHR,https://villiers.ai/empty-legs/khdc-kdfw-cessna-citation-v-2026-09-19-aff5678d?id=ADHUHR,https://villiers.ai/empty-legs/khdc-kdfw-cessna-citation-v-2026-09-19-aff5678d?id=ADHUHR,"Mon, 14 Sep 2026 15:36:39 GMT",2026-09-20T00:17:02+00:00
https://villiers.ai/empty-legs/khdc-kluv-cessna-citation-ultra-2026-09-19-6d9c7b69?id=ADHUHR,inactive,inactive,2026-09-19T17:49:50+00:00,2026-09-19T23:47:02+00:00,2026-09-20T00:17:02+00:00,"Cessna Citation Ultra | Hammond Northshore Regional Airport → KLUV | $7,310",,Cessna Citation Ultra,KHDC - Hammond Northshore Regional Airport,KHDC,,Hammond Northshore Regional Airport,Hammond,US,KLUV - KLUV,KLUV,,Lamesa Municipal Airport,Lamesa,US,19 September 2026,2026-09-19,12:00,,,"$7,310",7310,USD,$,7,https://villiers.ai/empty-legs/khdc-kluv-cessna-citation-ultra-2026-09-19-6d9c7b69?id=ADHUHR,https://villiers.ai/empty-legs/khdc-kluv-cessna-citation-ultra-2026-09-19-6d9c7b69?id=ADHUHR,https://villiers.ai/empty-legs/khdc-kluv-cessna-citation-ultra-2026-09-19-6d9c7b69?id=ADHUHR,"Tue, 15 Sep 2026 15:36:11 GMT",2026-09-20T00:17:02+00:00
https://villiers.ai/empty-legs/khdc-ktki-cessna-citation-ultra-2026-09-19-a4e08658?id=ADHUHR,inactive,inactive,2026-09-19T17:49:50+00:00,2026-09-19T23:47:02+00:00,2026-09-20T00:17:02+00:00,"Cessna Citation Ultra | Hammond Northshore Regional Airport → McKinney National Airport | $4,515",,Cessna Citation Ultra,KHDC - Hammond Northshore Regional Airport,KHDC,,Hammond Northshore Regional Airport,Hammond,US,KTKI - McKinney National Airport,KTKI,,Mckinney Ntl Airport,Dallas,US,19 September 2026,2026-09-19,12:00,13:15,1h 15m,"$4,515",4515,USD,$,7,https://villiers.ai/empty-legs/khdc-ktki-cessna-citation-ultra-2026-09-19-a4e08658?id=ADHUHR,https://villiers.ai/empty-legs/khdc-ktki-cessna-citation-ultra-2026-09-19-a4e08658?id=ADHUHR,https://villiers.ai/empty-legs/khdc-ktki-cessna-citation-ultra-2026-09-19-a4e08658?id=ADHUHR,"Sat, 19 Sep 2026 15:36:21 GMT",2026-09-20T00:17:02+00:00
https://villiers.ai/empty-legs/khou-kftw-cessna-citation-ultra-2026-09-19-a7fdc2b5?id=ADHUHR,inactive,inactive,2026-09-04T14:47:02+00:00,2026-09-19T23:47:02+00:00,2026-09-20T00:17:02+00:00,"Cessna Citation Ultra | William P. Hobby Airport → Fort Worth Meacham International Airport | $3,118",,Cessna Citation Ultra,KHOU - William P. Hobby Airport,KHOU,HOU,William P Hobby Airport,Houston,US,KFTW - Fort Worth Meacham International Airport,KFTW,FTW,Fort Worth Meacham International Airport,Fort Worth,US,19 September 2026,2026-09-19,12:00,12:57,58m,"$3,118",3118,USD,$,7,https://villiers.ai/empty-legs/khou-kftw-cessna-citation-ultra-2026-09-19-a7fdc2b5?id=ADHUHR,https://villiers.ai/empty-legs/khou-kftw-cessna-citation-ultra-2026-09-19-a7fdc2b5?id=ADHUHR,https://villiers.ai/empty-legs/khou-kftw-cessna-citation-ultra-2026-09-19-a7fdc2b5?id=ADHUHR,"Fri, 04 Sep 2026 14:43:45 GMT",2026-09-20T00:17:02+00:00
https://villiers.ai/empty-legs/khou-klas-cessna-citation-v-2026-09-19-c1604968?id=ADHUHR,inactive,inactive,2026-08-25T17:47:01+00:00,2026-09-19T23:47:02+00:00,2026-09-20T00:17:02+00:00,"Cessna Citation V | William P. Hobby Airport → Harry Reid International Airport | $13,115",,Cessna Citation V,KHOU - William P. Hobby Airport,KHOU,HOU,William P Hobby Airport,Houston,US,KLAS - Harry Reid International Airport,KLAS,LAS,Harry Reid International Airport,Las Vegas,US,19 September 2026,2026-09-19,12:00,14:46,2h 47m,"$13,115",13115,USD,$,7,https://villiers.ai/empty-legs/khou-klas-cessna-citation-v-2026-09-19-c1604968?id=ADHUHR,https://villiers.ai/empty-legs/khou-klas-cessna-citation-v-2026-09-19-c1604968?id=ADHUHR,https://villiers.ai/empty-legs/khou-klas-cessna-citation-v-2026-09-19-c1604968?id=ADHUHR,"Tue, 25 Aug 2026 17:17:17 GMT",2026-09-20T00:17:02+00:00
https://villiers.ai/empty-legs/khou-kmaf-cessna-citation-ultra-2026-09-19-dfe38b67?id=ADHUHR,inactive,inactive,2026-09-02T15:47:02+00:00,2026-09-19T23:47:02+00:00,2026-09-20T00:17:02+00:00,"Cessna Citation Ultra | William P. Hobby Airport → Midland International Air and Space Port | $4,838",,Cessna Citation Ultra,KHOU - William P. Hobby Airport,KHOU,HOU,William P Hobby Airport,Houston,US,KMAF - Midland International Air and Space Port,KMAF,MAF,Midland International Air And Space Port Airport,Midland,US,19 September 2026,2026-09-19,12:00,13:18,1h 19m,"$4,838",4838,USD,$,7,https://villiers.ai/empty-legs/khou-kmaf-cessna-citation-ultra-2026-09-19-dfe38b67?id=ADHUHR,https://villiers.ai/empty-legs/khou-kmaf-cessna-citation-ultra-2026-09-19-dfe38b67?id=ADHUHR,https://villiers.ai/empty-legs/khou-kmaf-cessna-citation-ultra-2026-09-19-dfe38b67?id=ADHUHR,"Wed, 02 Sep 2026 15:34:27 GMT",2026-09-20T00:17:02+00:00
https://villiers.ai/empty-legs/kmei-khou-cessna-citation-ultra-2026-09-19-1f987af0?id=ADHUHR,inactive,inactive,2026-09-04T14:47:02+00:00,2026-09-19T23:47:02+00:00,2026-09-20T00:17:02+00:00,"Cessna Citation Ultra | Key Field / Meridian Regional Airport → William P. Hobby Airport | $4,838",,Cessna Citation Ultra,KMEI - Key Field / Meridian Regional Airport,KMEI,MEI,Key Field,Meridian,US,KHOU - William P. Hobby Airport,KHOU,HOU,William P Hobby Airport,Houston,US,19 September 2026,2026-09-19,12:00,13:17,1h 18m,"$4,838",4838,USD,$,7,https://villiers.ai/empty-legs/kmei-khou-cessna-citation-ultra-2026-09-19-1f987af0?id=ADHUHR,https://villiers.ai/empty-legs/kmei-khou-cessna-citation-ultra-2026-09-19-1f987af0?id=ADHUHR,https://villiers.ai/empty-legs/kmei-khou-cessna-citation-ultra-2026-09-19-1f987af0?id=ADHUHR,"Fri, 04 Sep 2026 14:43:45 GMT",2026-09-20T00:17:02+00:00
https://villiers.ai/empty-legs/kmei-kokc-cessna-citation-ultra-2026-09-19-2027653e?id=ADHUHR,inactive,inactive,2026-09-19T17:49:50+00:00,2026-09-19T23:47:02+00:00,2026-09-20T00:17:02+00:00,"Cessna Citation Ultra | Key Field / Meridian Regional Airport → Will Rogers World Airport | $5,913",,Cessna Citation Ultra,KMEI - Key Field / Meridian Regional Airport,KMEI,MEI,Key Field,Meridian,US,KOKC - Will Rogers World Airport,KOKC,OKC,Okc Will Rogers International Airport,Oklahoma City,US,19 September 2026,2026-09-19,12:00,13:30,1h 31m,"$5,913",5913,USD,$,7,https://villiers.ai/empty-legs/kmei-kokc-cessna-citation-ultra-2026-09-19-2027653e?id=ADHUHR,https://villiers.ai/empty-legs/kmei-kokc-cessna-citation-ultra-2026-09-19-2027653e?id=ADHUHR,https://villiers.ai/empty-legs/kmei-kokc-cessna-citation-ultra-2026-09-19-2027653e?id=ADHUHR,"Thu, 17 Sep 2026 15:37:49 GMT",2026-09-20T00:17:02+00:00
https://villiers.ai/empty-legs/kmei-koun-cessna-citation-ultra-2026-09-19-a79652d4?id=ADHUHR,inactive,inactive,2026-09-19T17:49:50+00:00,2026-09-19T23:47:02+00:00,2026-09-20T00:17:02+00:00,"Cessna Citation Ultra | Key Field / Meridian Regional Airport → University of Oklahoma Westheimer Airport | $5,913",,Cessna Citation Ultra,KMEI - Key Field / Meridian Regional Airport,KMEI,MEI,Key Field,Meridian,US,KOUN - University of Oklahoma Westheimer Airport,KOUN,OUN,University Of Oklahoma Westheimer Airport,Norman,US,19 September 2026,2026-09-19,12:00,13:29,1h 30m,"$5,913",5913,USD,$,7,https://villiers.ai/empty-legs/kmei-koun-cessna-citation-ultra-2026-09-19-a79652d4?id=ADHUHR,https://villiers.ai/empty-legs/kmei-koun-cessna-citation-ultra-2026-09-19-a79652d4?id=ADHUHR,https://villiers.ai/empty-legs/kmei-koun-cessna-citation-ultra-2026-09-19-a79652d4?id=ADHUHR,"Wed, 16 Sep 2026 15:09:04 GMT",2026-09-20T00:17:02+00:00
https://villiers.ai/empty-legs/koun-kftw-cessna-citation-ultra-2026-09-19-cbfc13d2?id=ADHUHR,inactive,inactive,2026-09-07T00:17:03+00:00,2026-09-19T23:47:02+00:00,2026-09-20T00:17:02+00:00,"Cessna Citation Ultra | University of Oklahoma Westheimer Airport → Fort Worth Meacham International Airport | $2,473",,Cessna Citation Ultra,KOUN - University of Oklahoma Westheimer Airport,KOUN,OUN,University Of Oklahoma Westheimer Airport,Norman,US,KFTW - Fort Worth Meacham International Airport,KFTW,FTW,Fort Worth Meacham International Airport,Fort Worth,US,19 September 2026,2026-09-19,12:00,12:48,49m,"$2,473",2473,USD,$,7,https://villiers.ai/empty-legs/koun-kftw-cessna-citation-ultra-2026-09-19-cbfc13d2?id=ADHUHR,https://villiers.ai/empty-legs/koun-kftw-cessna-citation-ultra-2026-09-19-cbfc13d2?id=ADHUHR,https://villiers.ai/empty-legs/koun-kftw-cessna-citation-ultra-2026-09-19-cbfc13d2?id=ADHUHR,"Sun, 06 Sep 2026 22:31:22 GMT",2026-09-20T00:17:02+00:00
https://villiers.ai/empty-legs/ksgr-kftw-cessna-citation-ultra-2026-09-19-d4c3e9fd?id=ADHUHR,inactive,inactive,2026-09-19T17:49:50+00:00,2026-09-19T23:47:02+00:00,2026-09-20T00:17:02+00:00,"Cessna Citation Ultra | Sugar Land Regional Airport → Fort Worth Meacham International Airport | $3,118",,Cessna Citation Ultra,KSGR - Sugar Land Regional Airport,KSGR,SGR,Sugar Land Regional Airport,Houston,US,KFTW - Fort Worth Meacham International Airport,KFTW,FTW,Fort Worth Meacham International Airport,Fort Worth,US,19 September 2026,2026-09-19,12:00,12:56,57m,"$3,118",3118,USD,$,7,https://villiers.ai/empty-legs/ksgr-kftw-cessna-citation-ultra-2026-09-19-d4c3e9fd?id=ADHUHR,https://villiers.ai/empty-legs/ksgr-kftw-cessna-citation-ultra-2026-09-19-d4c3e9fd?id=ADHUHR,https://villiers.ai/empty-legs/ksgr-kftw-cessna-citation-ultra-2026-09-19-d4c3e9fd?id=ADHUHR,"Tue, 15 Sep 2026 15:36:11 GMT",2026-09-20T00:17:02+00:00
https://villiers.ai/empty-legs/ksgr-kmaf-cessna-citation-ultra-2026-09-19-e571a48c?id=ADHUHR,inactive,inactive,2026-09-19T17:49:50+00:00,2026-09-19T23:47:02+00:00,2026-09-20T00:17:02+00:00,"Cessna Citation Ultra | Sugar Land Regional Airport → Midland International Air and Space Port | $4,838",,Cessna Citation Ultra,KSGR - Sugar Land Regional Airport,KSGR,SGR,Sugar Land Regional Airport,Houston,US,KMAF - Midland International Air and Space Port,KMAF,MAF,Midland International Air And Space Port Airport,Midland,US,19 September 2026,2026-09-19,12:00,13:16,1h 17m,"$4,838",4838,USD,$,7,https://villiers.ai/empty-legs/ksgr-kmaf-cessna-citation-ultra-2026-09-19-e571a48c?id=ADHUHR,https://villiers.ai/empty-legs/ksgr-kmaf-cessna-citation-ultra-2026-09-19-e571a48c?id=ADHUHR,https://villiers.ai/empty-legs/ksgr-kmaf-cessna-citation-ultra-2026-09-19-e571a48c?id=ADHUHR,"Tue, 08 Sep 2026 13:36:35 GMT",2026-09-20T00:17:02+00:00
https://villiers.ai/empty-legs/ktul-khou-cessna-citation-excel-2026-09-19-6bb105e0?id=ADHUHR,inactive,inactive,2026-09-19T17:49:50+00:00,2026-09-19T23:47:02+00:00,2026-09-20T00:17:02+00:00,"Cessna Citation Excel | Tulsa International Airport → William P. Hobby Airport | $6,880",,Cessna Citation Excel,KTUL - Tulsa International Airport,KTUL,TUL,Tulsa International Airport,Tulsa,US,KHOU - William P. Hobby Airport,KHOU,HOU,William P Hobby Airport,Houston,US,19 September 2026,2026-09-19,12:00,13:20,1h 20m,"$6,880",6880,USD,$,9,https://villiers.ai/empty-legs/ktul-khou-cessna-citation-excel-2026-09-19-6bb105e0?id=ADHUHR,https://villiers.ai/empty-legs/ktul-khou-cessna-citation-excel-2026-09-19-6bb105e0?id=ADHUHR,https://villiers.ai/empty-legs/ktul-khou-cessna-citation-excel-2026-09-19-6bb105e0?id=ADHUHR,"Sat, 19 Sep 2026 15:36:21 GMT",2026-09-20T00:17:02+00:00
https://villiers.ai/empty-legs/kuox-ktki-cessna-citation-ultra-2026-09-19-39f249d5?id=ADHUHR,inactive,inactive,2026-09-19T17:49:50+00:00,2026-09-19T23:47:02+00:00,2026-09-20T00:17:02+00:00,"Cessna Citation Ultra | University Oxford Airport → McKinney National Airport | $4,838",,Cessna Citation Ultra,KUOX - University Oxford Airport,KUOX,UOX,University-Oxford Airport,Oxford,US,KTKI - McKinney National Airport,KTKI,,Mckinney Ntl Airport,Dallas,US,19 September 2026,2026-09-19,12:00,13:15,1h 16m,"$4,838",4838,USD,$,7,https://villiers.ai/empty-legs/kuox-ktki-cessna-citation-ultra-2026-09-19-39f249d5?id=ADHUHR,https://villiers.ai/empty-legs/kuox-ktki-cessna-citation-ultra-2026-09-19-39f249d5?id=ADHUHR,https://villiers.ai/empty-legs/kuox-ktki-cessna-citation-ultra-2026-09-19-39f249d5?id=ADHUHR,"Tue, 15 Sep 2026 15:36:11 GMT",2026-09-20T00:17:02+00:00
https://villiers.ai/empty-legs/k6r6-kiws-pilatus-pc-12-ng-2026-09-20-605fd2df?id=ADHUHR,inactive,inactive,2026-09-19T17:49:50+00:00,2026-09-20T23:47:02+00:00,2026-09-21T00:17:02+00:00,"Pilatus PC 12 NG | Terrell County Airport → West Houston Airport | $3,655",,Pilatus PC 12 NG,K6R6 - Terrell County Airport,K6R6,,Terrell County Airport,Dryden,US,KIWS - West Houston Airport,KIWS,IWS,West Houston Airport,Houston,US,20 September 2026,2026-09-20,12:00,13:13,1h 13m,"$3,655",3655,USD,$,7,https://villiers.ai/empty-legs/k6r6-kiws-pilatus-pc-12-ng-2026-09-20-605fd2df?id=ADHUHR,https://villiers.ai/empty-legs/k6r6-kiws-pilatus-pc-12-ng-2026-09-20-605fd2df?id=ADHUHR,https://villiers.ai/empty-legs/k6r6-kiws-pilatus-pc-12-ng-2026-09-20-605fd2df?id=ADHUHR,"Fri, 18 Sep 2026 19:25:31 GMT",2026-09-21T00:17:02+00:00
https://villiers.ai/empty-legs/kads-ktys-cessna-citation-ultra-2026-09-20-94954373?id=ADHUHR,inactive,inactive,2026-09-19T17:49:50+00:00,2026-09-20T23:47:02+00:00,2026-09-21T00:17:02+00:00,"Cessna Citation Ultra | Addison Airport → McGhee Tyson Airport | $6,235",,Cessna Citation Ultra,KADS - Addison Airport,KADS,ADS,Addison Airport,Dallas,US,KTYS - McGhee Tyson Airport,KTYS,TYS,Mc Ghee Tyson Airport,Knoxville,US,20 September 2026,2026-09-20,12:00,13:54,1h 54m,"$6,235",6235,USD,$,7,https://villiers.ai/empty-legs/kads-ktys-cessna-citation-ultra-2026-09-20-94954373?id=ADHUHR,https://villiers.ai/empty-legs/kads-ktys-cessna-citation-ultra-2026-09-20-94954373?id=ADHUHR,https://villiers.ai/empty-legs/kads-ktys-cessna-citation-ultra-2026-09-20-94954373?id=ADHUHR,"Wed, 09 Sep 2026 15:22:21 GMT",2026-09-21T00:17:02+00:00
https://villiers.ai/empty-legs/kama-khdn-cessna-citation-ultra-2026-09-20-c5f39909?id=ADHUHR,inactive,inactive,2026-09-19T17:49:50+00:00,2026-09-20T23:47:02+00:00,2026-09-21T00:17:02+00:00,"Cessna Citation Ultra | Rick Husband Amarillo International Airport → Yampa Valley Airport | $5,590",,Cessna Citation Ultra,KAMA - Rick Husband Amarillo International Airport,KAMA,AMA,Rick Husband Amarillo International Airport,Amarillo,US,KHDN - Yampa Valley Airport,KHDN,HDN,Yampa Valley Airport,Hayden,US,20 September 2026,2026-09-20,12:00,13:22,1h 22m,"$5,590",5590,USD,$,7,https://villiers.ai/empty-legs/kama-khdn-cessna-citation-ultra-2026-09-20-c5f39909?id=ADHUHR,https://villiers.ai/empty-legs/kama-khdn-cessna-citation-ultra-2026-09-20-c5f39909?id=ADHUHR,https://villiers.ai/empty-legs/kama-khdn-cessna-citation-ultra-2026-09-20-c5f39909?id=ADHUHR,"Wed, 16 Sep 2026 15:09:04 GMT",2026-09-21T00:17:02+00:00
https://villiers.ai/empty-legs/kcrq-cyyc-citation-cj3-2026-09-20-96e2238e?id=ADHUHR,inactive,inactive,2026-09-19T17:49:50+00:00,2026-09-20T23:47:02+00:00,2026-09-21T00:17:02+00:00,"Citation CJ3 | McClellan-Palomar Airport → Calgary International Airport | $17,200",,Citation CJ3,KCRQ - McClellan-Palomar Airport,KCRQ,CLD,Mc Clellan-Palomar Airport,Carlsbad,US,CYYC - Calgary International Airport,CYYC,YYC,Calgary International Airport,Calgary,CA,20 September 2026,2026-09-20,12:00,14:49,2h 49m,"$17,200",17200,USD,$,8,https://villiers.ai/empty-legs/kcrq-cyyc-citation-cj3-2026-09-20-96e2238e?id=ADHUHR,https://villiers.ai/empty-legs/kcrq-cyyc-citation-cj3-2026-09-20-96e2238e?id=ADHUHR,https://villiers.ai/empty-legs/kcrq-cyyc-citation-cj3-2026-09-20-96e2238e?id=ADHUHR,"Wed, 16 Sep 2026 01:21:00 GMT",2026-09-21T00:17:02+00:00
https://villiers.ai/empty-legs/kdal-ktys-cessna-citation-ultra-2026-09-20-d039e21e?id=ADHUHR,inactive,inactive,2026-09-04T14:47:02+00:00,2026-09-20T23:47:02+00:00,2026-09-21T00:17:02+00:00,"Cessna Citation Ultra | Dallas Love Field → McGhee Tyson Airport | $6,235",,Cessna Citation Ultra,KDAL - Dallas Love Field,KDAL,DAL,Dallas Love Field,Dallas,US,KTYS - McGhee Tyson Airport,KTYS,TYS,Mc Ghee Tyson Airport,Knoxville,US,20 September 2026,2026-09-20,12:00,13:54,1h 54m,"$6,235",6235,USD,$,7,https://villiers.ai/empty-legs/kdal-ktys-cessna-citation-ultra-2026-09-20-d039e21e?id=ADHUHR,https://villiers.ai/empty-legs/kdal-ktys-cessna-citation-ultra-2026-09-20-d039e21e?id=ADHUHR,https://villiers.ai/empty-legs/kdal-ktys-cessna-citation-ultra-2026-09-20-d039e21e?id=ADHUHR,"Fri, 04 Sep 2026 14:43:46 GMT",2026-09-21T00:17:02+00:00
https://villiers.ai/empty-legs/kftw-khou-bombardier-challenger-300-2026-09-20-2d9ed906?id=ADHUHR,inactive,inactive,2026-09-19T17:49:50+00:00,2026-09-20T23:47:02+00:00,2026-09-21T00:17:02+00:00,"Bombardier Challenger 300 | Fort Worth Meacham International Airport → William P. Hobby Airport | $5,590",,Bombardier Challenger 300,KFTW - Fort Worth Meacham International Airport,KFTW,FTW,Fort Worth Meacham International Airport,Fort Worth,US,KHOU - William P. Hobby Airport,KHOU,HOU,William P Hobby Airport,Houston,US,20 September 2026,2026-09-20,12:00,12:57,58m,"$5,590",5590,USD,$,9,https://villiers.ai/empty-legs/kftw-khou-bombardier-challenger-300-2026-09-20-2d9ed906?id=ADHUHR,https://villiers.ai/empty-legs/kftw-khou-bombardier-challenger-300-2026-09-20-2d9ed906?id=ADHUHR,https://villiers.ai/empty-legs/kftw-khou-bombardier-challenger-300-2026-09-20-2d9ed906?id=ADHUHR,"Fri, 11 Sep 2026 15:33:45 GMT",2026-09-21T00:17:02+00:00
https://villiers.ai/empty-legs/khdc-kuox-cessna-citation-v-2026-09-20-6f75b0eb?id=ADHUHR,inactive,inactive,2026-09-07T00:17:03+00:00,2026-09-20T23:47:02+00:00,2026-09-21T00:17:02+00:00,"Cessna Citation V | Hammond Northshore Regional Airport → University Oxford Airport | $3,118",,Cessna Citation V,KHDC - Hammond Northshore Regional Airport,KHDC,,Hammond Northshore Regional Airport,Hammond,US,KUOX - University Oxford Airport,KUOX,UOX,University-Oxford Airport,Oxford,US,20 September 2026,2026-09-20,12:00,13:00,1h 0m,"$3,118",3118,USD,$,7,https://villiers.ai/empty-legs/khdc-kuox-cessna-citation-v-2026-09-20-6f75b0eb?id=ADHUHR,https://villiers.ai/empty-legs/khdc-kuox-cessna-citation-v-2026-09-20-6f75b0eb?id=ADHUHR,https://villiers.ai/empty-legs/khdc-kuox-cessna-citation-v-2026-09-20-6f75b0eb?id=ADHUHR,"Sun, 06 Sep 2026 22:31:22 GMT",2026-09-21T00:17:02+00:00
https://villiers.ai/empty-legs/khob-khou-pilatus-pc-12-ng-2026-09-20-12187e03?id=ADHUHR,inactive,inactive,2026-09-19T17:49:50+00:00,2026-09-20T23:47:02+00:00,2026-09-21T00:17:02+00:00,"Pilatus PC 12 NG | Lea County Regional Airport → William P. Hobby Airport | $4,515",,Pilatus PC 12 NG,KHOB - Lea County Regional Airport,KHOB,HOB,Lea County Regional Airport,Hobbs,US,KHOU - William P. Hobby Airport,KHOU,HOU,William P Hobby Airport,Houston,US,20 September 2026,2026-09-20,12:00,13:27,1h 27m,"$4,515",4515,USD,$,7,https://villiers.ai/empty-legs/khob-khou-pilatus-pc-12-ng-2026-09-20-12187e03?id=ADHUHR,https://villiers.ai/empty-legs/khob-khou-pilatus-pc-12-ng-2026-09-20-12187e03?id=ADHUHR,https://villiers.ai/empty-legs/khob-khou-pilatus-pc-12-ng-2026-09-20-12187e03?id=ADHUHR,"Wed, 16 Sep 2026 15:09:04 GMT",2026-09-21T00:17:02+00:00
https://villiers.ai/empty-legs/khob-ktme-pilatus-pc-12-ng-2026-09-20-77dc6f60?id=ADHUHR,inactive,inactive,2026-09-19T17:49:50+00:00,2026-09-20T23:47:02+00:00,2026-09-21T00:17:02+00:00,"Pilatus PC 12 NG | Lea County Regional Airport → Houston Executive Airport | $4,300",,Pilatus PC 12 NG,KHOB - Lea County Regional Airport,KHOB,HOB,Lea County Regional Airport,Hobbs,US,KTME - Houston Executive Airport,KTME,,Houston Executive Airport,Houston,US,20 September 2026,2026-09-20,12:00,13:22,1h 23m,"$4,300",4300,USD,$,7,https://villiers.ai/empty-legs/khob-ktme-pilatus-pc-12-ng-2026-09-20-77dc6f60?id=ADHUHR,https://villiers.ai/empty-legs/khob-ktme-pilatus-pc-12-ng-2026-09-20-77dc6f60?id=ADHUHR,https://villiers.ai/empty-legs/khob-ktme-pilatus-pc-12-ng-2026-09-20-77dc6f60?id=ADHUHR,"Fri, 18 Sep 2026 19:25:31 GMT",2026-09-21T00:17:02+00:00
https://villiers.ai/empty-legs/khou-koun-cessna-citation-ultra-2026-09-20-036901db?id=ADHUHR,inactive,inactive,2026-09-04T00:17:02+00:00,2026-09-20T23:47:02+00:00,2026-09-21T00:17:02+00:00,"Cessna Citation Ultra | William P. Hobby Airport → University of Oklahoma Westheimer Airport | $4,515",,Cessna Citation Ultra,KHOU - William P. Hobby Airport,KHOU,HOU,William P Hobby Airport,Houston,US,KOUN - University of Oklahoma Westheimer Airport,KOUN,OUN,University Of Oklahoma Westheimer Airport,Norman,US,20 September 2026,2026-09-20,12:00,13:15,1h 15m,"$4,515",4515,USD,$,7,https://villiers.ai/empty-legs/khou-koun-cessna-citation-ultra-2026-09-20-036901db?id=ADHUHR,https://villiers.ai/empty-legs/khou-koun-cessna-citation-ultra-2026-09-20-036901db?id=ADHUHR,https://villiers.ai/empty-legs/khou-koun-cessna-citation-ultra-2026-09-20-036901db?id=ADHUHR,"Thu, 03 Sep 2026 17:43:59 GMT",2026-09-21T00:17:02+00:00
https://villiers.ai/empty-legs/khou-kuox-cessna-citation-v-2026-09-20-83757213?id=ADHUHR,inactive,inactive,2026-08-27T16:47:01+00:00,2026-09-20T23:47:02+00:00,2026-09-21T00:17:02+00:00,"Cessna Citation V | William P. Hobby Airport → University Oxford Airport | $4,515",,Cessna Citation V,KHOU - William P. Hobby Airport,KHOU,HOU,William P Hobby Airport,Houston,US,KUOX - University Oxford Airport,KUOX,UOX,University-Oxford Airport,Oxford,US,20 September 2026,2026-09-20,12:00,13:22,1h 22m,"$4,515",4515,USD,$,7,https://villiers.ai/empty-legs/khou-kuox-cessna-citation-v-2026-09-20-83757213?id=ADHUHR,https://villiers.ai/empty-legs/khou-kuox-cessna-citation-v-2026-09-20-83757213?id=ADHUHR,https://villiers.ai/empty-legs/khou-kuox-cessna-citation-v-2026-09-20-83757213?id=ADHUHR,"Thu, 27 Aug 2026 16:34:24 GMT",2026-09-21T00:17:02+00:00
https://villiers.ai/empty-legs/kjac-kcrq-citation-cj3-2026-09-20-665c79e9?id=ADHUHR,inactive,inactive,2026-09-19T17:49:50+00:00,2026-09-20T23:47:02+00:00,2026-09-21T00:17:02+00:00,"Citation CJ3 | Jackson Hole Airport → McClellan-Palomar Airport | $11,771",,Citation CJ3,KJAC - Jackson Hole Airport,KJAC,JAC,Jackson Hole Airport,Jackson,US,KCRQ - McClellan-Palomar Airport,KCRQ,CLD,Mc Clellan-Palomar Airport,Carlsbad,US,20 September 2026,2026-09-20,12:00,13:59,1h 59m,"$11,771",11771,USD,$,8,https://villiers.ai/empty-legs/kjac-kcrq-citation-cj3-2026-09-20-665c79e9?id=ADHUHR,https://villiers.ai/empty-legs/kjac-kcrq-citation-cj3-2026-09-20-665c79e9?id=ADHUHR,https://villiers.ai/empty-legs/kjac-kcrq-citation-cj3-2026-09-20-665c79e9?id=ADHUHR,"Tue, 08 Sep 2026 23:12:23 GMT",2026-09-21T00:17:02+00:00
https://villiers.ai/empty-legs/kmei-koun-cessna-citation-ultra-2026-09-20-639cc577?id=ADHUHR,inactive,inactive,2026-09-07T00:17:03+00:00,2026-09-20T23:47:02+00:00,2026-09-21T00:17:02+00:00,"Cessna Citation Ultra | Key Field / Meridian Regional Airport → University of Oklahoma Westheimer Airport | $5,913",,Cessna Citation Ultra,KMEI - Key Field / Meridian Regional Airport,KMEI,MEI,Key Field,Meridian,US,KOUN - University of Oklahoma Westheimer Airport,KOUN,OUN,University Of Oklahoma Westheimer Airport,Norman,US,20 September 2026,2026-09-20,12:00,13:29,1h 30m,"$5,913",5913,USD,$,7,https://villiers.ai/empty-legs/kmei-koun-cessna-citation-ultra-2026-09-20-639cc577?id=ADHUHR,https://villiers.ai/empty-legs/kmei-koun-cessna-citation-ultra-2026-09-20-639cc577?id=ADHUHR,https://villiers.ai/empty-legs/kmei-koun-cessna-citation-ultra-2026-09-20-639cc577?id=ADHUHR,"Sun, 06 Sep 2026 22:31:22 GMT",2026-09-21T00:17:02+00:00
https://villiers.ai/empty-legs/kric-kuox-cessna-citation-v-2026-09-20-a4ece295?id=ADHUHR,inactive,inactive,2026-09-19T17:49:50+00:00,2026-09-20T23:47:02+00:00,2026-09-21T00:17:02+00:00,"Cessna Citation V | Richmond International Airport → University Oxford Airport | $8,600",,Cessna Citation V,KRIC - Richmond International Airport,KRIC,RIC,Richmond International Airport,Richmond,US,KUOX - University Oxford Airport,KUOX,UOX,University-Oxford Airport,Oxford,US,20 September 2026,2026-09-20,12:00,13:49,1h 49m,"$8,600",8600,USD,$,7,https://villiers.ai/empty-legs/kric-kuox-cessna-citation-v-2026-09-20-a4ece295?id=ADHUHR,https://villiers.ai/empty-legs/kric-kuox-cessna-citation-v-2026-09-20-a4ece295?id=ADHUHR,https://villiers.ai/empty-legs/kric-kuox-cessna-citation-v-2026-09-20-a4ece295?id=ADHUHR,"Tue, 15 Sep 2026 15:36:11 GMT",2026-09-21T00:17:02+00:00
https://villiers.ai/empty-legs/ksbp-klas-cessna-citation-v-2026-09-20-f03af217?id=ADHUHR,inactive,inactive,2026-08-26T17:17:02+00:00,2026-09-20T23:47:02+00:00,2026-09-21T00:17:02+00:00,"Cessna Citation V | San Luis County Regional Airport → Harry Reid International Airport | $3,440",,Cessna Citation V,KSBP - San Luis County Regional Airport,KSBP,SBP,San Luis Obispo County Regional Airport,San Luis Obispo,US,KLAS - Harry Reid International Airport,KLAS,LAS,Harry Reid International Airport,Las Vegas,US,20 September 2026,2026-09-20,12:00,13:04,1h 5m,"$3,440",3440,USD,$,7,https://villiers.ai/empty-legs/ksbp-klas-cessna-citation-v-2026-09-20-f03af217?id=ADHUHR,https://villiers.ai/empty-legs/ksbp-klas-cessna-citation-v-2026-09-20-f03af217?id=ADHUHR,https://villiers.ai/empty-legs/ksbp-klas-cessna-citation-v-2026-09-20-f03af217?id=ADHUHR,"Wed, 26 Aug 2026 16:50:01 GMT",2026-09-21T00:17:02+00:00
https://villiers.ai/empty-legs/ksgr-ktki-pilatus-pc-12-ng-2026-09-20-1f3cb02b?id=ADHUHR,inactive,inactive,2026-09-19T17:49:50+00:00,2026-09-20T23:47:02+00:00,2026-09-21T00:17:02+00:00,"Pilatus PC 12 NG | Sugar Land Regional Airport → McKinney National Airport | $2,795",,Pilatus PC 12 NG,KSGR - Sugar Land Regional Airport,KSGR,SGR,Sugar Land Regional Airport,Houston,US,KTKI - McKinney National Airport,KTKI,,Mckinney Ntl Airport,Dallas,US,20 September 2026,2026-09-20,12:00,12:57,58m,"$2,795",2795,USD,$,7,https://villiers.ai/empty-legs/ksgr-ktki-pilatus-pc-12-ng-2026-09-20-1f3cb02b?id=ADHUHR,https://villiers.ai/empty-legs/ksgr-ktki-pilatus-pc-12-ng-2026-09-20-1f3cb02b?id=ADHUHR,https://villiers.ai/empty-legs/ksgr-ktki-pilatus-pc-12-ng-2026-09-20-1f3cb02b?id=ADHUHR,"Wed, 16 Sep 2026 15:09:04 GMT",2026-09-21T00:17:02+00:00
https://villiers.ai/empty-legs/ksna-sf_all-challenger-605-2026-09-20-85de1bc8?id=ADHUHR,inactive,inactive,2026-09-19T17:49:50+00:00,2026-09-20T23:47:02+00:00,2026-09-21T00:17:02+00:00,"Challenger 605 | John Wayne Orange County International Airport → All San Francisco, United States Airports | $8,600",,Challenger 605,KSNA - John Wayne Orange County International Airport,KSNA,SNA,John Wayne/Orange County Airport,Santa Ana,US,"SF_ALL - All San Francisco, United States Airports",,,"All San Francisco, United States Airports",,,20 September 2026,2026-09-20,12:00,13:12,1h 12m,"$8,600",8600,USD,$,9,https://villiers.ai/empty-legs/ksna-sf_all-challenger-605-2026-09-20-85de1bc8?id=ADHUHR,https://villiers.ai/empty-legs/ksna-sf_all-challenger-605-2026-09-20-85de1bc8?id=ADHUHR,https://villiers.ai/empty-legs/ksna-sf_all-challenger-605-2026-09-20-85de1bc8?id=ADHUHR,"Thu, 17 Sep 2026 05:50:32 GMT",2026-09-21T00:17:02+00:00
https://villiers.ai/empty-legs/ktki-kuox-cessna-citation-ultra-2026-09-20-9fcc8177?id=ADHUHR,inactive,inactive,2026-09-19T17:49:50+00:00,2026-09-20T23:47:02+00:00,2026-09-21T00:17:02+00:00,"Cessna Citation Ultra | McKinney National Airport → University Oxford Airport | $3,870",,Cessna Citation Ultra,KTKI - McKinney National Airport,KTKI,,Mckinney Ntl Airport,Dallas,US,KUOX - University Oxford Airport,KUOX,UOX,University-Oxford Airport,Oxford,US,20 September 2026,2026-09-20,12:00,13:15,1h 16m,"$3,870",3870,USD,$,7,https://villiers.ai/empty-legs/ktki-kuox-cessna-citation-ultra-2026-09-20-9fcc8177?id=ADHUHR,https://villiers.ai/empty-legs/ktki-kuox-cessna-citation-ultra-2026-09-20-9fcc8177?id=ADHUHR,https://villiers.ai/empty-legs/ktki-kuox-cessna-citation-ultra-2026-09-20-9fcc8177?id=ADHUHR,"Tue, 15 Sep 2026 15:36:11 GMT",2026-09-21T00:17:02+00:00
https://villiers.ai/empty-legs/kama-khdn-cessna-citation-ultra-2026-09-21-bff8c52f?id=ADHUHR,inactive,inactive,2026-09-07T15:47:01+00:00,2026-09-21T23:47:02+00:00,2026-09-22T00:17:02+00:00,"Cessna Citation Ultra | Rick Husband Amarillo International Airport → Yampa Valley Airport | $5,590",,Cessna Citation Ultra,KAMA - Rick Husband Amarillo International Airport,KAMA,AMA,Rick Husband Amarillo International Airport,Amarillo,US,KHDN - Yampa Valley Airport,KHDN,HDN,Yampa Valley Airport,Hayden,US,21 September 2026,2026-09-21,12:00,13:22,1h 22m,"$5,590",5590,USD,$,7,https://villiers.ai/empty-legs/kama-khdn-cessna-citation-ultra-2026-09-21-bff8c52f?id=ADHUHR,https://villiers.ai/empty-legs/kama-khdn-cessna-citation-ultra-2026-09-21-bff8c52f?id=ADHUHR,https://villiers.ai/empty-legs/kama-khdn-cessna-citation-ultra-2026-09-21-bff8c52f?id=ADHUHR,"Mon, 07 Sep 2026 15:22:46 GMT",2026-09-22T00:17:02+00:00
https://villiers.ai/empty-legs/kbct-ktmb-citation-x-2026-09-21-fb7db75a?id=ADHUHR,inactive,inactive,2026-09-21T15:47:02+00:00,2026-09-21T23:47:02+00:00,2026-09-22T00:17:02+00:00,"Citation X | Boca Raton Airport → Miami Executive Airport | $8,600",,Citation X,KBCT - Boca Raton Airport,KBCT,BCT,Boca Raton Airport,Boca Raton,US,KTMB - Miami Executive Airport,KTMB,TMB,Miami Executive Airport,Miami,US,21 September 2026,2026-09-21,12:00,12:36,36m,"$8,600",8600,USD,$,12,https://villiers.ai/empty-legs/kbct-ktmb-citation-x-2026-09-21-fb7db75a?id=ADHUHR,https://villiers.ai/empty-legs/kbct-ktmb-citation-x-2026-09-21-fb7db75a?id=ADHUHR,https://villiers.ai/empty-legs/kbct-ktmb-citation-x-2026-09-21-fb7db75a?id=ADHUHR,"Mon, 21 Sep 2026 15:44:30 GMT",2026-09-22T00:17:02+00:00
https://villiers.ai/empty-legs/kbdl-khpn-citation-x-2026-09-21-bc889181?id=ADHUHR,inactive,inactive,2026-09-21T15:47:02+00:00,2026-09-21T23:47:02+00:00,2026-09-22T00:17:02+00:00,"Citation X | Bradley International Airport → Westchester County Airport | $8,600",,Citation X,KBDL - Bradley International Airport,KBDL,BDL,Bradley International Airport,Windsor Locks,US,KHPN - Westchester County Airport,KHPN,HPN,Westchester County Airport,White Plains,US,21 September 2026,2026-09-21,12:00,12:38,39m,"$8,600",8600,USD,$,12,https://villiers.ai/empty-legs/kbdl-khpn-citation-x-2026-09-21-bc889181?id=ADHUHR,https://villiers.ai/empty-legs/kbdl-khpn-citation-x-2026-09-21-bc889181?id=ADHUHR,https://villiers.ai/empty-legs/kbdl-khpn-citation-x-2026-09-21-bc889181?id=ADHUHR,"Mon, 21 Sep 2026 15:44:31 GMT",2026-09-22T00:17:02+00:00
https://villiers.ai/empty-legs/kbuy-kack-citation-x-2026-09-21-5aac2c0b?id=ADHUHR,inactive,inactive,2026-09-21T15:47:02+00:00,2026-09-21T23:47:02+00:00,2026-09-22T00:17:02+00:00,"Citation X | Burlington Alamance Regional Airport → Nantucket Memorial Airport | $9,675",,Citation X,KBUY - Burlington Alamance Regional Airport,KBUY,,Burlington/Alamance Regional Airport,Burlington,US,KACK - Nantucket Memorial Airport,KACK,ACK,Nantucket Memorial Airport,Nantucket,US,21 September 2026,2026-09-21,12:00,13:38,1h 39m,"$9,675",9675,USD,$,12,https://villiers.ai/empty-legs/kbuy-kack-citation-x-2026-09-21-5aac2c0b?id=ADHUHR,https://villiers.ai/empty-legs/kbuy-kack-citation-x-2026-09-21-5aac2c0b?id=ADHUHR,https://villiers.ai/empty-legs/kbuy-kack-citation-x-2026-09-21-5aac2c0b?id=ADHUHR,"Mon, 21 Sep 2026 15:44:31 GMT",2026-09-22T00:17:02+00:00
https://villiers.ai/empty-legs/kclt-kcid-citation-x-2026-09-21-4902e941?id=ADHUHR,inactive,inactive,2026-09-21T15:47:02+00:00,2026-09-21T23:47:02+00:00,2026-09-22T00:17:02+00:00,"Citation X | Charlotte Douglas International Airport → The Eastern Iowa Airport | $10,750",,Citation X,KCLT - Charlotte Douglas International Airport,KCLT,CLT,Charlotte/Douglas International Airport,Charlotte,US,KCID - The Eastern Iowa Airport,KCID,CID,The Eastern Iowa Airport,Cedar Rapids,US,21 September 2026,2026-09-21,12:00,13:52,1h 52m,"$10,750",10750,USD,$,12,https://villiers.ai/empty-legs/kclt-kcid-citation-x-2026-09-21-4902e941?id=ADHUHR,https://villiers.ai/empty-legs/kclt-kcid-citation-x-2026-09-21-4902e941?id=ADHUHR,https://villiers.ai/empty-legs/kclt-kcid-citation-x-2026-09-21-4902e941?id=ADHUHR,"Mon, 21 Sep 2026 15:44:32 GMT",2026-09-22T00:17:02+00:00
https://villiers.ai/empty-legs/kclt-khpn-citation-x-2026-09-21-4c61564f?id=ADHUHR,inactive,inactive,2026-09-21T15:47:02+00:00,2026-09-21T23:47:02+00:00,2026-09-22T00:17:02+00:00,"Citation X | Charlotte Douglas International Airport → Westchester County Airport | $9,675",,Citation X,KCLT - Charlotte Douglas International Airport,KCLT,CLT,Charlotte/Douglas International Airport,Charlotte,US,KHPN - Westchester County Airport,KHPN,HPN,Westchester County Airport,White Plains,US,21 September 2026,2026-09-21,12:00,13:32,1h 33m,"$9,675",9675,USD,$,12,https://villiers.ai/empty-legs/kclt-khpn-citation-x-2026-09-21-4c61564f?id=ADHUHR,https://villiers.ai/empty-legs/kclt-khpn-citation-x-2026-09-21-4c61564f?id=ADHUHR,https://villiers.ai/empty-legs/kclt-khpn-citation-x-2026-09-21-4c61564f?id=ADHUHR,"Mon, 21 Sep 2026 15:44:32 GMT",2026-09-22T00:17:02+00:00
https://villiers.ai/empty-legs/kdec-kyng-citation-x-2026-09-21-d7eccdc7?id=ADHUHR,inactive,inactive,2026-09-21T15:47:02+00:00,2026-09-21T23:47:02+00:00,2026-09-22T00:17:02+00:00,"Citation X | Decatur Airport → Youngstown Warren Regional Airport | $8,600",,Citation X,KDEC - Decatur Airport,KDEC,DEC,Decatur Airport,Decatur,US,KYNG - Youngstown Warren Regional Airport,KYNG,YNG,Youngstown/Warren Regional Airport,Youngstown/Warren,US,21 September 2026,2026-09-21,12:00,13:18,1h 19m,"$8,600",8600,USD,$,12,https://villiers.ai/empty-legs/kdec-kyng-citation-x-2026-09-21-d7eccdc7?id=ADHUHR,https://villiers.ai/empty-legs/kdec-kyng-citation-x-2026-09-21-d7eccdc7?id=ADHUHR,https://villiers.ai/empty-legs/kdec-kyng-citation-x-2026-09-21-d7eccdc7?id=ADHUHR,"Mon, 21 Sep 2026 15:44:32 GMT",2026-09-22T00:17:02+00:00
https://villiers.ai/empty-legs/kdfw-mmpr-citation-x-2026-09-21-46f9a65f?id=ADHUHR,inactive,inactive,2026-09-21T15:47:02+00:00,2026-09-21T23:47:02+00:00,2026-09-22T00:17:02+00:00,"Citation X | Dallas Fort Worth International Airport → Puerto Vallarta International Airport | $19,350",,Citation X,KDFW - Dallas Fort Worth International Airport,KDFW,DFW,Dallas-Fort Worth International Airport,Dallas-Fort Worth,US,MMPR - Puerto Vallarta International Airport,MMPR,PVR,Licenciado Gustavo Diaz Ordaz International Airport,Puerto Vallarta,MX,21 September 2026,2026-09-21,12:00,14:19,2h 19m,"$19,350",19350,USD,$,12,https://villiers.ai/empty-legs/kdfw-mmpr-citation-x-2026-09-21-46f9a65f?id=ADHUHR,https://villiers.ai/empty-legs/kdfw-mmpr-citation-x-2026-09-21-46f9a65f?id=ADHUHR,https://villiers.ai/empty-legs/kdfw-mmpr-citation-x-2026-09-21-46f9a65f?id=ADHUHR,"Mon, 21 Sep 2026 15:44:33 GMT",2026-09-22T00:17:02+00:00
https://villiers.ai/empty-legs/kgvl-khou-citation-x-2026-09-21-88e1a668?id=ADHUHR,inactive,inactive,2026-09-21T15:47:02+00:00,2026-09-21T23:47:02+00:00,2026-09-22T00:17:02+00:00,"Citation X | Lee Gilmer Memorial Airport → William P. Hobby Airport | $9,675",,Citation X,KGVL - Lee Gilmer Memorial Airport,KGVL,GVL,Lee Gilmer Memorial Airport,Gainesville,US,KHOU - William P. Hobby Airport,KHOU,HOU,William P Hobby Airport,Houston,US,21 September 2026,2026-09-21,12:00,13:52,1h 52m,"$9,675",9675,USD,$,12,https://villiers.ai/empty-legs/kgvl-khou-citation-x-2026-09-21-88e1a668?id=ADHUHR,https://villiers.ai/empty-legs/kgvl-khou-citation-x-2026-09-21-88e1a668?id=ADHUHR,https://villiers.ai/empty-legs/kgvl-khou-citation-x-2026-09-21-88e1a668?id=ADHUHR,"Mon, 21 Sep 2026 15:44:33 GMT",2026-09-22T00:17:02+00:00
https://villiers.ai/empty-legs/kjyo-khpn-citation-x-2026-09-21-f8c3bcf6?id=ADHUHR,inactive,inactive,2026-09-21T15:47:02+00:00,2026-09-21T23:47:02+00:00,2026-09-22T00:17:02+00:00,"Citation X | Leesburg Executive Airport → Westchester County Airport | $8,600",,Citation X,KJYO - Leesburg Executive Airport,KJYO,,Leesburg Executive Airport,Leesburg,US,KHPN - Westchester County Airport,KHPN,HPN,Westchester County Airport,White Plains,US,21 September 2026,2026-09-21,12:00,12:57,57m,"$8,600",8600,USD,$,12,https://villiers.ai/empty-legs/kjyo-khpn-citation-x-2026-09-21-f8c3bcf6?id=ADHUHR,https://villiers.ai/empty-legs/kjyo-khpn-citation-x-2026-09-21-f8c3bcf6?id=ADHUHR,https://villiers.ai/empty-legs/kjyo-khpn-citation-x-2026-09-21-f8c3bcf6?id=ADHUHR,"Mon, 21 Sep 2026 15:44:34 GMT",2026-09-22T00:17:02+00:00
https://villiers.ai/empty-legs/kluv-khou-cessna-citation-ultra-2026-09-21-1cc7ca7c?id=ADHUHR,inactive,inactive,2026-09-19T17:49:50+00:00,2026-09-21T23:47:02+00:00,2026-09-22T00:17:02+00:00,"Cessna Citation Ultra | KLUV → William P. Hobby Airport | $4,193",,Cessna Citation Ultra,KLUV - KLUV,KLUV,,Lamesa Municipal Airport,Lamesa,US,KHOU - William P. Hobby Airport,KHOU,HOU,William P Hobby Airport,Houston,US,21 September 2026,2026-09-21,12:00,,,"$4,193",4193,USD,$,7,https://villiers.ai/empty-legs/kluv-khou-cessna-citation-ultra-2026-09-21-1cc7ca7c?id=ADHUHR,https://villiers.ai/empty-legs/kluv-khou-cessna-citation-ultra-2026-09-21-1cc7ca7c?id=ADHUHR,https://villiers.ai/empty-legs/kluv-khou-cessna-citation-ultra-2026-09-21-1cc7ca7c?id=ADHUHR,"Tue, 15 Sep 2026 15:36:11 GMT",2026-09-22T00:17:02+00:00
https://villiers.ai/empty-legs/kmaf-khou-cessna-citation-ultra-2026-09-21-c6c8787f?id=ADHUHR,inactive,inactive,2026-09-02T15:47:02+00:00,2026-09-21T23:47:02+00:00,2026-09-22T00:17:02+00:00,"Cessna Citation Ultra | Midland International Air and Space Port → William P. Hobby Airport | $4,193",,Cessna Citation Ultra,KMAF - Midland International Air and Space Port,KMAF,MAF,Midland International Air And Space Port Airport,Midland,US,KHOU - William P. Hobby Airport,KHOU,HOU,William P Hobby Airport,Houston,US,21 September 2026,2026-09-21,12:00,13:18,1h 19m,"$4,193",4193,USD,$,7,https://villiers.ai/empty-legs/kmaf-khou-cessna-citation-ultra-2026-09-21-c6c8787f?id=ADHUHR,https://villiers.ai/empty-legs/kmaf-khou-cessna-citation-ultra-2026-09-21-c6c8787f?id=ADHUHR,https://villiers.ai/empty-legs/kmaf-khou-cessna-citation-ultra-2026-09-21-c6c8787f?id=ADHUHR,"Wed, 02 Sep 2026 15:34:27 GMT",2026-09-22T00:17:02+00:00
https://villiers.ai/empty-legs/kmdh-kapa-challenger-300-2026-09-21-a5715cb2?id=ADHUHR,inactive,inactive,2026-09-21T15:47:02+00:00,2026-09-21T23:47:02+00:00,2026-09-22T00:17:02+00:00,"Challenger 300 | Southern Illinois Airport → Centennial Airport | $10,750",,Challenger 300,KMDH - Southern Illinois Airport,KMDH,MDH,Southern Illinois Airport,Carbondale/Murphysboro,US,KAPA - Centennial Airport,KAPA,APA,Centennial Airport,Denver,US,21 September 2026,2026-09-21,12:00,14:04,2h 4m,"$10,750",10750,USD,$,10,https://villiers.ai/empty-legs/kmdh-kapa-challenger-300-2026-09-21-a5715cb2?id=ADHUHR,https://villiers.ai/empty-legs/kmdh-kapa-challenger-300-2026-09-21-a5715cb2?id=ADHUHR,https://villiers.ai/empty-legs/kmdh-kapa-challenger-300-2026-09-21-a5715cb2?id=ADHUHR,"Mon, 21 Sep 2026 15:44:26 GMT",2026-09-22T00:17:02+00:00
https://villiers.ai/empty-legs/kmry-knuq-citation-x-2026-09-21-2ab72599?id=ADHUHR,inactive,inactive,2026-09-21T15:47:02+00:00,2026-09-21T23:47:02+00:00,2026-09-22T00:17:02+00:00,"Citation X | Monterey Peninsula Airport → Moffett Federal Airfield | $8,600",,Citation X,KMRY - Monterey Peninsula Airport,KMRY,MRY,Monterey Regional Airport,Monterey,US,KNUQ - Moffett Federal Airfield,KNUQ,NUQ,Moffett Federal Airfield,Mountain View,US,21 September 2026,2026-09-21,12:00,12:36,36m,"$8,600",8600,USD,$,12,https://villiers.ai/empty-legs/kmry-knuq-citation-x-2026-09-21-2ab72599?id=ADHUHR,https://villiers.ai/empty-legs/kmry-knuq-citation-x-2026-09-21-2ab72599?id=ADHUHR,https://villiers.ai/empty-legs/kmry-knuq-citation-x-2026-09-21-2ab72599?id=ADHUHR,"Mon, 21 Sep 2026 15:44:39 GMT",2026-09-22T00:17:02+00:00
https://villiers.ai/empty-legs/kopf-tisx-citation-x-2026-09-21-3503435d?id=ADHUHR,inactive,inactive,2026-09-21T15:47:02+00:00,2026-09-21T23:47:02+00:00,2026-09-22T00:17:02+00:00,"Citation X | Miami-Opa Locka Executive Airport → Henry E Rohlsen Airport | $16,125",,Citation X,KOPF - Miami-Opa Locka Executive Airport,KOPF,OPF,Miami-Opa Locka Executive Airport,Miami,US,TISX - Henry E Rohlsen Airport,TISX,STX,Henry E Rohlsen Airport,Christiansted,US,21 September 2026,2026-09-21,12:00,14:36,2h 37m,"$16,125",16125,USD,$,12,https://villiers.ai/empty-legs/kopf-tisx-citation-x-2026-09-21-3503435d?id=ADHUHR,https://villiers.ai/empty-legs/kopf-tisx-citation-x-2026-09-21-3503435d?id=ADHUHR,https://villiers.ai/empty-legs/kopf-tisx-citation-x-2026-09-21-3503435d?id=ADHUHR,"Mon, 21 Sep 2026 15:44:30 GMT",2026-09-22T00:17:02+00:00
https://villiers.ai/empty-legs/kpdx-kcrq-cessna-citation-cj3-2026-09-21-68a7fe67?id=ADHUHR,inactive,inactive,2026-09-19T17:49:50+00:00,2026-09-21T23:47:02+00:00,2026-09-22T00:17:02+00:00,"Cessna Citation CJ3 | Portland International Airport → McClellan-Palomar Airport | $8,600",,Cessna Citation CJ3,KPDX - Portland International Airport,KPDX,PDX,Portland International Airport,Portland,US,KCRQ - McClellan-Palomar Airport,KCRQ,CLD,Mc Clellan-Palomar Airport,Carlsbad,US,21 September 2026,2026-09-21,12:00,14:10,2h 11m,"$8,600",8600,USD,$,7,https://villiers.ai/empty-legs/kpdx-kcrq-cessna-citation-cj3-2026-09-21-68a7fe67?id=ADHUHR,https://villiers.ai/empty-legs/kpdx-kcrq-cessna-citation-cj3-2026-09-21-68a7fe67?id=ADHUHR,https://villiers.ai/empty-legs/kpdx-kcrq-cessna-citation-cj3-2026-09-21-68a7fe67?id=ADHUHR,"Thu, 17 Sep 2026 05:50:32 GMT",2026-09-22T00:17:02+00:00
https://villiers.ai/empty-legs/ksna-ksjc-citation-x-2026-09-21-edc14aac?id=ADHUHR,inactive,inactive,2026-09-21T15:47:02+00:00,2026-09-21T23:47:02+00:00,2026-09-22T00:17:02+00:00,"Citation X | John Wayne Orange County International Airport → San Jose International Airport | $8,600",,Citation X,KSNA - John Wayne Orange County International Airport,KSNA,SNA,John Wayne/Orange County Airport,Santa Ana,US,KSJC - San Jose International Airport,KSJC,SJC,Mineta San Jose International Airport,San Jose,US,21 September 2026,2026-09-21,12:00,13:07,1h 8m,"$8,600",8600,USD,$,12,https://villiers.ai/empty-legs/ksna-ksjc-citation-x-2026-09-21-edc14aac?id=ADHUHR,https://villiers.ai/empty-legs/ksna-ksjc-citation-x-2026-09-21-edc14aac?id=ADHUHR,https://villiers.ai/empty-legs/ksna-ksjc-citation-x-2026-09-21-edc14aac?id=ADHUHR,"Mon, 21 Sep 2026 15:44:40 GMT",2026-09-22T00:17:02+00:00
https://villiers.ai/empty-legs/kteb-kbed-citation-x-2026-09-21-c3e05fb7?id=ADHUHR,inactive,inactive,2026-09-21T15:47:02+00:00,2026-09-21T23:47:02+00:00,2026-09-22T00:17:02+00:00,"Citation X | Teterboro Airport → Laurence G Hanscom Field | $8,600",,Citation X,KTEB - Teterboro Airport,KTEB,TEB,Teterboro Airport,Teterboro,US,KBED - Laurence G Hanscom Field,KBED,BED,Laurence G Hanscom Field,Bedford,US,21 September 2026,2026-09-21,12:00,12:50,50m,"$8,600",8600,USD,$,12,https://villiers.ai/empty-legs/kteb-kbed-citation-x-2026-09-21-c3e05fb7?id=ADHUHR,https://villiers.ai/empty-legs/kteb-kbed-citation-x-2026-09-21-c3e05fb7?id=ADHUHR,https://villiers.ai/empty-legs/kteb-kbed-citation-x-2026-09-21-c3e05fb7?id=ADHUHR,"Mon, 21 Sep 2026 15:44:30 GMT",2026-09-22T00:17:02+00:00
https://villiers.ai/empty-legs/txkf-kteb-citation-x-2026-09-21-752a9313?id=ADHUHR,inactive,inactive,2026-09-21T15:47:02+00:00,2026-09-21T23:47:02+00:00,2026-09-22T00:17:02+00:00,"Citation X | L.F. Wade International Airport → Teterboro Airport | $16,125",,Citation X,TXKF - L.F. Wade International Airport,TXKF,BDA,L.F. Wade International International Airport,Hamilton,BM,KTEB - Teterboro Airport,KTEB,TEB,Teterboro Airport,Teterboro,US,21 September 2026,2026-09-21,12:00,13:56,1h 57m,"$16,125",16125,USD,$,12,https://villiers.ai/empty-legs/txkf-kteb-citation-x-2026-09-21-752a9313?id=ADHUHR,https://villiers.ai/empty-legs/txkf-kteb-citation-x-2026-09-21-752a9313?id=ADHUHR,https://villiers.ai/empty-legs/txkf-kteb-citation-x-2026-09-21-752a9313?id=ADHUHR,"Mon, 21 Sep 2026 15:44:31 GMT",2026-09-22T00:17:02+00:00
https://villiers.ai/empty-legs/eggw-lfpb-aircraft-2026-09-22-64acf40b?id=ADHUHR,inactive,inactive,2026-08-14T18:47:02+00:00,2026-09-22T23:47:02+00:00,2026-09-23T00:17:02+00:00,"Private Jet | London Luton Airport → Paris Le Bourget Airport | £10,213",,Private Jet,EGGW - London Luton Airport,EGGW,LTN,London Luton Airport,London,GB,LFPB - Paris Le Bourget Airport,LFPB,LBG,Paris-Le Bourget Airport,Paris,FR,22 September 2026,2026-09-22,12:00,12:56,56m,"£10,213",10213,GBP,£,10,https://villiers.ai/empty-legs/eggw-lfpb-aircraft-2026-09-22-64acf40b?id=ADHUHR,https://villiers.ai/empty-legs/eggw-lfpb-aircraft-2026-09-22-64acf40b?id=ADHUHR,https://villiers.ai/empty-legs/eggw-lfpb-aircraft-2026-09-22-64acf40b?id=ADHUHR,"Fri, 14 Aug 2026 18:19:46 GMT",2026-09-23T00:17:02+00:00
https://villiers.ai/empty-legs/kack-kfrg-citation-x-2026-09-22-3aefb3d3?id=ADHUHR,inactive,inactive,2026-09-22T16:47:02+00:00,2026-09-22T23:47:02+00:00,2026-09-23T00:17:02+00:00,"Citation X | Nantucket Memorial Airport → Republic Airport | $8,600",,Citation X,KACK - Nantucket Memorial Airport,KACK,ACK,Nantucket Memorial Airport,Nantucket,US,KFRG - Republic Airport,KFRG,FRG,Republic Airport,Farmingdale,US,22 September 2026,2026-09-22,12:00,12:49,50m,"$8,600",8600,USD,$,12,https://villiers.ai/empty-legs/kack-kfrg-citation-x-2026-09-22-3aefb3d3?id=ADHUHR,https://villiers.ai/empty-legs/kack-kfrg-citation-x-2026-09-22-3aefb3d3?id=ADHUHR,https://villiers.ai/empty-legs/kack-kfrg-citation-x-2026-09-22-3aefb3d3?id=ADHUHR,"Tue, 22 Sep 2026 16:41:40 GMT",2026-09-23T00:17:02+00:00
https://villiers.ai/empty-legs/kack-kteb-citation-x-2026-09-22-25413d11?id=ADHUHR,inactive,inactive,2026-09-21T15:47:02+00:00,2026-09-22T23:47:02+00:00,2026-09-23T00:17:02+00:00,"Citation X | Nantucket Memorial Airport → Teterboro Airport | $8,600",,Citation X,KACK - Nantucket Memorial Airport,KACK,ACK,Nantucket Memorial Airport,Nantucket,US,KTEB - Teterboro Airport,KTEB,TEB,Teterboro Airport,Teterboro,US,22 September 2026,2026-09-22,12:00,12:53,53m,"$8,600",8600,USD,$,12,https://villiers.ai/empty-legs/kack-kteb-citation-x-2026-09-22-25413d11?id=ADHUHR,https://villiers.ai/empty-legs/kack-kteb-citation-x-2026-09-22-25413d11?id=ADHUHR,https://villiers.ai/empty-legs/kack-kteb-citation-x-2026-09-22-25413d11?id=ADHUHR,"Mon, 21 Sep 2026 15:44:41 GMT",2026-09-23T00:17:02+00:00
https://villiers.ai/empty-legs/kads-kaus-citation-x-2026-09-22-af33d643?id=ADHUHR,inactive,inactive,2026-09-21T15:47:02+00:00,2026-09-22T23:47:02+00:00,2026-09-23T00:17:02+00:00,"Citation X | Addison Airport → Austin Bergstrom International Airport | $8,600",,Citation X,KADS - Addison Airport,KADS,ADS,Addison Airport,Dallas,US,KAUS - Austin Bergstrom International Airport,KAUS,AUS,Austin-Bergstrom International Airport,Austin,US,22 September 2026,2026-09-22,12:00,12:51,52m,"$8,600",8600,USD,$,12,https://villiers.ai/empty-legs/kads-kaus-citation-x-2026-09-22-af33d643?id=ADHUHR,https://villiers.ai/empty-legs/kads-kaus-citation-x-2026-09-22-af33d643?id=ADHUHR,https://villiers.ai/empty-legs/kads-kaus-citation-x-2026-09-22-af33d643?id=ADHUHR,"Mon, 21 Sep 2026 15:44:41 GMT",2026-09-23T00:17:02+00:00
https://villiers.ai/empty-legs/kama-kads-cessna-citation-ultra-2026-09-22-68ef4021?id=ADHUHR,inactive,inactive,2026-09-04T00:17:02+00:00,2026-09-22T23:47:02+00:00,2026-09-23T00:17:02+00:00,"Cessna Citation Ultra | Rick Husband Amarillo International Airport → Addison Airport | $3,118",,Cessna Citation Ultra,KAMA - Rick Husband Amarillo International Airport,KAMA,AMA,Rick Husband Amarillo International Airport,Amarillo,US,KADS - Addison Airport,KADS,ADS,Addison Airport,Dallas,US,22 September 2026,2026-09-22,12:00,13:05,1h 5m,"$3,118",3118,USD,$,7,https://villiers.ai/empty-legs/kama-kads-cessna-citation-ultra-2026-09-22-68ef4021?id=ADHUHR,https://villiers.ai/empty-legs/kama-kads-cessna-citation-ultra-2026-09-22-68ef4021?id=ADHUHR,https://villiers.ai/empty-legs/kama-kads-cessna-citation-ultra-2026-09-22-68ef4021?id=ADHUHR,"Thu, 03 Sep 2026 17:43:59 GMT",2026-09-23T00:17:02+00:00
https://villiers.ai/empty-legs/kapc-ksfo-citation-x-2026-09-22-b9b0a099?id=ADHUHR,inactive,inactive,2026-09-21T15:47:02+00:00,2026-09-22T23:47:02+00:00,2026-09-23T00:17:02+00:00,"Citation X | Napa County Airport → San Francisco International Airport | $8,600",,Citation X,KAPC - Napa County Airport,KAPC,APC,Napa County Airport,Napa,US,KSFO - San Francisco International Airport,KSFO,SFO,San Francisco International Airport,San Francisco,US,22 September 2026,2026-09-22,12:00,12:34,35m,"$8,600",8600,USD,$,12,https://villiers.ai/empty-legs/kapc-ksfo-citation-x-2026-09-22-b9b0a099?id=ADHUHR,https://villiers.ai/empty-legs/kapc-ksfo-citation-x-2026-09-22-b9b0a099?id=ADHUHR,https://villiers.ai/empty-legs/kapc-ksfo-citation-x-2026-09-22-b9b0a099?id=ADHUHR,"Mon, 21 Sep 2026 15:44:42 GMT",2026-09-23T00:17:02+00:00
https://villiers.ai/empty-legs/kaus-khou-cessna-citation-v-2026-09-22-cfd44a58?id=ADHUHR,inactive,inactive,2026-08-25T00:47:01+00:00,2026-09-22T23:47:02+00:00,2026-09-23T00:17:02+00:00,"Cessna Citation V | Austin Bergstrom International Airport → William P. Hobby Airport | $2,150",,Cessna Citation V,KAUS - Austin Bergstrom International Airport,KAUS,AUS,Austin-Bergstrom International Airport,Austin,US,KHOU - William P. Hobby Airport,KHOU,HOU,William P Hobby Airport,Houston,US,22 September 2026,2026-09-22,12:00,12:46,46m,"$2,150",2150,USD,$,7,https://villiers.ai/empty-legs/kaus-khou-cessna-citation-v-2026-09-22-cfd44a58?id=ADHUHR,https://villiers.ai/empty-legs/kaus-khou-cessna-citation-v-2026-09-22-cfd44a58?id=ADHUHR,https://villiers.ai/empty-legs/kaus-khou-cessna-citation-v-2026-09-22-cfd44a58?id=ADHUHR,"Tue, 25 Aug 2026 00:33:49 GMT",2026-09-23T00:17:02+00:00
https://villiers.ai/empty-legs/kaus-kvny-citation-x-2026-09-22-511df583?id=ADHUHR,inactive,inactive,2026-09-22T16:47:02+00:00,2026-09-22T23:47:02+00:00,2026-09-23T00:17:02+00:00,"Citation X | Austin Bergstrom International Airport → Van Nuys Airport | $12,900",,Citation X,KAUS - Austin Bergstrom International Airport,KAUS,AUS,Austin-Bergstrom International Airport,Austin,US,KVNY - Van Nuys Airport,KVNY,VNY,Van Nuys Airport,Van Nuys,US,22 September 2026,2026-09-22,12:00,14:48,2h 48m,"$12,900",12900,USD,$,12,https://villiers.ai/empty-legs/kaus-kvny-citation-x-2026-09-22-511df583?id=ADHUHR,https://villiers.ai/empty-legs/kaus-kvny-citation-x-2026-09-22-511df583?id=ADHUHR,https://villiers.ai/empty-legs/kaus-kvny-citation-x-2026-09-22-511df583?id=ADHUHR,"Tue, 22 Sep 2026 16:41:41 GMT",2026-09-23T00:17:02+00:00
https://villiers.ai/empty-legs/kbed-khzl-citation-x-2026-09-22-234b33c8?id=ADHUHR,inactive,inactive,2026-09-22T16:47:02+00:00,2026-09-22T23:47:02+00:00,2026-09-23T00:17:02+00:00,"Citation X | Laurence G Hanscom Field → Hazleton Municipal Airport | $8,600",,Citation X,KBED - Laurence G Hanscom Field,KBED,BED,Laurence G Hanscom Field,Bedford,US,KHZL - Hazleton Municipal Airport,KHZL,HZL,Hazleton Regional Airport,Hazleton,US,22 September 2026,2026-09-22,12:00,12:59,59m,"$8,600",8600,USD,$,12,https://villiers.ai/empty-legs/kbed-khzl-citation-x-2026-09-22-234b33c8?id=ADHUHR,https://villiers.ai/empty-legs/kbed-khzl-citation-x-2026-09-22-234b33c8?id=ADHUHR,https://villiers.ai/empty-legs/kbed-khzl-citation-x-2026-09-22-234b33c8?id=ADHUHR,"Tue, 22 Sep 2026 16:41:42 GMT",2026-09-23T00:17:02+00:00
https://villiers.ai/empty-legs/kcho-ksrb-challenger-300-2026-09-22-3f1a92a5?id=ADHUHR,inactive,inactive,2026-09-21T15:47:02+00:00,2026-09-22T23:47:02+00:00,2026-09-23T00:17:02+00:00,"Challenger 300 | Charlottesville Albemarle Airport → Upper Cumberland Regional Airport | $8,600",,Challenger 300,KCHO - Charlottesville Albemarle Airport,KCHO,CHO,Charlottesville-Albemarle Airport,Charlottesville,US,KSRB - Upper Cumberland Regional Airport,KSRB,,Upper Cumberland Regional Airport,Sparta,US,22 September 2026,2026-09-22,12:00,13:16,1h 16m,"$8,600",8600,USD,$,10,https://villiers.ai/empty-legs/kcho-ksrb-challenger-300-2026-09-22-3f1a92a5?id=ADHUHR,https://villiers.ai/empty-legs/kcho-ksrb-challenger-300-2026-09-22-3f1a92a5?id=ADHUHR,https://villiers.ai/empty-legs/kcho-ksrb-challenger-300-2026-09-22-3f1a92a5?id=ADHUHR,"Mon, 21 Sep 2026 15:44:27 GMT",2026-09-23T00:17:02+00:00
https://villiers.ai/empty-legs/kcho-kteb-challenger-300-2026-09-22-900ab699?id=ADHUHR,inactive,inactive,2026-09-22T16:47:02+00:00,2026-09-22T23:47:02+00:00,2026-09-23T00:17:02+00:00,"Challenger 300 | Charlottesville Albemarle Airport → Teterboro Airport | $9,675",,Challenger 300,KCHO - Charlottesville Albemarle Airport,KCHO,CHO,Charlottesville-Albemarle Airport,Charlottesville,US,KTEB - Teterboro Airport,KTEB,TEB,Teterboro Airport,Teterboro,US,22 September 2026,2026-09-22,12:00,13:03,1h 3m,"$9,675",9675,USD,$,10,https://villiers.ai/empty-legs/kcho-kteb-challenger-300-2026-09-22-900ab699?id=ADHUHR,https://villiers.ai/empty-legs/kcho-kteb-challenger-300-2026-09-22-900ab699?id=ADHUHR,https://villiers.ai/empty-legs/kcho-kteb-challenger-300-2026-09-22-900ab699?id=ADHUHR,"Tue, 22 Sep 2026 16:41:25 GMT",2026-09-23T00:17:02+00:00
https://villiers.ai/empty-legs/kdal-kase-citation-x-2026-09-22-adfadc37?id=ADHUHR,inactive,inactive,2026-09-22T16:47:02+00:00,2026-09-22T23:47:02+00:00,2026-09-23T00:17:02+00:00,"Citation X | Dallas Love Field → Aspen-Pitkin County Airport (Sardy Field) | $10,750",,Citation X,KDAL - Dallas Love Field,KDAL,DAL,Dallas Love Field,Dallas,US,KASE - Aspen-Pitkin County Airport (Sardy Field),KASE,ASE,Aspen-Pitkin County/Sardy Field,Aspen,US,22 September 2026,2026-09-22,12:00,13:48,1h 49m,"$10,750",10750,USD,$,12,https://villiers.ai/empty-legs/kdal-kase-citation-x-2026-09-22-adfadc37?id=ADHUHR,https://villiers.ai/empty-legs/kdal-kase-citation-x-2026-09-22-adfadc37?id=ADHUHR,https://villiers.ai/empty-legs/kdal-kase-citation-x-2026-09-22-adfadc37?id=ADHUHR,"Tue, 22 Sep 2026 16:41:43 GMT",2026-09-23T00:17:02+00:00
https://villiers.ai/empty-legs/kdal-kaus-citation-x-2026-09-22-a7f692cb?id=ADHUHR,inactive,inactive,2026-09-21T15:47:02+00:00,2026-09-22T23:47:02+00:00,2026-09-23T00:17:02+00:00,"Citation X | Dallas Love Field → Austin Bergstrom International Airport | $8,600",,Citation X,KDAL - Dallas Love Field,KDAL,DAL,Dallas Love Field,Dallas,US,KAUS - Austin Bergstrom International Airport,KAUS,AUS,Austin-Bergstrom International Airport,Austin,US,22 September 2026,2026-09-22,12:00,12:50,51m,"$8,600",8600,USD,$,12,https://villiers.ai/empty-legs/kdal-kaus-citation-x-2026-09-22-a7f692cb?id=ADHUHR,https://villiers.ai/empty-legs/kdal-kaus-citation-x-2026-09-22-a7f692cb?id=ADHUHR,https://villiers.ai/empty-legs/kdal-kaus-citation-x-2026-09-22-a7f692cb?id=ADHUHR,"Mon, 21 Sep 2026 15:44:42 GMT",2026-09-23T00:17:02+00:00
https://villiers.ai/empty-legs/kdal-kiws-pilatus-pc-12-ng-2026-09-22-cc6441d3?id=ADHUHR,inactive,inactive,2026-09-19T17:49:50+00:00,2026-09-22T23:47:02+00:00,2026-09-23T00:17:02+00:00,"Pilatus PC 12 NG | Dallas Love Field → West Houston Airport | $2,580",,Pilatus PC 12 NG,KDAL - Dallas Love Field,KDAL,DAL,Dallas Love Field,Dallas,US,KIWS - West Houston Airport,KIWS,IWS,West Houston Airport,Houston,US,22 September 2026,2026-09-22,12:00,12:54,54m,"$2,580",2580,USD,$,7,https://villiers.ai/empty-legs/kdal-kiws-pilatus-pc-12-ng-2026-09-22-cc6441d3?id=ADHUHR,https://villiers.ai/empty-legs/kdal-kiws-pilatus-pc-12-ng-2026-09-22-cc6441d3?id=ADHUHR,https://villiers.ai/empty-legs/kdal-kiws-pilatus-pc-12-ng-2026-09-22-cc6441d3?id=ADHUHR,"Fri, 18 Sep 2026 19:25:31 GMT",2026-09-23T00:17:02+00:00
https://villiers.ai/empty-legs/kdfw-mmpr-citation-x-2026-09-22-dc199f1b?id=ADHUHR,inactive,inactive,2026-09-21T15:47:02+00:00,2026-09-22T23:47:02+00:00,2026-09-23T00:17:02+00:00,"Citation X | Dallas Fort Worth International Airport → Puerto Vallarta International Airport | $19,350",,Citation X,KDFW - Dallas Fort Worth International Airport,KDFW,DFW,Dallas-Fort Worth International Airport,Dallas-Fort Worth,US,MMPR - Puerto Vallarta International Airport,MMPR,PVR,Licenciado Gustavo Diaz Ordaz International Airport,Puerto Vallarta,MX,22 September 2026,2026-09-22,12:00,14:19,2h 19m,"$19,350",19350,USD,$,12,https://villiers.ai/empty-legs/kdfw-mmpr-citation-x-2026-09-22-dc199f1b?id=ADHUHR,https://villiers.ai/empty-legs/kdfw-mmpr-citation-x-2026-09-22-dc199f1b?id=ADHUHR,https://villiers.ai/empty-legs/kdfw-mmpr-citation-x-2026-09-22-dc199f1b?id=ADHUHR,"Mon, 21 Sep 2026 15:44:42 GMT",2026-09-23T00:17:02+00:00
https://villiers.ai/empty-legs/kdjt-kapf-citation-x-2026-09-22-fcea4b3a?id=ADHUHR,inactive,inactive,2026-09-21T15:47:02+00:00,2026-09-22T23:47:02+00:00,2026-09-23T00:17:02+00:00,"Citation X | President Donald J. Trump International Airport → Naples Municipal Airport | $8,600",,Citation X,KDJT - President Donald J. Trump International Airport,KDJT,PBI,President Donald J Trump International Airport,West Palm Beach,US,KAPF - Naples Municipal Airport,KAPF,APF,Naples Municipal Airport,Naples,US,22 September 2026,2026-09-22,12:00,12:42,42m,"$8,600",8600,USD,$,12,https://villiers.ai/empty-legs/kdjt-kapf-citation-x-2026-09-22-fcea4b3a?id=ADHUHR,https://villiers.ai/empty-legs/kdjt-kapf-citation-x-2026-09-22-fcea4b3a?id=ADHUHR,https://villiers.ai/empty-legs/kdjt-kapf-citation-x-2026-09-22-fcea4b3a?id=ADHUHR,"Mon, 21 Sep 2026 15:44:43 GMT",2026-09-23T00:17:02+00:00
https://villiers.ai/empty-legs/kgvl-kabe-citation-x-2026-09-22-ccca07ca?id=ADHUHR,inactive,inactive,2026-09-22T16:47:02+00:00,2026-09-22T23:47:02+00:00,2026-09-23T00:17:02+00:00,"Citation X | Lee Gilmer Memorial Airport → Lehigh Valley International Airport | $9,675",,Citation X,KGVL - Lee Gilmer Memorial Airport,KGVL,GVL,Lee Gilmer Memorial Airport,Gainesville,US,KABE - Lehigh Valley International Airport,KABE,ABE,Lehigh Valley International Airport,Allentown,US,22 September 2026,2026-09-22,12:00,13:40,1h 41m,"$9,675",9675,USD,$,12,https://villiers.ai/empty-legs/kgvl-kabe-citation-x-2026-09-22-ccca07ca?id=ADHUHR,https://villiers.ai/empty-legs/kgvl-kabe-citation-x-2026-09-22-ccca07ca?id=ADHUHR,https://villiers.ai/empty-legs/kgvl-kabe-citation-x-2026-09-22-ccca07ca?id=ADHUHR,"Tue, 22 Sep 2026 16:41:44 GMT",2026-09-23T00:17:02+00:00
https://villiers.ai/empty-legs/khou-klas-cessna-citation-v-2026-09-22-72194246?id=ADHUHR,inactive,inactive,2026-08-25T00:47:01+00:00,2026-09-22T23:47:02+00:00,2026-09-23T00:17:02+00:00,"Cessna Citation V | William P. Hobby Airport → Harry Reid International Airport | $13,115",,Cessna Citation V,KHOU - William P. Hobby Airport,KHOU,HOU,William P Hobby Airport,Houston,US,KLAS - Harry Reid International Airport,KLAS,LAS,Harry Reid International Airport,Las Vegas,US,22 September 2026,2026-09-22,12:00,14:46,2h 47m,"$13,115",13115,USD,$,7,https://villiers.ai/empty-legs/khou-klas-cessna-citation-v-2026-09-22-72194246?id=ADHUHR,https://villiers.ai/empty-legs/khou-klas-cessna-citation-v-2026-09-22-72194246?id=ADHUHR,https://villiers.ai/empty-legs/khou-klas-cessna-citation-v-2026-09-22-72194246?id=ADHUHR,"Tue, 25 Aug 2026 00:33:49 GMT",2026-09-23T00:17:02+00:00
https://villiers.ai/empty-legs/khou-kmmu-challenger-300-2026-09-22-bab7c78b?id=ADHUHR,inactive,inactive,2026-09-21T15:47:02+00:00,2026-09-22T23:47:02+00:00,2026-09-23T00:17:02+00:00,"Challenger 300 | William P. Hobby Airport → Morristown Municipal Airport | $17,200",,Challenger 300,KHOU - William P. Hobby Airport,KHOU,HOU,William P Hobby Airport,Houston,US,KMMU - Morristown Municipal Airport,KMMU,MMU,Morristown Municipal Airport,Morristown,US,22 September 2026,2026-09-22,12:00,15:05,3h 5m,"$17,200",17200,USD,$,10,https://villiers.ai/empty-legs/khou-kmmu-challenger-300-2026-09-22-bab7c78b?id=ADHUHR,https://villiers.ai/empty-legs/khou-kmmu-challenger-300-2026-09-22-bab7c78b?id=ADHUHR,https://villiers.ai/empty-legs/khou-kmmu-challenger-300-2026-09-22-bab7c78b?id=ADHUHR,"Mon, 21 Sep 2026 15:44:27 GMT",2026-09-23T00:17:02+00:00
https://villiers.ai/empty-legs/khou-ksba-challenger-300-2026-09-22-d01d4411?id=ADHUHR,inactive,inactive,2026-09-22T16:47:02+00:00,2026-09-22T23:47:02+00:00,2026-09-23T00:17:02+00:00,"Challenger 300 | William P. Hobby Airport → Santa Barbara Municipal Airport | $15,050",,Challenger 300,KHOU - William P. Hobby Airport,KHOU,HOU,William P Hobby Airport,Houston,US,KSBA - Santa Barbara Municipal Airport,KSBA,SBA,Santa Barbara Municipal Airport,Santa Barbara,US,22 September 2026,2026-09-22,12:00,15:13,3h 13m,"$15,050",15050,USD,$,10,https://villiers.ai/empty-legs/khou-ksba-challenger-300-2026-09-22-d01d4411?id=ADHUHR,https://villiers.ai/empty-legs/khou-ksba-challenger-300-2026-09-22-d01d4411?id=ADHUHR,https://villiers.ai/empty-legs/khou-ksba-challenger-300-2026-09-22-d01d4411?id=ADHUHR,"Tue, 22 Sep 2026 16:41:25 GMT",2026-09-23T00:17:02+00:00
https://villiers.ai/empty-legs/khvn-kteb-challenger-300-2026-09-22-12d56a54?id=ADHUHR,inactive,inactive,2026-09-22T16:47:02+00:00,2026-09-22T23:47:02+00:00,2026-09-23T00:17:02+00:00,"Challenger 300 | Tweed New Haven Airport → Teterboro Airport | $8,600",,Challenger 300,KHVN - Tweed New Haven Airport,KHVN,HVN,Tweed/New Haven Airport,New Haven,US,KTEB - Teterboro Airport,KTEB,TEB,Teterboro Airport,Teterboro,US,22 September 2026,2026-09-22,12:00,12:37,37m,"$8,600",8600,USD,$,10,https://villiers.ai/empty-legs/khvn-kteb-challenger-300-2026-09-22-12d56a54?id=ADHUHR,https://villiers.ai/empty-legs/khvn-kteb-challenger-300-2026-09-22-12d56a54?id=ADHUHR,https://villiers.ai/empty-legs/khvn-kteb-challenger-300-2026-09-22-12d56a54?id=ADHUHR,"Tue, 22 Sep 2026 16:41:26 GMT",2026-09-23T00:17:02+00:00
https://villiers.ai/empty-legs/kiad-khpn-challenger-300-2026-09-22-900cc175?id=ADHUHR,inactive,inactive,2026-09-22T16:47:02+00:00,2026-09-22T23:47:02+00:00,2026-09-23T00:17:02+00:00,"Challenger 300 | Washington Dulles International Airport → Westchester County Airport | $8,600",,Challenger 300,KIAD - Washington Dulles International Airport,KIAD,IAD,Washington Dulles International Airport,Washington,US,KHPN - Westchester County Airport,KHPN,HPN,Westchester County Airport,White Plains,US,22 September 2026,2026-09-22,12:00,12:57,57m,"$8,600",8600,USD,$,10,https://villiers.ai/empty-legs/kiad-khpn-challenger-300-2026-09-22-900cc175?id=ADHUHR,https://villiers.ai/empty-legs/kiad-khpn-challenger-300-2026-09-22-900cc175?id=ADHUHR,https://villiers.ai/empty-legs/kiad-khpn-challenger-300-2026-09-22-900cc175?id=ADHUHR,"Tue, 22 Sep 2026 16:41:27 GMT",2026-09-23T00:17:02+00:00
https://villiers.ai/empty-legs/kiad-kteb-challenger-300-2026-09-22-a9eb423f?id=ADHUHR,inactive,inactive,2026-09-21T15:47:02+00:00,2026-09-22T23:47:02+00:00,2026-09-23T00:17:02+00:00,"Challenger 300 | Washington Dulles International Airport → Teterboro Airport | $8,600",,Challenger 300,KIAD - Washington Dulles International Airport,KIAD,IAD,Washington Dulles International Airport,Washington,US,KTEB - Teterboro Airport,KTEB,TEB,Teterboro Airport,Teterboro,US,22 September 2026,2026-09-22,12:00,12:54,55m,"$8,600",8600,USD,$,10,https://villiers.ai/empty-legs/kiad-kteb-challenger-300-2026-09-22-a9eb423f?id=ADHUHR,https://villiers.ai/empty-legs/kiad-kteb-challenger-300-2026-09-22-a9eb423f?id=ADHUHR,https://villiers.ai/empty-legs/kiad-kteb-challenger-300-2026-09-22-a9eb423f?id=ADHUHR,"Mon, 21 Sep 2026 15:44:28 GMT",2026-09-23T00:17:02+00:00
https://villiers.ai/empty-legs/kiws-kguc-pilatus-pc-12-ng-2026-09-22-07c4349d?id=ADHUHR,inactive,inactive,2026-09-19T17:49:50+00:00,2026-09-22T23:47:02+00:00,2026-09-23T00:17:02+00:00,"Pilatus PC 12 NG | West Houston Airport → Gunnison Crested Butte Regional Airport | $9,890",,Pilatus PC 12 NG,KIWS - West Houston Airport,KIWS,IWS,West Houston Airport,Houston,US,KGUC - Gunnison Crested Butte Regional Airport,KGUC,GUC,Gunnison-Crested Butte Regional Airport,Gunnison,US,22 September 2026,2026-09-22,12:00,14:07,2h 8m,"$9,890",9890,USD,$,7,https://villiers.ai/empty-legs/kiws-kguc-pilatus-pc-12-ng-2026-09-22-07c4349d?id=ADHUHR,https://villiers.ai/empty-legs/kiws-kguc-pilatus-pc-12-ng-2026-09-22-07c4349d?id=ADHUHR,https://villiers.ai/empty-legs/kiws-kguc-pilatus-pc-12-ng-2026-09-22-07c4349d?id=ADHUHR,"Fri, 18 Sep 2026 19:25:31 GMT",2026-09-23T00:17:02+00:00
https://villiers.ai/empty-legs/kjwn-kteb-challenger-300-2026-09-22-c8308342?id=ADHUHR,inactive,inactive,2026-09-21T15:47:02+00:00,2026-09-22T23:47:02+00:00,2026-09-23T00:17:02+00:00,"Challenger 300 | John C Tune Airport → Teterboro Airport | $9,675",,Challenger 300,KJWN - John C Tune Airport,KJWN,,John C Tune Airport,Nashville,US,KTEB - Teterboro Airport,KTEB,TEB,Teterboro Airport,Teterboro,US,22 September 2026,2026-09-22,12:00,13:54,1h 55m,"$9,675",9675,USD,$,10,https://villiers.ai/empty-legs/kjwn-kteb-challenger-300-2026-09-22-c8308342?id=ADHUHR,https://villiers.ai/empty-legs/kjwn-kteb-challenger-300-2026-09-22-c8308342?id=ADHUHR,https://villiers.ai/empty-legs/kjwn-kteb-challenger-300-2026-09-22-c8308342?id=ADHUHR,"Mon, 21 Sep 2026 15:44:28 GMT",2026-09-23T00:17:02+00:00
https://villiers.ai/empty-legs/klvj-kcds-pilatus-pc-12-ng-2026-09-22-37fc1741?id=ADHUHR,inactive,inactive,2026-09-22T15:17:02+00:00,2026-09-22T23:47:02+00:00,2026-09-23T00:17:02+00:00,"Pilatus PC 12 NG | Pearland Regional Airport → Childress Municipal Airport | $4,945",,Pilatus PC 12 NG,KLVJ - Pearland Regional Airport,KLVJ,,Pearland Regional Airport,Houston,US,KCDS - Childress Municipal Airport,KCDS,CDS,Childress Municipal Airport,Childress,US,22 September 2026,2026-09-22,12:00,13:19,1h 20m,"$4,945",4945,USD,$,7,https://villiers.ai/empty-legs/klvj-kcds-pilatus-pc-12-ng-2026-09-22-37fc1741?id=ADHUHR,https://villiers.ai/empty-legs/klvj-kcds-pilatus-pc-12-ng-2026-09-22-37fc1741?id=ADHUHR,https://villiers.ai/empty-legs/klvj-kcds-pilatus-pc-12-ng-2026-09-22-37fc1741?id=ADHUHR,"Tue, 22 Sep 2026 15:15:30 GMT",2026-09-23T00:17:02+00:00
https://villiers.ai/empty-legs/kmmu-kfrg-citation-x-2026-09-22-8e560f1d?id=ADHUHR,inactive,inactive,2026-09-21T15:47:02+00:00,2026-09-22T23:47:02+00:00,2026-09-23T00:17:02+00:00,"Citation X | Morristown Municipal Airport → Republic Airport | $8,600",,Citation X,KMMU - Morristown Municipal Airport,KMMU,MMU,Morristown Municipal Airport,Morristown,US,KFRG - Republic Airport,KFRG,FRG,Republic Airport,Farmingdale,US,22 September 2026,2026-09-22,12:00,12:35,36m,"$8,600",8600,USD,$,12,https://villiers.ai/empty-legs/kmmu-kfrg-citation-x-2026-09-22-8e560f1d?id=ADHUHR,https://villiers.ai/empty-legs/kmmu-kfrg-citation-x-2026-09-22-8e560f1d?id=ADHUHR,https://villiers.ai/empty-legs/kmmu-kfrg-citation-x-2026-09-22-8e560f1d?id=ADHUHR,"Mon, 21 Sep 2026 15:44:43 GMT",2026-09-23T00:17:02+00:00
https://villiers.ai/empty-legs/kmmu-kteb-challenger-300-2026-09-22-a1dd0681?id=ADHUHR,inactive,inactive,2026-09-21T15:47:02+00:00,2026-09-22T23:47:02+00:00,2026-09-23T00:17:02+00:00,"Challenger 300 | Morristown Municipal Airport → Teterboro Airport | $8,600",,Challenger 300,KMMU - Morristown Municipal Airport,KMMU,MMU,Morristown Municipal Airport,Morristown,US,KTEB - Teterboro Airport,KTEB,TEB,Teterboro Airport,Teterboro,US,22 September 2026,2026-09-22,12:00,12:32,32m,"$8,600",8600,USD,$,10,https://villiers.ai/empty-legs/kmmu-kteb-challenger-300-2026-09-22-a1dd0681?id=ADHUHR,https://villiers.ai/empty-legs/kmmu-kteb-challenger-300-2026-09-22-a1dd0681?id=ADHUHR,https://villiers.ai/empty-legs/kmmu-kteb-challenger-300-2026-09-22-a1dd0681?id=ADHUHR,"Mon, 21 Sep 2026 15:44:28 GMT",2026-09-23T00:17:02+00:00
https://villiers.ai/empty-legs/kopf-khpn-challenger-300-2026-09-22-245be7bc?id=ADHUHR,inactive,inactive,2026-09-21T15:47:02+00:00,2026-09-22T23:47:02+00:00,2026-09-23T00:17:02+00:00,"Challenger 300 | Miami-Opa Locka Executive Airport → Westchester County Airport | $15,050",,Challenger 300,KOPF - Miami-Opa Locka Executive Airport,KOPF,OPF,Miami-Opa Locka Executive Airport,Miami,US,KHPN - Westchester County Airport,KHPN,HPN,Westchester County Airport,White Plains,US,22 September 2026,2026-09-22,12:00,14:33,2h 33m,"$15,050",15050,USD,$,10,https://villiers.ai/empty-legs/kopf-khpn-challenger-300-2026-09-22-245be7bc?id=ADHUHR,https://villiers.ai/empty-legs/kopf-khpn-challenger-300-2026-09-22-245be7bc?id=ADHUHR,https://villiers.ai/empty-legs/kopf-khpn-challenger-300-2026-09-22-245be7bc?id=ADHUHR,"Mon, 21 Sep 2026 15:44:26 GMT",2026-09-23T00:17:02+00:00
https://villiers.ai/empty-legs/kopf-khsv-challenger-300-2026-09-22-2043ee78?id=ADHUHR,inactive,inactive,2026-09-22T16:47:02+00:00,2026-09-22T23:47:02+00:00,2026-09-23T00:17:02+00:00,"Challenger 300 | Miami-Opa Locka Executive Airport → Huntsville International Carl T Jones Field | $9,675",,Challenger 300,KOPF - Miami-Opa Locka Executive Airport,KOPF,OPF,Miami-Opa Locka Executive Airport,Miami,US,KHSV - Huntsville International Carl T Jones Field,KHSV,HSV,Huntsville International-Carl T Jones Field,Huntsville,US,22 September 2026,2026-09-22,12:00,13:49,1h 49m,"$9,675",9675,USD,$,10,https://villiers.ai/empty-legs/kopf-khsv-challenger-300-2026-09-22-2043ee78?id=ADHUHR,https://villiers.ai/empty-legs/kopf-khsv-challenger-300-2026-09-22-2043ee78?id=ADHUHR,https://villiers.ai/empty-legs/kopf-khsv-challenger-300-2026-09-22-2043ee78?id=ADHUHR,"Tue, 22 Sep 2026 16:41:25 GMT",2026-09-23T00:17:02+00:00
https://villiers.ai/empty-legs/kopf-khzl-citation-x-2026-09-22-d6217b82?id=ADHUHR,inactive,inactive,2026-09-21T15:47:02+00:00,2026-09-22T23:47:02+00:00,2026-09-23T00:17:02+00:00,"Citation X | Miami-Opa Locka Executive Airport → Hazleton Municipal Airport | $15,050",,Citation X,KOPF - Miami-Opa Locka Executive Airport,KOPF,OPF,Miami-Opa Locka Executive Airport,Miami,US,KHZL - Hazleton Municipal Airport,KHZL,HZL,Hazleton Regional Airport,Hazleton,US,22 September 2026,2026-09-22,12:00,14:28,2h 29m,"$15,050",15050,USD,$,12,https://villiers.ai/empty-legs/kopf-khzl-citation-x-2026-09-22-d6217b82?id=ADHUHR,https://villiers.ai/empty-legs/kopf-khzl-citation-x-2026-09-22-d6217b82?id=ADHUHR,https://villiers.ai/empty-legs/kopf-khzl-citation-x-2026-09-22-d6217b82?id=ADHUHR,"Mon, 21 Sep 2026 15:44:41 GMT",2026-09-23T00:17:02+00:00
https://villiers.ai/empty-legs/kpdk-kmsy-citation-x-2026-09-22-c9d6d802?id=ADHUHR,inactive,inactive,2026-09-22T16:47:02+00:00,2026-09-22T23:47:02+00:00,2026-09-23T00:17:02+00:00,"Citation X | DeKalb Peachtree Airport → Louis Armstrong New Orleans International Airport | $8,600",,Citation X,KPDK - DeKalb Peachtree Airport,KPDK,PDK,Dekalb-Peachtree Airport,Atlanta,US,KMSY - Louis Armstrong New Orleans International Airport,KMSY,MSY,Louis Armstrong New Orleans International Airport,New Orleans,US,22 September 2026,2026-09-22,12:00,13:18,1h 19m,"$8,600",8600,USD,$,12,https://villiers.ai/empty-legs/kpdk-kmsy-citation-x-2026-09-22-c9d6d802?id=ADHUHR,https://villiers.ai/empty-legs/kpdk-kmsy-citation-x-2026-09-22-c9d6d802?id=ADHUHR,https://villiers.ai/empty-legs/kpdk-kmsy-citation-x-2026-09-22-c9d6d802?id=ADHUHR,"Tue, 22 Sep 2026 16:41:45 GMT",2026-09-23T00:17:02+00:00
https://villiers.ai/empty-legs/kpdk-ksjc-citation-x-2026-09-22-ef8860d9?id=ADHUHR,inactive,inactive,2026-09-21T15:47:02+00:00,2026-09-22T23:47:02+00:00,2026-09-23T00:17:02+00:00,"Citation X | DeKalb Peachtree Airport → San Jose International Airport | $25,800",,Citation X,KPDK - DeKalb Peachtree Airport,KPDK,PDK,Dekalb-Peachtree Airport,Atlanta,US,KSJC - San Jose International Airport,KSJC,SJC,Mineta San Jose International Airport,San Jose,US,22 September 2026,2026-09-22,12:00,16:24,4h 24m,"$25,800",25800,USD,$,12,https://villiers.ai/empty-legs/kpdk-ksjc-citation-x-2026-09-22-ef8860d9?id=ADHUHR,https://villiers.ai/empty-legs/kpdk-ksjc-citation-x-2026-09-22-ef8860d9?id=ADHUHR,https://villiers.ai/empty-legs/kpdk-ksjc-citation-x-2026-09-22-ef8860d9?id=ADHUHR,"Mon, 21 Sep 2026 15:44:44 GMT",2026-09-23T00:17:02+00:00
https://villiers.ai/empty-legs/kphx-kbfi-citation-x-2026-09-22-f4bdcb90?id=ADHUHR,inactive,inactive,2026-09-21T15:47:02+00:00,2026-09-22T23:47:02+00:00,2026-09-23T00:17:02+00:00,"Citation X | Phoenix Sky Harbor International Airport → Boeing Field King County International Airport | $12,900",,Citation X,KPHX - Phoenix Sky Harbor International Airport,KPHX,PHX,Phoenix Sky Harbor International Airport,Phoenix,US,KBFI - Boeing Field King County International Airport,KBFI,BFI,Boeing Field/King County International Airport,Seattle,US,22 September 2026,2026-09-22,12:00,14:33,2h 33m,"$12,900",12900,USD,$,12,https://villiers.ai/empty-legs/kphx-kbfi-citation-x-2026-09-22-f4bdcb90?id=ADHUHR,https://villiers.ai/empty-legs/kphx-kbfi-citation-x-2026-09-22-f4bdcb90?id=ADHUHR,https://villiers.ai/empty-legs/kphx-kbfi-citation-x-2026-09-22-f4bdcb90?id=ADHUHR,"Mon, 21 Sep 2026 15:44:44 GMT",2026-09-23T00:17:02+00:00
https://villiers.ai/empty-legs/kphx-kvny-citation-x-2026-09-22-4fba07a9?id=ADHUHR,inactive,inactive,2026-09-22T16:47:02+00:00,2026-09-22T23:47:02+00:00,2026-09-23T00:17:02+00:00,"Citation X | Phoenix Sky Harbor International Airport → Van Nuys Airport | $8,600",,Citation X,KPHX - Phoenix Sky Harbor International Airport,KPHX,PHX,Phoenix Sky Harbor International Airport,Phoenix,US,KVNY - Van Nuys Airport,KVNY,VNY,Van Nuys Airport,Van Nuys,US,22 September 2026,2026-09-22,12:00,13:11,1h 12m,"$8,600",8600,USD,$,12,https://villiers.ai/empty-legs/kphx-kvny-citation-x-2026-09-22-4fba07a9?id=ADHUHR,https://villiers.ai/empty-legs/kphx-kvny-citation-x-2026-09-22-4fba07a9?id=ADHUHR,https://villiers.ai/empty-legs/kphx-kvny-citation-x-2026-09-22-4fba07a9?id=ADHUHR,"Tue, 22 Sep 2026 16:41:45 GMT",2026-09-23T00:17:02+00:00
https://villiers.ai/empty-legs/kpie-kecp-challenger-300-2026-09-22-7316b465?id=ADHUHR,inactive,inactive,2026-09-21T15:47:02+00:00,2026-09-22T23:47:02+00:00,2026-09-23T00:17:02+00:00,"Challenger 300 | St. Petersburg Clearwater International Airport → Northwest Florida Beaches International Airport | $8,600",,Challenger 300,KPIE - St. Petersburg Clearwater International Airport,KPIE,PIE,St Pete-Clearwater International Airport,St Petersburg-Clearwater,US,KECP - Northwest Florida Beaches International Airport,KECP,ECP,Northwest Florida Beaches International Airport,Panama City,US,22 September 2026,2026-09-22,12:00,12:58,58m,"$8,600",8600,USD,$,10,https://villiers.ai/empty-legs/kpie-kecp-challenger-300-2026-09-22-7316b465?id=ADHUHR,https://villiers.ai/empty-legs/kpie-kecp-challenger-300-2026-09-22-7316b465?id=ADHUHR,https://villiers.ai/empty-legs/kpie-kecp-challenger-300-2026-09-22-7316b465?id=ADHUHR,"Mon, 21 Sep 2026 15:44:29 GMT",2026-09-23T00:17:02+00:00
https://villiers.ai/empty-legs/kpsp-klax-citation-x-2026-09-22-73ef3a19?id=ADHUHR,inactive,inactive,2026-09-21T15:47:02+00:00,2026-09-22T23:47:02+00:00,2026-09-23T00:17:02+00:00,"Citation X | Palm Springs International Airport → Los Angeles International Airport | $8,600",,Citation X,KPSP - Palm Springs International Airport,KPSP,PSP,Palm Springs International Airport,Palm Springs,US,KLAX - Los Angeles International Airport,KLAX,LAX,Los Angeles International Airport,Los Angeles,US,22 September 2026,2026-09-22,12:00,12:42,42m,"$8,600",8600,USD,$,12,https://villiers.ai/empty-legs/kpsp-klax-citation-x-2026-09-22-73ef3a19?id=ADHUHR,https://villiers.ai/empty-legs/kpsp-klax-citation-x-2026-09-22-73ef3a19?id=ADHUHR,https://villiers.ai/empty-legs/kpsp-klax-citation-x-2026-09-22-73ef3a19?id=ADHUHR,"Mon, 21 Sep 2026 15:44:44 GMT",2026-09-23T00:17:02+00:00
https://villiers.ai/empty-legs/ksat-mmpr-citation-x-2026-09-22-8140b7bd?id=ADHUHR,inactive,inactive,2026-09-22T16:47:02+00:00,2026-09-22T23:47:02+00:00,2026-09-23T00:17:02+00:00,"Citation X | San Antonio International Airport → Puerto Vallarta International Airport | $12,900",,Citation X,KSAT - San Antonio International Airport,KSAT,SAT,San Antonio International Airport,San Antonio,US,MMPR - Puerto Vallarta International Airport,MMPR,PVR,Licenciado Gustavo Diaz Ordaz International Airport,Puerto Vallarta,MX,22 September 2026,2026-09-22,12:00,13:52,1h 53m,"$12,900",12900,USD,$,12,https://villiers.ai/empty-legs/ksat-mmpr-citation-x-2026-09-22-8140b7bd?id=ADHUHR,https://villiers.ai/empty-legs/ksat-mmpr-citation-x-2026-09-22-8140b7bd?id=ADHUHR,https://villiers.ai/empty-legs/ksat-mmpr-citation-x-2026-09-22-8140b7bd?id=ADHUHR,"Tue, 22 Sep 2026 16:41:45 GMT",2026-09-23T00:17:02+00:00
https://villiers.ai/empty-legs/ksbp-klas-cessna-citation-v-2026-09-22-282cf079?id=ADHUHR,inactive,inactive,2026-08-27T16:47:01+00:00,2026-09-22T23:47:02+00:00,2026-09-23T00:17:02+00:00,"Cessna Citation V | San Luis County Regional Airport → Harry Reid International Airport | $3,440",,Cessna Citation V,KSBP - San Luis County Regional Airport,KSBP,SBP,San Luis Obispo County Regional Airport,San Luis Obispo,US,KLAS - Harry Reid International Airport,KLAS,LAS,Harry Reid International Airport,Las Vegas,US,22 September 2026,2026-09-22,12:00,13:04,1h 5m,"$3,440",3440,USD,$,7,https://villiers.ai/empty-legs/ksbp-klas-cessna-citation-v-2026-09-22-282cf079?id=ADHUHR,https://villiers.ai/empty-legs/ksbp-klas-cessna-citation-v-2026-09-22-282cf079?id=ADHUHR,https://villiers.ai/empty-legs/ksbp-klas-cessna-citation-v-2026-09-22-282cf079?id=ADHUHR,"Thu, 27 Aug 2026 16:34:25 GMT",2026-09-23T00:17:02+00:00
https://villiers.ai/empty-legs/ksea-ksfo-citation-x-2026-09-22-cdfb3d1e?id=ADHUHR,inactive,inactive,2026-09-21T15:47:02+00:00,2026-09-22T23:47:02+00:00,2026-09-23T00:17:02+00:00,"Citation X | Seattle–Tacoma International Airport → San Francisco International Airport | $8,600",,Citation X,KSEA - Seattle–Tacoma International Airport,KSEA,SEA,Seattle-Tacoma International Airport,Seattle,US,KSFO - San Francisco International Airport,KSFO,SFO,San Francisco International Airport,San Francisco,US,22 September 2026,2026-09-22,12:00,13:45,1h 45m,"$8,600",8600,USD,$,12,https://villiers.ai/empty-legs/ksea-ksfo-citation-x-2026-09-22-cdfb3d1e?id=ADHUHR,https://villiers.ai/empty-legs/ksea-ksfo-citation-x-2026-09-22-cdfb3d1e?id=ADHUHR,https://villiers.ai/empty-legs/ksea-ksfo-citation-x-2026-09-22-cdfb3d1e?id=ADHUHR,"Mon, 21 Sep 2026 15:44:45 GMT",2026-09-23T00:17:02+00:00
https://villiers.ai/empty-legs/ksjc-ksna-challenger-300-2026-09-22-e580b3d7?id=ADHUHR,inactive,inactive,2026-09-21T15:47:02+00:00,2026-09-22T23:47:02+00:00,2026-09-23T00:17:02+00:00,"Challenger 300 | San Jose International Airport → John Wayne Orange County International Airport | $8,600",,Challenger 300,KSJC - San Jose International Airport,KSJC,SJC,Mineta San Jose International Airport,San Jose,US,KSNA - John Wayne Orange County International Airport,KSNA,SNA,John Wayne/Orange County Airport,Santa Ana,US,22 September 2026,2026-09-22,12:00,13:07,1h 8m,"$8,600",8600,USD,$,10,https://villiers.ai/empty-legs/ksjc-ksna-challenger-300-2026-09-22-e580b3d7?id=ADHUHR,https://villiers.ai/empty-legs/ksjc-ksna-challenger-300-2026-09-22-e580b3d7?id=ADHUHR,https://villiers.ai/empty-legs/ksjc-ksna-challenger-300-2026-09-22-e580b3d7?id=ADHUHR,"Mon, 21 Sep 2026 15:44:29 GMT",2026-09-23T00:17:02+00:00
https://villiers.ai/empty-legs/ksjc-kvny-challenger-300-2026-09-22-5374cdab?id=ADHUHR,inactive,inactive,2026-09-22T16:47:02+00:00,2026-09-22T23:47:02+00:00,2026-09-23T00:17:02+00:00,"Challenger 300 | San Jose International Airport → Van Nuys Airport | $8,600",,Challenger 300,KSJC - San Jose International Airport,KSJC,SJC,Mineta San Jose International Airport,San Jose,US,KVNY - Van Nuys Airport,KVNY,VNY,Van Nuys Airport,Van Nuys,US,22 September 2026,2026-09-22,12:00,13:02,1h 2m,"$8,600",8600,USD,$,10,https://villiers.ai/empty-legs/ksjc-kvny-challenger-300-2026-09-22-5374cdab?id=ADHUHR,https://villiers.ai/empty-legs/ksjc-kvny-challenger-300-2026-09-22-5374cdab?id=ADHUHR,https://villiers.ai/empty-legs/ksjc-kvny-challenger-300-2026-09-22-5374cdab?id=ADHUHR,"Tue, 22 Sep 2026 16:41:29 GMT",2026-09-23T00:17:02+00:00
https://villiers.ai/empty-legs/ksna-ksba-challenger-300-2026-09-22-aea8f7d0?id=ADHUHR,inactive,inactive,2026-09-21T15:47:02+00:00,2026-09-22T23:47:02+00:00,2026-09-23T00:17:02+00:00,"Challenger 300 | John Wayne Orange County International Airport → Santa Barbara Municipal Airport | $8,600",,Challenger 300,KSNA - John Wayne Orange County International Airport,KSNA,SNA,John Wayne/Orange County Airport,Santa Ana,US,KSBA - Santa Barbara Municipal Airport,KSBA,SBA,Santa Barbara Municipal Airport,Santa Barbara,US,22 September 2026,2026-09-22,12:00,12:43,44m,"$8,600",8600,USD,$,10,https://villiers.ai/empty-legs/ksna-ksba-challenger-300-2026-09-22-aea8f7d0?id=ADHUHR,https://villiers.ai/empty-legs/ksna-ksba-challenger-300-2026-09-22-aea8f7d0?id=ADHUHR,https://villiers.ai/empty-legs/ksna-ksba-challenger-300-2026-09-22-aea8f7d0?id=ADHUHR,"Mon, 21 Sep 2026 15:44:30 GMT",2026-09-23T00:17:02+00:00
https://villiers.ai/empty-legs/kswf-kteb-citation-x-2026-09-22-5ff46736?id=ADHUHR,inactive,inactive,2026-09-22T16:47:02+00:00,2026-09-22T23:47:02+00:00,2026-09-23T00:17:02+00:00,"Citation X | New York Stewart International Airport → Teterboro Airport | $8,600",,Citation X,KSWF - New York Stewart International Airport,KSWF,SWF,New York Stewart International Airport,New York,US,KTEB - Teterboro Airport,KTEB,TEB,Teterboro Airport,Teterboro,US,22 September 2026,2026-09-22,12:00,12:35,35m,"$8,600",8600,USD,$,12,https://villiers.ai/empty-legs/kswf-kteb-citation-x-2026-09-22-5ff46736?id=ADHUHR,https://villiers.ai/empty-legs/kswf-kteb-citation-x-2026-09-22-5ff46736?id=ADHUHR,https://villiers.ai/empty-legs/kswf-kteb-citation-x-2026-09-22-5ff46736?id=ADHUHR,"Tue, 22 Sep 2026 16:41:46 GMT",2026-09-23T00:17:02+00:00
https://villiers.ai/empty-legs/kteb-kase-citation-x-2026-09-22-75bac01a?id=ADHUHR,inactive,inactive,2026-09-21T15:47:02+00:00,2026-09-22T23:47:02+00:00,2026-09-23T00:17:02+00:00,"Citation X | Teterboro Airport → Aspen-Pitkin County Airport (Sardy Field) | $25,800",,Citation X,KTEB - Teterboro Airport,KTEB,TEB,Teterboro Airport,Teterboro,US,KASE - Aspen-Pitkin County Airport (Sardy Field),KASE,ASE,Aspen-Pitkin County/Sardy Field,Aspen,US,22 September 2026,2026-09-22,12:00,15:41,3h 42m,"$25,800",25800,USD,$,12,https://villiers.ai/empty-legs/kteb-kase-citation-x-2026-09-22-75bac01a?id=ADHUHR,https://villiers.ai/empty-legs/kteb-kase-citation-x-2026-09-22-75bac01a?id=ADHUHR,https://villiers.ai/empty-legs/kteb-kase-citation-x-2026-09-22-75bac01a?id=ADHUHR,"Mon, 21 Sep 2026 15:44:40 GMT",2026-09-23T00:17:02+00:00
https://villiers.ai/empty-legs/kteb-kvny-citation-x-2026-09-22-945c5306?id=ADHUHR,inactive,inactive,2026-09-21T15:47:02+00:00,2026-09-22T23:47:02+00:00,2026-09-23T00:17:02+00:00,"Citation X | Teterboro Airport → Van Nuys Airport | $27,950",,Citation X,KTEB - Teterboro Airport,KTEB,TEB,Teterboro Airport,Teterboro,US,KVNY - Van Nuys Airport,KVNY,VNY,Van Nuys Airport,Van Nuys,US,22 September 2026,2026-09-22,12:00,17:01,5h 2m,"$27,950",27950,USD,$,12,https://villiers.ai/empty-legs/kteb-kvny-citation-x-2026-09-22-945c5306?id=ADHUHR,https://villiers.ai/empty-legs/kteb-kvny-citation-x-2026-09-22-945c5306?id=ADHUHR,https://villiers.ai/empty-legs/kteb-kvny-citation-x-2026-09-22-945c5306?id=ADHUHR,"Mon, 21 Sep 2026 15:44:40 GMT",2026-09-23T00:17:02+00:00
https://villiers.ai/empty-legs/ktmb-kapf-citation-x-2026-09-22-452ad165?id=ADHUHR,inactive,inactive,2026-09-21T15:47:02+00:00,2026-09-22T23:47:02+00:00,2026-09-23T00:17:02+00:00,"Citation X | Miami Executive Airport → Naples Municipal Airport | $8,600",,Citation X,KTMB - Miami Executive Airport,KTMB,TMB,Miami Executive Airport,Miami,US,KAPF - Naples Municipal Airport,KAPF,APF,Naples Municipal Airport,Naples,US,22 September 2026,2026-09-22,12:00,12:40,40m,"$8,600",8600,USD,$,12,https://villiers.ai/empty-legs/ktmb-kapf-citation-x-2026-09-22-452ad165?id=ADHUHR,https://villiers.ai/empty-legs/ktmb-kapf-citation-x-2026-09-22-452ad165?id=ADHUHR,https://villiers.ai/empty-legs/ktmb-kapf-citation-x-2026-09-22-452ad165?id=ADHUHR,"Mon, 21 Sep 2026 15:44:45 GMT",2026-09-23T00:17:02+00:00
https://villiers.ai/empty-legs/kunv-kteb-citation-x-2026-09-22-c8234e0a?id=ADHUHR,inactive,inactive,2026-09-22T16:47:02+00:00,2026-09-22T23:47:02+00:00,2026-09-23T00:17:02+00:00,"Citation X | State College Regional Airport → Teterboro Airport | $8,600",,Citation X,KUNV - State College Regional Airport,KUNV,SCE,State College Regional Airport,State College,US,KTEB - Teterboro Airport,KTEB,TEB,Teterboro Airport,Teterboro,US,22 September 2026,2026-09-22,12:00,12:51,52m,"$8,600",8600,USD,$,12,https://villiers.ai/empty-legs/kunv-kteb-citation-x-2026-09-22-c8234e0a?id=ADHUHR,https://villiers.ai/empty-legs/kunv-kteb-citation-x-2026-09-22-c8234e0a?id=ADHUHR,https://villiers.ai/empty-legs/kunv-kteb-citation-x-2026-09-22-c8234e0a?id=ADHUHR,"Tue, 22 Sep 2026 16:41:47 GMT",2026-09-23T00:17:02+00:00
https://villiers.ai/empty-legs/kvny-ksjc-citation-x-2026-09-22-3b842401?id=ADHUHR,inactive,inactive,2026-09-22T16:47:02+00:00,2026-09-22T23:47:02+00:00,2026-09-23T00:17:02+00:00,"Citation X | Van Nuys Airport → San Jose International Airport | $8,600",,Citation X,KVNY - Van Nuys Airport,KVNY,VNY,Van Nuys Airport,Van Nuys,US,KSJC - San Jose International Airport,KSJC,SJC,Mineta San Jose International Airport,San Jose,US,22 September 2026,2026-09-22,12:00,13:02,1h 2m,"$8,600",8600,USD,$,12,https://villiers.ai/empty-legs/kvny-ksjc-citation-x-2026-09-22-3b842401?id=ADHUHR,https://villiers.ai/empty-legs/kvny-ksjc-citation-x-2026-09-22-3b842401?id=ADHUHR,https://villiers.ai/empty-legs/kvny-ksjc-citation-x-2026-09-22-3b842401?id=ADHUHR,"Tue, 22 Sep 2026 16:41:39 GMT",2026-09-23T00:17:02+00:00
https://villiers.ai/empty-legs/sadf-sumu-learjet-60-2026-09-22-e1b99a6e?id=ADHUHR,inactive,inactive,2026-08-31T17:47:01+00:00,2026-09-22T23:47:02+00:00,2026-09-23T00:17:02+00:00,"Learjet 60 | San Fernando Airport → Carrasco General Cesáreo L. Berisso International Airport | $3,225",,Learjet 60,SADF - San Fernando Airport,SADF,FDO,San Fernando Airport,San Fernando,AR,SUMU - Carrasco General Cesáreo L. Berisso International Airport,SUMU,MVD,Carrasco International /General C L Berisso Airport,Montevideo,UY,22 September 2026,2026-09-22,12:19,13:05,46m,"$3,225",3225,USD,$,8,https://villiers.ai/empty-legs/sadf-sumu-learjet-60-2026-09-22-e1b99a6e?id=ADHUHR,https://villiers.ai/empty-legs/sadf-sumu-learjet-60-2026-09-22-e1b99a6e?id=ADHUHR,https://villiers.ai/empty-legs/sadf-sumu-learjet-60-2026-09-22-e1b99a6e?id=ADHUHR,"Mon, 31 Aug 2026 17:26:45 GMT",2026-09-23T00:17:02+00:00
https://villiers.ai/empty-legs/eggw-lfmn-citation-xls-2026-09-23-7f872cc1?id=ADHUHR,inactive,inactive,2026-09-19T17:49:50+00:00,2026-09-23T23:47:02+00:00,2026-09-24T00:17:02+00:00,"Citation XLS | London Luton Airport → Nice-Côte d'Azur Airport | £4,945",,Citation XLS,EGGW - London Luton Airport,EGGW,LTN,London Luton Airport,London,GB,LFMN - Nice-Côte d'Azur Airport,LFMN,NCE,Nice-Cote d'Azur Airport,Nice,FR,23 September 2026,2026-09-23,12:00,13:44,1h 44m,"£4,945",4945,GBP,£,8,https://villiers.ai/empty-legs/eggw-lfmn-citation-xls-2026-09-23-7f872cc1?id=ADHUHR,https://villiers.ai/empty-legs/eggw-lfmn-citation-xls-2026-09-23-7f872cc1?id=ADHUHR,https://villiers.ai/empty-legs/eggw-lfmn-citation-xls-2026-09-23-7f872cc1?id=ADHUHR,"Fri, 11 Sep 2026 19:21:51 GMT",2026-09-24T00:17:02+00:00
https://villiers.ai/empty-legs/eglf-eham-citation-xls-2026-09-23-1700672d?id=ADHUHR,inactive,inactive,2026-09-19T17:49:50+00:00,2026-09-23T23:47:02+00:00,2026-09-24T00:17:02+00:00,"Citation XLS+ | Farnborough Airport → Amsterdam Airport Schiphol | £6,665",,Citation XLS+,EGLF - Farnborough Airport,EGLF,FAB,Farnborough Airport,Farnborough,GB,EHAM - Amsterdam Airport Schiphol,EHAM,AMS,Amsterdam Airport Schiphol,Amsterdam,NL,23 September 2026,2026-09-23,12:00,12:57,57m,"£6,665",6665,GBP,£,8,https://villiers.ai/empty-legs/eglf-eham-citation-xls-2026-09-23-1700672d?id=ADHUHR,https://villiers.ai/empty-legs/eglf-eham-citation-xls-2026-09-23-1700672d?id=ADHUHR,https://villiers.ai/empty-legs/eglf-eham-citation-xls-2026-09-23-1700672d?id=ADHUHR,"Fri, 11 Sep 2026 19:21:51 GMT",2026-09-24T00:17:02+00:00
https://villiers.ai/empty-legs/kabe-kteb-citation-x-2026-09-23-24458a24?id=ADHUHR,inactive,inactive,2026-09-22T16:47:02+00:00,2026-09-23T23:47:02+00:00,2026-09-24T00:17:02+00:00,"Citation X | Lehigh Valley International Airport → Teterboro Airport | $8,600",,Citation X,KABE - Lehigh Valley International Airport,KABE,ABE,Lehigh Valley International Airport,Allentown,US,KTEB - Teterboro Airport,KTEB,TEB,Teterboro Airport,Teterboro,US,23 September 2026,2026-09-23,12:00,12:38,38m,"$8,600",8600,USD,$,12,https://villiers.ai/empty-legs/kabe-kteb-citation-x-2026-09-23-24458a24?id=ADHUHR,https://villiers.ai/empty-legs/kabe-kteb-citation-x-2026-09-23-24458a24?id=ADHUHR,https://villiers.ai/empty-legs/kabe-kteb-citation-x-2026-09-23-24458a24?id=ADHUHR,"Tue, 22 Sep 2026 16:41:48 GMT",2026-09-24T00:17:02+00:00
https://villiers.ai/empty-legs/kads-khou-cessna-citation-ultra-2026-09-23-6178bc31?id=ADHUHR,inactive,inactive,2026-09-05T00:17:02+00:00,2026-09-23T23:47:02+00:00,2026-09-24T00:17:02+00:00,"Cessna Citation Ultra | Addison Airport → William P. Hobby Airport | $2,795",,Cessna Citation Ultra,KADS - Addison Airport,KADS,ADS,Addison Airport,Dallas,US,KHOU - William P. Hobby Airport,KHOU,HOU,William P Hobby Airport,Houston,US,23 September 2026,2026-09-23,12:00,12:57,57m,"$2,795",2795,USD,$,7,https://villiers.ai/empty-legs/kads-khou-cessna-citation-ultra-2026-09-23-6178bc31?id=ADHUHR,https://villiers.ai/empty-legs/kads-khou-cessna-citation-ultra-2026-09-23-6178bc31?id=ADHUHR,https://villiers.ai/empty-legs/kads-khou-cessna-citation-ultra-2026-09-23-6178bc31?id=ADHUHR,"Thu, 03 Sep 2026 17:44:00 GMT",2026-09-24T00:17:02+00:00
https://villiers.ai/empty-legs/kaus-kdzb-citation-x-2026-09-23-6de8a18e?id=ADHUHR,inactive,inactive,2026-09-22T16:47:02+00:00,2026-09-23T23:47:02+00:00,2026-09-24T00:17:02+00:00,"Citation X | Austin Bergstrom International Airport → Horseshoe Bay Resort Airport | $8,600",,Citation X,KAUS - Austin Bergstrom International Airport,KAUS,AUS,Austin-Bergstrom International Airport,Austin,US,KDZB - Horseshoe Bay Resort Airport,KDZB,,Horseshoe Bay Resort Airport,Horseshoe Bay,US,23 September 2026,2026-09-23,12:00,12:35,35m,"$8,600",8600,USD,$,12,https://villiers.ai/empty-legs/kaus-kdzb-citation-x-2026-09-23-6de8a18e?id=ADHUHR,https://villiers.ai/empty-legs/kaus-kdzb-citation-x-2026-09-23-6de8a18e?id=ADHUHR,https://villiers.ai/empty-legs/kaus-kdzb-citation-x-2026-09-23-6de8a18e?id=ADHUHR,"Tue, 22 Sep 2026 16:41:48 GMT",2026-09-24T00:17:02+00:00
https://villiers.ai/empty-legs/kaus-khou-cessna-citation-v-2026-09-23-5bb497d8?id=ADHUHR,inactive,inactive,2026-09-19T17:49:50+00:00,2026-09-23T23:47:02+00:00,2026-09-24T00:17:02+00:00,"Cessna Citation V | Austin Bergstrom International Airport → William P. Hobby Airport | $2,150",,Cessna Citation V,KAUS - Austin Bergstrom International Airport,KAUS,AUS,Austin-Bergstrom International Airport,Austin,US,KHOU - William P. Hobby Airport,KHOU,HOU,William P Hobby Airport,Houston,US,23 September 2026,2026-09-23,12:00,12:46,46m,"$2,150",2150,USD,$,7,https://villiers.ai/empty-legs/kaus-khou-cessna-citation-v-2026-09-23-5bb497d8?id=ADHUHR,https://villiers.ai/empty-legs/kaus-khou-cessna-citation-v-2026-09-23-5bb497d8?id=ADHUHR,https://villiers.ai/empty-legs/kaus-khou-cessna-citation-v-2026-09-23-5bb497d8?id=ADHUHR,"Sat, 19 Sep 2026 15:36:21 GMT",2026-09-24T00:17:02+00:00
https://villiers.ai/empty-legs/kaus-kokc-cessna-citation-v-2026-09-23-7f608632?id=ADHUHR,inactive,inactive,2026-09-21T18:17:02+00:00,2026-09-23T23:47:02+00:00,2026-09-24T00:17:02+00:00,"Cessna Citation V | Austin Bergstrom International Airport → Will Rogers World Airport | $3,870",,Cessna Citation V,KAUS - Austin Bergstrom International Airport,KAUS,AUS,Austin-Bergstrom International Airport,Austin,US,KOKC - Will Rogers World Airport,KOKC,OKC,Okc Will Rogers International Airport,Oklahoma City,US,23 September 2026,2026-09-23,12:00,13:09,1h 10m,"$3,870",3870,USD,$,7,https://villiers.ai/empty-legs/kaus-kokc-cessna-citation-v-2026-09-23-7f608632?id=ADHUHR,https://villiers.ai/empty-legs/kaus-kokc-cessna-citation-v-2026-09-23-7f608632?id=ADHUHR,https://villiers.ai/empty-legs/kaus-kokc-cessna-citation-v-2026-09-23-7f608632?id=ADHUHR,"Mon, 21 Sep 2026 17:48:28 GMT",2026-09-24T00:17:02+00:00
https://villiers.ai/empty-legs/kaus-kvhn-citation-x-2026-09-23-75acf19b?id=ADHUHR,inactive,inactive,2026-09-22T16:47:02+00:00,2026-09-23T23:47:02+00:00,2026-09-24T00:17:02+00:00,"Citation X | Austin Bergstrom International Airport → Culberson County Airport | $8,600",,Citation X,KAUS - Austin Bergstrom International Airport,KAUS,AUS,Austin-Bergstrom International Airport,Austin,US,KVHN - Culberson County Airport,KVHN,VHN,Culberson County Airport,Van Horn,US,23 September 2026,2026-09-23,12:00,13:17,1h 17m,"$8,600",8600,USD,$,12,https://villiers.ai/empty-legs/kaus-kvhn-citation-x-2026-09-23-75acf19b?id=ADHUHR,https://villiers.ai/empty-legs/kaus-kvhn-citation-x-2026-09-23-75acf19b?id=ADHUHR,https://villiers.ai/empty-legs/kaus-kvhn-citation-x-2026-09-23-75acf19b?id=ADHUHR,"Tue, 22 Sep 2026 16:41:48 GMT",2026-09-24T00:17:02+00:00
https://villiers.ai/empty-legs/kbct-ktpa-citation-x-2026-09-23-acdae0b4?id=ADHUHR,inactive,inactive,2026-09-22T16:47:02+00:00,2026-09-23T23:47:02+00:00,2026-09-24T00:17:02+00:00,"Citation X | Boca Raton Airport → Tampa International Airport | $8,600",,Citation X,KBCT - Boca Raton Airport,KBCT,BCT,Boca Raton Airport,Boca Raton,US,KTPA - Tampa International Airport,KTPA,TPA,Tampa International Airport,Tampa,US,23 September 2026,2026-09-23,12:00,12:50,51m,"$8,600",8600,USD,$,12,https://villiers.ai/empty-legs/kbct-ktpa-citation-x-2026-09-23-acdae0b4?id=ADHUHR,https://villiers.ai/empty-legs/kbct-ktpa-citation-x-2026-09-23-acdae0b4?id=ADHUHR,https://villiers.ai/empty-legs/kbct-ktpa-citation-x-2026-09-23-acdae0b4?id=ADHUHR,"Tue, 22 Sep 2026 16:41:49 GMT",2026-09-24T00:17:02+00:00
https://villiers.ai/empty-legs/kclt-kvrb-challenger-300-2026-09-23-195b5bf9?id=ADHUHR,inactive,inactive,2026-09-22T16:47:02+00:00,2026-09-23T23:47:02+00:00,2026-09-24T00:17:02+00:00,"Challenger 300 | Charlotte Douglas International Airport → Vero Beach Regional Airport | $9,675",,Challenger 300,KCLT - Charlotte Douglas International Airport,KCLT,CLT,Charlotte/Douglas International Airport,Charlotte,US,KVRB - Vero Beach Regional Airport,KVRB,VRB,Vero Beach Regional Airport,Vero Beach,US,23 September 2026,2026-09-23,12:00,13:28,1h 28m,"$9,675",9675,USD,$,10,https://villiers.ai/empty-legs/kclt-kvrb-challenger-300-2026-09-23-195b5bf9?id=ADHUHR,https://villiers.ai/empty-legs/kclt-kvrb-challenger-300-2026-09-23-195b5bf9?id=ADHUHR,https://villiers.ai/empty-legs/kclt-kvrb-challenger-300-2026-09-23-195b5bf9?id=ADHUHR,"Tue, 22 Sep 2026 16:41:29 GMT",2026-09-24T00:17:02+00:00
https://villiers.ai/empty-legs/kfcm-kcmh-challenger-300-2026-09-23-3d56f396?id=ADHUHR,inactive,inactive,2026-09-22T16:47:02+00:00,2026-09-23T23:47:02+00:00,2026-09-24T00:17:02+00:00,"Challenger 300 | Flying Cloud Airport → John Glenn Columbus International Airport | $9,675",,Challenger 300,KFCM - Flying Cloud Airport,KFCM,FCM,Flying Cloud Airport,Minneapolis,US,KCMH - John Glenn Columbus International Airport,KCMH,CMH,John Glenn Columbus International Airport,Columbus,US,23 September 2026,2026-09-23,12:00,13:40,1h 40m,"$9,675",9675,USD,$,10,https://villiers.ai/empty-legs/kfcm-kcmh-challenger-300-2026-09-23-3d56f396?id=ADHUHR,https://villiers.ai/empty-legs/kfcm-kcmh-challenger-300-2026-09-23-3d56f396?id=ADHUHR,https://villiers.ai/empty-legs/kfcm-kcmh-challenger-300-2026-09-23-3d56f396?id=ADHUHR,"Tue, 22 Sep 2026 16:41:30 GMT",2026-09-24T00:17:02+00:00
https://villiers.ai/empty-legs/kfok-kteb-citation-x-2026-09-23-0a665fa7?id=ADHUHR,inactive,inactive,2026-09-22T16:47:02+00:00,2026-09-23T23:47:02+00:00,2026-09-24T00:17:02+00:00,"Citation X | Francis S Gabreski Airport → Teterboro Airport | $8,600",,Citation X,KFOK - Francis S Gabreski Airport,KFOK,FOK,Francis S Gabreski Airport,Westhampton Beach,US,KTEB - Teterboro Airport,KTEB,TEB,Teterboro Airport,Teterboro,US,23 September 2026,2026-09-23,12:00,12:38,38m,"$8,600",8600,USD,$,12,https://villiers.ai/empty-legs/kfok-kteb-citation-x-2026-09-23-0a665fa7?id=ADHUHR,https://villiers.ai/empty-legs/kfok-kteb-citation-x-2026-09-23-0a665fa7?id=ADHUHR,https://villiers.ai/empty-legs/kfok-kteb-citation-x-2026-09-23-0a665fa7?id=ADHUHR,"Tue, 22 Sep 2026 16:41:49 GMT",2026-09-24T00:17:02+00:00
https://villiers.ai/empty-legs/khou-kmdd-citation-x-2026-09-23-5cb144e8?id=ADHUHR,inactive,inactive,2026-09-22T16:47:02+00:00,2026-09-23T23:47:02+00:00,2026-09-24T00:17:02+00:00,"Citation X | William P. Hobby Airport → Midland Airpark | $8,600",,Citation X,KHOU - William P. Hobby Airport,KHOU,HOU,William P Hobby Airport,Houston,US,KMDD - Midland Airpark,KMDD,MDD,Midland Airpark,Midland,US,23 September 2026,2026-09-23,12:00,13:18,1h 18m,"$8,600",8600,USD,$,12,https://villiers.ai/empty-legs/khou-kmdd-citation-x-2026-09-23-5cb144e8?id=ADHUHR,https://villiers.ai/empty-legs/khou-kmdd-citation-x-2026-09-23-5cb144e8?id=ADHUHR,https://villiers.ai/empty-legs/khou-kmdd-citation-x-2026-09-23-5cb144e8?id=ADHUHR,"Tue, 22 Sep 2026 16:41:51 GMT",2026-09-24T00:17:02+00:00
https://villiers.ai/empty-legs/khzl-kpne-citation-x-2026-09-23-01d3a868?id=ADHUHR,inactive,inactive,2026-09-22T16:47:02+00:00,2026-09-23T23:47:02+00:00,2026-09-24T00:17:02+00:00,"Citation X | Hazleton Municipal Airport → Northeast Philadelphia Airport | $8,600",,Citation X,KHZL - Hazleton Municipal Airport,KHZL,HZL,Hazleton Regional Airport,Hazleton,US,KPNE - Northeast Philadelphia Airport,KPNE,PNE,Northeast Philadelphia Airport,Philadelphia,US,23 September 2026,2026-09-23,12:00,12:38,39m,"$8,600",8600,USD,$,12,https://villiers.ai/empty-legs/khzl-kpne-citation-x-2026-09-23-01d3a868?id=ADHUHR,https://villiers.ai/empty-legs/khzl-kpne-citation-x-2026-09-23-01d3a868?id=ADHUHR,https://villiers.ai/empty-legs/khzl-kpne-citation-x-2026-09-23-01d3a868?id=ADHUHR,"Tue, 22 Sep 2026 16:41:51 GMT",2026-09-24T00:17:02+00:00
https://villiers.ai/empty-legs/kiad-kbed-challenger-300-2026-09-23-7ff7ee42?id=ADHUHR,inactive,inactive,2026-09-22T16:47:02+00:00,2026-09-23T23:47:02+00:00,2026-09-24T00:17:02+00:00,"Challenger 300 | Washington Dulles International Airport → Laurence G Hanscom Field | $8,600",,Challenger 300,KIAD - Washington Dulles International Airport,KIAD,IAD,Washington Dulles International Airport,Washington,US,KBED - Laurence G Hanscom Field,KBED,BED,Laurence G Hanscom Field,Bedford,US,23 September 2026,2026-09-23,12:00,13:14,1h 15m,"$8,600",8600,USD,$,10,https://villiers.ai/empty-legs/kiad-kbed-challenger-300-2026-09-23-7ff7ee42?id=ADHUHR,https://villiers.ai/empty-legs/kiad-kbed-challenger-300-2026-09-23-7ff7ee42?id=ADHUHR,https://villiers.ai/empty-legs/kiad-kbed-challenger-300-2026-09-23-7ff7ee42?id=ADHUHR,"Tue, 22 Sep 2026 16:41:30 GMT",2026-09-24T00:17:02+00:00
https://villiers.ai/empty-legs/kjac-kslc-challenger-300-2026-09-23-582d11f2?id=ADHUHR,inactive,inactive,2026-09-22T16:47:02+00:00,2026-09-23T23:47:02+00:00,2026-09-24T00:17:02+00:00,"Challenger 300 | Jackson Hole Airport → Salt Lake City International Airport | $9,675",,Challenger 300,KJAC - Jackson Hole Airport,KJAC,JAC,Jackson Hole Airport,Jackson,US,KSLC - Salt Lake City International Airport,KSLC,SLC,Salt Lake City International Airport,Salt Lake City,US,23 September 2026,2026-09-23,12:00,12:52,53m,"$9,675",9675,USD,$,10,https://villiers.ai/empty-legs/kjac-kslc-challenger-300-2026-09-23-582d11f2?id=ADHUHR,https://villiers.ai/empty-legs/kjac-kslc-challenger-300-2026-09-23-582d11f2?id=ADHUHR,https://villiers.ai/empty-legs/kjac-kslc-challenger-300-2026-09-23-582d11f2?id=ADHUHR,"Tue, 22 Sep 2026 16:41:31 GMT",2026-09-24T00:17:02+00:00
https://villiers.ai/empty-legs/kjac-skgp-citation-x-2026-09-23-27329a3a?id=ADHUHR,inactive,inactive,2026-09-22T16:47:02+00:00,2026-09-23T23:47:02+00:00,2026-09-24T00:17:02+00:00,"Citation X | Jackson Hole Airport → Juan Casiano Airport | $8,600",,Citation X,KJAC - Jackson Hole Airport,KJAC,JAC,Jackson Hole Airport,Jackson,US,SKGP - Juan Casiano Airport,SKGP,GPI,Juan Casiano Airport,Guapi,CO,23 September 2026,2026-09-23,12:00,18:55,6h 56m,"$8,600",8600,USD,$,12,https://villiers.ai/empty-legs/kjac-skgp-citation-x-2026-09-23-27329a3a?id=ADHUHR,https://villiers.ai/empty-legs/kjac-skgp-citation-x-2026-09-23-27329a3a?id=ADHUHR,https://villiers.ai/empty-legs/kjac-skgp-citation-x-2026-09-23-27329a3a?id=ADHUHR,"Tue, 22 Sep 2026 16:41:52 GMT",2026-09-24T00:17:02+00:00
https://villiers.ai/empty-legs/klas-knuq-challenger-300-2026-09-23-a680dd6b?id=ADHUHR,inactive,inactive,2026-09-22T16:47:02+00:00,2026-09-23T23:47:02+00:00,2026-09-24T00:17:02+00:00,"Challenger 300 | Harry Reid International Airport → Moffett Federal Airfield | $9,675",,Challenger 300,KLAS - Harry Reid International Airport,KLAS,LAS,Harry Reid International Airport,Las Vegas,US,KNUQ - Moffett Federal Airfield,KNUQ,NUQ,Moffett Federal Airfield,Mountain View,US,23 September 2026,2026-09-23,12:00,13:13,1h 14m,"$9,675",9675,USD,$,10,https://villiers.ai/empty-legs/klas-knuq-challenger-300-2026-09-23-a680dd6b?id=ADHUHR,https://villiers.ai/empty-legs/klas-knuq-challenger-300-2026-09-23-a680dd6b?id=ADHUHR,https://villiers.ai/empty-legs/klas-knuq-challenger-300-2026-09-23-a680dd6b?id=ADHUHR,"Tue, 22 Sep 2026 16:41:31 GMT",2026-09-24T00:17:02+00:00
https://villiers.ai/empty-legs/kmkc-kpwk-citation-x-2026-09-23-68613a99?id=ADHUHR,inactive,inactive,2026-09-22T16:47:02+00:00,2026-09-23T23:47:02+00:00,2026-09-24T00:17:02+00:00,"Citation X | Charles B. Wheeler Downtown Airport → Chicago Executive Airport | $8,600",,Citation X,KMKC - Charles B. Wheeler Downtown Airport,KMKC,MKC,Kansas City Downtown/Wheeler Field,Kansas City,US,KPWK - Chicago Executive Airport,KPWK,PWK,Chicago Executive Airport,Chicago/Prospect Heights/Wheeling,US,23 September 2026,2026-09-23,12:00,13:15,1h 15m,"$8,600",8600,USD,$,12,https://villiers.ai/empty-legs/kmkc-kpwk-citation-x-2026-09-23-68613a99?id=ADHUHR,https://villiers.ai/empty-legs/kmkc-kpwk-citation-x-2026-09-23-68613a99?id=ADHUHR,https://villiers.ai/empty-legs/kmkc-kpwk-citation-x-2026-09-23-68613a99?id=ADHUHR,"Tue, 22 Sep 2026 16:41:53 GMT",2026-09-24T00:17:02+00:00
https://villiers.ai/empty-legs/koak-kvny-challenger-300-2026-09-23-737b1444?id=ADHUHR,inactive,inactive,2026-09-22T16:47:02+00:00,2026-09-23T23:47:02+00:00,2026-09-24T00:17:02+00:00,"Challenger 300 | San Francisco Bay Oakland International Airport → Van Nuys Airport | $8,600",,Challenger 300,KOAK - San Francisco Bay Oakland International Airport,KOAK,OAK,Oakland San Francisco Bay Airport,Oakland,US,KVNY - Van Nuys Airport,KVNY,VNY,Van Nuys Airport,Van Nuys,US,23 September 2026,2026-09-23,12:00,13:05,1h 5m,"$8,600",8600,USD,$,10,https://villiers.ai/empty-legs/koak-kvny-challenger-300-2026-09-23-737b1444?id=ADHUHR,https://villiers.ai/empty-legs/koak-kvny-challenger-300-2026-09-23-737b1444?id=ADHUHR,https://villiers.ai/empty-legs/koak-kvny-challenger-300-2026-09-23-737b1444?id=ADHUHR,"Tue, 22 Sep 2026 16:41:32 GMT",2026-09-24T00:17:02+00:00
https://villiers.ai/empty-legs/kokc-kftw-challenger-300-2026-09-23-36e5e4d9?id=ADHUHR,inactive,inactive,2026-09-22T16:47:02+00:00,2026-09-23T23:47:02+00:00,2026-09-24T00:17:02+00:00,"Challenger 300 | Will Rogers World Airport → Fort Worth Meacham International Airport | $9,675",,Challenger 300,KOKC - Will Rogers World Airport,KOKC,OKC,Okc Will Rogers International Airport,Oklahoma City,US,KFTW - Fort Worth Meacham International Airport,KFTW,FTW,Fort Worth Meacham International Airport,Fort Worth,US,23 September 2026,2026-09-23,12:00,12:49,50m,"$9,675",9675,USD,$,10,https://villiers.ai/empty-legs/kokc-kftw-challenger-300-2026-09-23-36e5e4d9?id=ADHUHR,https://villiers.ai/empty-legs/kokc-kftw-challenger-300-2026-09-23-36e5e4d9?id=ADHUHR,https://villiers.ai/empty-legs/kokc-kftw-challenger-300-2026-09-23-36e5e4d9?id=ADHUHR,"Tue, 22 Sep 2026 16:41:33 GMT",2026-09-24T00:17:02+00:00
https://villiers.ai/empty-legs/kslc-koak-citation-x-2026-09-23-edf26a51?id=ADHUHR,inactive,inactive,2026-09-22T16:47:02+00:00,2026-09-23T23:47:02+00:00,2026-09-24T00:17:02+00:00,"Citation X | Salt Lake City International Airport → San Francisco Bay Oakland International Airport | $8,600",,Citation X,KSLC - Salt Lake City International Airport,KSLC,SLC,Salt Lake City International Airport,Salt Lake City,US,KOAK - San Francisco Bay Oakland International Airport,KOAK,OAK,Oakland San Francisco Bay Airport,Oakland,US,23 September 2026,2026-09-23,12:00,13:35,1h 35m,"$8,600",8600,USD,$,12,https://villiers.ai/empty-legs/kslc-koak-citation-x-2026-09-23-edf26a51?id=ADHUHR,https://villiers.ai/empty-legs/kslc-koak-citation-x-2026-09-23-edf26a51?id=ADHUHR,https://villiers.ai/empty-legs/kslc-koak-citation-x-2026-09-23-edf26a51?id=ADHUHR,"Tue, 22 Sep 2026 16:41:54 GMT",2026-09-24T00:17:02+00:00
https://villiers.ai/empty-legs/kstl-ksgr-citation-x-2026-09-23-6d7d2e64?id=ADHUHR,inactive,inactive,2026-09-22T16:47:02+00:00,2026-09-23T23:47:02+00:00,2026-09-24T00:17:02+00:00,"Citation X | St. Louis Lambert International Airport → Sugar Land Regional Airport | $9,675",,Citation X,KSTL - St. Louis Lambert International Airport,KSTL,STL,St Louis Lambert International Airport,St Louis,US,KSGR - Sugar Land Regional Airport,KSGR,SGR,Sugar Land Regional Airport,Houston,US,23 September 2026,2026-09-23,12:00,13:47,1h 48m,"$9,675",9675,USD,$,12,https://villiers.ai/empty-legs/kstl-ksgr-citation-x-2026-09-23-6d7d2e64?id=ADHUHR,https://villiers.ai/empty-legs/kstl-ksgr-citation-x-2026-09-23-6d7d2e64?id=ADHUHR,https://villiers.ai/empty-legs/kstl-ksgr-citation-x-2026-09-23-6d7d2e64?id=ADHUHR,"Tue, 22 Sep 2026 16:41:54 GMT",2026-09-24T00:17:02+00:00
https://villiers.ai/empty-legs/ktme-kluv-pilatus-pc-12-ng-2026-09-23-d27e9bd4?id=ADHUHR,inactive,inactive,2026-09-21T18:17:02+00:00,2026-09-23T23:47:02+00:00,2026-09-24T00:17:02+00:00,"Pilatus PC 12 NG | Houston Executive Airport → KLUV | $4,730",,Pilatus PC 12 NG,KTME - Houston Executive Airport,KTME,,Houston Executive Airport,Houston,US,KLUV - KLUV,KLUV,,Lamesa Municipal Airport,Lamesa,US,23 September 2026,2026-09-23,12:00,,,"$4,730",4730,USD,$,7,https://villiers.ai/empty-legs/ktme-kluv-pilatus-pc-12-ng-2026-09-23-d27e9bd4?id=ADHUHR,https://villiers.ai/empty-legs/ktme-kluv-pilatus-pc-12-ng-2026-09-23-d27e9bd4?id=ADHUHR,https://villiers.ai/empty-legs/ktme-kluv-pilatus-pc-12-ng-2026-09-23-d27e9bd4?id=ADHUHR,"Mon, 21 Sep 2026 17:48:28 GMT",2026-09-24T00:17:02+00:00
https://villiers.ai/empty-legs/ktul-khou-cessna-citation-excel-2026-09-23-7e6c3578?id=ADHUHR,inactive,inactive,2026-09-21T18:17:02+00:00,2026-09-23T23:47:02+00:00,2026-09-24T00:17:02+00:00,"Cessna Citation Excel | Tulsa International Airport → William P. Hobby Airport | $6,880",,Cessna Citation Excel,KTUL - Tulsa International Airport,KTUL,TUL,Tulsa International Airport,Tulsa,US,KHOU - William P. Hobby Airport,KHOU,HOU,William P Hobby Airport,Houston,US,23 September 2026,2026-09-23,12:00,13:20,1h 20m,"$6,880",6880,USD,$,9,https://villiers.ai/empty-legs/ktul-khou-cessna-citation-excel-2026-09-23-7e6c3578?id=ADHUHR,https://villiers.ai/empty-legs/ktul-khou-cessna-citation-excel-2026-09-23-7e6c3578?id=ADHUHR,https://villiers.ai/empty-legs/ktul-khou-cessna-citation-excel-2026-09-23-7e6c3578?id=ADHUHR,"Mon, 21 Sep 2026 17:48:28 GMT",2026-09-24T00:17:02+00:00
https://villiers.ai/empty-legs/kads-klft-cessna-citation-ultra-2026-09-24-10f8ee5d?id=ADHUHR,inactive,inactive,2026-09-19T17:49:50+00:00,2026-09-24T23:47:02+00:00,2026-09-25T00:17:02+00:00,"Cessna Citation Ultra | Addison Airport → Lafayette Regional Airport | $3,440",,Cessna Citation Ultra,KADS - Addison Airport,KADS,ADS,Addison Airport,Dallas,US,KLFT - Lafayette Regional Airport,KLFT,LFT,Lafayette Regional/Paul Fournet Field,Lafayette,US,24 September 2026,2026-09-24,12:00,13:08,1h 8m,"$3,440",3440,USD,$,7,https://villiers.ai/empty-legs/kads-klft-cessna-citation-ultra-2026-09-24-10f8ee5d?id=ADHUHR,https://villiers.ai/empty-legs/kads-klft-cessna-citation-ultra-2026-09-24-10f8ee5d?id=ADHUHR,https://villiers.ai/empty-legs/kads-klft-cessna-citation-ultra-2026-09-24-10f8ee5d?id=ADHUHR,"Tue, 08 Sep 2026 13:36:35 GMT",2026-09-25T00:17:02+00:00
https://villiers.ai/empty-legs/kase-ksba-citation-x-2026-09-24-57c39505?id=ADHUHR,inactive,inactive,2026-09-22T16:47:02+00:00,2026-09-24T23:47:02+00:00,2026-09-25T00:17:02+00:00,"Citation X | Aspen-Pitkin County Airport (Sardy Field) → Santa Barbara Municipal Airport | $15,050",,Citation X,KASE - Aspen-Pitkin County Airport (Sardy Field),KASE,ASE,Aspen-Pitkin County/Sardy Field,Aspen,US,KSBA - Santa Barbara Municipal Airport,KSBA,SBA,Santa Barbara Municipal Airport,Santa Barbara,US,24 September 2026,2026-09-24,12:00,13:57,1h 58m,"$15,050",15050,USD,$,12,https://villiers.ai/empty-legs/kase-ksba-citation-x-2026-09-24-57c39505?id=ADHUHR,https://villiers.ai/empty-legs/kase-ksba-citation-x-2026-09-24-57c39505?id=ADHUHR,https://villiers.ai/empty-legs/kase-ksba-citation-x-2026-09-24-57c39505?id=ADHUHR,"Tue, 22 Sep 2026 16:41:57 GMT",2026-09-25T00:17:02+00:00
https://villiers.ai/empty-legs/kaus-kads-citation-x-2026-09-24-da8158b3?id=ADHUHR,inactive,inactive,2026-09-22T16:47:02+00:00,2026-09-24T23:47:02+00:00,2026-09-25T00:17:02+00:00,"Citation X | Austin Bergstrom International Airport → Addison Airport | $8,600",,Citation X,KAUS - Austin Bergstrom International Airport,KAUS,AUS,Austin-Bergstrom International Airport,Austin,US,KADS - Addison Airport,KADS,ADS,Addison Airport,Dallas,US,24 September 2026,2026-09-24,12:00,12:51,52m,"$8,600",8600,USD,$,12,https://villiers.ai/empty-legs/kaus-kads-citation-x-2026-09-24-da8158b3?id=ADHUHR,https://villiers.ai/empty-legs/kaus-kads-citation-x-2026-09-24-da8158b3?id=ADHUHR,https://villiers.ai/empty-legs/kaus-kads-citation-x-2026-09-24-da8158b3?id=ADHUHR,"Tue, 22 Sep 2026 16:41:57 GMT",2026-09-25T00:17:02+00:00
https://villiers.ai/empty-legs/kaus-ksgr-cessna-citation-v-2026-09-24-706c77b7?id=ADHUHR,inactive,inactive,2026-08-25T17:47:01+00:00,2026-09-24T23:47:02+00:00,2026-09-25T00:17:02+00:00,"Cessna Citation V | Austin Bergstrom International Airport → Sugar Land Regional Airport | $1,720",,Cessna Citation V,KAUS - Austin Bergstrom International Airport,KAUS,AUS,Austin-Bergstrom International Airport,Austin,US,KSGR - Sugar Land Regional Airport,KSGR,SGR,Sugar Land Regional Airport,Houston,US,24 September 2026,2026-09-24,12:00,12:44,44m,"$1,720",1720,USD,$,7,https://villiers.ai/empty-legs/kaus-ksgr-cessna-citation-v-2026-09-24-706c77b7?id=ADHUHR,https://villiers.ai/empty-legs/kaus-ksgr-cessna-citation-v-2026-09-24-706c77b7?id=ADHUHR,https://villiers.ai/empty-legs/kaus-ksgr-cessna-citation-v-2026-09-24-706c77b7?id=ADHUHR,"Tue, 25 Aug 2026 17:17:18 GMT",2026-09-25T00:17:02+00:00
https://villiers.ai/empty-legs/kbed-klci-citation-x-2026-09-24-0b025b97?id=ADHUHR,inactive,inactive,2026-09-22T16:47:02+00:00,2026-09-24T23:47:02+00:00,2026-09-25T00:17:02+00:00,"Citation X | Laurence G Hanscom Field → Laconia Municipal Airport | $8,600",,Citation X,KBED - Laurence G Hanscom Field,KBED,BED,Laurence G Hanscom Field,Bedford,US,KLCI - Laconia Municipal Airport,KLCI,LCI,Laconia Municipal Airport,Laconia,US,24 September 2026,2026-09-24,12:00,12:38,38m,"$8,600",8600,USD,$,12,https://villiers.ai/empty-legs/kbed-klci-citation-x-2026-09-24-0b025b97?id=ADHUHR,https://villiers.ai/empty-legs/kbed-klci-citation-x-2026-09-24-0b025b97?id=ADHUHR,https://villiers.ai/empty-legs/kbed-klci-citation-x-2026-09-24-0b025b97?id=ADHUHR,"Tue, 22 Sep 2026 16:41:58 GMT",2026-09-25T00:17:02+00:00
https://villiers.ai/empty-legs/kbed-kmsv-challenger-300-2026-09-24-759e78b0?id=ADHUHR,inactive,inactive,2026-09-22T16:47:02+00:00,2026-09-24T23:47:02+00:00,2026-09-25T00:17:02+00:00,"Challenger 300 | Laurence G Hanscom Field → Sullivan County International Airport | $8,600",,Challenger 300,KBED - Laurence G Hanscom Field,KBED,BED,Laurence G Hanscom Field,Bedford,US,KMSV - Sullivan County International Airport,KMSV,MSV,Sullivan County International Airport,Monticello,US,24 September 2026,2026-09-24,12:00,12:50,51m,"$8,600",8600,USD,$,10,https://villiers.ai/empty-legs/kbed-kmsv-challenger-300-2026-09-24-759e78b0?id=ADHUHR,https://villiers.ai/empty-legs/kbed-kmsv-challenger-300-2026-09-24-759e78b0?id=ADHUHR,https://villiers.ai/empty-legs/kbed-kmsv-challenger-300-2026-09-24-759e78b0?id=ADHUHR,"Tue, 22 Sep 2026 16:41:33 GMT",2026-09-25T00:17:02+00:00
https://villiers.ai/empty-legs/kbrd-kmdw-citation-x-2026-09-24-f1b116fb?id=ADHUHR,inactive,inactive,2026-09-22T16:47:02+00:00,2026-09-24T23:47:02+00:00,2026-09-25T00:17:02+00:00,"Citation X | Brainerd Lakes Regional Airport → Chicago Midway International Airport | $8,600",,Citation X,KBRD - Brainerd Lakes Regional Airport,KBRD,BRD,Brainerd Lakes Regional Airport,Brainerd,US,KMDW - Chicago Midway International Airport,KMDW,MDW,Chicago Midway International Airport,Chicago,US,24 September 2026,2026-09-24,12:00,13:19,1h 20m,"$8,600",8600,USD,$,12,https://villiers.ai/empty-legs/kbrd-kmdw-citation-x-2026-09-24-f1b116fb?id=ADHUHR,https://villiers.ai/empty-legs/kbrd-kmdw-citation-x-2026-09-24-f1b116fb?id=ADHUHR,https://villiers.ai/empty-legs/kbrd-kmdw-citation-x-2026-09-24-f1b116fb?id=ADHUHR,"Tue, 22 Sep 2026 16:41:58 GMT",2026-09-25T00:17:02+00:00
https://villiers.ai/empty-legs/kbzn-kbjc-citation-x-2026-09-24-64a2ba88?id=ADHUHR,inactive,inactive,2026-09-22T16:47:02+00:00,2026-09-24T23:47:02+00:00,2026-09-25T00:17:02+00:00,"Citation X | Bozeman Yellowstone International Airport → Rocky Mountain Metropolitan Airport | $9,675",,Citation X,KBZN - Bozeman Yellowstone International Airport,KBZN,BZN,Bozeman Yellowstone International Airport,Bozeman,US,KBJC - Rocky Mountain Metropolitan Airport,KBJC,BJC,Rocky Mountain Metro Airport,Denver,US,24 September 2026,2026-09-24,12:00,13:26,1h 26m,"$9,675",9675,USD,$,12,https://villiers.ai/empty-legs/kbzn-kbjc-citation-x-2026-09-24-64a2ba88?id=ADHUHR,https://villiers.ai/empty-legs/kbzn-kbjc-citation-x-2026-09-24-64a2ba88?id=ADHUHR,https://villiers.ai/empty-legs/kbzn-kbjc-citation-x-2026-09-24-64a2ba88?id=ADHUHR,"Tue, 22 Sep 2026 16:41:58 GMT",2026-09-25T00:17:02+00:00
https://villiers.ai/empty-legs/kcrq-cyyc-citation-cj3-2026-09-24-785e6536?id=ADHUHR,inactive,inactive,2026-09-23T00:17:02+00:00,2026-09-24T23:47:02+00:00,2026-09-25T00:17:02+00:00,"Citation CJ3 | McClellan-Palomar Airport → Calgary International Airport | $17,200",,Citation CJ3,KCRQ - McClellan-Palomar Airport,KCRQ,CLD,Mc Clellan-Palomar Airport,Carlsbad,US,CYYC - Calgary International Airport,CYYC,YYC,Calgary International Airport,Calgary,CA,24 September 2026,2026-09-24,12:00,14:49,2h 49m,"$17,200",17200,USD,$,8,https://villiers.ai/empty-legs/kcrq-cyyc-citation-cj3-2026-09-24-785e6536?id=ADHUHR,https://villiers.ai/empty-legs/kcrq-cyyc-citation-cj3-2026-09-24-785e6536?id=ADHUHR,https://villiers.ai/empty-legs/kcrq-cyyc-citation-cj3-2026-09-24-785e6536?id=ADHUHR,"Wed, 23 Sep 2026 00:01:33 GMT",2026-09-25T00:17:02+00:00
https://villiers.ai/empty-legs/kdal-kcxo-cessna-citation-ultra-2026-09-24-33f73ede?id=ADHUHR,inactive,inactive,2026-09-19T17:49:50+00:00,2026-09-24T23:47:02+00:00,2026-09-25T00:17:02+00:00,"Cessna Citation Ultra | Dallas Love Field → Conroe-North Houston Regional Airport | $2,473",,Cessna Citation Ultra,KDAL - Dallas Love Field,KDAL,DAL,Dallas Love Field,Dallas,US,KCXO - Conroe-North Houston Regional Airport,KCXO,CXO,Conroe/North Houston Regional Airport,Houston,US,24 September 2026,2026-09-24,12:00,12:51,51m,"$2,473",2473,USD,$,7,https://villiers.ai/empty-legs/kdal-kcxo-cessna-citation-ultra-2026-09-24-33f73ede?id=ADHUHR,https://villiers.ai/empty-legs/kdal-kcxo-cessna-citation-ultra-2026-09-24-33f73ede?id=ADHUHR,https://villiers.ai/empty-legs/kdal-kcxo-cessna-citation-ultra-2026-09-24-33f73ede?id=ADHUHR,"Sun, 06 Sep 2026 22:31:22 GMT",2026-09-25T00:17:02+00:00
https://villiers.ai/empty-legs/kdjt-mynn-citation-x-2026-09-24-d8730693?id=ADHUHR,inactive,inactive,2026-09-22T16:47:02+00:00,2026-09-24T23:47:02+00:00,2026-09-25T00:17:02+00:00,"Citation X | President Donald J. Trump International Airport → Lynden Pindling International Airport | $8,600",,Citation X,KDJT - President Donald J. Trump International Airport,KDJT,PBI,President Donald J Trump International Airport,West Palm Beach,US,MYNN - Lynden Pindling International Airport,MYNN,NAS,Lynden Pindling International Airport,Nassau,BS,24 September 2026,2026-09-24,12:00,12:52,52m,"$8,600",8600,USD,$,12,https://villiers.ai/empty-legs/kdjt-mynn-citation-x-2026-09-24-d8730693?id=ADHUHR,https://villiers.ai/empty-legs/kdjt-mynn-citation-x-2026-09-24-d8730693?id=ADHUHR,https://villiers.ai/empty-legs/kdjt-mynn-citation-x-2026-09-24-d8730693?id=ADHUHR,"Tue, 22 Sep 2026 16:41:59 GMT",2026-09-25T00:17:02+00:00
https://villiers.ai/empty-legs/kdtw-kfcm-challenger-300-2026-09-24-ff9089cc?id=ADHUHR,inactive,inactive,2026-09-22T16:47:02+00:00,2026-09-24T23:47:02+00:00,2026-09-25T00:17:02+00:00,"Challenger 300 | Detroit Metropolitan Wayne County Airport → Flying Cloud Airport | $9,675",,Challenger 300,KDTW - Detroit Metropolitan Wayne County Airport,KDTW,DTW,Detroit Metro Wayne County Airport,Detroit,US,KFCM - Flying Cloud Airport,KFCM,FCM,Flying Cloud Airport,Minneapolis,US,24 September 2026,2026-09-24,12:00,13:29,1h 30m,"$9,675",9675,USD,$,10,https://villiers.ai/empty-legs/kdtw-kfcm-challenger-300-2026-09-24-ff9089cc?id=ADHUHR,https://villiers.ai/empty-legs/kdtw-kfcm-challenger-300-2026-09-24-ff9089cc?id=ADHUHR,https://villiers.ai/empty-legs/kdtw-kfcm-challenger-300-2026-09-24-ff9089cc?id=ADHUHR,"Tue, 22 Sep 2026 16:41:35 GMT",2026-09-25T00:17:02+00:00
https://villiers.ai/empty-legs/kege-knuq-citation-x-2026-09-24-5573abc9?id=ADHUHR,inactive,inactive,2026-09-22T16:47:02+00:00,2026-09-24T23:47:02+00:00,2026-09-25T00:17:02+00:00,"Citation X | Eagle County Regional Airport → Moffett Federal Airfield | $12,900",,Citation X,KEGE - Eagle County Regional Airport,KEGE,EGE,Eagle County Regional Airport,Eagle,US,KNUQ - Moffett Federal Airfield,KNUQ,NUQ,Moffett Federal Airfield,Mountain View,US,24 September 2026,2026-09-24,12:00,14:02,2h 2m,"$12,900",12900,USD,$,12,https://villiers.ai/empty-legs/kege-knuq-citation-x-2026-09-24-5573abc9?id=ADHUHR,https://villiers.ai/empty-legs/kege-knuq-citation-x-2026-09-24-5573abc9?id=ADHUHR,https://villiers.ai/empty-legs/kege-knuq-citation-x-2026-09-24-5573abc9?id=ADHUHR,"Tue, 22 Sep 2026 16:41:59 GMT",2026-09-25T00:17:02+00:00
https://villiers.ai/empty-legs/kfat-ksba-challenger-300-2026-09-24-7a0c32a9?id=ADHUHR,inactive,inactive,2026-09-22T16:47:02+00:00,2026-09-24T23:47:02+00:00,2026-09-25T00:17:02+00:00,"Challenger 300 | Fresno Yosemite International Airport → Santa Barbara Municipal Airport | $8,600",,Challenger 300,KFAT - Fresno Yosemite International Airport,KFAT,FAT,Fresno Yosemite International Airport,Fresno,US,KSBA - Santa Barbara Municipal Airport,KSBA,SBA,Santa Barbara Municipal Airport,Santa Barbara,US,24 September 2026,2026-09-24,12:00,12:48,48m,"$8,600",8600,USD,$,10,https://villiers.ai/empty-legs/kfat-ksba-challenger-300-2026-09-24-7a0c32a9?id=ADHUHR,https://villiers.ai/empty-legs/kfat-ksba-challenger-300-2026-09-24-7a0c32a9?id=ADHUHR,https://villiers.ai/empty-legs/kfat-ksba-challenger-300-2026-09-24-7a0c32a9?id=ADHUHR,"Tue, 22 Sep 2026 16:41:35 GMT",2026-09-25T00:17:02+00:00
https://villiers.ai/empty-legs/khvn-kfrg-citation-x-2026-09-24-29ad9120?id=ADHUHR,inactive,inactive,2026-09-22T16:47:02+00:00,2026-09-24T23:47:02+00:00,2026-09-25T00:17:02+00:00,"Citation X | Tweed New Haven Airport → Republic Airport | $8,600",,Citation X,KHVN - Tweed New Haven Airport,KHVN,HVN,Tweed/New Haven Airport,New Haven,US,KFRG - Republic Airport,KFRG,FRG,Republic Airport,Farmingdale,US,24 September 2026,2026-09-24,12:00,12:35,35m,"$8,600",8600,USD,$,12,https://villiers.ai/empty-legs/khvn-kfrg-citation-x-2026-09-24-29ad9120?id=ADHUHR,https://villiers.ai/empty-legs/khvn-kfrg-citation-x-2026-09-24-29ad9120?id=ADHUHR,https://villiers.ai/empty-legs/khvn-kfrg-citation-x-2026-09-24-29ad9120?id=ADHUHR,"Tue, 22 Sep 2026 16:42:00 GMT",2026-09-25T00:17:02+00:00
https://villiers.ai/empty-legs/kiws-k6r6-pilatus-pc-12-ng-2026-09-24-fe63377e?id=ADHUHR,inactive,inactive,2026-09-19T17:49:50+00:00,2026-09-24T23:47:02+00:00,2026-09-25T00:17:02+00:00,"Pilatus PC 12 NG | West Houston Airport → Terrell County Airport | $4,730",,Pilatus PC 12 NG,KIWS - West Houston Airport,KIWS,IWS,West Houston Airport,Houston,US,K6R6 - Terrell County Airport,K6R6,,Terrell County Airport,Dryden,US,24 September 2026,2026-09-24,12:00,13:13,1h 13m,"$4,730",4730,USD,$,7,https://villiers.ai/empty-legs/kiws-k6r6-pilatus-pc-12-ng-2026-09-24-fe63377e?id=ADHUHR,https://villiers.ai/empty-legs/kiws-k6r6-pilatus-pc-12-ng-2026-09-24-fe63377e?id=ADHUHR,https://villiers.ai/empty-legs/kiws-k6r6-pilatus-pc-12-ng-2026-09-24-fe63377e?id=ADHUHR,"Fri, 18 Sep 2026 19:25:31 GMT",2026-09-25T00:17:02+00:00
https://villiers.ai/empty-legs/klbe-kiad-citation-x-2026-09-24-10479730?id=ADHUHR,inactive,inactive,2026-09-22T16:47:02+00:00,2026-09-24T23:47:02+00:00,2026-09-25T00:17:02+00:00,"Citation X | Arnold Palmer Regional Airport → Washington Dulles International Airport | $8,600",,Citation X,KLBE - Arnold Palmer Regional Airport,KLBE,LBE,Arnold Palmer Regional Airport,Latrobe,US,KIAD - Washington Dulles International Airport,KIAD,IAD,Washington Dulles International Airport,Washington,US,24 September 2026,2026-09-24,12:00,12:45,45m,"$8,600",8600,USD,$,12,https://villiers.ai/empty-legs/klbe-kiad-citation-x-2026-09-24-10479730?id=ADHUHR,https://villiers.ai/empty-legs/klbe-kiad-citation-x-2026-09-24-10479730?id=ADHUHR,https://villiers.ai/empty-legs/klbe-kiad-citation-x-2026-09-24-10479730?id=ADHUHR,"Tue, 22 Sep 2026 16:42:00 GMT",2026-09-25T00:17:02+00:00
https://villiers.ai/empty-legs/kluv-khou-pilatus-pc-12-ng-2026-09-24-11b3322c?id=ADHUHR,inactive,inactive,2026-09-21T18:17:02+00:00,2026-09-24T23:47:02+00:00,2026-09-25T00:17:02+00:00,"Pilatus PC 12 NG | KLUV → William P. Hobby Airport | $4,085",,Pilatus PC 12 NG,KLUV - KLUV,KLUV,,Lamesa Municipal Airport,Lamesa,US,KHOU - William P. Hobby Airport,KHOU,HOU,William P Hobby Airport,Houston,US,24 September 2026,2026-09-24,12:00,,,"$4,085",4085,USD,$,7,https://villiers.ai/empty-legs/kluv-khou-pilatus-pc-12-ng-2026-09-24-11b3322c?id=ADHUHR,https://villiers.ai/empty-legs/kluv-khou-pilatus-pc-12-ng-2026-09-24-11b3322c?id=ADHUHR,https://villiers.ai/empty-legs/kluv-khou-pilatus-pc-12-ng-2026-09-24-11b3322c?id=ADHUHR,"Mon, 21 Sep 2026 17:48:28 GMT",2026-09-25T00:17:02+00:00
https://villiers.ai/empty-legs/klwb-kjyo-citation-x-2026-09-24-d28a1fed?id=ADHUHR,inactive,inactive,2026-09-22T16:47:02+00:00,2026-09-24T23:47:02+00:00,2026-09-25T00:17:02+00:00,"Citation X | Greenbrier Valley Airport → Leesburg Executive Airport | $8,600",,Citation X,KLWB - Greenbrier Valley Airport,KLWB,LWB,Greenbrier Valley Airport,Lewisburg,US,KJYO - Leesburg Executive Airport,KJYO,,Leesburg Executive Airport,Leesburg,US,24 September 2026,2026-09-24,12:00,12:49,49m,"$8,600",8600,USD,$,12,https://villiers.ai/empty-legs/klwb-kjyo-citation-x-2026-09-24-d28a1fed?id=ADHUHR,https://villiers.ai/empty-legs/klwb-kjyo-citation-x-2026-09-24-d28a1fed?id=ADHUHR,https://villiers.ai/empty-legs/klwb-kjyo-citation-x-2026-09-24-d28a1fed?id=ADHUHR,"Tue, 22 Sep 2026 16:42:01 GMT",2026-09-25T00:17:02+00:00
https://villiers.ai/empty-legs/kmdw-kmmu-challenger-300-2026-09-24-e116c9d9?id=ADHUHR,inactive,inactive,2026-09-22T16:47:02+00:00,2026-09-24T23:47:02+00:00,2026-09-25T00:17:02+00:00,"Challenger 300 | Chicago Midway International Airport → Morristown Municipal Airport | $12,900",,Challenger 300,KMDW - Chicago Midway International Airport,KMDW,MDW,Chicago Midway International Airport,Chicago,US,KMMU - Morristown Municipal Airport,KMMU,MMU,Morristown Municipal Airport,Morristown,US,24 September 2026,2026-09-24,12:00,13:47,1h 47m,"$12,900",12900,USD,$,10,https://villiers.ai/empty-legs/kmdw-kmmu-challenger-300-2026-09-24-e116c9d9?id=ADHUHR,https://villiers.ai/empty-legs/kmdw-kmmu-challenger-300-2026-09-24-e116c9d9?id=ADHUHR,https://villiers.ai/empty-legs/kmdw-kmmu-challenger-300-2026-09-24-e116c9d9?id=ADHUHR,"Tue, 22 Sep 2026 16:41:36 GMT",2026-09-25T00:17:02+00:00
https://villiers.ai/empty-legs/knuq-kpga-citation-x-2026-09-24-740741af?id=ADHUHR,inactive,inactive,2026-09-22T16:47:02+00:00,2026-09-24T23:47:02+00:00,2026-09-25T00:17:02+00:00,"Citation X | Moffett Federal Airfield → Page Municipal Airport | $9,675",,Citation X,KNUQ - Moffett Federal Airfield,KNUQ,NUQ,Moffett Federal Airfield,Mountain View,US,KPGA - Page Municipal Airport,KPGA,PGA,Page Municipal Airport,Page,US,24 September 2026,2026-09-24,12:00,13:34,1h 35m,"$9,675",9675,USD,$,12,https://villiers.ai/empty-legs/knuq-kpga-citation-x-2026-09-24-740741af?id=ADHUHR,https://villiers.ai/empty-legs/knuq-kpga-citation-x-2026-09-24-740741af?id=ADHUHR,https://villiers.ai/empty-legs/knuq-kpga-citation-x-2026-09-24-740741af?id=ADHUHR,"Tue, 22 Sep 2026 16:42:02 GMT",2026-09-25T00:17:02+00:00
https://villiers.ai/empty-legs/knuq-ksba-citation-x-2026-09-24-276849ab?id=ADHUHR,inactive,inactive,2026-09-22T16:47:02+00:00,2026-09-24T23:47:02+00:00,2026-09-25T00:17:02+00:00,"Citation X | Moffett Federal Airfield → Santa Barbara Municipal Airport | $8,600",,Citation X,KNUQ - Moffett Federal Airfield,KNUQ,NUQ,Moffett Federal Airfield,Mountain View,US,KSBA - Santa Barbara Municipal Airport,KSBA,SBA,Santa Barbara Municipal Airport,Santa Barbara,US,24 September 2026,2026-09-24,12:00,12:56,57m,"$8,600",8600,USD,$,12,https://villiers.ai/empty-legs/knuq-ksba-citation-x-2026-09-24-276849ab?id=ADHUHR,https://villiers.ai/empty-legs/knuq-ksba-citation-x-2026-09-24-276849ab?id=ADHUHR,https://villiers.ai/empty-legs/knuq-ksba-citation-x-2026-09-24-276849ab?id=ADHUHR,"Tue, 22 Sep 2026 16:42:02 GMT",2026-09-25T00:17:02+00:00
https://villiers.ai/empty-legs/kopf-ksba-citation-x-2026-09-24-133ade41?id=ADHUHR,inactive,inactive,2026-09-22T16:47:02+00:00,2026-09-24T23:47:02+00:00,2026-09-25T00:17:02+00:00,"Citation X | Miami-Opa Locka Executive Airport → Santa Barbara Municipal Airport | $25,800",,Citation X,KOPF - Miami-Opa Locka Executive Airport,KOPF,OPF,Miami-Opa Locka Executive Airport,Miami,US,KSBA - Santa Barbara Municipal Airport,KSBA,SBA,Santa Barbara Municipal Airport,Santa Barbara,US,24 September 2026,2026-09-24,12:00,16:58,4h 58m,"$25,800",25800,USD,$,12,https://villiers.ai/empty-legs/kopf-ksba-citation-x-2026-09-24-133ade41?id=ADHUHR,https://villiers.ai/empty-legs/kopf-ksba-citation-x-2026-09-24-133ade41?id=ADHUHR,https://villiers.ai/empty-legs/kopf-ksba-citation-x-2026-09-24-133ade41?id=ADHUHR,"Tue, 22 Sep 2026 16:41:56 GMT",2026-09-25T00:17:02+00:00
https://villiers.ai/empty-legs/kpga-kvny-challenger-300-2026-09-24-8219e96a?id=ADHUHR,inactive,inactive,2026-09-22T16:47:02+00:00,2026-09-24T23:47:02+00:00,2026-09-25T00:17:02+00:00,"Challenger 300 | Page Municipal Airport → Van Nuys Airport | $9,675",,Challenger 300,KPGA - Page Municipal Airport,KPGA,PGA,Page Municipal Airport,Page,US,KVNY - Van Nuys Airport,KVNY,VNY,Van Nuys Airport,Van Nuys,US,24 September 2026,2026-09-24,12:00,13:18,1h 19m,"$9,675",9675,USD,$,10,https://villiers.ai/empty-legs/kpga-kvny-challenger-300-2026-09-24-8219e96a?id=ADHUHR,https://villiers.ai/empty-legs/kpga-kvny-challenger-300-2026-09-24-8219e96a?id=ADHUHR,https://villiers.ai/empty-legs/kpga-kvny-challenger-300-2026-09-24-8219e96a?id=ADHUHR,"Tue, 22 Sep 2026 16:41:37 GMT",2026-09-25T00:17:02+00:00
https://villiers.ai/empty-legs/kpie-kcsg-challenger-300-2026-09-24-f17d9f9d?id=ADHUHR,inactive,inactive,2026-09-22T16:47:02+00:00,2026-09-24T23:47:02+00:00,2026-09-25T00:17:02+00:00,"Challenger 300 | St. Petersburg Clearwater International Airport → Columbus Metropolitan Airport | $9,675",,Challenger 300,KPIE - St. Petersburg Clearwater International Airport,KPIE,PIE,St Pete-Clearwater International Airport,St Petersburg-Clearwater,US,KCSG - Columbus Metropolitan Airport,KCSG,CSG,Columbus Airport,Columbus,US,24 September 2026,2026-09-24,12:00,13:08,1h 8m,"$9,675",9675,USD,$,10,https://villiers.ai/empty-legs/kpie-kcsg-challenger-300-2026-09-24-f17d9f9d?id=ADHUHR,https://villiers.ai/empty-legs/kpie-kcsg-challenger-300-2026-09-24-f17d9f9d?id=ADHUHR,https://villiers.ai/empty-legs/kpie-kcsg-challenger-300-2026-09-24-f17d9f9d?id=ADHUHR,"Tue, 22 Sep 2026 16:41:38 GMT",2026-09-25T00:17:02+00:00
https://villiers.ai/empty-legs/kric-kiad-citation-x-2026-09-24-5f7f2c46?id=ADHUHR,inactive,inactive,2026-09-22T17:47:02+00:00,2026-09-24T23:47:02+00:00,2026-09-25T00:17:02+00:00,"Citation X | Richmond International Airport → Washington Dulles International Airport | $8,600",,Citation X,KRIC - Richmond International Airport,KRIC,RIC,Richmond International Airport,Richmond,US,KIAD - Washington Dulles International Airport,KIAD,IAD,Washington Dulles International Airport,Washington,US,24 September 2026,2026-09-24,12:00,12:41,41m,"$8,600",8600,USD,$,12,https://villiers.ai/empty-legs/kric-kiad-citation-x-2026-09-24-5f7f2c46?id=ADHUHR,https://villiers.ai/empty-legs/kric-kiad-citation-x-2026-09-24-5f7f2c46?id=ADHUHR,https://villiers.ai/empty-legs/kric-kiad-citation-x-2026-09-24-5f7f2c46?id=ADHUHR,"Tue, 22 Sep 2026 16:42:03 GMT",2026-09-25T00:17:02+00:00
https://villiers.ai/empty-legs/ksgj-kapf-citation-x-2026-09-24-f700e1cf?id=ADHUHR,inactive,inactive,2026-09-22T17:17:05+00:00,2026-09-24T23:47:02+00:00,2026-09-25T00:17:02+00:00,"Citation X | Northeast Florida Regional Airport → Naples Municipal Airport | $8,600",,Citation X,KSGJ - Northeast Florida Regional Airport,KSGJ,UST,St Augustine Airport,St Augustine,US,KAPF - Naples Municipal Airport,KAPF,APF,Naples Municipal Airport,Naples,US,24 September 2026,2026-09-24,12:00,12:59,59m,"$8,600",8600,USD,$,12,https://villiers.ai/empty-legs/ksgj-kapf-citation-x-2026-09-24-f700e1cf?id=ADHUHR,https://villiers.ai/empty-legs/ksgj-kapf-citation-x-2026-09-24-f700e1cf?id=ADHUHR,https://villiers.ai/empty-legs/ksgj-kapf-citation-x-2026-09-24-f700e1cf?id=ADHUHR,"Tue, 22 Sep 2026 16:42:03 GMT",2026-09-25T00:17:02+00:00
https://villiers.ai/empty-legs/kteb-kalb-cessna-citation-excel-2026-09-24-80bcf94f?id=ADHUHR,inactive,inactive,2026-09-19T17:49:50+00:00,2026-09-24T23:47:02+00:00,2026-09-25T00:17:02+00:00,"Cessna Citation Excel | Teterboro Airport → Albany International Airport | $3,225",,Cessna Citation Excel,KTEB - Teterboro Airport,KTEB,TEB,Teterboro Airport,Teterboro,US,KALB - Albany International Airport,KALB,ALB,Albany International Airport,Albany,US,24 September 2026,2026-09-24,12:00,12:44,45m,"$3,225",3225,USD,$,9,https://villiers.ai/empty-legs/kteb-kalb-cessna-citation-excel-2026-09-24-80bcf94f?id=ADHUHR,https://villiers.ai/empty-legs/kteb-kalb-cessna-citation-excel-2026-09-24-80bcf94f?id=ADHUHR,https://villiers.ai/empty-legs/kteb-kalb-cessna-citation-excel-2026-09-24-80bcf94f?id=ADHUHR,"Thu, 17 Sep 2026 15:37:49 GMT",2026-09-25T00:17:02+00:00
https://villiers.ai/empty-legs/kteb-khou-cessna-citation-excel-2026-09-24-5327a543?id=ADHUHR,inactive,inactive,2026-09-05T00:17:02+00:00,2026-09-24T23:47:02+00:00,2026-09-25T00:17:02+00:00,"Cessna Citation Excel | Teterboro Airport → William P. Hobby Airport | $20,318",,Cessna Citation Excel,KTEB - Teterboro Airport,KTEB,TEB,Teterboro Airport,Teterboro,US,KHOU - William P. Hobby Airport,KHOU,HOU,William P Hobby Airport,Houston,US,24 September 2026,2026-09-24,12:00,15:07,3h 8m,"$20,318",20318,USD,$,9,https://villiers.ai/empty-legs/kteb-khou-cessna-citation-excel-2026-09-24-5327a543?id=ADHUHR,https://villiers.ai/empty-legs/kteb-khou-cessna-citation-excel-2026-09-24-5327a543?id=ADHUHR,https://villiers.ai/empty-legs/kteb-khou-cessna-citation-excel-2026-09-24-5327a543?id=ADHUHR,"Thu, 03 Sep 2026 17:44:00 GMT",2026-09-25T00:17:02+00:00
https://villiers.ai/empty-legs/kteb-kisp-challenger-300-2026-09-24-15784838?id=ADHUHR,inactive,inactive,2026-09-22T16:47:02+00:00,2026-09-24T23:47:02+00:00,2026-09-25T00:17:02+00:00,"Challenger 300 | Teterboro Airport → Long Island Mac Arthur Airport | $8,600",,Challenger 300,KTEB - Teterboro Airport,KTEB,TEB,Teterboro Airport,Teterboro,US,KISP - Long Island Mac Arthur Airport,KISP,ISP,Long Island Mac Arthur Airport,New York,US,24 September 2026,2026-09-24,12:00,12:35,36m,"$8,600",8600,USD,$,10,https://villiers.ai/empty-legs/kteb-kisp-challenger-300-2026-09-24-15784838?id=ADHUHR,https://villiers.ai/empty-legs/kteb-kisp-challenger-300-2026-09-24-15784838?id=ADHUHR,https://villiers.ai/empty-legs/kteb-kisp-challenger-300-2026-09-24-15784838?id=ADHUHR,"Tue, 22 Sep 2026 16:41:33 GMT",2026-09-25T00:17:02+00:00
https://villiers.ai/empty-legs/kteb-kopf-cessna-citation-excel-2026-09-24-0dc88045?id=ADHUHR,inactive,inactive,2026-08-24T00:17:02+00:00,2026-09-24T23:47:02+00:00,2026-09-25T00:17:02+00:00,"Cessna Citation Excel | Teterboro Airport → Miami-Opa Locka Executive Airport | $15,050",,Cessna Citation Excel,KTEB - Teterboro Airport,KTEB,TEB,Teterboro Airport,Teterboro,US,KOPF - Miami-Opa Locka Executive Airport,KOPF,OPF,Miami-Opa Locka Executive Airport,Miami,US,24 September 2026,2026-09-24,12:00,14:31,2h 31m,"$15,050",15050,USD,$,9,https://villiers.ai/empty-legs/kteb-kopf-cessna-citation-excel-2026-09-24-0dc88045?id=ADHUHR,https://villiers.ai/empty-legs/kteb-kopf-cessna-citation-excel-2026-09-24-0dc88045?id=ADHUHR,https://villiers.ai/empty-legs/kteb-kopf-cessna-citation-excel-2026-09-24-0dc88045?id=ADHUHR,"Sun, 23 Aug 2026 18:23:24 GMT",2026-09-25T00:17:02+00:00
https://villiers.ai/empty-legs/ktys-khou-cessna-citation-v-2026-09-24-4fdeb19b?id=ADHUHR,inactive,inactive,2026-09-19T17:49:50+00:00,2026-09-24T23:47:02+00:00,2026-09-25T00:17:02+00:00,"Cessna Citation V | McGhee Tyson Airport → William P. Hobby Airport | $8,600",,Cessna Citation V,KTYS - McGhee Tyson Airport,KTYS,TYS,Mc Ghee Tyson Airport,Knoxville,US,KHOU - William P. Hobby Airport,KHOU,HOU,William P Hobby Airport,Houston,US,24 September 2026,2026-09-24,12:00,13:56,1h 57m,"$8,600",8600,USD,$,7,https://villiers.ai/empty-legs/ktys-khou-cessna-citation-v-2026-09-24-4fdeb19b?id=ADHUHR,https://villiers.ai/empty-legs/ktys-khou-cessna-citation-v-2026-09-24-4fdeb19b?id=ADHUHR,https://villiers.ai/empty-legs/ktys-khou-cessna-citation-v-2026-09-24-4fdeb19b?id=ADHUHR,"Fri, 18 Sep 2026 19:25:31 GMT",2026-09-25T00:17:02+00:00
https://villiers.ai/empty-legs/ktys-kxna-challenger-300-2026-09-24-4b9590bb?id=ADHUHR,inactive,inactive,2026-09-22T16:47:02+00:00,2026-09-24T23:47:02+00:00,2026-09-25T00:17:02+00:00,"Challenger 300 | McGhee Tyson Airport → Northwest Arkansas National Airport | $9,675",,Challenger 300,KTYS - McGhee Tyson Airport,KTYS,TYS,Mc Ghee Tyson Airport,Knoxville,US,KXNA - Northwest Arkansas National Airport,KXNA,XNA,Northwest Arkansas Ntl Airport,Fayetteville/Springdale/Rogers,US,24 September 2026,2026-09-24,12:00,13:33,1h 34m,"$9,675",9675,USD,$,10,https://villiers.ai/empty-legs/ktys-kxna-challenger-300-2026-09-24-4b9590bb?id=ADHUHR,https://villiers.ai/empty-legs/ktys-kxna-challenger-300-2026-09-24-4b9590bb?id=ADHUHR,https://villiers.ai/empty-legs/ktys-kxna-challenger-300-2026-09-24-4b9590bb?id=ADHUHR,"Tue, 22 Sep 2026 16:41:39 GMT",2026-09-25T00:17:02+00:00
https://villiers.ai/empty-legs/kcrq-ksts-cessna-citation-cj3-2026-09-25-72e804fb?id=ADHUHR,active,unchanged,2026-09-25T02:17:02+00:00,2026-09-25T18:47:02+00:00,,"Cessna Citation CJ3 | McClellan-Palomar Airport → Charles M. Schulz Sonoma County Airport | $3,763",,Cessna Citation CJ3,KCRQ - McClellan-Palomar Airport,KCRQ,CLD,Mc Clellan-Palomar Airport,Carlsbad,US,KSTS - Charles M. Schulz Sonoma County Airport,KSTS,STS,Charles M Schulz/Sonoma County Airport,Santa Rosa,US,25 September 2026,2026-09-25,08:00,09:23,1h 24m,"$3,763",3763,USD,$,6,https://villiers.ai/empty-legs/kcrq-ksts-cessna-citation-cj3-2026-09-25-72e804fb?id=ADHUHR,https://villiers.ai/empty-legs/kcrq-ksts-cessna-citation-cj3-2026-09-25-72e804fb?id=ADHUHR,https://villiers.ai/empty-legs/kcrq-ksts-cessna-citation-cj3-2026-09-25-72e804fb?id=ADHUHR,"Fri, 25 Sep 2026 01:57:19 GMT",2026-09-25T18:47:02+00:00
https://villiers.ai/empty-legs/lpcs-kopf-gulfstream-g-v-2026-09-25-88dc913e?id=ADHUHR,active,unchanged,2026-09-21T18:17:02+00:00,2026-09-25T18:47:02+00:00,,"Gulfstream G-V | Cascais Airport → Miami-Opa Locka Executive Airport | $77,239",,Gulfstream G-V,LPCS - Cascais Airport,LPCS,CAT,Cascais Airport,Cascais,PT,KOPF - Miami-Opa Locka Executive Airport,KOPF,OPF,Miami-Opa Locka Executive Airport,Miami,US,25 September 2026,2026-09-25,09:45,17:53,8h 9m,"$77,239",77239,USD,$,15,https://villiers.ai/empty-legs/lpcs-kopf-gulfstream-g-v-2026-09-25-88dc913e?id=ADHUHR,https://villiers.ai/empty-legs/lpcs-kopf-gulfstream-g-v-2026-09-25-88dc913e?id=ADHUHR,https://villiers.ai/empty-legs/lpcs-kopf-gulfstream-g-v-2026-09-25-88dc913e?id=ADHUHR,"Mon, 21 Sep 2026 17:50:33 GMT",2026-09-25T18:47:02+00:00
https://villiers.ai/empty-legs/kavl-ksby-cessna-citation-ultra-2026-09-25-e29812b3?id=ADHUHR,active,unchanged,2026-09-25T13:47:01+00:00,2026-09-25T18:47:02+00:00,,"Cessna Citation Ultra | Asheville Regional Airport → Salisbury Ocean City Wicomico Regional Airport | $3,870",,Cessna Citation Ultra,KAVL - Asheville Regional Airport,KAVL,AVL,Asheville Regional Airport,Asheville,US,KSBY - Salisbury Ocean City Wicomico Regional Airport,KSBY,SBY,Salisbury-Ocean City Wicomico Regional Airport,Salisbury,US,25 September 2026,2026-09-25,12:00,13:18,1h 18m,"$3,870",3870,USD,$,7,https://villiers.ai/empty-legs/kavl-ksby-cessna-citation-ultra-2026-09-25-e29812b3?id=ADHUHR,https://villiers.ai/empty-legs/kavl-ksby-cessna-citation-ultra-2026-09-25-e29812b3?id=ADHUHR,https://villiers.ai/empty-legs/kavl-ksby-cessna-citation-ultra-2026-09-25-e29812b3?id=ADHUHR,"Fri, 25 Sep 2026 13:43:51 GMT",2026-09-25T18:47:02+00:00
https://villiers.ai/empty-legs/kfwa-khou-cessna-citation-ultra-2026-09-25-e87bee37?id=ADHUHR,active,unchanged,2026-08-20T00:17:02+00:00,2026-09-25T18:47:02+00:00,,"Cessna Citation Ultra | Fort Wayne International Airport → William P. Hobby Airport | $9,998",,Cessna Citation Ultra,KFWA - Fort Wayne International Airport,KFWA,FWA,Fort Wayne International Airport,Fort Wayne,US,KHOU - William P. Hobby Airport,KHOU,HOU,William P Hobby Airport,Houston,US,25 September 2026,2026-09-25,12:00,14:17,2h 17m,"$9,998",9998,USD,$,7,https://villiers.ai/empty-legs/kfwa-khou-cessna-citation-ultra-2026-09-25-e87bee37?id=ADHUHR,https://villiers.ai/empty-legs/kfwa-khou-cessna-citation-ultra-2026-09-25-e87bee37?id=ADHUHR,https://villiers.ai/empty-legs/kfwa-khou-cessna-citation-ultra-2026-09-25-e87bee37?id=ADHUHR,"Wed, 19 Aug 2026 22:51:09 GMT",2026-09-25T18:47:02+00:00
https://villiers.ai/empty-legs/kfwa-kpln-cessna-citation-v-2026-09-25-fe271f30?id=ADHUHR,active,unchanged,2026-09-22T15:17:02+00:00,2026-09-25T18:47:02+00:00,,"Cessna Citation V | Fort Wayne International Airport → Pellston Regional Airport of Emmet County Airport | $3,118",,Cessna Citation V,KFWA - Fort Wayne International Airport,KFWA,FWA,Fort Wayne International Airport,Fort Wayne,US,KPLN - Pellston Regional Airport of Emmet County Airport,KPLN,PLN,Pellston Regional/Emmet County Airport,Pellston,US,25 September 2026,2026-09-25,12:00,13:05,1h 5m,"$3,118",3118,USD,$,7,https://villiers.ai/empty-legs/kfwa-kpln-cessna-citation-v-2026-09-25-fe271f30?id=ADHUHR,https://villiers.ai/empty-legs/kfwa-kpln-cessna-citation-v-2026-09-25-fe271f30?id=ADHUHR,https://villiers.ai/empty-legs/kfwa-kpln-cessna-citation-v-2026-09-25-fe271f30?id=ADHUHR,"Tue, 22 Sep 2026 15:15:30 GMT",2026-09-25T18:47:02+00:00
https://villiers.ai/empty-legs/kfwa-ktys-cessna-citation-v-2026-09-25-ea8c1f15?id=ADHUHR,active,unchanged,2026-08-22T00:17:02+00:00,2026-09-25T18:47:02+00:00,,"Cessna Citation V | Fort Wayne International Airport → McGhee Tyson Airport | $3,870",,Cessna Citation V,KFWA - Fort Wayne International Airport,KFWA,FWA,Fort Wayne International Airport,Fort Wayne,US,KTYS - McGhee Tyson Airport,KTYS,TYS,Mc Ghee Tyson Airport,Knoxville,US,25 September 2026,2026-09-25,12:00,13:10,1h 10m,"$3,870",3870,USD,$,7,https://villiers.ai/empty-legs/kfwa-ktys-cessna-citation-v-2026-09-25-ea8c1f15?id=ADHUHR,https://villiers.ai/empty-legs/kfwa-ktys-cessna-citation-v-2026-09-25-ea8c1f15?id=ADHUHR,https://villiers.ai/empty-legs/kfwa-ktys-cessna-citation-v-2026-09-25-ea8c1f15?id=ADHUHR,"Fri, 21 Aug 2026 18:42:16 GMT",2026-09-25T18:47:02+00:00
https://villiers.ai/empty-legs/khou-kcrp-cessna-citation-ultra-2026-09-25-4c180f41?id=ADHUHR,active,unchanged,2026-09-24T18:47:02+00:00,2026-09-25T18:47:02+00:00,,"Cessna Citation Ultra | William P. Hobby Airport → Corpus Christi International Airport | $2,795",,Cessna Citation Ultra,KHOU - William P. Hobby Airport,KHOU,HOU,William P Hobby Airport,Houston,US,KCRP - Corpus Christi International Airport,KCRP,CRP,Corpus Christi International Airport,Corpus Christi,US,25 September 2026,2026-09-25,12:00,12:50,51m,"$2,795",2795,USD,$,7,https://villiers.ai/empty-legs/khou-kcrp-cessna-citation-ultra-2026-09-25-4c180f41?id=ADHUHR,https://villiers.ai/empty-legs/khou-kcrp-cessna-citation-ultra-2026-09-25-4c180f41?id=ADHUHR,https://villiers.ai/empty-legs/khou-kcrp-cessna-citation-ultra-2026-09-25-4c180f41?id=ADHUHR,"Thu, 24 Sep 2026 18:28:45 GMT",2026-09-25T18:47:02+00:00
https://villiers.ai/empty-legs/khou-kdal-cessna-citation-ultra-2026-09-25-804072f5?id=ADHUHR,active,unchanged,2026-09-20T16:47:02+00:00,2026-09-25T18:47:02+00:00,,"Cessna Citation Ultra | William P. Hobby Airport → Dallas Love Field | $3,118",,Cessna Citation Ultra,KHOU - William P. Hobby Airport,KHOU,HOU,William P Hobby Airport,Houston,US,KDAL - Dallas Love Field,KDAL,DAL,Dallas Love Field,Dallas,US,25 September 2026,2026-09-25,12:00,12:56,57m,"$3,118",3118,USD,$,7,https://villiers.ai/empty-legs/khou-kdal-cessna-citation-ultra-2026-09-25-804072f5?id=ADHUHR,https://villiers.ai/empty-legs/khou-kdal-cessna-citation-ultra-2026-09-25-804072f5?id=ADHUHR,https://villiers.ai/empty-legs/khou-kdal-cessna-citation-ultra-2026-09-25-804072f5?id=ADHUHR,"Sun, 20 Sep 2026 16:20:20 GMT",2026-09-25T18:47:02+00:00
https://villiers.ai/empty-legs/krvs-kdal-cessna-citation-ultra-2026-09-25-51098404?id=ADHUHR,active,unchanged,2026-09-24T18:47:02+00:00,2026-09-25T18:47:02+00:00,,"Cessna Citation Ultra | Tulsa Riverside Airport → Dallas Love Field | $3,118",,Cessna Citation Ultra,KRVS - Tulsa Riverside Airport,KRVS,RVS,Tulsa Riverside Airport,Tulsa,US,KDAL - Dallas Love Field,KDAL,DAL,Dallas Love Field,Dallas,US,25 September 2026,2026-09-25,12:00,12:55,55m,"$3,118",3118,USD,$,7,https://villiers.ai/empty-legs/krvs-kdal-cessna-citation-ultra-2026-09-25-51098404?id=ADHUHR,https://villiers.ai/empty-legs/krvs-kdal-cessna-citation-ultra-2026-09-25-51098404?id=ADHUHR,https://villiers.ai/empty-legs/krvs-kdal-cessna-citation-ultra-2026-09-25-51098404?id=ADHUHR,"Thu, 24 Sep 2026 18:28:45 GMT",2026-09-25T18:47:02+00:00
https://villiers.ai/empty-legs/krvs-khou-cessna-citation-ultra-2026-09-25-259cc976?id=ADHUHR,active,unchanged,2026-09-24T18:47:02+00:00,2026-09-25T18:47:02+00:00,,"Cessna Citation Ultra | Tulsa Riverside Airport → William P. Hobby Airport | $4,515",,Cessna Citation Ultra,KRVS - Tulsa Riverside Airport,KRVS,RVS,Tulsa Riverside Airport,Tulsa,US,KHOU - William P. Hobby Airport,KHOU,HOU,William P Hobby Airport,Houston,US,25 September 2026,2026-09-25,12:00,13:19,1h 19m,"$4,515",4515,USD,$,7,https://villiers.ai/empty-legs/krvs-khou-cessna-citation-ultra-2026-09-25-259cc976?id=ADHUHR,https://villiers.ai/empty-legs/krvs-khou-cessna-citation-ultra-2026-09-25-259cc976?id=ADHUHR,https://villiers.ai/empty-legs/krvs-khou-cessna-citation-ultra-2026-09-25-259cc976?id=ADHUHR,"Thu, 24 Sep 2026 18:27:50 GMT",2026-09-25T18:47:02+00:00
https://villiers.ai/empty-legs/ktcl-kdan-pilatus-pc-12-ng-2026-09-25-ba8f5baf?id=ADHUHR,active,unchanged,2026-09-20T16:47:02+00:00,2026-09-25T18:47:02+00:00,,"Pilatus PC 12 NG | Tuscaloosa National Airport → Danville Regional Airport | $4,300",,Pilatus PC 12 NG,KTCL - Tuscaloosa National Airport,KTCL,TCL,Tuscaloosa Ntl Airport,Tuscaloosa,US,KDAN - Danville Regional Airport,KDAN,DAN,Danville Regional Airport,Danville,US,25 September 2026,2026-09-25,12:00,13:27,1h 28m,"$4,300",4300,USD,$,7,https://villiers.ai/empty-legs/ktcl-kdan-pilatus-pc-12-ng-2026-09-25-ba8f5baf?id=ADHUHR,https://villiers.ai/empty-legs/ktcl-kdan-pilatus-pc-12-ng-2026-09-25-ba8f5baf?id=ADHUHR,https://villiers.ai/empty-legs/ktcl-kdan-pilatus-pc-12-ng-2026-09-25-ba8f5baf?id=ADHUHR,"Sun, 20 Sep 2026 16:20:20 GMT",2026-09-25T18:47:02+00:00
https://villiers.ai/empty-legs/kteb-kmvy-cessna-citation-excel-2026-09-25-d1f1996d?id=ADHUHR,active,unchanged,2026-09-19T17:49:50+00:00,2026-09-25T18:47:02+00:00,,"Cessna Citation Excel | Teterboro Airport → Martha's Vineyard Airport | $3,225",,Cessna Citation Excel,KTEB - Teterboro Airport,KTEB,TEB,Teterboro Airport,Teterboro,US,KMVY - Martha's Vineyard Airport,KMVY,MVY,Martha's Vineyard Airport,Vineyard Haven,US,25 September 2026,2026-09-25,12:00,12:50,50m,"$3,225",3225,USD,$,9,https://villiers.ai/empty-legs/kteb-kmvy-cessna-citation-excel-2026-09-25-d1f1996d?id=ADHUHR,https://villiers.ai/empty-legs/kteb-kmvy-cessna-citation-excel-2026-09-25-d1f1996d?id=ADHUHR,https://villiers.ai/empty-legs/kteb-kmvy-cessna-citation-excel-2026-09-25-d1f1996d?id=ADHUHR,"Thu, 17 Sep 2026 15:37:49 GMT",2026-09-25T18:47:02+00:00
https://villiers.ai/empty-legs/ktys-khou-cessna-citation-v-2026-09-25-e64dae99?id=ADHUHR,active,unchanged,2026-08-22T00:17:02+00:00,2026-09-25T18:47:02+00:00,,"Cessna Citation V | McGhee Tyson Airport → William P. Hobby Airport | $8,600",,Cessna Citation V,KTYS - McGhee Tyson Airport,KTYS,TYS,Mc Ghee Tyson Airport,Knoxville,US,KHOU - William P. Hobby Airport,KHOU,HOU,William P Hobby Airport,Houston,US,25 September 2026,2026-09-25,12:00,13:56,1h 57m,"$8,600",8600,USD,$,7,https://villiers.ai/empty-legs/ktys-khou-cessna-citation-v-2026-09-25-e64dae99?id=ADHUHR,https://villiers.ai/empty-legs/ktys-khou-cessna-citation-v-2026-09-25-e64dae99?id=ADHUHR,https://villiers.ai/empty-legs/ktys-khou-cessna-citation-v-2026-09-25-e64dae99?id=ADHUHR,"Fri, 21 Aug 2026 18:42:16 GMT",2026-09-25T18:47:02+00:00
https://villiers.ai/empty-legs/kunv-kmvy-cessna-citation-excel-2026-09-25-8ae90a5c?id=ADHUHR,active,unchanged,2026-09-22T15:17:02+00:00,2026-09-25T18:47:02+00:00,,"Cessna Citation Excel | State College Regional Airport → Martha's Vineyard Airport | $5,268",,Cessna Citation Excel,KUNV - State College Regional Airport,KUNV,SCE,State College Regional Airport,State College,US,KMVY - Martha's Vineyard Airport,KMVY,MVY,Martha's Vineyard Airport,Vineyard Haven,US,25 September 2026,2026-09-25,12:00,13:11,1h 12m,"$5,268",5268,USD,$,9,https://villiers.ai/empty-legs/kunv-kmvy-cessna-citation-excel-2026-09-25-8ae90a5c?id=ADHUHR,https://villiers.ai/empty-legs/kunv-kmvy-cessna-citation-excel-2026-09-25-8ae90a5c?id=ADHUHR,https://villiers.ai/empty-legs/kunv-kmvy-cessna-citation-excel-2026-09-25-8ae90a5c?id=ADHUHR,"Tue, 22 Sep 2026 15:15:30 GMT",2026-09-25T18:47:02+00:00
https://villiers.ai/empty-legs/kalb-kteb-cessna-citation-excel-2026-09-26-a7425bec?id=ADHUHR,active,unchanged,2026-09-19T17:49:50+00:00,2026-09-25T18:47:02+00:00,,"Cessna Citation Excel | Albany International Airport → Teterboro Airport | $3,225",,Cessna Citation Excel,KALB - Albany International Airport,KALB,ALB,Albany International Airport,Albany,US,KTEB - Teterboro Airport,KTEB,TEB,Teterboro Airport,Teterboro,US,26 September 2026,2026-09-26,12:00,12:44,45m,"$3,225",3225,USD,$,9,https://villiers.ai/empty-legs/kalb-kteb-cessna-citation-excel-2026-09-26-a7425bec?id=ADHUHR,https://villiers.ai/empty-legs/kalb-kteb-cessna-citation-excel-2026-09-26-a7425bec?id=ADHUHR,https://villiers.ai/empty-legs/kalb-kteb-cessna-citation-excel-2026-09-26-a7425bec?id=ADHUHR,"Thu, 17 Sep 2026 15:37:49 GMT",2026-09-25T18:47:02+00:00
https://villiers.ai/empty-legs/khou-kpln-cessna-citation-v-2026-09-26-2613efe8?id=ADHUHR,active,unchanged,2026-09-25T13:47:01+00:00,2026-09-25T18:47:02+00:00,,"Cessna Citation V | William P. Hobby Airport → Pellston Regional Airport of Emmet County Airport | $10,320",,Cessna Citation V,KHOU - William P. Hobby Airport,KHOU,HOU,William P Hobby Airport,Houston,US,KPLN - Pellston Regional Airport of Emmet County Airport,KPLN,PLN,Pellston Regional/Emmet County Airport,Pellston,US,26 September 2026,2026-09-26,12:00,14:47,2h 47m,"$10,320",10320,USD,$,7,https://villiers.ai/empty-legs/khou-kpln-cessna-citation-v-2026-09-26-2613efe8?id=ADHUHR,https://villiers.ai/empty-legs/khou-kpln-cessna-citation-v-2026-09-26-2613efe8?id=ADHUHR,https://villiers.ai/empty-legs/khou-kpln-cessna-citation-v-2026-09-26-2613efe8?id=ADHUHR,"Fri, 25 Sep 2026 13:43:51 GMT",2026-09-25T18:47:02+00:00
https://villiers.ai/empty-legs/kpdk-ktcl-pilatus-pc-12-ng-2026-09-26-e35e4a73?id=ADHUHR,active,unchanged,2026-09-19T17:49:50+00:00,2026-09-25T18:47:02+00:00,,"Pilatus PC 12 NG | DeKalb Peachtree Airport → Tuscaloosa National Airport | $3,010",,Pilatus PC 12 NG,KPDK - DeKalb Peachtree Airport,KPDK,PDK,Dekalb-Peachtree Airport,Atlanta,US,KTCL - Tuscaloosa National Airport,KTCL,TCL,Tuscaloosa Ntl Airport,Tuscaloosa,US,26 September 2026,2026-09-26,12:00,12:51,52m,"$3,010",3010,USD,$,7,https://villiers.ai/empty-legs/kpdk-ktcl-pilatus-pc-12-ng-2026-09-26-e35e4a73?id=ADHUHR,https://villiers.ai/empty-legs/kpdk-ktcl-pilatus-pc-12-ng-2026-09-26-e35e4a73?id=ADHUHR,https://villiers.ai/empty-legs/kpdk-ktcl-pilatus-pc-12-ng-2026-09-26-e35e4a73?id=ADHUHR,"Wed, 16 Sep 2026 15:09:04 GMT",2026-09-25T18:47:02+00:00
https://villiers.ai/empty-legs/ktcl-kdan-pilatus-pc-12-ng-2026-09-26-34a71f6a?id=ADHUHR,active,unchanged,2026-09-19T17:49:50+00:00,2026-09-25T18:47:02+00:00,,"Pilatus PC 12 NG | Tuscaloosa National Airport → Danville Regional Airport | $4,300",,Pilatus PC 12 NG,KTCL - Tuscaloosa National Airport,KTCL,TCL,Tuscaloosa Ntl Airport,Tuscaloosa,US,KDAN - Danville Regional Airport,KDAN,DAN,Danville Regional Airport,Danville,US,26 September 2026,2026-09-26,12:00,13:27,1h 28m,"$4,300",4300,USD,$,7,https://villiers.ai/empty-legs/ktcl-kdan-pilatus-pc-12-ng-2026-09-26-34a71f6a?id=ADHUHR,https://villiers.ai/empty-legs/ktcl-kdan-pilatus-pc-12-ng-2026-09-26-34a71f6a?id=ADHUHR,https://villiers.ai/empty-legs/ktcl-kdan-pilatus-pc-12-ng-2026-09-26-34a71f6a?id=ADHUHR,"Wed, 16 Sep 2026 15:09:04 GMT",2026-09-25T18:47:02+00:00
https://villiers.ai/empty-legs/kteb-kunv-cessna-citation-excel-2026-09-26-8d26dd25?id=ADHUHR,active,unchanged,2026-09-19T17:49:50+00:00,2026-09-25T18:47:02+00:00,,"Cessna Citation Excel | Teterboro Airport → State College Regional Airport | $5,268",,Cessna Citation Excel,KTEB - Teterboro Airport,KTEB,TEB,Teterboro Airport,Teterboro,US,KUNV - State College Regional Airport,KUNV,SCE,State College Regional Airport,State College,US,26 September 2026,2026-09-26,12:00,12:51,52m,"$5,268",5268,USD,$,9,https://villiers.ai/empty-legs/kteb-kunv-cessna-citation-excel-2026-09-26-8d26dd25?id=ADHUHR,https://villiers.ai/empty-legs/kteb-kunv-cessna-citation-excel-2026-09-26-8d26dd25?id=ADHUHR,https://villiers.ai/empty-legs/kteb-kunv-cessna-citation-excel-2026-09-26-8d26dd25?id=ADHUHR,"Thu, 17 Sep 2026 15:37:49 GMT",2026-09-25T18:47:02+00:00
https://villiers.ai/empty-legs/kvrb-kgnv-cessna-citation-ultra-2026-09-26-b1963509?id=ADHUHR,active,unchanged,2026-09-25T13:47:01+00:00,2026-09-25T18:47:02+00:00,,"Cessna Citation Ultra | Vero Beach Regional Airport → Gainesville Regional Airport | $2,795",,Cessna Citation Ultra,KVRB - Vero Beach Regional Airport,KVRB,VRB,Vero Beach Regional Airport,Vero Beach,US,KGNV - Gainesville Regional Airport,KGNV,GNV,Gainesville Regional Airport,Gainesville,US,26 September 2026,2026-09-26,12:00,12:49,50m,"$2,795",2795,USD,$,7,https://villiers.ai/empty-legs/kvrb-kgnv-cessna-citation-ultra-2026-09-26-b1963509?id=ADHUHR,https://villiers.ai/empty-legs/kvrb-kgnv-cessna-citation-ultra-2026-09-26-b1963509?id=ADHUHR,https://villiers.ai/empty-legs/kvrb-kgnv-cessna-citation-ultra-2026-09-26-b1963509?id=ADHUHR,"Fri, 25 Sep 2026 13:43:51 GMT",2026-09-25T18:47:02+00:00
https://villiers.ai/empty-legs/saar-sadf-learjet-60-2026-09-26-fe135687?id=ADHUHR,active,unchanged,2026-09-19T17:49:50+00:00,2026-09-25T18:47:02+00:00,,"Learjet 60 | Rosario Islas Malvinas International Airport → San Fernando Airport | $3,225",,Learjet 60,SAAR - Rosario Islas Malvinas International Airport,SAAR,ROS,Islas Malvinas Airport,Rosario,AR,SADF - San Fernando Airport,SADF,FDO,San Fernando Airport,San Fernando,AR,26 September 2026,2026-09-26,12:00,12:48,48m,"$3,225",3225,USD,$,8,https://villiers.ai/empty-legs/saar-sadf-learjet-60-2026-09-26-fe135687?id=ADHUHR,https://villiers.ai/empty-legs/saar-sadf-learjet-60-2026-09-26-fe135687?id=ADHUHR,https://villiers.ai/empty-legs/saar-sadf-learjet-60-2026-09-26-fe135687?id=ADHUHR,"Mon, 14 Sep 2026 17:24:00 GMT",2026-09-25T18:47:02+00:00
https://villiers.ai/empty-legs/sadf-saar-learjet-60-2026-09-26-c7107f1b?id=ADHUHR,active,unchanged,2026-09-19T17:49:50+00:00,2026-09-25T18:47:02+00:00,,"Learjet 60 | San Fernando Airport → Rosario Islas Malvinas International Airport | $3,225",,Learjet 60,SADF - San Fernando Airport,SADF,FDO,San Fernando Airport,San Fernando,AR,SAAR - Rosario Islas Malvinas International Airport,SAAR,ROS,Islas Malvinas Airport,Rosario,AR,26 September 2026,2026-09-26,12:00,12:48,48m,"$3,225",3225,USD,$,8,https://villiers.ai/empty-legs/sadf-saar-learjet-60-2026-09-26-c7107f1b?id=ADHUHR,https://villiers.ai/empty-legs/sadf-saar-learjet-60-2026-09-26-c7107f1b?id=ADHUHR,https://villiers.ai/empty-legs/sadf-saar-learjet-60-2026-09-26-c7107f1b?id=ADHUHR,"Mon, 14 Sep 2026 17:24:00 GMT",2026-09-25T18:47:02+00:00
https://villiers.ai/empty-legs/eggw-edlw-citation-cj2-2026-09-27-88574ec8?id=ADHUHR,active,unchanged,2026-09-05T00:17:02+00:00,2026-09-25T18:47:02+00:00,,"Citation CJ2+ | London Luton Airport → Dortmund Airport | £5,536",,Citation CJ2+,EGGW - London Luton Airport,EGGW,LTN,London Luton Airport,London,GB,EDLW - Dortmund Airport,EDLW,DTM,Dortmund Airport,Dortmund,DE,27 September 2026,2026-09-27,12:00,13:07,1h 8m,"£5,536",5536,GBP,£,7,https://villiers.ai/empty-legs/eggw-edlw-citation-cj2-2026-09-27-88574ec8?id=ADHUHR,https://villiers.ai/empty-legs/eggw-edlw-citation-cj2-2026-09-27-88574ec8?id=ADHUHR,https://villiers.ai/empty-legs/eggw-edlw-citation-cj2-2026-09-27-88574ec8?id=ADHUHR,"Sat, 05 Sep 2026 00:13:19 GMT",2026-09-25T18:47:02+00:00
https://villiers.ai/empty-legs/kavl-kgnv-cessna-citation-ultra-2026-09-27-7b1cbd01?id=ADHUHR,active,unchanged,2026-09-20T16:47:02+00:00,2026-09-25T18:47:02+00:00,,"Cessna Citation Ultra | Asheville Regional Airport → Gainesville Regional Airport | $4,193",,Cessna Citation Ultra,KAVL - Asheville Regional Airport,KAVL,AVL,Asheville Regional Airport,Asheville,US,KGNV - Gainesville Regional Airport,KGNV,GNV,Gainesville Regional Airport,Gainesville,US,27 September 2026,2026-09-27,12:00,13:14,1h 14m,"$4,193",4193,USD,$,7,https://villiers.ai/empty-legs/kavl-kgnv-cessna-citation-ultra-2026-09-27-7b1cbd01?id=ADHUHR,https://villiers.ai/empty-legs/kavl-kgnv-cessna-citation-ultra-2026-09-27-7b1cbd01?id=ADHUHR,https://villiers.ai/empty-legs/kavl-kgnv-cessna-citation-ultra-2026-09-27-7b1cbd01?id=ADHUHR,"Sun, 20 Sep 2026 16:20:20 GMT",2026-09-25T18:47:02+00:00
https://villiers.ai/empty-legs/kcrq-ksez-cessna-citation-cj3-2026-09-27-63074f6a?id=ADHUHR,active,unchanged,2026-09-19T17:49:50+00:00,2026-09-25T18:47:02+00:00,,"Cessna Citation CJ3 | McClellan-Palomar Airport → Sedona Airport | $5,913",,Cessna Citation CJ3,KCRQ - McClellan-Palomar Airport,KCRQ,CLD,Mc Clellan-Palomar Airport,Carlsbad,US,KSEZ - Sedona Airport,KSEZ,SDX,Sedona Airport,Sedona,US,27 September 2026,2026-09-27,12:00,13:07,1h 7m,"$5,913",5913,USD,$,6,https://villiers.ai/empty-legs/kcrq-ksez-cessna-citation-cj3-2026-09-27-63074f6a?id=ADHUHR,https://villiers.ai/empty-legs/kcrq-ksez-cessna-citation-cj3-2026-09-27-63074f6a?id=ADHUHR,https://villiers.ai/empty-legs/kcrq-ksez-cessna-citation-cj3-2026-09-27-63074f6a?id=ADHUHR,"Thu, 17 Sep 2026 05:50:32 GMT",2026-09-25T18:47:02+00:00
https://villiers.ai/empty-legs/kdal-khou-cessna-citation-ultra-2026-09-27-449b6d16?id=ADHUHR,active,unchanged,2026-09-20T16:47:02+00:00,2026-09-25T18:47:02+00:00,,"Cessna Citation Ultra | Dallas Love Field → William P. Hobby Airport | $2,795",,Cessna Citation Ultra,KDAL - Dallas Love Field,KDAL,DAL,Dallas Love Field,Dallas,US,KHOU - William P. Hobby Airport,KHOU,HOU,William P Hobby Airport,Houston,US,27 September 2026,2026-09-27,12:00,12:56,57m,"$2,795",2795,USD,$,7,https://villiers.ai/empty-legs/kdal-khou-cessna-citation-ultra-2026-09-27-449b6d16?id=ADHUHR,https://villiers.ai/empty-legs/kdal-khou-cessna-citation-ultra-2026-09-27-449b6d16?id=ADHUHR,https://villiers.ai/empty-legs/kdal-khou-cessna-citation-ultra-2026-09-27-449b6d16?id=ADHUHR,"Sun, 20 Sep 2026 16:20:20 GMT",2026-09-25T18:47:02+00:00
https://villiers.ai/empty-legs/kfwa-ktys-cessna-citation-v-2026-09-27-fc469790?id=ADHUHR,active,unchanged,2026-09-19T17:49:50+00:00,2026-09-25T18:47:02+00:00,,"Cessna Citation V | Fort Wayne International Airport → McGhee Tyson Airport | $3,870",,Cessna Citation V,KFWA - Fort Wayne International Airport,KFWA,FWA,Fort Wayne International Airport,Fort Wayne,US,KTYS - McGhee Tyson Airport,KTYS,TYS,Mc Ghee Tyson Airport,Knoxville,US,27 September 2026,2026-09-27,12:00,13:10,1h 10m,"$3,870",3870,USD,$,7,https://villiers.ai/empty-legs/kfwa-ktys-cessna-citation-v-2026-09-27-fc469790?id=ADHUHR,https://villiers.ai/empty-legs/kfwa-ktys-cessna-citation-v-2026-09-27-fc469790?id=ADHUHR,https://villiers.ai/empty-legs/kfwa-ktys-cessna-citation-v-2026-09-27-fc469790?id=ADHUHR,"Sun, 06 Sep 2026 22:31:22 GMT",2026-09-25T18:47:02+00:00
https://villiers.ai/empty-legs/klee-ktys-cessna-citation-v-2026-09-27-ccd2576c?id=ADHUHR,active,unchanged,2026-09-22T15:17:02+00:00,2026-09-25T18:47:02+00:00,,"Cessna Citation V | Leesburg International Airport → McGhee Tyson Airport | $5,590",,Cessna Citation V,KLEE - Leesburg International Airport,KLEE,LEE,Leesburg International Airport,Leesburg,US,KTYS - McGhee Tyson Airport,KTYS,TYS,Mc Ghee Tyson Airport,Knoxville,US,27 September 2026,2026-09-27,12:00,13:25,1h 25m,"$5,590",5590,USD,$,7,https://villiers.ai/empty-legs/klee-ktys-cessna-citation-v-2026-09-27-ccd2576c?id=ADHUHR,https://villiers.ai/empty-legs/klee-ktys-cessna-citation-v-2026-09-27-ccd2576c?id=ADHUHR,https://villiers.ai/empty-legs/klee-ktys-cessna-citation-v-2026-09-27-ccd2576c?id=ADHUHR,"Tue, 22 Sep 2026 15:15:30 GMT",2026-09-25T18:47:02+00:00
https://villiers.ai/empty-legs/klft-khou-cessna-citation-ultra-2026-09-27-8c481e26?id=ADHUHR,active,unchanged,2026-09-19T17:49:50+00:00,2026-09-25T18:47:02+00:00,,"Cessna Citation Ultra | Lafayette Regional Airport → William P. Hobby Airport | $3,118",,Cessna Citation Ultra,KLFT - Lafayette Regional Airport,KLFT,LFT,Lafayette Regional/Paul Fournet Field,Lafayette,US,KHOU - William P. Hobby Airport,KHOU,HOU,William P Hobby Airport,Houston,US,27 September 2026,2026-09-27,12:00,12:52,52m,"$3,118",3118,USD,$,7,https://villiers.ai/empty-legs/klft-khou-cessna-citation-ultra-2026-09-27-8c481e26?id=ADHUHR,https://villiers.ai/empty-legs/klft-khou-cessna-citation-ultra-2026-09-27-8c481e26?id=ADHUHR,https://villiers.ai/empty-legs/klft-khou-cessna-citation-ultra-2026-09-27-8c481e26?id=ADHUHR,"Tue, 08 Sep 2026 13:36:35 GMT",2026-09-25T18:47:02+00:00
https://villiers.ai/empty-legs/kpdk-kavl-cessna-citation-ultra-2026-09-27-604884cb?id=ADHUHR,active,unchanged,2026-09-20T16:47:02+00:00,2026-09-25T18:47:02+00:00,,"Cessna Citation Ultra | DeKalb Peachtree Airport → Asheville Regional Airport | $2,150",,Cessna Citation Ultra,KPDK - DeKalb Peachtree Airport,KPDK,PDK,Dekalb-Peachtree Airport,Atlanta,US,KAVL - Asheville Regional Airport,KAVL,AVL,Asheville Regional Airport,Asheville,US,27 September 2026,2026-09-27,12:00,12:46,46m,"$2,150",2150,USD,$,7,https://villiers.ai/empty-legs/kpdk-kavl-cessna-citation-ultra-2026-09-27-604884cb?id=ADHUHR,https://villiers.ai/empty-legs/kpdk-kavl-cessna-citation-ultra-2026-09-27-604884cb?id=ADHUHR,https://villiers.ai/empty-legs/kpdk-kavl-cessna-citation-ultra-2026-09-27-604884cb?id=ADHUHR,"Sun, 20 Sep 2026 16:20:20 GMT",2026-09-25T18:47:02+00:00
https://villiers.ai/empty-legs/kpdk-ktcl-pilatus-pc-12-ng-2026-09-27-af01f181?id=ADHUHR,active,unchanged,2026-09-24T18:47:02+00:00,2026-09-25T18:47:02+00:00,,"Pilatus PC 12 NG | DeKalb Peachtree Airport → Tuscaloosa National Airport | $3,010",,Pilatus PC 12 NG,KPDK - DeKalb Peachtree Airport,KPDK,PDK,Dekalb-Peachtree Airport,Atlanta,US,KTCL - Tuscaloosa National Airport,KTCL,TCL,Tuscaloosa Ntl Airport,Tuscaloosa,US,27 September 2026,2026-09-27,12:00,12:51,52m,"$3,010",3010,USD,$,7,https://villiers.ai/empty-legs/kpdk-ktcl-pilatus-pc-12-ng-2026-09-27-af01f181?id=ADHUHR,https://villiers.ai/empty-legs/kpdk-ktcl-pilatus-pc-12-ng-2026-09-27-af01f181?id=ADHUHR,https://villiers.ai/empty-legs/kpdk-ktcl-pilatus-pc-12-ng-2026-09-27-af01f181?id=ADHUHR,"Thu, 24 Sep 2026 18:28:45 GMT",2026-09-25T18:47:02+00:00
https://villiers.ai/empty-legs/kpvu-kerv-cessna-citation-ultra-2026-09-27-0f1e6d4c?id=ADHUHR,active,unchanged,2026-09-20T16:47:02+00:00,2026-09-25T18:47:02+00:00,,"Cessna Citation Ultra | Provo-Utah Lake International Airport → Kerrville / Kerr County Airport at Louis Schreiner Field | $7,955",,Cessna Citation Ultra,KPVU - Provo-Utah Lake International Airport,KPVU,PVU,Provo Municipal Airport,Provo,US,KERV - Kerrville / Kerr County Airport at Louis Schreiner Field,KERV,ERV,Kerrville Municipal/Louis Schreiner Field,Kerrville,US,27 September 2026,2026-09-27,12:00,14:21,2h 21m,"$7,955",7955,USD,$,7,https://villiers.ai/empty-legs/kpvu-kerv-cessna-citation-ultra-2026-09-27-0f1e6d4c?id=ADHUHR,https://villiers.ai/empty-legs/kpvu-kerv-cessna-citation-ultra-2026-09-27-0f1e6d4c?id=ADHUHR,https://villiers.ai/empty-legs/kpvu-kerv-cessna-citation-ultra-2026-09-27-0f1e6d4c?id=ADHUHR,"Sun, 20 Sep 2026 16:20:20 GMT",2026-09-25T18:47:02+00:00
https://villiers.ai/empty-legs/ksjc-kvny-challenger-350-2026-09-27-13539023?id=ADHUHR,active,unchanged,2026-09-25T02:17:02+00:00,2026-09-25T18:47:02+00:00,,"Challenger 350 | San Jose International Airport → Van Nuys Airport | $10,750",,Challenger 350,KSJC - San Jose International Airport,KSJC,SJC,Mineta San Jose International Airport,San Jose,US,KVNY - Van Nuys Airport,KVNY,VNY,Van Nuys Airport,Van Nuys,US,27 September 2026,2026-09-27,12:00,13:02,1h 2m,"$10,750",10750,USD,$,9,https://villiers.ai/empty-legs/ksjc-kvny-challenger-350-2026-09-27-13539023?id=ADHUHR,https://villiers.ai/empty-legs/ksjc-kvny-challenger-350-2026-09-27-13539023?id=ADHUHR,https://villiers.ai/empty-legs/ksjc-kvny-challenger-350-2026-09-27-13539023?id=ADHUHR,"Fri, 25 Sep 2026 01:57:19 GMT",2026-09-25T18:47:02+00:00
https://villiers.ai/empty-legs/mmsd-kcrq-challenger-350-2026-09-27-0bfbf24f?id=ADHUHR,active,unchanged,2026-09-19T17:49:50+00:00,2026-09-25T18:47:02+00:00,,"Challenger 350 | Los Cabos International Airport → McClellan-Palomar Airport | $24,671",,Challenger 350,MMSD - Los Cabos International Airport,MMSD,SJD,Los Cabos International Airport,San Jose del Cabo,MX,KCRQ - McClellan-Palomar Airport,KCRQ,CLD,Mc Clellan-Palomar Airport,Carlsbad,US,27 September 2026,2026-09-27,12:00,14:01,2h 2m,"$24,671",24671,USD,$,10,https://villiers.ai/empty-legs/mmsd-kcrq-challenger-350-2026-09-27-0bfbf24f?id=ADHUHR,https://villiers.ai/empty-legs/mmsd-kcrq-challenger-350-2026-09-27-0bfbf24f?id=ADHUHR,https://villiers.ai/empty-legs/mmsd-kcrq-challenger-350-2026-09-27-0bfbf24f?id=ADHUHR,"Wed, 16 Sep 2026 01:21:09 GMT",2026-09-25T18:47:02+00:00
https://villiers.ai/empty-legs/kcxo-kerv-cessna-citation-ultra-2026-09-28-ee587ff4?id=ADHUHR,active,unchanged,2026-09-19T17:49:50+00:00,2026-09-25T18:47:02+00:00,,"Cessna Citation Ultra | Conroe-North Houston Regional Airport → Kerrville / Kerr County Airport at Louis Schreiner Field | $3,118",,Cessna Citation Ultra,KCXO - Conroe-North Houston Regional Airport,KCXO,CXO,Conroe/North Houston Regional Airport,Houston,US,KERV - Kerrville / Kerr County Airport at Louis Schreiner Field,KERV,ERV,Kerrville Municipal/Louis Schreiner Field,Kerrville,US,28 September 2026,2026-09-28,12:00,12:54,54m,"$3,118",3118,USD,$,7,https://villiers.ai/empty-legs/kcxo-kerv-cessna-citation-ultra-2026-09-28-ee587ff4?id=ADHUHR,https://villiers.ai/empty-legs/kcxo-kerv-cessna-citation-ultra-2026-09-28-ee587ff4?id=ADHUHR,https://villiers.ai/empty-legs/kcxo-kerv-cessna-citation-ultra-2026-09-28-ee587ff4?id=ADHUHR,"Tue, 08 Sep 2026 13:36:35 GMT",2026-09-25T18:47:02+00:00
https://villiers.ai/empty-legs/kdal-kerv-cessna-citation-ultra-2026-09-28-5af38531?id=ADHUHR,active,unchanged,2026-09-19T17:49:50+00:00,2026-09-25T18:47:02+00:00,,"Cessna Citation Ultra | Dallas Love Field → Kerrville / Kerr County Airport at Louis Schreiner Field | $3,118",,Cessna Citation Ultra,KDAL - Dallas Love Field,KDAL,DAL,Dallas Love Field,Dallas,US,KERV - Kerrville / Kerr County Airport at Louis Schreiner Field,KERV,ERV,Kerrville Municipal/Louis Schreiner Field,Kerrville,US,28 September 2026,2026-09-28,12:00,12:56,56m,"$3,118",3118,USD,$,7,https://villiers.ai/empty-legs/kdal-kerv-cessna-citation-ultra-2026-09-28-5af38531?id=ADHUHR,https://villiers.ai/empty-legs/kdal-kerv-cessna-citation-ultra-2026-09-28-5af38531?id=ADHUHR,https://villiers.ai/empty-legs/kdal-kerv-cessna-citation-ultra-2026-09-28-5af38531?id=ADHUHR,"Sat, 12 Sep 2026 19:23:18 GMT",2026-09-25T18:47:02+00:00
https://villiers.ai/empty-legs/khou-kerv-cessna-citation-ultra-2026-09-28-ad3f13b9?id=ADHUHR,active,unchanged,2026-09-19T17:49:50+00:00,2026-09-25T18:47:02+00:00,,"Cessna Citation Ultra | William P. Hobby Airport → Kerrville / Kerr County Airport at Louis Schreiner Field | $3,118",,Cessna Citation Ultra,KHOU - William P. Hobby Airport,KHOU,HOU,William P Hobby Airport,Houston,US,KERV - Kerrville / Kerr County Airport at Louis Schreiner Field,KERV,ERV,Kerrville Municipal/Louis Schreiner Field,Kerrville,US,28 September 2026,2026-09-28,12:00,12:55,55m,"$3,118",3118,USD,$,7,https://villiers.ai/empty-legs/khou-kerv-cessna-citation-ultra-2026-09-28-ad3f13b9?id=ADHUHR,https://villiers.ai/empty-legs/khou-kerv-cessna-citation-ultra-2026-09-28-ad3f13b9?id=ADHUHR,https://villiers.ai/empty-legs/khou-kerv-cessna-citation-ultra-2026-09-28-ad3f13b9?id=ADHUHR,"Thu, 17 Sep 2026 15:37:49 GMT",2026-09-25T18:47:02+00:00
https://villiers.ai/empty-legs/khou-kteb-cessna-citation-excel-2026-09-28-3a7b2e91?id=ADHUHR,active,unchanged,2026-09-05T00:17:02+00:00,2026-09-25T18:47:02+00:00,,"Cessna Citation Excel | William P. Hobby Airport → Teterboro Airport | $15,480",,Cessna Citation Excel,KHOU - William P. Hobby Airport,KHOU,HOU,William P Hobby Airport,Houston,US,KTEB - Teterboro Airport,KTEB,TEB,Teterboro Airport,Teterboro,US,28 September 2026,2026-09-28,12:00,15:07,3h 8m,"$15,480",15480,USD,$,9,https://villiers.ai/empty-legs/khou-kteb-cessna-citation-excel-2026-09-28-3a7b2e91?id=ADHUHR,https://villiers.ai/empty-legs/khou-kteb-cessna-citation-excel-2026-09-28-3a7b2e91?id=ADHUHR,https://villiers.ai/empty-legs/khou-kteb-cessna-citation-excel-2026-09-28-3a7b2e91?id=ADHUHR,"Thu, 03 Sep 2026 17:44:00 GMT",2026-09-25T18:47:02+00:00
https://villiers.ai/empty-legs/kjac-kcrq-hawker-900xp-2026-09-28-fff4fbc4?id=ADHUHR,active,unchanged,2026-09-19T17:49:50+00:00,2026-09-25T18:47:02+00:00,,"Hawker 900XP | Jackson Hole Airport → McClellan-Palomar Airport | $8,600",,Hawker 900XP,KJAC - Jackson Hole Airport,KJAC,JAC,Jackson Hole Airport,Jackson,US,KCRQ - McClellan-Palomar Airport,KCRQ,CLD,Mc Clellan-Palomar Airport,Carlsbad,US,28 September 2026,2026-09-28,12:00,13:59,1h 59m,"$8,600",8600,USD,$,9,https://villiers.ai/empty-legs/kjac-kcrq-hawker-900xp-2026-09-28-fff4fbc4?id=ADHUHR,https://villiers.ai/empty-legs/kjac-kcrq-hawker-900xp-2026-09-28-fff4fbc4?id=ADHUHR,https://villiers.ai/empty-legs/kjac-kcrq-hawker-900xp-2026-09-28-fff4fbc4?id=ADHUHR,"Wed, 16 Sep 2026 01:21:09 GMT",2026-09-25T18:47:02+00:00
https://villiers.ai/empty-legs/kmsl-kdwh-cessna-citation-ultra-2026-09-28-68cd5936?id=ADHUHR,active,unchanged,2026-09-21T18:17:02+00:00,2026-09-25T18:47:02+00:00,,"Cessna Citation Ultra | Northwest Alabama Regional Airport → David Wayne Hooks Memorial Airport | $6,235",,Cessna Citation Ultra,KMSL - Northwest Alabama Regional Airport,KMSL,MSL,Northwest Alabama Regional Airport,Muscle Shoals,US,KDWH - David Wayne Hooks Memorial Airport,KDWH,DWH,David Wayne Hooks Memorial Airport,Houston,US,28 September 2026,2026-09-28,12:00,13:32,1h 33m,"$6,235",6235,USD,$,7,https://villiers.ai/empty-legs/kmsl-kdwh-cessna-citation-ultra-2026-09-28-68cd5936?id=ADHUHR,https://villiers.ai/empty-legs/kmsl-kdwh-cessna-citation-ultra-2026-09-28-68cd5936?id=ADHUHR,https://villiers.ai/empty-legs/kmsl-kdwh-cessna-citation-ultra-2026-09-28-68cd5936?id=ADHUHR,"Mon, 21 Sep 2026 17:48:28 GMT",2026-09-25T18:47:02+00:00
https://villiers.ai/empty-legs/kmsl-kosu-cessna-citation-ultra-2026-09-28-6f3aa049?id=ADHUHR,active,unchanged,2026-09-22T15:17:02+00:00,2026-09-25T18:47:02+00:00,,"Cessna Citation Ultra | Northwest Alabama Regional Airport → The Ohio State University Airport - Don Scott Field | $4,193",,Cessna Citation Ultra,KMSL - Northwest Alabama Regional Airport,KMSL,MSL,Northwest Alabama Regional Airport,Muscle Shoals,US,KOSU - The Ohio State University Airport - Don Scott Field,KOSU,OSU,Ohio State University Airport,Columbus,US,28 September 2026,2026-09-28,12:00,13:19,1h 19m,"$4,193",4193,USD,$,7,https://villiers.ai/empty-legs/kmsl-kosu-cessna-citation-ultra-2026-09-28-6f3aa049?id=ADHUHR,https://villiers.ai/empty-legs/kmsl-kosu-cessna-citation-ultra-2026-09-28-6f3aa049?id=ADHUHR,https://villiers.ai/empty-legs/kmsl-kosu-cessna-citation-ultra-2026-09-28-6f3aa049?id=ADHUHR,"Tue, 22 Sep 2026 15:15:30 GMT",2026-09-25T18:47:02+00:00
https://villiers.ai/empty-legs/kopf-kteb-cessna-citation-excel-2026-09-28-e1dd89a8?id=ADHUHR,active,unchanged,2026-08-25T00:17:02+00:00,2026-09-25T18:47:02+00:00,,"Cessna Citation Excel | Miami-Opa Locka Executive Airport → Teterboro Airport | $12,578",,Cessna Citation Excel,KOPF - Miami-Opa Locka Executive Airport,KOPF,OPF,Miami-Opa Locka Executive Airport,Miami,US,KTEB - Teterboro Airport,KTEB,TEB,Teterboro Airport,Teterboro,US,28 September 2026,2026-09-28,12:00,14:31,2h 31m,"$12,578",12578,USD,$,9,https://villiers.ai/empty-legs/kopf-kteb-cessna-citation-excel-2026-09-28-e1dd89a8?id=ADHUHR,https://villiers.ai/empty-legs/kopf-kteb-cessna-citation-excel-2026-09-28-e1dd89a8?id=ADHUHR,https://villiers.ai/empty-legs/kopf-kteb-cessna-citation-excel-2026-09-28-e1dd89a8?id=ADHUHR,"Sun, 23 Aug 2026 18:23:24 GMT",2026-09-25T18:47:02+00:00
https://villiers.ai/empty-legs/ksgr-kaus-cessna-citation-v-2026-09-28-3eb7ea9f?id=ADHUHR,active,unchanged,2026-09-19T17:49:50+00:00,2026-09-25T18:47:02+00:00,,"Cessna Citation V | Sugar Land Regional Airport → Austin Bergstrom International Airport | $2,473",,Cessna Citation V,KSGR - Sugar Land Regional Airport,KSGR,SGR,Sugar Land Regional Airport,Houston,US,KAUS - Austin Bergstrom International Airport,KAUS,AUS,Austin-Bergstrom International Airport,Austin,US,28 September 2026,2026-09-28,12:00,12:44,44m,"$2,473",2473,USD,$,7,https://villiers.ai/empty-legs/ksgr-kaus-cessna-citation-v-2026-09-28-3eb7ea9f?id=ADHUHR,https://villiers.ai/empty-legs/ksgr-kaus-cessna-citation-v-2026-09-28-3eb7ea9f?id=ADHUHR,https://villiers.ai/empty-legs/ksgr-kaus-cessna-citation-v-2026-09-28-3eb7ea9f?id=ADHUHR,"Thu, 10 Sep 2026 15:42:53 GMT",2026-09-25T18:47:02+00:00
https://villiers.ai/empty-legs/egwu-liri-citation-cj3-2026-09-29-16b2befb?id=ADHUHR,active,unchanged,2026-09-05T00:17:02+00:00,2026-09-25T18:47:02+00:00,,"Citation CJ3+ | RAF Northolt → Salerno Costa d'Amalfi Airport | £9,836",,Citation CJ3+,EGWU - RAF Northolt,EGWU,NHT,RAF Northolt,London,GB,LIRI - Salerno Costa d'Amalfi Airport,LIRI,QSR,Salerno / Pontecagnano Airport,Salerno,IT,29 September 2026,2026-09-29,12:00,14:26,2h 26m,"£9,836",9836,GBP,£,6,https://villiers.ai/empty-legs/egwu-liri-citation-cj3-2026-09-29-16b2befb?id=ADHUHR,https://villiers.ai/empty-legs/egwu-liri-citation-cj3-2026-09-29-16b2befb?id=ADHUHR,https://villiers.ai/empty-legs/egwu-liri-citation-cj3-2026-09-29-16b2befb?id=ADHUHR,"Sat, 05 Sep 2026 00:13:19 GMT",2026-09-25T18:47:02+00:00
https://villiers.ai/empty-legs/kaus-khou-cessna-citation-v-2026-09-29-f24238d7?id=ADHUHR,active,unchanged,2026-09-19T17:49:50+00:00,2026-09-25T18:47:02+00:00,,"Cessna Citation V | Austin Bergstrom International Airport → William P. Hobby Airport | $2,150",,Cessna Citation V,KAUS - Austin Bergstrom International Airport,KAUS,AUS,Austin-Bergstrom International Airport,Austin,US,KHOU - William P. Hobby Airport,KHOU,HOU,William P Hobby Airport,Houston,US,29 September 2026,2026-09-29,12:00,12:46,46m,"$2,150",2150,USD,$,7,https://villiers.ai/empty-legs/kaus-khou-cessna-citation-v-2026-09-29-f24238d7?id=ADHUHR,https://villiers.ai/empty-legs/kaus-khou-cessna-citation-v-2026-09-29-f24238d7?id=ADHUHR,https://villiers.ai/empty-legs/kaus-khou-cessna-citation-v-2026-09-29-f24238d7?id=ADHUHR,"Thu, 10 Sep 2026 15:42:53 GMT",2026-09-25T18:47:02+00:00
https://villiers.ai/empty-legs/khou-kaus-cessna-citation-ultra-2026-09-29-1fc7312f?id=ADHUHR,active,unchanged,2026-09-20T16:47:02+00:00,2026-09-25T18:47:02+00:00,,"Cessna Citation Ultra | William P. Hobby Airport → Austin Bergstrom International Airport | $2,473",,Cessna Citation Ultra,KHOU - William P. Hobby Airport,KHOU,HOU,William P Hobby Airport,Houston,US,KAUS - Austin Bergstrom International Airport,KAUS,AUS,Austin-Bergstrom International Airport,Austin,US,29 September 2026,2026-09-29,12:00,12:46,46m,"$2,473",2473,USD,$,7,https://villiers.ai/empty-legs/khou-kaus-cessna-citation-ultra-2026-09-29-1fc7312f?id=ADHUHR,https://villiers.ai/empty-legs/khou-kaus-cessna-citation-ultra-2026-09-29-1fc7312f?id=ADHUHR,https://villiers.ai/empty-legs/khou-kaus-cessna-citation-ultra-2026-09-29-1fc7312f?id=ADHUHR,"Sun, 20 Sep 2026 16:20:20 GMT",2026-09-25T18:47:02+00:00
https://villiers.ai/empty-legs/khou-kosu-pilatus-pc-12-ng-2026-09-29-f28d1d29?id=ADHUHR,active,unchanged,2026-08-22T00:17:02+00:00,2026-09-25T18:47:02+00:00,,"Pilatus PC 12 NG | William P. Hobby Airport → The Ohio State University Airport - Don Scott Field | $7,740",,Pilatus PC 12 NG,KHOU - William P. Hobby Airport,KHOU,HOU,William P Hobby Airport,Houston,US,KOSU - The Ohio State University Airport - Don Scott Field,KOSU,OSU,Ohio State University Airport,Columbus,US,29 September 2026,2026-09-29,12:00,14:20,2h 21m,"$7,740",7740,USD,$,7,https://villiers.ai/empty-legs/khou-kosu-pilatus-pc-12-ng-2026-09-29-f28d1d29?id=ADHUHR,https://villiers.ai/empty-legs/khou-kosu-pilatus-pc-12-ng-2026-09-29-f28d1d29?id=ADHUHR,https://villiers.ai/empty-legs/khou-kosu-pilatus-pc-12-ng-2026-09-29-f28d1d29?id=ADHUHR,"Fri, 21 Aug 2026 18:42:16 GMT",2026-09-25T18:47:02+00:00
https://villiers.ai/empty-legs/kiad-kdal-cessna-citation-ultra-2026-09-29-a74eec7c?id=ADHUHR,active,unchanged,2026-09-21T18:17:02+00:00,2026-09-25T18:47:02+00:00,,"Cessna Citation Ultra | Washington Dulles International Airport → Dallas Love Field | $12,040",,Cessna Citation Ultra,KIAD - Washington Dulles International Airport,KIAD,IAD,Washington Dulles International Airport,Washington,US,KDAL - Dallas Love Field,KDAL,DAL,Dallas Love Field,Dallas,US,29 September 2026,2026-09-29,12:00,14:38,2h 39m,"$12,040",12040,USD,$,7,https://villiers.ai/empty-legs/kiad-kdal-cessna-citation-ultra-2026-09-29-a74eec7c?id=ADHUHR,https://villiers.ai/empty-legs/kiad-kdal-cessna-citation-ultra-2026-09-29-a74eec7c?id=ADHUHR,https://villiers.ai/empty-legs/kiad-kdal-cessna-citation-ultra-2026-09-29-a74eec7c?id=ADHUHR,"Mon, 21 Sep 2026 17:48:28 GMT",2026-09-25T18:47:02+00:00
https://villiers.ai/empty-legs/kiad-khou-cessna-citation-ultra-2026-09-29-17f130ea?id=ADHUHR,active,unchanged,2026-09-24T18:47:02+00:00,2026-09-25T18:47:02+00:00,,"Cessna Citation Ultra | Washington Dulles International Airport → William P. Hobby Airport | $12,470",,Cessna Citation Ultra,KIAD - Washington Dulles International Airport,KIAD,IAD,Washington Dulles International Airport,Washington,US,KHOU - William P. Hobby Airport,KHOU,HOU,William P Hobby Airport,Houston,US,29 September 2026,2026-09-29,12:00,14:43,2h 43m,"$12,470",12470,USD,$,7,https://villiers.ai/empty-legs/kiad-khou-cessna-citation-ultra-2026-09-29-17f130ea?id=ADHUHR,https://villiers.ai/empty-legs/kiad-khou-cessna-citation-ultra-2026-09-29-17f130ea?id=ADHUHR,https://villiers.ai/empty-legs/kiad-khou-cessna-citation-ultra-2026-09-29-17f130ea?id=ADHUHR,"Thu, 24 Sep 2026 18:28:45 GMT",2026-09-25T18:47:02+00:00
https://villiers.ai/empty-legs/klft-kaus-cessna-citation-ultra-2026-09-29-9bbafdc7?id=ADHUHR,active,unchanged,2026-09-19T17:49:50+00:00,2026-09-25T18:47:02+00:00,,"Cessna Citation Ultra | Lafayette Regional Airport → Austin Bergstrom International Airport | $4,193",,Cessna Citation Ultra,KLFT - Lafayette Regional Airport,KLFT,LFT,Lafayette Regional/Paul Fournet Field,Lafayette,US,KAUS - Austin Bergstrom International Airport,KAUS,AUS,Austin-Bergstrom International Airport,Austin,US,29 September 2026,2026-09-29,12:00,13:07,1h 8m,"$4,193",4193,USD,$,7,https://villiers.ai/empty-legs/klft-kaus-cessna-citation-ultra-2026-09-29-9bbafdc7?id=ADHUHR,https://villiers.ai/empty-legs/klft-kaus-cessna-citation-ultra-2026-09-29-9bbafdc7?id=ADHUHR,https://villiers.ai/empty-legs/klft-kaus-cessna-citation-ultra-2026-09-29-9bbafdc7?id=ADHUHR,"Sat, 19 Sep 2026 15:36:21 GMT",2026-09-25T18:47:02+00:00
https://villiers.ai/empty-legs/kcrq-krno-gulfstream-g450-2026-10-01-9547de6f?id=ADHUHR,active,unchanged,2026-09-25T02:17:02+00:00,2026-09-25T18:47:02+00:00,,"Gulfstream G450 | McClellan-Palomar Airport → Reno Tahoe International Airport | $16,125",,Gulfstream G450,KCRQ - McClellan-Palomar Airport,KCRQ,CLD,Mc Clellan-Palomar Airport,Carlsbad,US,KRNO - Reno Tahoe International Airport,KRNO,RNO,Reno/Tahoe International Airport,Reno,US,01 October 2026,2026-10-01,12:00,13:21,1h 21m,"$16,125",16125,USD,$,14,https://villiers.ai/empty-legs/kcrq-krno-gulfstream-g450-2026-10-01-9547de6f?id=ADHUHR,https://villiers.ai/empty-legs/kcrq-krno-gulfstream-g450-2026-10-01-9547de6f?id=ADHUHR,https://villiers.ai/empty-legs/kcrq-krno-gulfstream-g450-2026-10-01-9547de6f?id=ADHUHR,"Fri, 25 Sep 2026 01:57:19 GMT",2026-09-25T18:47:02+00:00
https://villiers.ai/empty-legs/kcrq-mmsd-challenger-350-2026-10-01-4c0896ac?id=ADHUHR,active,unchanged,2026-09-19T17:49:50+00:00,2026-09-25T18:47:02+00:00,,"Challenger 350 | McClellan-Palomar Airport → Los Cabos International Airport | $24,671",,Challenger 350,KCRQ - McClellan-Palomar Airport,KCRQ,CLD,Mc Clellan-Palomar Airport,Carlsbad,US,MMSD - Los Cabos International Airport,MMSD,SJD,Los Cabos International Airport,San Jose del Cabo,MX,01 October 2026,2026-10-01,12:00,14:01,2h 2m,"$24,671",24671,USD,$,10,https://villiers.ai/empty-legs/kcrq-mmsd-challenger-350-2026-10-01-4c0896ac?id=ADHUHR,https://villiers.ai/empty-legs/kcrq-mmsd-challenger-350-2026-10-01-4c0896ac?id=ADHUHR,https://villiers.ai/empty-legs/kcrq-mmsd-challenger-350-2026-10-01-4c0896ac?id=ADHUHR,"Wed, 16 Sep 2026 01:21:10 GMT",2026-09-25T18:47:02+00:00
https://villiers.ai/empty-legs/klas-kcrq-citation-cj3-2026-10-01-d211a9bd?id=ADHUHR,active,unchanged,2026-09-24T00:17:02+00:00,2026-09-25T18:47:02+00:00,,"Citation CJ3 | Harry Reid International Airport → McClellan-Palomar Airport | $6,396",,Citation CJ3,KLAS - Harry Reid International Airport,KLAS,LAS,Harry Reid International Airport,Las Vegas,US,KCRQ - McClellan-Palomar Airport,KCRQ,CLD,Mc Clellan-Palomar Airport,Carlsbad,US,01 October 2026,2026-10-01,12:00,12:56,56m,"$6,396",6396,USD,$,8,https://villiers.ai/empty-legs/klas-kcrq-citation-cj3-2026-10-01-d211a9bd?id=ADHUHR,https://villiers.ai/empty-legs/klas-kcrq-citation-cj3-2026-10-01-d211a9bd?id=ADHUHR,https://villiers.ai/empty-legs/klas-kcrq-citation-cj3-2026-10-01-d211a9bd?id=ADHUHR,"Wed, 23 Sep 2026 00:01:33 GMT",2026-09-25T18:47:02+00:00
https://villiers.ai/empty-legs/kpsp-kcrq-citation-m2-2026-10-01-3da6128c?id=ADHUHR,active,unchanged,2026-09-19T17:49:50+00:00,2026-09-25T18:47:02+00:00,,"Citation M2 | Palm Springs International Airport → McClellan-Palomar Airport | $5,375",,Citation M2,KPSP - Palm Springs International Airport,KPSP,PSP,Palm Springs International Airport,Palm Springs,US,KCRQ - McClellan-Palomar Airport,KCRQ,CLD,Mc Clellan-Palomar Airport,Carlsbad,US,01 October 2026,2026-10-01,12:00,12:37,37m,"$5,375",5375,USD,$,7,https://villiers.ai/empty-legs/kpsp-kcrq-citation-m2-2026-10-01-3da6128c?id=ADHUHR,https://villiers.ai/empty-legs/kpsp-kcrq-citation-m2-2026-10-01-3da6128c?id=ADHUHR,https://villiers.ai/empty-legs/kpsp-kcrq-citation-m2-2026-10-01-3da6128c?id=ADHUHR,"Wed, 16 Sep 2026 01:21:09 GMT",2026-09-25T18:47:02+00:00
https://villiers.ai/empty-legs/kvgt-kcrq-citation-cj3-2026-10-01-3e44e1f3?id=ADHUHR,active,unchanged,2026-09-19T17:49:50+00:00,2026-09-25T18:47:02+00:00,,"Citation CJ3 | North Las Vegas Metropolitan International Airport → McClellan-Palomar Airport | $6,396",,Citation CJ3,KVGT - North Las Vegas Metropolitan International Airport,KVGT,VGT,North Las Vegas Airport,Las Vegas,US,KCRQ - McClellan-Palomar Airport,KCRQ,CLD,Mc Clellan-Palomar Airport,Carlsbad,US,01 October 2026,2026-10-01,12:00,12:57,57m,"$6,396",6396,USD,$,8,https://villiers.ai/empty-legs/kvgt-kcrq-citation-cj3-2026-10-01-3e44e1f3?id=ADHUHR,https://villiers.ai/empty-legs/kvgt-kcrq-citation-cj3-2026-10-01-3e44e1f3?id=ADHUHR,https://villiers.ai/empty-legs/kvgt-kcrq-citation-cj3-2026-10-01-3e44e1f3?id=ADHUHR,"Wed, 16 Sep 2026 01:21:09 GMT",2026-09-25T18:47:02+00:00
https://villiers.ai/empty-legs/mynn-kopf-bombardier-challenger-300-2026-10-01-83871af6?id=ADHUHR,active,unchanged,2026-09-24T18:47:02+00:00,2026-09-25T18:47:02+00:00,,"Bombardier Challenger 300 | Lynden Pindling International Airport → Miami-Opa Locka Executive Airport | $5,590",,Bombardier Challenger 300,MYNN - Lynden Pindling International Airport,MYNN,NAS,Lynden Pindling International Airport,Nassau,BS,KOPF - Miami-Opa Locka Executive Airport,KOPF,OPF,Miami-Opa Locka Executive Airport,Miami,US,01 October 2026,2026-10-01,12:00,12:50,51m,"$5,590",5590,USD,$,9,https://villiers.ai/empty-legs/mynn-kopf-bombardier-challenger-300-2026-10-01-83871af6?id=ADHUHR,https://villiers.ai/empty-legs/mynn-kopf-bombardier-challenger-300-2026-10-01-83871af6?id=ADHUHR,https://villiers.ai/empty-legs/mynn-kopf-bombardier-challenger-300-2026-10-01-83871af6?id=ADHUHR,"Thu, 24 Sep 2026 18:28:45 GMT",2026-09-25T18:47:02+00:00
https://villiers.ai/empty-legs/sadf-saar-learjet-40xr-2026-10-02-a24dfe0a?id=ADHUHR,active,unchanged,2026-09-22T00:17:02+00:00,2026-09-25T18:47:02+00:00,,"Learjet 40XR | San Fernando Airport → Rosario Islas Malvinas International Airport | $3,225",,Learjet 40XR,SADF - San Fernando Airport,SADF,FDO,San Fernando Airport,San Fernando,AR,SAAR - Rosario Islas Malvinas International Airport,SAAR,ROS,Islas Malvinas Airport,Rosario,AR,02 October 2026,2026-10-02,07:17,08:05,48m,"$3,225",3225,USD,$,7,https://villiers.ai/empty-legs/sadf-saar-learjet-40xr-2026-10-02-a24dfe0a?id=ADHUHR,https://villiers.ai/empty-legs/sadf-saar-learjet-40xr-2026-10-02-a24dfe0a?id=ADHUHR,https://villiers.ai/empty-legs/sadf-saar-learjet-40xr-2026-10-02-a24dfe0a?id=ADHUHR,"Mon, 21 Sep 2026 17:50:33 GMT",2026-09-25T18:47:02+00:00
https://villiers.ai/empty-legs/eglf-lfpb-piaggio-avanti-ii-2026-10-02-58c1156e?id=ADHUHR,active,unchanged,2026-09-19T17:49:50+00:00,2026-09-25T18:47:02+00:00,,"Piaggio Avanti II | Farnborough Airport → Paris Le Bourget Airport | £7,633",,Piaggio Avanti II,EGLF - Farnborough Airport,EGLF,FAB,Farnborough Airport,Farnborough,GB,LFPB - Paris Le Bourget Airport,LFPB,LBG,Paris-Le Bourget Airport,Paris,FR,02 October 2026,2026-10-02,12:00,12:53,54m,"£7,633",7633,GBP,£,7,https://villiers.ai/empty-legs/eglf-lfpb-piaggio-avanti-ii-2026-10-02-58c1156e?id=ADHUHR,https://villiers.ai/empty-legs/eglf-lfpb-piaggio-avanti-ii-2026-10-02-58c1156e?id=ADHUHR,https://villiers.ai/empty-legs/eglf-lfpb-piaggio-avanti-ii-2026-10-02-58c1156e?id=ADHUHR,"Fri, 18 Sep 2026 23:50:16 GMT",2026-09-25T18:47:02+00:00
https://villiers.ai/empty-legs/egph-eglf-hondajet-2026-10-02-cfd1cf00?id=ADHUHR,active,unchanged,2026-09-19T17:49:50+00:00,2026-09-25T18:47:02+00:00,,"HondaJet | Edinburgh Airport → Farnborough Airport | £5,160",,HondaJet,EGPH - Edinburgh Airport,EGPH,EDI,Edinburgh Airport,Edinburgh,GB,EGLF - Farnborough Airport,EGLF,FAB,Farnborough Airport,Farnborough,GB,02 October 2026,2026-10-02,12:00,13:07,1h 8m,"£5,160",5160,GBP,£,5,https://villiers.ai/empty-legs/egph-eglf-hondajet-2026-10-02-cfd1cf00?id=ADHUHR,https://villiers.ai/empty-legs/egph-eglf-hondajet-2026-10-02-cfd1cf00?id=ADHUHR,https://villiers.ai/empty-legs/egph-eglf-hondajet-2026-10-02-cfd1cf00?id=ADHUHR,"Fri, 18 Sep 2026 23:50:16 GMT",2026-09-25T18:47:02+00:00
https://villiers.ai/empty-legs/kdal-kpvu-cessna-citation-ultra-2026-10-02-49401516?id=ADHUHR,active,unchanged,2026-09-22T00:17:02+00:00,2026-09-25T18:47:02+00:00,,"Cessna Citation Ultra | Dallas Love Field → Provo-Utah Lake International Airport | $9,998",,Cessna Citation Ultra,KDAL - Dallas Love Field,KDAL,DAL,Dallas Love Field,Dallas,US,KPVU - Provo-Utah Lake International Airport,KPVU,PVU,Provo Municipal Airport,Provo,US,02 October 2026,2026-10-02,12:00,14:17,2h 17m,"$9,998",9998,USD,$,7,https://villiers.ai/empty-legs/kdal-kpvu-cessna-citation-ultra-2026-10-02-49401516?id=ADHUHR,https://villiers.ai/empty-legs/kdal-kpvu-cessna-citation-ultra-2026-10-02-49401516?id=ADHUHR,https://villiers.ai/empty-legs/kdal-kpvu-cessna-citation-ultra-2026-10-02-49401516?id=ADHUHR,"Mon, 21 Sep 2026 17:48:28 GMT",2026-09-25T18:47:02+00:00
https://villiers.ai/empty-legs/kdwh-kmsl-cessna-citation-ultra-2026-10-02-03a98014?id=ADHUHR,active,unchanged,2026-09-22T00:17:02+00:00,2026-09-25T18:47:02+00:00,,"Cessna Citation Ultra | David Wayne Hooks Memorial Airport → Northwest Alabama Regional Airport | $5,160",,Cessna Citation Ultra,KDWH - David Wayne Hooks Memorial Airport,KDWH,DWH,David Wayne Hooks Memorial Airport,Houston,US,KMSL - Northwest Alabama Regional Airport,KMSL,MSL,Northwest Alabama Regional Airport,Muscle Shoals,US,02 October 2026,2026-10-02,12:00,13:32,1h 33m,"$5,160",5160,USD,$,7,https://villiers.ai/empty-legs/kdwh-kmsl-cessna-citation-ultra-2026-10-02-03a98014?id=ADHUHR,https://villiers.ai/empty-legs/kdwh-kmsl-cessna-citation-ultra-2026-10-02-03a98014?id=ADHUHR,https://villiers.ai/empty-legs/kdwh-kmsl-cessna-citation-ultra-2026-10-02-03a98014?id=ADHUHR,"Mon, 21 Sep 2026 17:48:28 GMT",2026-09-25T18:47:02+00:00
https://villiers.ai/empty-legs/kerv-khou-cessna-citation-ultra-2026-10-02-aae60ceb?id=ADHUHR,active,unchanged,2026-09-19T17:49:50+00:00,2026-09-25T18:47:02+00:00,,"Cessna Citation Ultra | Kerrville / Kerr County Airport at Louis Schreiner Field → William P. Hobby Airport | $2,795",,Cessna Citation Ultra,KERV - Kerrville / Kerr County Airport at Louis Schreiner Field,KERV,ERV,Kerrville Municipal/Louis Schreiner Field,Kerrville,US,KHOU - William P. Hobby Airport,KHOU,HOU,William P Hobby Airport,Houston,US,02 October 2026,2026-10-02,12:00,12:55,55m,"$2,795",2795,USD,$,7,https://villiers.ai/empty-legs/kerv-khou-cessna-citation-ultra-2026-10-02-aae60ceb?id=ADHUHR,https://villiers.ai/empty-legs/kerv-khou-cessna-citation-ultra-2026-10-02-aae60ceb?id=ADHUHR,https://villiers.ai/empty-legs/kerv-khou-cessna-citation-ultra-2026-10-02-aae60ceb?id=ADHUHR,"Tue, 08 Sep 2026 13:36:35 GMT",2026-09-25T18:47:02+00:00
https://villiers.ai/empty-legs/kpvu-kerv-cessna-citation-ultra-2026-10-02-ae8bc6d2?id=ADHUHR,active,unchanged,2026-09-20T16:47:02+00:00,2026-09-25T18:47:02+00:00,,"Cessna Citation Ultra | Provo-Utah Lake International Airport → Kerrville / Kerr County Airport at Louis Schreiner Field | $7,955",,Cessna Citation Ultra,KPVU - Provo-Utah Lake International Airport,KPVU,PVU,Provo Municipal Airport,Provo,US,KERV - Kerrville / Kerr County Airport at Louis Schreiner Field,KERV,ERV,Kerrville Municipal/Louis Schreiner Field,Kerrville,US,02 October 2026,2026-10-02,12:00,14:21,2h 21m,"$7,955",7955,USD,$,7,https://villiers.ai/empty-legs/kpvu-kerv-cessna-citation-ultra-2026-10-02-ae8bc6d2?id=ADHUHR,https://villiers.ai/empty-legs/kpvu-kerv-cessna-citation-ultra-2026-10-02-ae8bc6d2?id=ADHUHR,https://villiers.ai/empty-legs/kpvu-kerv-cessna-citation-ultra-2026-10-02-ae8bc6d2?id=ADHUHR,"Sun, 20 Sep 2026 16:20:20 GMT",2026-09-25T18:47:02+00:00
https://villiers.ai/empty-legs/saar-sadf-learjet-40xr-2026-10-02-8797df7f?id=ADHUHR,active,unchanged,2026-09-22T00:17:02+00:00,2026-09-25T18:47:02+00:00,,"Learjet 40XR | Rosario Islas Malvinas International Airport → San Fernando Airport | $3,225",,Learjet 40XR,SAAR - Rosario Islas Malvinas International Airport,SAAR,ROS,Islas Malvinas Airport,Rosario,AR,SADF - San Fernando Airport,SADF,FDO,San Fernando Airport,San Fernando,AR,02 October 2026,2026-10-02,17:33,18:21,48m,"$3,225",3225,USD,$,7,https://villiers.ai/empty-legs/saar-sadf-learjet-40xr-2026-10-02-8797df7f?id=ADHUHR,https://villiers.ai/empty-legs/saar-sadf-learjet-40xr-2026-10-02-8797df7f?id=ADHUHR,https://villiers.ai/empty-legs/saar-sadf-learjet-40xr-2026-10-02-8797df7f?id=ADHUHR,"Mon, 21 Sep 2026 17:50:33 GMT",2026-09-25T18:47:02+00:00
https://villiers.ai/empty-legs/edja-egkb-phenom-300e-2026-10-03-22717cb5?id=ADHUHR,active,unchanged,2026-09-19T17:49:50+00:00,2026-09-25T18:47:02+00:00,,"Phenom 300E | Memmingen Allgau Airport → Biggin Hill Airport | £7,095",,Phenom 300E,EDJA - Memmingen Allgau Airport,EDJA,FMM,Memmingen Allgau Airport,Memmingen,DE,EGKB - Biggin Hill Airport,EGKB,BQH,London Biggin Hill Airport,London,GB,03 October 2026,2026-10-03,12:00,13:26,1h 27m,"£7,095",7095,GBP,£,9,https://villiers.ai/empty-legs/edja-egkb-phenom-300e-2026-10-03-22717cb5?id=ADHUHR,https://villiers.ai/empty-legs/edja-egkb-phenom-300e-2026-10-03-22717cb5?id=ADHUHR,https://villiers.ai/empty-legs/edja-egkb-phenom-300e-2026-10-03-22717cb5?id=ADHUHR,"Fri, 18 Sep 2026 23:50:16 GMT",2026-09-25T18:47:02+00:00
https://villiers.ai/empty-legs/kase-kpvu-cessna-citation-ultra-2026-10-03-b7c67d70?id=ADHUHR,active,unchanged,2026-09-24T18:47:02+00:00,2026-09-25T18:47:02+00:00,,"Cessna Citation Ultra | Aspen-Pitkin County Airport (Sardy Field) → Provo-Utah Lake International Airport | $3,440",,Cessna Citation Ultra,KASE - Aspen-Pitkin County Airport (Sardy Field),KASE,ASE,Aspen-Pitkin County/Sardy Field,Aspen,US,KPVU - Provo-Utah Lake International Airport,KPVU,PVU,Provo Municipal Airport,Provo,US,03 October 2026,2026-10-03,12:00,12:59,60m,"$3,440",3440,USD,$,7,https://villiers.ai/empty-legs/kase-kpvu-cessna-citation-ultra-2026-10-03-b7c67d70?id=ADHUHR,https://villiers.ai/empty-legs/kase-kpvu-cessna-citation-ultra-2026-10-03-b7c67d70?id=ADHUHR,https://villiers.ai/empty-legs/kase-kpvu-cessna-citation-ultra-2026-10-03-b7c67d70?id=ADHUHR,"Thu, 24 Sep 2026 18:27:50 GMT",2026-09-25T18:47:02+00:00
https://villiers.ai/empty-legs/kcrq-ktrk-citation-m2-2026-10-03-34bbbf45?id=ADHUHR,active,unchanged,2026-09-19T17:49:50+00:00,2026-09-25T18:47:02+00:00,,"Citation M2 | McClellan-Palomar Airport → Truckee Tahoe Airport | $7,525",,Citation M2,KCRQ - McClellan-Palomar Airport,KCRQ,CLD,Mc Clellan-Palomar Airport,Carlsbad,US,KTRK - Truckee Tahoe Airport,KTRK,TKF,Truckee-Tahoe Airport,Truckee,US,03 October 2026,2026-10-03,12:00,13:20,1h 21m,"$7,525",7525,USD,$,7,https://villiers.ai/empty-legs/kcrq-ktrk-citation-m2-2026-10-03-34bbbf45?id=ADHUHR,https://villiers.ai/empty-legs/kcrq-ktrk-citation-m2-2026-10-03-34bbbf45?id=ADHUHR,https://villiers.ai/empty-legs/kcrq-ktrk-citation-m2-2026-10-03-34bbbf45?id=ADHUHR,"Wed, 16 Sep 2026 01:21:10 GMT",2026-09-25T18:47:02+00:00
https://villiers.ai/empty-legs/khou-kchs-cessna-citation-ultra-2026-10-03-08b0cbcb?id=ADHUHR,active,unchanged,2026-09-19T17:49:50+00:00,2026-09-25T18:47:02+00:00,,"Cessna Citation Ultra | William P. Hobby Airport → Charleston International Airport | $7,633",,Cessna Citation Ultra,KHOU - William P. Hobby Airport,KHOU,HOU,William P Hobby Airport,Houston,US,KCHS - Charleston International Airport,KCHS,CHS,Charleston Afb/International Airport,Charleston,US,03 October 2026,2026-10-03,12:00,14:12,2h 13m,"$7,633",7633,USD,$,7,https://villiers.ai/empty-legs/khou-kchs-cessna-citation-ultra-2026-10-03-08b0cbcb?id=ADHUHR,https://villiers.ai/empty-legs/khou-kchs-cessna-citation-ultra-2026-10-03-08b0cbcb?id=ADHUHR,https://villiers.ai/empty-legs/khou-kchs-cessna-citation-ultra-2026-10-03-08b0cbcb?id=ADHUHR,"Sat, 19 Sep 2026 15:36:21 GMT",2026-09-25T18:47:02+00:00
https://villiers.ai/empty-legs/kiad-kchs-cessna-citation-ultra-2026-10-03-42e61634?id=ADHUHR,active,unchanged,2026-09-20T16:47:02+00:00,2026-09-25T18:47:02+00:00,,"Cessna Citation Ultra | Washington Dulles International Airport → Charleston International Airport | $5,160",,Cessna Citation Ultra,KIAD - Washington Dulles International Airport,KIAD,IAD,Washington Dulles International Airport,Washington,US,KCHS - Charleston International Airport,KCHS,CHS,Charleston Afb/International Airport,Charleston,US,03 October 2026,2026-10-03,12:00,13:19,1h 19m,"$5,160",5160,USD,$,7,https://villiers.ai/empty-legs/kiad-kchs-cessna-citation-ultra-2026-10-03-42e61634?id=ADHUHR,https://villiers.ai/empty-legs/kiad-kchs-cessna-citation-ultra-2026-10-03-42e61634?id=ADHUHR,https://villiers.ai/empty-legs/kiad-kchs-cessna-citation-ultra-2026-10-03-42e61634?id=ADHUHR,"Sun, 20 Sep 2026 16:20:20 GMT",2026-09-25T18:47:02+00:00
https://villiers.ai/empty-legs/kase-kgtu-cessna-citation-ultra-2026-10-04-0fcdaa72?id=ADHUHR,active,unchanged,2026-09-19T17:49:50+00:00,2026-09-25T18:47:02+00:00,,"Cessna Citation Ultra | Aspen-Pitkin County Airport (Sardy Field) → Georgetown Executive Airport at Johnny Gantt Field | $6,558",,Cessna Citation Ultra,KASE - Aspen-Pitkin County Airport (Sardy Field),KASE,ASE,Aspen-Pitkin County/Sardy Field,Aspen,US,KGTU - Georgetown Executive Airport at Johnny Gantt Field,KGTU,,Georgetown Executive Airport,Georgetown,US,04 October 2026,2026-10-04,12:00,13:57,1h 57m,"$6,558",6558,USD,$,7,https://villiers.ai/empty-legs/kase-kgtu-cessna-citation-ultra-2026-10-04-0fcdaa72?id=ADHUHR,https://villiers.ai/empty-legs/kase-kgtu-cessna-citation-ultra-2026-10-04-0fcdaa72?id=ADHUHR,https://villiers.ai/empty-legs/kase-kgtu-cessna-citation-ultra-2026-10-04-0fcdaa72?id=ADHUHR,"Sat, 19 Sep 2026 15:36:21 GMT",2026-09-25T18:47:02+00:00
https://villiers.ai/empty-legs/kclt-kfwa-cessna-citation-ultra-2026-10-04-815f0348?id=ADHUHR,active,unchanged,2026-09-25T13:47:01+00:00,2026-09-25T18:47:02+00:00,,"Cessna Citation Ultra | Charlotte Douglas International Airport → Fort Wayne International Airport | $5,160",,Cessna Citation Ultra,KCLT - Charlotte Douglas International Airport,KCLT,CLT,Charlotte/Douglas International Airport,Charlotte,US,KFWA - Fort Wayne International Airport,KFWA,FWA,Fort Wayne International Airport,Fort Wayne,US,04 October 2026,2026-10-04,12:00,13:21,1h 21m,"$5,160",5160,USD,$,7,https://villiers.ai/empty-legs/kclt-kfwa-cessna-citation-ultra-2026-10-04-815f0348?id=ADHUHR,https://villiers.ai/empty-legs/kclt-kfwa-cessna-citation-ultra-2026-10-04-815f0348?id=ADHUHR,https://villiers.ai/empty-legs/kclt-kfwa-cessna-citation-ultra-2026-10-04-815f0348?id=ADHUHR,"Fri, 25 Sep 2026 13:43:51 GMT",2026-09-25T18:47:02+00:00
https://villiers.ai/empty-legs/khou-kfwa-cessna-citation-ultra-2026-10-04-cf212e44?id=ADHUHR,active,unchanged,2026-08-20T00:17:02+00:00,2026-09-25T18:47:02+00:00,,"Cessna Citation Ultra | William P. Hobby Airport → Fort Wayne International Airport | $7,955",,Cessna Citation Ultra,KHOU - William P. Hobby Airport,KHOU,HOU,William P Hobby Airport,Houston,US,KFWA - Fort Wayne International Airport,KFWA,FWA,Fort Wayne International Airport,Fort Wayne,US,04 October 2026,2026-10-04,12:00,14:17,2h 17m,"$7,955",7955,USD,$,7,https://villiers.ai/empty-legs/khou-kfwa-cessna-citation-ultra-2026-10-04-cf212e44?id=ADHUHR,https://villiers.ai/empty-legs/khou-kfwa-cessna-citation-ultra-2026-10-04-cf212e44?id=ADHUHR,https://villiers.ai/empty-legs/khou-kfwa-cessna-citation-ultra-2026-10-04-cf212e44?id=ADHUHR,"Wed, 19 Aug 2026 22:51:09 GMT",2026-09-25T18:47:02+00:00
https://villiers.ai/empty-legs/khou-kgtu-cessna-citation-ultra-2026-10-04-017a2a96?id=ADHUHR,active,unchanged,2026-09-24T18:47:02+00:00,2026-09-25T18:47:02+00:00,,"Cessna Citation Ultra | William P. Hobby Airport → Georgetown Executive Airport at Johnny Gantt Field | $2,473",,Cessna Citation Ultra,KHOU - William P. Hobby Airport,KHOU,HOU,William P Hobby Airport,Houston,US,KGTU - Georgetown Executive Airport at Johnny Gantt Field,KGTU,,Georgetown Executive Airport,Georgetown,US,04 October 2026,2026-10-04,12:00,12:47,48m,"$2,473",2473,USD,$,7,https://villiers.ai/empty-legs/khou-kgtu-cessna-citation-ultra-2026-10-04-017a2a96?id=ADHUHR,https://villiers.ai/empty-legs/khou-kgtu-cessna-citation-ultra-2026-10-04-017a2a96?id=ADHUHR,https://villiers.ai/empty-legs/khou-kgtu-cessna-citation-ultra-2026-10-04-017a2a96?id=ADHUHR,"Thu, 24 Sep 2026 18:27:50 GMT",2026-09-25T18:47:02+00:00
https://villiers.ai/empty-legs/kopf-ktys-bombardier-challenger-300-2026-10-04-43ab3d98?id=ADHUHR,active,unchanged,2026-09-25T13:47:01+00:00,2026-09-25T18:47:02+00:00,,"Bombardier Challenger 300 | Miami-Opa Locka Executive Airport → McGhee Tyson Airport | $13,438",,Bombardier Challenger 300,KOPF - Miami-Opa Locka Executive Airport,KOPF,OPF,Miami-Opa Locka Executive Airport,Miami,US,KTYS - McGhee Tyson Airport,KTYS,TYS,Mc Ghee Tyson Airport,Knoxville,US,04 October 2026,2026-10-04,12:00,13:49,1h 50m,"$13,438",13438,USD,$,9,https://villiers.ai/empty-legs/kopf-ktys-bombardier-challenger-300-2026-10-04-43ab3d98?id=ADHUHR,https://villiers.ai/empty-legs/kopf-ktys-bombardier-challenger-300-2026-10-04-43ab3d98?id=ADHUHR,https://villiers.ai/empty-legs/kopf-ktys-bombardier-challenger-300-2026-10-04-43ab3d98?id=ADHUHR,"Fri, 25 Sep 2026 13:43:51 GMT",2026-09-25T18:47:02+00:00
https://villiers.ai/empty-legs/kgtu-kdal-cessna-citation-ultra-2026-10-05-c1344830?id=ADHUHR,active,unchanged,2026-09-20T00:17:02+00:00,2026-09-25T18:47:02+00:00,,"Cessna Citation Ultra | Georgetown Executive Airport at Johnny Gantt Field → Dallas Love Field | $2,150",,Cessna Citation Ultra,KGTU - Georgetown Executive Airport at Johnny Gantt Field,KGTU,,Georgetown Executive Airport,Georgetown,US,KDAL - Dallas Love Field,KDAL,DAL,Dallas Love Field,Dallas,US,05 October 2026,2026-10-05,12:00,12:47,47m,"$2,150",2150,USD,$,7,https://villiers.ai/empty-legs/kgtu-kdal-cessna-citation-ultra-2026-10-05-c1344830?id=ADHUHR,https://villiers.ai/empty-legs/kgtu-kdal-cessna-citation-ultra-2026-10-05-c1344830?id=ADHUHR,https://villiers.ai/empty-legs/kgtu-kdal-cessna-citation-ultra-2026-10-05-c1344830?id=ADHUHR,"Wed, 09 Sep 2026 15:22:21 GMT",2026-09-25T18:47:02+00:00
https://villiers.ai/empty-legs/kopf-mynn-bombardier-challenger-300-2026-10-05-b30c9467?id=ADHUHR,active,unchanged,2026-09-25T00:17:02+00:00,2026-09-25T18:47:02+00:00,,"Bombardier Challenger 300 | Miami-Opa Locka Executive Airport → Lynden Pindling International Airport | $4,730",,Bombardier Challenger 300,KOPF - Miami-Opa Locka Executive Airport,KOPF,OPF,Miami-Opa Locka Executive Airport,Miami,US,MYNN - Lynden Pindling International Airport,MYNN,NAS,Lynden Pindling International Airport,Nassau,BS,05 October 2026,2026-10-05,12:00,12:50,51m,"$4,730",4730,USD,$,9,https://villiers.ai/empty-legs/kopf-mynn-bombardier-challenger-300-2026-10-05-b30c9467?id=ADHUHR,https://villiers.ai/empty-legs/kopf-mynn-bombardier-challenger-300-2026-10-05-b30c9467?id=ADHUHR,https://villiers.ai/empty-legs/kopf-mynn-bombardier-challenger-300-2026-10-05-b30c9467?id=ADHUHR,"Thu, 24 Sep 2026 18:28:45 GMT",2026-09-25T18:47:02+00:00
https://villiers.ai/empty-legs/kosu-kbna-pilatus-pc-12-ng-2026-10-05-cb075261?id=ADHUHR,active,unchanged,2026-08-22T00:17:02+00:00,2026-09-25T18:47:02+00:00,,"Pilatus PC 12 NG | The Ohio State University Airport - Don Scott Field → Nashville International Airport | $4,730",,Pilatus PC 12 NG,KOSU - The Ohio State University Airport - Don Scott Field,KOSU,OSU,Ohio State University Airport,Columbus,US,KBNA - Nashville International Airport,KBNA,BNA,Nashville International Airport,Nashville,US,05 October 2026,2026-10-05,12:00,13:07,1h 7m,"$4,730",4730,USD,$,7,https://villiers.ai/empty-legs/kosu-kbna-pilatus-pc-12-ng-2026-10-05-cb075261?id=ADHUHR,https://villiers.ai/empty-legs/kosu-kbna-pilatus-pc-12-ng-2026-10-05-cb075261?id=ADHUHR,https://villiers.ai/empty-legs/kosu-kbna-pilatus-pc-12-ng-2026-10-05-cb075261?id=ADHUHR,"Fri, 21 Aug 2026 18:42:16 GMT",2026-09-25T18:47:02+00:00
https://villiers.ai/empty-legs/kosu-khou-pilatus-pc-12-ng-2026-10-05-1168b108?id=ADHUHR,active,unchanged,2026-09-05T00:17:02+00:00,2026-09-25T18:47:02+00:00,,"Pilatus PC-12 NG | The Ohio State University Airport - Don Scott Field → William P. Hobby Airport | $12,255",,Pilatus PC-12 NG,KOSU - The Ohio State University Airport - Don Scott Field,KOSU,OSU,Ohio State University Airport,Columbus,US,KHOU - William P. Hobby Airport,KHOU,HOU,William P Hobby Airport,Houston,US,05 October 2026,2026-10-05,12:00,14:20,2h 21m,"$12,255",12255,USD,$,7,https://villiers.ai/empty-legs/kosu-khou-pilatus-pc-12-ng-2026-10-05-1168b108?id=ADHUHR,https://villiers.ai/empty-legs/kosu-khou-pilatus-pc-12-ng-2026-10-05-1168b108?id=ADHUHR,https://villiers.ai/empty-legs/kosu-khou-pilatus-pc-12-ng-2026-10-05-1168b108?id=ADHUHR,"Thu, 03 Sep 2026 17:44:01 GMT",2026-09-25T18:47:02+00:00
https://villiers.ai/empty-legs/kpie-mynn-bombardier-challenger-300-2026-10-05-7b5d2712?id=ADHUHR,active,unchanged,2026-09-25T13:47:01+00:00,2026-09-25T18:47:02+00:00,,"Bombardier Challenger 300 | St. Petersburg Clearwater International Airport → Lynden Pindling International Airport | $7,095",,Bombardier Challenger 300,KPIE - St. Petersburg Clearwater International Airport,KPIE,PIE,St Pete-Clearwater International Airport,St Petersburg-Clearwater,US,MYNN - Lynden Pindling International Airport,MYNN,NAS,Lynden Pindling International Airport,Nassau,BS,05 October 2026,2026-10-05,12:00,13:12,1h 12m,"$7,095",7095,USD,$,9,https://villiers.ai/empty-legs/kpie-mynn-bombardier-challenger-300-2026-10-05-7b5d2712?id=ADHUHR,https://villiers.ai/empty-legs/kpie-mynn-bombardier-challenger-300-2026-10-05-7b5d2712?id=ADHUHR,https://villiers.ai/empty-legs/kpie-mynn-bombardier-challenger-300-2026-10-05-7b5d2712?id=ADHUHR,"Fri, 25 Sep 2026 13:43:51 GMT",2026-09-25T18:47:02+00:00
https://villiers.ai/empty-legs/ksez-kcrq-citation-cj3-2026-10-05-b7f2d1ee?id=ADHUHR,active,unchanged,2026-09-20T00:17:02+00:00,2026-09-25T18:47:02+00:00,,"Citation CJ3 | Sedona Airport → McClellan-Palomar Airport | $6,396",,Citation CJ3,KSEZ - Sedona Airport,KSEZ,SDX,Sedona Airport,Sedona,US,KCRQ - McClellan-Palomar Airport,KCRQ,CLD,Mc Clellan-Palomar Airport,Carlsbad,US,05 October 2026,2026-10-05,12:00,13:07,1h 7m,"$6,396",6396,USD,$,8,https://villiers.ai/empty-legs/ksez-kcrq-citation-cj3-2026-10-05-b7f2d1ee?id=ADHUHR,https://villiers.ai/empty-legs/ksez-kcrq-citation-cj3-2026-10-05-b7f2d1ee?id=ADHUHR,https://villiers.ai/empty-legs/ksez-kcrq-citation-cj3-2026-10-05-b7f2d1ee?id=ADHUHR,"Wed, 16 Sep 2026 01:21:10 GMT",2026-09-25T18:47:02+00:00
https://villiers.ai/empty-legs/khou-kclt-cessna-citation-ultra-2026-10-06-16144764?id=ADHUHR,active,unchanged,2026-09-25T13:47:01+00:00,2026-09-25T18:47:02+00:00,,"Cessna Citation Ultra | William P. Hobby Airport → Charlotte Douglas International Airport | $7,633",,Cessna Citation Ultra,KHOU - William P. Hobby Airport,KHOU,HOU,William P Hobby Airport,Houston,US,KCLT - Charlotte Douglas International Airport,KCLT,CLT,Charlotte/Douglas International Airport,Charlotte,US,06 October 2026,2026-10-06,12:00,14:11,2h 12m,"$7,633",7633,USD,$,7,https://villiers.ai/empty-legs/khou-kclt-cessna-citation-ultra-2026-10-06-16144764?id=ADHUHR,https://villiers.ai/empty-legs/khou-kclt-cessna-citation-ultra-2026-10-06-16144764?id=ADHUHR,https://villiers.ai/empty-legs/khou-kclt-cessna-citation-ultra-2026-10-06-16144764?id=ADHUHR,"Fri, 25 Sep 2026 13:43:51 GMT",2026-09-25T18:47:02+00:00
https://villiers.ai/empty-legs/sadf-saar-learjet-40xr-2026-10-06-d3624c2c?id=ADHUHR,active,unchanged,2026-09-20T00:17:02+00:00,2026-09-25T18:47:02+00:00,,"Learjet 40XR | San Fernando Airport → Rosario Islas Malvinas International Airport | $3,225",,Learjet 40XR,SADF - San Fernando Airport,SADF,FDO,San Fernando Airport,San Fernando,AR,SAAR - Rosario Islas Malvinas International Airport,SAAR,ROS,Islas Malvinas Airport,Rosario,AR,06 October 2026,2026-10-06,12:00,12:48,48m,"$3,225",3225,USD,$,7,https://villiers.ai/empty-legs/sadf-saar-learjet-40xr-2026-10-06-d3624c2c?id=ADHUHR,https://villiers.ai/empty-legs/sadf-saar-learjet-40xr-2026-10-06-d3624c2c?id=ADHUHR,https://villiers.ai/empty-legs/sadf-saar-learjet-40xr-2026-10-06-d3624c2c?id=ADHUHR,"Mon, 14 Sep 2026 17:24:01 GMT",2026-09-25T18:47:02+00:00
https://villiers.ai/empty-legs/kboi-kslc-cessna-citation-ultra-2026-10-07-d72baf72?id=ADHUHR,active,unchanged,2026-09-24T00:17:02+00:00,2026-09-25T18:47:02+00:00,,"Cessna Citation Ultra | Boise Air Terminal/Gowen Field → Salt Lake City International Airport | $3,118",,Cessna Citation Ultra,KBOI - Boise Air Terminal/Gowen Field,KBOI,BOI,Boise Air Trml/Gowen Field,Boise,US,KSLC - Salt Lake City International Airport,KSLC,SLC,Salt Lake City International Airport,Salt Lake City,US,07 October 2026,2026-10-07,12:00,13:02,1h 2m,"$3,118",3118,USD,$,7,https://villiers.ai/empty-legs/kboi-kslc-cessna-citation-ultra-2026-10-07-d72baf72?id=ADHUHR,https://villiers.ai/empty-legs/kboi-kslc-cessna-citation-ultra-2026-10-07-d72baf72?id=ADHUHR,https://villiers.ai/empty-legs/kboi-kslc-cessna-citation-ultra-2026-10-07-d72baf72?id=ADHUHR,"Tue, 22 Sep 2026 15:15:30 GMT",2026-09-25T18:47:02+00:00
https://villiers.ai/empty-legs/khou-kdal-cessna-citation-v-2026-10-07-7d4e75b5?id=ADHUHR,active,unchanged,2026-09-24T00:17:02+00:00,2026-09-25T18:47:02+00:00,,"Cessna Citation V | William P. Hobby Airport → Dallas Love Field | $3,118",,Cessna Citation V,KHOU - William P. Hobby Airport,KHOU,HOU,William P Hobby Airport,Houston,US,KDAL - Dallas Love Field,KDAL,DAL,Dallas Love Field,Dallas,US,07 October 2026,2026-10-07,12:00,12:56,57m,"$3,118",3118,USD,$,7,https://villiers.ai/empty-legs/khou-kdal-cessna-citation-v-2026-10-07-7d4e75b5?id=ADHUHR,https://villiers.ai/empty-legs/khou-kdal-cessna-citation-v-2026-10-07-7d4e75b5?id=ADHUHR,https://villiers.ai/empty-legs/khou-kdal-cessna-citation-v-2026-10-07-7d4e75b5?id=ADHUHR,"Tue, 22 Sep 2026 15:15:30 GMT",2026-09-25T18:47:02+00:00
https://villiers.ai/empty-legs/kslc-kcrq-beechjet-400xp-2026-10-07-36041137?id=ADHUHR,active,unchanged,2026-09-24T00:17:02+00:00,2026-09-25T18:47:02+00:00,,"Beechjet 400XP | Salt Lake City International Airport → McClellan-Palomar Airport | $9,675",,Beechjet 400XP,KSLC - Salt Lake City International Airport,KSLC,SLC,Salt Lake City International Airport,Salt Lake City,US,KCRQ - McClellan-Palomar Airport,KCRQ,CLD,Mc Clellan-Palomar Airport,Carlsbad,US,07 October 2026,2026-10-07,12:00,13:37,1h 37m,"$9,675",9675,USD,$,8,https://villiers.ai/empty-legs/kslc-kcrq-beechjet-400xp-2026-10-07-36041137?id=ADHUHR,https://villiers.ai/empty-legs/kslc-kcrq-beechjet-400xp-2026-10-07-36041137?id=ADHUHR,https://villiers.ai/empty-legs/kslc-kcrq-beechjet-400xp-2026-10-07-36041137?id=ADHUHR,"Wed, 23 Sep 2026 00:01:33 GMT",2026-09-25T18:47:02+00:00
https://villiers.ai/empty-legs/saar-sadf-learjet-40xr-2026-10-07-4c636b4b?id=ADHUHR,active,unchanged,2026-09-20T00:17:02+00:00,2026-09-25T18:47:02+00:00,,"Learjet 40XR | Rosario Islas Malvinas International Airport → San Fernando Airport | $3,225",,Learjet 40XR,SAAR - Rosario Islas Malvinas International Airport,SAAR,ROS,Islas Malvinas Airport,Rosario,AR,SADF - San Fernando Airport,SADF,FDO,San Fernando Airport,San Fernando,AR,07 October 2026,2026-10-07,12:00,12:48,48m,"$3,225",3225,USD,$,7,https://villiers.ai/empty-legs/saar-sadf-learjet-40xr-2026-10-07-4c636b4b?id=ADHUHR,https://villiers.ai/empty-legs/saar-sadf-learjet-40xr-2026-10-07-4c636b4b?id=ADHUHR,https://villiers.ai/empty-legs/saar-sadf-learjet-40xr-2026-10-07-4c636b4b?id=ADHUHR,"Mon, 14 Sep 2026 17:24:01 GMT",2026-09-25T18:47:02+00:00
https://villiers.ai/empty-legs/keye-kojc-pilatus-pc-12-ng-2026-10-08-180c89e7?id=ADHUHR,active,unchanged,2026-09-20T00:17:02+00:00,2026-09-25T18:47:02+00:00,,"Pilatus PC 12 NG | Eagle Creek Airpark → Johnson County Executive Airport | $6,880",,Pilatus PC 12 NG,KEYE - Eagle Creek Airpark,KEYE,,Eagle Creek Airpark,Indianapolis,US,KOJC - Johnson County Executive Airport,KOJC,OJC,Johnson County Executive Airport,Olathe,US,08 October 2026,2026-10-08,12:00,13:20,1h 21m,"$6,880",6880,USD,$,7,https://villiers.ai/empty-legs/keye-kojc-pilatus-pc-12-ng-2026-10-08-180c89e7?id=ADHUHR,https://villiers.ai/empty-legs/keye-kojc-pilatus-pc-12-ng-2026-10-08-180c89e7?id=ADHUHR,https://villiers.ai/empty-legs/keye-kojc-pilatus-pc-12-ng-2026-10-08-180c89e7?id=ADHUHR,"Tue, 08 Sep 2026 13:36:35 GMT",2026-09-25T18:47:02+00:00
https://villiers.ai/empty-legs/kiws-kgtu-pilatus-pc-12-ng-2026-10-08-b43df294?id=ADHUHR,active,unchanged,2026-09-20T00:17:02+00:00,2026-09-25T18:47:02+00:00,,"Pilatus PC 12 NG | West Houston Airport → Georgetown Executive Airport at Johnny Gantt Field | $1,935",,Pilatus PC 12 NG,KIWS - West Houston Airport,KIWS,IWS,West Houston Airport,Houston,US,KGTU - Georgetown Executive Airport at Johnny Gantt Field,KGTU,,Georgetown Executive Airport,Georgetown,US,08 October 2026,2026-10-08,12:00,12:44,45m,"$1,935",1935,USD,$,7,https://villiers.ai/empty-legs/kiws-kgtu-pilatus-pc-12-ng-2026-10-08-b43df294?id=ADHUHR,https://villiers.ai/empty-legs/kiws-kgtu-pilatus-pc-12-ng-2026-10-08-b43df294?id=ADHUHR,https://villiers.ai/empty-legs/kiws-kgtu-pilatus-pc-12-ng-2026-10-08-b43df294?id=ADHUHR,"Thu, 17 Sep 2026 15:37:49 GMT",2026-09-25T18:47:02+00:00
https://villiers.ai/empty-legs/kcrq-kaus-hawker-900xp-2026-10-09-1e03123d?id=ADHUHR,active,unchanged,2026-09-25T00:17:02+00:00,2026-09-25T18:47:02+00:00,,"Hawker 900XP | McClellan-Palomar Airport → Austin Bergstrom International Airport | $18,275",,Hawker 900XP,KCRQ - McClellan-Palomar Airport,KCRQ,CLD,Mc Clellan-Palomar Airport,Carlsbad,US,KAUS - Austin Bergstrom International Airport,KAUS,AUS,Austin-Bergstrom International Airport,Austin,US,09 October 2026,2026-10-09,12:00,14:39,2h 40m,"$18,275",18275,USD,$,9,https://villiers.ai/empty-legs/kcrq-kaus-hawker-900xp-2026-10-09-1e03123d?id=ADHUHR,https://villiers.ai/empty-legs/kcrq-kaus-hawker-900xp-2026-10-09-1e03123d?id=ADHUHR,https://villiers.ai/empty-legs/kcrq-kaus-hawker-900xp-2026-10-09-1e03123d?id=ADHUHR,"Wed, 23 Sep 2026 00:01:33 GMT",2026-09-25T18:47:02+00:00
https://villiers.ai/empty-legs/kdal-khou-cessna-citation-ultra-2026-10-09-22d2d87f?id=ADHUHR,active,unchanged,2026-09-20T00:17:02+00:00,2026-09-25T18:47:02+00:00,,"Cessna Citation Ultra | Dallas Love Field → William P. Hobby Airport | $2,795",,Cessna Citation Ultra,KDAL - Dallas Love Field,KDAL,DAL,Dallas Love Field,Dallas,US,KHOU - William P. Hobby Airport,KHOU,HOU,William P Hobby Airport,Houston,US,09 October 2026,2026-10-09,12:00,12:56,57m,"$2,795",2795,USD,$,7,https://villiers.ai/empty-legs/kdal-khou-cessna-citation-ultra-2026-10-09-22d2d87f?id=ADHUHR,https://villiers.ai/empty-legs/kdal-khou-cessna-citation-ultra-2026-10-09-22d2d87f?id=ADHUHR,https://villiers.ai/empty-legs/kdal-khou-cessna-citation-ultra-2026-10-09-22d2d87f?id=ADHUHR,"Wed, 16 Sep 2026 15:09:04 GMT",2026-09-25T18:47:02+00:00
https://villiers.ai/empty-legs/kidi-kteb-cessna-citation-ultra-2026-10-09-88e7c995?id=ADHUHR,active,unchanged,2026-09-25T00:17:02+00:00,2026-09-25T18:47:02+00:00,,"Cessna Citation Ultra | Indiana County–Jimmy Stewart Airport → Teterboro Airport | $2,473",,Cessna Citation Ultra,KIDI - Indiana County–Jimmy Stewart Airport,KIDI,IDI,Indiana County/Jimmy Stewart Field,Indiana,US,KTEB - Teterboro Airport,KTEB,TEB,Teterboro Airport,Teterboro,US,09 October 2026,2026-10-09,12:00,12:59,59m,"$2,473",2473,USD,$,7,https://villiers.ai/empty-legs/kidi-kteb-cessna-citation-ultra-2026-10-09-88e7c995?id=ADHUHR,https://villiers.ai/empty-legs/kidi-kteb-cessna-citation-ultra-2026-10-09-88e7c995?id=ADHUHR,https://villiers.ai/empty-legs/kidi-kteb-cessna-citation-ultra-2026-10-09-88e7c995?id=ADHUHR,"Tue, 22 Sep 2026 15:15:30 GMT",2026-09-25T18:47:02+00:00
https://villiers.ai/empty-legs/kiws-kaus-pilatus-pc-12-ng-2026-10-09-dc6b909f?id=ADHUHR,active,unchanged,2026-08-20T00:17:02+00:00,2026-09-25T18:47:02+00:00,,"Pilatus PC-12 NG | West Houston Airport → Austin Bergstrom International Airport | $1,935",,Pilatus PC-12 NG,KIWS - West Houston Airport,KIWS,IWS,West Houston Airport,Houston,US,KAUS - Austin Bergstrom International Airport,KAUS,AUS,Austin-Bergstrom International Airport,Austin,US,09 October 2026,2026-10-09,12:00,12:43,44m,"$1,935",1935,USD,$,7,https://villiers.ai/empty-legs/kiws-kaus-pilatus-pc-12-ng-2026-10-09-dc6b909f?id=ADHUHR,https://villiers.ai/empty-legs/kiws-kaus-pilatus-pc-12-ng-2026-10-09-dc6b909f?id=ADHUHR,https://villiers.ai/empty-legs/kiws-kaus-pilatus-pc-12-ng-2026-10-09-dc6b909f?id=ADHUHR,"Wed, 19 Aug 2026 22:51:09 GMT",2026-09-25T18:47:02+00:00
https://villiers.ai/empty-legs/kmth-kdal-cessna-citation-ultra-2026-10-09-ace1b0f6?id=ADHUHR,active,unchanged,2026-09-20T00:17:02+00:00,2026-09-25T18:47:02+00:00,,"Cessna Citation Ultra | The Florida Keys Marathon Airport → Dallas Love Field | $10,320",,Cessna Citation Ultra,KMTH - The Florida Keys Marathon Airport,KMTH,MTH,The Florida Keys Marathon International Airport,Marathon,US,KDAL - Dallas Love Field,KDAL,DAL,Dallas Love Field,Dallas,US,09 October 2026,2026-10-09,12:00,14:32,2h 33m,"$10,320",10320,USD,$,7,https://villiers.ai/empty-legs/kmth-kdal-cessna-citation-ultra-2026-10-09-ace1b0f6?id=ADHUHR,https://villiers.ai/empty-legs/kmth-kdal-cessna-citation-ultra-2026-10-09-ace1b0f6?id=ADHUHR,https://villiers.ai/empty-legs/kmth-kdal-cessna-citation-ultra-2026-10-09-ace1b0f6?id=ADHUHR,"Sat, 19 Sep 2026 15:36:21 GMT",2026-09-25T18:47:02+00:00
https://villiers.ai/empty-legs/kmth-khou-cessna-citation-ultra-2026-10-09-1480fd65?id=ADHUHR,active,unchanged,2026-09-25T00:17:02+00:00,2026-09-25T18:47:02+00:00,,"Cessna Citation Ultra | The Florida Keys Marathon Airport → William P. Hobby Airport | $9,030",,Cessna Citation Ultra,KMTH - The Florida Keys Marathon Airport,KMTH,MTH,The Florida Keys Marathon International Airport,Marathon,US,KHOU - William P. Hobby Airport,KHOU,HOU,William P Hobby Airport,Houston,US,09 October 2026,2026-10-09,12:00,14:13,2h 14m,"$9,030",9030,USD,$,7,https://villiers.ai/empty-legs/kmth-khou-cessna-citation-ultra-2026-10-09-1480fd65?id=ADHUHR,https://villiers.ai/empty-legs/kmth-khou-cessna-citation-ultra-2026-10-09-1480fd65?id=ADHUHR,https://villiers.ai/empty-legs/kmth-khou-cessna-citation-ultra-2026-10-09-1480fd65?id=ADHUHR,"Tue, 22 Sep 2026 15:15:30 GMT",2026-09-25T18:47:02+00:00
https://villiers.ai/empty-legs/ksdl-khou-cessna-citation-v-2026-10-09-a6b484e9?id=ADHUHR,active,unchanged,2026-09-20T00:17:02+00:00,2026-09-25T18:47:02+00:00,,"Cessna Citation V | Scottsdale Airport → William P. Hobby Airport | $8,600",,Cessna Citation V,KSDL - Scottsdale Airport,KSDL,SCF,Scottsdale Airport,Scottsdale,US,KHOU - William P. Hobby Airport,KHOU,HOU,William P Hobby Airport,Houston,US,09 October 2026,2026-10-09,12:00,14:22,2h 23m,"$8,600",8600,USD,$,7,https://villiers.ai/empty-legs/ksdl-khou-cessna-citation-v-2026-10-09-a6b484e9?id=ADHUHR,https://villiers.ai/empty-legs/ksdl-khou-cessna-citation-v-2026-10-09-a6b484e9?id=ADHUHR,https://villiers.ai/empty-legs/ksdl-khou-cessna-citation-v-2026-10-09-a6b484e9?id=ADHUHR,"Sat, 19 Sep 2026 15:36:21 GMT",2026-09-25T18:47:02+00:00
https://villiers.ai/empty-legs/kbhm-kase-cessna-citation-v-2026-10-10-10c6299a?id=ADHUHR,active,unchanged,2026-09-20T00:17:02+00:00,2026-09-25T18:47:02+00:00,,"Cessna Citation V | Birmingham-Shuttlesworth International Airport → Aspen-Pitkin County Airport (Sardy Field) | $12,793",,Cessna Citation V,KBHM - Birmingham-Shuttlesworth International Airport,KBHM,BHM,Birmingham-Shuttlesworth International Airport,Birmingham,US,KASE - Aspen-Pitkin County Airport (Sardy Field),KASE,ASE,Aspen-Pitkin County/Sardy Field,Aspen,US,10 October 2026,2026-10-10,12:00,14:41,2h 41m,"$12,793",12793,USD,$,7,https://villiers.ai/empty-legs/kbhm-kase-cessna-citation-v-2026-10-10-10c6299a?id=ADHUHR,https://villiers.ai/empty-legs/kbhm-kase-cessna-citation-v-2026-10-10-10c6299a?id=ADHUHR,https://villiers.ai/empty-legs/kbhm-kase-cessna-citation-v-2026-10-10-10c6299a?id=ADHUHR,"Sat, 19 Sep 2026 15:36:21 GMT",2026-09-25T18:47:02+00:00
https://villiers.ai/empty-legs/khbv-kdal-cessna-citation-ultra-2026-10-10-aabd5fe8?id=ADHUHR,active,unchanged,2026-08-25T00:17:02+00:00,2026-09-25T18:47:02+00:00,,"Cessna Citation Ultra | Jim Hogg County Airport → Dallas Love Field | $3,870",,Cessna Citation Ultra,KHBV - Jim Hogg County Airport,KHBV,,Jim Hogg County Airport,Hebbronville,US,KDAL - Dallas Love Field,KDAL,DAL,Dallas Love Field,Dallas,US,10 October 2026,2026-10-10,12:00,13:13,1h 14m,"$3,870",3870,USD,$,7,https://villiers.ai/empty-legs/khbv-kdal-cessna-citation-ultra-2026-10-10-aabd5fe8?id=ADHUHR,https://villiers.ai/empty-legs/khbv-kdal-cessna-citation-ultra-2026-10-10-aabd5fe8?id=ADHUHR,https://villiers.ai/empty-legs/khbv-kdal-cessna-citation-ultra-2026-10-10-aabd5fe8?id=ADHUHR,"Sun, 23 Aug 2026 18:23:24 GMT",2026-09-25T18:47:02+00:00
https://villiers.ai/empty-legs/khbv-kdfw-cessna-citation-ultra-2026-10-10-de6d620e?id=ADHUHR,active,unchanged,2026-09-20T00:17:02+00:00,2026-09-25T18:47:02+00:00,,"Cessna Citation Ultra | Jim Hogg County Airport → Dallas Fort Worth International Airport | $3,870",,Cessna Citation Ultra,KHBV - Jim Hogg County Airport,KHBV,,Jim Hogg County Airport,Hebbronville,US,KDFW - Dallas Fort Worth International Airport,KDFW,DFW,Dallas-Fort Worth International Airport,Dallas-Fort Worth,US,10 October 2026,2026-10-10,12:00,13:13,1h 14m,"$3,870",3870,USD,$,7,https://villiers.ai/empty-legs/khbv-kdfw-cessna-citation-ultra-2026-10-10-de6d620e?id=ADHUHR,https://villiers.ai/empty-legs/khbv-kdfw-cessna-citation-ultra-2026-10-10-de6d620e?id=ADHUHR,https://villiers.ai/empty-legs/khbv-kdfw-cessna-citation-ultra-2026-10-10-de6d620e?id=ADHUHR,"Sun, 13 Sep 2026 15:36:36 GMT",2026-09-25T18:47:02+00:00
https://villiers.ai/empty-legs/khbv-khou-cessna-citation-ultra-2026-10-10-c71064ec?id=ADHUHR,active,unchanged,2026-09-20T00:17:02+00:00,2026-09-25T18:47:02+00:00,,"Cessna Citation Ultra | Jim Hogg County Airport → William P. Hobby Airport | $2,795",,Cessna Citation Ultra,KHBV - Jim Hogg County Airport,KHBV,,Jim Hogg County Airport,Hebbronville,US,KHOU - William P. Hobby Airport,KHOU,HOU,William P Hobby Airport,Houston,US,10 October 2026,2026-10-10,12:00,12:59,59m,"$2,795",2795,USD,$,7,https://villiers.ai/empty-legs/khbv-khou-cessna-citation-ultra-2026-10-10-c71064ec?id=ADHUHR,https://villiers.ai/empty-legs/khbv-khou-cessna-citation-ultra-2026-10-10-c71064ec?id=ADHUHR,https://villiers.ai/empty-legs/khbv-khou-cessna-citation-ultra-2026-10-10-c71064ec?id=ADHUHR,"Thu, 03 Sep 2026 17:44:01 GMT",2026-09-25T18:47:02+00:00
https://villiers.ai/empty-legs/khbv-ksdl-cessna-citation-ultra-2026-10-10-4ce357c8?id=ADHUHR,inactive,inactive,2026-09-20T00:17:02+00:00,2026-09-25T13:17:02+00:00,2026-09-25T13:47:01+00:00,"Cessna Citation Ultra | Jim Hogg County Airport → Scottsdale Airport | $9,353",,Cessna Citation Ultra,KHBV - Jim Hogg County Airport,KHBV,,Jim Hogg County Airport,Hebbronville,US,KSDL - Scottsdale Airport,KSDL,SCF,Scottsdale Airport,Scottsdale,US,10 October 2026,2026-10-10,12:00,14:09,2h 9m,"$9,353",9353,USD,$,7,https://villiers.ai/empty-legs/khbv-ksdl-cessna-citation-ultra-2026-10-10-4ce357c8?id=ADHUHR,https://villiers.ai/empty-legs/khbv-ksdl-cessna-citation-ultra-2026-10-10-4ce357c8?id=ADHUHR,https://villiers.ai/empty-legs/khbv-ksdl-cessna-citation-ultra-2026-10-10-4ce357c8?id=ADHUHR,"Sat, 19 Sep 2026 15:36:21 GMT",2026-09-25T13:47:01+00:00
https://villiers.ai/empty-legs/khou-kdal-cessna-citation-ultra-2026-10-10-4603e2fa?id=ADHUHR,active,unchanged,2026-09-20T00:17:02+00:00,2026-09-25T18:47:02+00:00,,"Cessna Citation Ultra | William P. Hobby Airport → Dallas Love Field | $3,118",,Cessna Citation Ultra,KHOU - William P. Hobby Airport,KHOU,HOU,William P Hobby Airport,Houston,US,KDAL - Dallas Love Field,KDAL,DAL,Dallas Love Field,Dallas,US,10 October 2026,2026-10-10,12:00,12:56,57m,"$3,118",3118,USD,$,7,https://villiers.ai/empty-legs/khou-kdal-cessna-citation-ultra-2026-10-10-4603e2fa?id=ADHUHR,https://villiers.ai/empty-legs/khou-kdal-cessna-citation-ultra-2026-10-10-4603e2fa?id=ADHUHR,https://villiers.ai/empty-legs/khou-kdal-cessna-citation-ultra-2026-10-10-4603e2fa?id=ADHUHR,"Sun, 06 Sep 2026 22:31:22 GMT",2026-09-25T18:47:02+00:00
https://villiers.ai/empty-legs/kaus-kiws-pilatus-pc-12-ng-2026-10-11-35d726b9?id=ADHUHR,inactive,inactive,2026-08-20T00:17:02+00:00,2026-09-25T13:17:02+00:00,2026-09-25T13:47:01+00:00,"Pilatus PC-12 NG | Austin Bergstrom International Airport → West Houston Airport | $1,505",,Pilatus PC-12 NG,KAUS - Austin Bergstrom International Airport,KAUS,AUS,Austin-Bergstrom International Airport,Austin,US,KIWS - West Houston Airport,KIWS,IWS,West Houston Airport,Houston,US,11 October 2026,2026-10-11,12:00,12:43,44m,"$1,505",1505,USD,$,7,https://villiers.ai/empty-legs/kaus-kiws-pilatus-pc-12-ng-2026-10-11-35d726b9?id=ADHUHR,https://villiers.ai/empty-legs/kaus-kiws-pilatus-pc-12-ng-2026-10-11-35d726b9?id=ADHUHR,https://villiers.ai/empty-legs/kaus-kiws-pilatus-pc-12-ng-2026-10-11-35d726b9?id=ADHUHR,"Wed, 19 Aug 2026 22:51:09 GMT",2026-09-25T13:47:01+00:00
https://villiers.ai/empty-legs/khou-kdal-bombardier-challenger-604-2026-10-11-30ae8b95?id=ADHUHR,inactive,inactive,2026-08-09T00:17:02+00:00,2026-09-25T13:17:02+00:00,2026-09-25T13:47:01+00:00,"Bombardier Challenger 604 | William P. Hobby Airport → Dallas Love Field | $6,343",,Bombardier Challenger 604,KHOU - William P. Hobby Airport,KHOU,HOU,William P Hobby Airport,Houston,US,KDAL - Dallas Love Field,KDAL,DAL,Dallas Love Field,Dallas,US,11 October 2026,2026-10-11,12:00,12:56,57m,"$6,343",6343,USD,$,10,https://villiers.ai/empty-legs/khou-kdal-bombardier-challenger-604-2026-10-11-30ae8b95?id=ADHUHR,https://villiers.ai/empty-legs/khou-kdal-bombardier-challenger-604-2026-10-11-30ae8b95?id=ADHUHR,https://villiers.ai/empty-legs/khou-kdal-bombardier-challenger-604-2026-10-11-30ae8b95?id=ADHUHR,"Fri, 07 Aug 2026 14:24:21 GMT",2026-09-25T13:47:01+00:00
https://villiers.ai/empty-legs/kjyo-kbna-cessna-citation-v-2026-10-11-fcfd918c?id=ADHUHR,inactive,inactive,2026-09-20T00:17:02+00:00,2026-09-25T13:17:02+00:00,2026-09-25T13:47:01+00:00,"Cessna Citation V | Leesburg Executive Airport → Nashville International Airport | $6,880",,Cessna Citation V,KJYO - Leesburg Executive Airport,KJYO,,Leesburg Executive Airport,Leesburg,US,KBNA - Nashville International Airport,KBNA,BNA,Nashville International Airport,Nashville,US,11 October 2026,2026-10-11,12:00,13:29,1h 30m,"$6,880",6880,USD,$,7,https://villiers.ai/empty-legs/kjyo-kbna-cessna-citation-v-2026-10-11-fcfd918c?id=ADHUHR,https://villiers.ai/empty-legs/kjyo-kbna-cessna-citation-v-2026-10-11-fcfd918c?id=ADHUHR,https://villiers.ai/empty-legs/kjyo-kbna-cessna-citation-v-2026-10-11-fcfd918c?id=ADHUHR,"Fri, 11 Sep 2026 15:33:45 GMT",2026-09-25T13:47:01+00:00
https://villiers.ai/empty-legs/ksat-kbhm-cessna-citation-v-2026-10-11-f830a35e?id=ADHUHR,inactive,inactive,2026-09-21T00:17:02+00:00,2026-09-25T13:17:02+00:00,2026-09-25T13:47:01+00:00,"Cessna Citation V | San Antonio International Airport → Birmingham-Shuttlesworth International Airport | $6,558",,Cessna Citation V,KSAT - San Antonio International Airport,KSAT,SAT,San Antonio International Airport,San Antonio,US,KBHM - Birmingham-Shuttlesworth International Airport,KBHM,BHM,Birmingham-Shuttlesworth International Airport,Birmingham,US,11 October 2026,2026-10-11,12:00,13:52,1h 52m,"$6,558",6558,USD,$,7,https://villiers.ai/empty-legs/ksat-kbhm-cessna-citation-v-2026-10-11-f830a35e?id=ADHUHR,https://villiers.ai/empty-legs/ksat-kbhm-cessna-citation-v-2026-10-11-f830a35e?id=ADHUHR,https://villiers.ai/empty-legs/ksat-kbhm-cessna-citation-v-2026-10-11-f830a35e?id=ADHUHR,"Sat, 19 Sep 2026 15:36:21 GMT",2026-09-25T13:47:01+00:00
https://villiers.ai/empty-legs/kslc-kboi-cessna-citation-ultra-2026-10-11-c891c739?id=ADHUHR,inactive,inactive,2026-09-25T00:17:02+00:00,2026-09-25T13:17:02+00:00,2026-09-25T13:47:01+00:00,"Cessna Citation Ultra | Salt Lake City International Airport → Boise Air Terminal/Gowen Field | $3,440",,Cessna Citation Ultra,KSLC - Salt Lake City International Airport,KSLC,SLC,Salt Lake City International Airport,Salt Lake City,US,KBOI - Boise Air Terminal/Gowen Field,KBOI,BOI,Boise Air Trml/Gowen Field,Boise,US,11 October 2026,2026-10-11,12:00,13:02,1h 2m,"$3,440",3440,USD,$,7,https://villiers.ai/empty-legs/kslc-kboi-cessna-citation-ultra-2026-10-11-c891c739?id=ADHUHR,https://villiers.ai/empty-legs/kslc-kboi-cessna-citation-ultra-2026-10-11-c891c739?id=ADHUHR,https://villiers.ai/empty-legs/kslc-kboi-cessna-citation-ultra-2026-10-11-c891c739?id=ADHUHR,"Tue, 22 Sep 2026 15:15:30 GMT",2026-09-25T13:47:01+00:00
https://villiers.ai/empty-legs/kjyo-khou-cessna-citation-v-2026-10-12-0b86f279?id=ADHUHR,inactive,inactive,2026-09-21T00:17:02+00:00,2026-09-25T01:47:02+00:00,2026-09-25T02:17:02+00:00,"Cessna Citation V | Leesburg Executive Airport → William P. Hobby Airport | $13,115",,Cessna Citation V,KJYO - Leesburg Executive Airport,KJYO,,Leesburg Executive Airport,Leesburg,US,KHOU - William P. Hobby Airport,KHOU,HOU,William P Hobby Airport,Houston,US,12 October 2026,2026-10-12,12:00,14:43,2h 43m,"$13,115",13115,USD,$,7,https://villiers.ai/empty-legs/kjyo-khou-cessna-citation-v-2026-10-12-0b86f279?id=ADHUHR,https://villiers.ai/empty-legs/kjyo-khou-cessna-citation-v-2026-10-12-0b86f279?id=ADHUHR,https://villiers.ai/empty-legs/kjyo-khou-cessna-citation-v-2026-10-12-0b86f279?id=ADHUHR,"Sat, 12 Sep 2026 19:23:18 GMT",2026-09-25T02:17:02+00:00
https://villiers.ai/empty-legs/kteb-kidi-cessna-citation-ultra-2026-10-12-9b948678?id=ADHUHR,inactive,inactive,2026-09-25T00:17:02+00:00,2026-09-25T13:17:02+00:00,2026-09-25T13:47:01+00:00,"Cessna Citation Ultra | Teterboro Airport → Indiana County–Jimmy Stewart Airport | $4,193",,Cessna Citation Ultra,KTEB - Teterboro Airport,KTEB,TEB,Teterboro Airport,Teterboro,US,KIDI - Indiana County–Jimmy Stewart Airport,KIDI,IDI,Indiana County/Jimmy Stewart Field,Indiana,US,12 October 2026,2026-10-12,12:00,12:59,59m,"$4,193",4193,USD,$,7,https://villiers.ai/empty-legs/kteb-kidi-cessna-citation-ultra-2026-10-12-9b948678?id=ADHUHR,https://villiers.ai/empty-legs/kteb-kidi-cessna-citation-ultra-2026-10-12-9b948678?id=ADHUHR,https://villiers.ai/empty-legs/kteb-kidi-cessna-citation-ultra-2026-10-12-9b948678?id=ADHUHR,"Tue, 22 Sep 2026 15:15:30 GMT",2026-09-25T13:47:01+00:00
https://villiers.ai/empty-legs/khou-kdal-bombardier-challenger-300-2026-10-13-8428d729?id=ADHUHR,inactive,inactive,2026-08-26T00:17:02+00:00,2026-09-25T01:47:02+00:00,2026-09-25T02:17:02+00:00,"Bombardier Challenger 300 | William P. Hobby Airport → Dallas Love Field | $6,343",,Bombardier Challenger 300,KHOU - William P. Hobby Airport,KHOU,HOU,William P Hobby Airport,Houston,US,KDAL - Dallas Love Field,KDAL,DAL,Dallas Love Field,Dallas,US,13 October 2026,2026-10-13,12:00,12:56,57m,"$6,343",6343,USD,$,9,https://villiers.ai/empty-legs/khou-kdal-bombardier-challenger-300-2026-10-13-8428d729?id=ADHUHR,https://villiers.ai/empty-legs/khou-kdal-bombardier-challenger-300-2026-10-13-8428d729?id=ADHUHR,https://villiers.ai/empty-legs/khou-kdal-bombardier-challenger-300-2026-10-13-8428d729?id=ADHUHR,"Tue, 25 Aug 2026 17:17:18 GMT",2026-09-25T02:17:02+00:00
https://villiers.ai/empty-legs/kapf-kdal-cessna-citation-ultra-2026-10-14-3ddc8339?id=ADHUHR,inactive,inactive,2026-09-21T00:17:02+00:00,2026-09-25T01:47:02+00:00,2026-09-25T02:17:02+00:00,"Cessna Citation Ultra | Naples Municipal Airport → Dallas Love Field | $9,675",,Cessna Citation Ultra,KAPF - Naples Municipal Airport,KAPF,APF,Naples Municipal Airport,Naples,US,KDAL - Dallas Love Field,KDAL,DAL,Dallas Love Field,Dallas,US,14 October 2026,2026-10-14,12:00,14:22,2h 23m,"$9,675",9675,USD,$,7,https://villiers.ai/empty-legs/kapf-kdal-cessna-citation-ultra-2026-10-14-3ddc8339?id=ADHUHR,https://villiers.ai/empty-legs/kapf-kdal-cessna-citation-ultra-2026-10-14-3ddc8339?id=ADHUHR,https://villiers.ai/empty-legs/kapf-kdal-cessna-citation-ultra-2026-10-14-3ddc8339?id=ADHUHR,"Sat, 12 Sep 2026 19:23:18 GMT",2026-09-25T02:17:02+00:00
https://villiers.ai/empty-legs/ebaw-egss-hondajet-elite-s-2026-10-15-ca32e24a?id=ADHUHR,inactive,inactive,2026-09-21T00:17:02+00:00,2026-09-21T15:17:02+00:00,2026-09-21T15:47:02+00:00,"HondaJet Elite S | Antwerp International Airport (Deurne) → London Stansted Airport | £4,515",,HondaJet Elite S,EBAW - Antwerp International Airport (Deurne),EBAW,ANR,Antwerp International Airport (Deurne),Antwerp,BE,EGSS - London Stansted Airport,EGSS,STN,London Stansted Airport,London,GB,15 October 2026,2026-10-15,12:00,12:50,51m,"£4,515",4515,GBP,£,5,https://villiers.ai/empty-legs/ebaw-egss-hondajet-elite-s-2026-10-15-ca32e24a?id=ADHUHR,https://villiers.ai/empty-legs/ebaw-egss-hondajet-elite-s-2026-10-15-ca32e24a?id=ADHUHR,https://villiers.ai/empty-legs/ebaw-egss-hondajet-elite-s-2026-10-15-ca32e24a?id=ADHUHR,"Fri, 18 Sep 2026 23:50:16 GMT",2026-09-21T15:47:02+00:00
https://villiers.ai/empty-legs/kuox-khou-2026-10-15?id=ADHUHR,inactive,inactive,2026-08-05T22:38:36+00:00,2026-09-21T15:17:02+00:00,2026-09-21T15:47:02+00:00,"Cessna Citation V | University Oxford Airport → William P. Hobby Airport | $5,590",,Cessna Citation V,KUOX - University Oxford Airport,KUOX,UOX,University-Oxford Airport,Oxford,US,KHOU - William P. Hobby Airport,KHOU,HOU,William P Hobby Airport,Houston,US,15 October 2026,2026-10-15,12:00,13:22,1h 22m,"$5,590",5590,USD,$,7,https://villiers.ai/empty-legs/kuox-khou-2026-10-15?id=ADHUHR,https://villiers.ai/empty-legs/kuox-khou-2026-10-15?id=ADHUHR,https://villiers.ai/empty-legs/kuox-khou-2026-10-15?id=ADHUHR,"Mon, 27 Jul 2026 17:11:47 GMT",2026-09-21T15:47:02+00:00
https://villiers.ai/empty-legs/khou-kuox-2026-10-18?id=ADHUHR,inactive,inactive,2026-08-05T22:38:36+00:00,2026-09-21T15:17:02+00:00,2026-09-21T15:47:02+00:00,"Cessna Citation V | William P. Hobby Airport → University Oxford Airport | $4,515",,Cessna Citation V,KHOU - William P. Hobby Airport,KHOU,HOU,William P Hobby Airport,Houston,US,KUOX - University Oxford Airport,KUOX,UOX,University-Oxford Airport,Oxford,US,18 October 2026,2026-10-18,12:00,13:22,1h 22m,"$4,515",4515,USD,$,7,https://villiers.ai/empty-legs/khou-kuox-2026-10-18?id=ADHUHR,https://villiers.ai/empty-legs/khou-kuox-2026-10-18?id=ADHUHR,https://villiers.ai/empty-legs/khou-kuox-2026-10-18?id=ADHUHR,"Mon, 27 Jul 2026 17:11:47 GMT",2026-09-21T15:47:02+00:00
https://villiers.ai/empty-legs/khpn-kesn-2026-10-18?id=ADHUHR,inactive,inactive,2026-08-05T22:38:36+00:00,2026-09-21T15:17:02+00:00,2026-09-21T15:47:02+00:00,"Cessna Citation Excel | Westchester County Airport → Easton Airport / Newnam Field | $4,408",,Cessna Citation Excel,KHPN - Westchester County Airport,KHPN,HPN,Westchester County Airport,White Plains,US,KESN - Easton Airport / Newnam Field,KESN,ESN,Easton/Newnam Field,Easton,US,18 October 2026,2026-10-18,12:00,12:52,52m,"$4,408",4408,USD,$,9,https://villiers.ai/empty-legs/khpn-kesn-2026-10-18?id=ADHUHR,https://villiers.ai/empty-legs/khpn-kesn-2026-10-18?id=ADHUHR,https://villiers.ai/empty-legs/khpn-kesn-2026-10-18?id=ADHUHR,"Thu, 16 Jul 2026 14:21:55 GMT",2026-09-21T15:47:02+00:00
https://villiers.ai/empty-legs/kdal-klas-cessna-citation-ultra-2026-10-19-c8e0b307?id=ADHUHR,inactive,inactive,2026-09-21T00:17:02+00:00,2026-09-21T15:17:02+00:00,2026-09-21T15:47:02+00:00,"Cessna Citation Ultra | Dallas Love Field → Harry Reid International Airport | $11,073",,Cessna Citation Ultra,KDAL - Dallas Love Field,KDAL,DAL,Dallas Love Field,Dallas,US,KLAS - Harry Reid International Airport,KLAS,LAS,Harry Reid International Airport,Las Vegas,US,19 October 2026,2026-10-19,12:00,14:28,2h 28m,"$11,073",11073,USD,$,7,https://villiers.ai/empty-legs/kdal-klas-cessna-citation-ultra-2026-10-19-c8e0b307?id=ADHUHR,https://villiers.ai/empty-legs/kdal-klas-cessna-citation-ultra-2026-10-19-c8e0b307?id=ADHUHR,https://villiers.ai/empty-legs/kdal-klas-cessna-citation-ultra-2026-10-19-c8e0b307?id=ADHUHR,"Wed, 16 Sep 2026 15:09:04 GMT",2026-09-21T15:47:02+00:00
https://villiers.ai/empty-legs/kuox-khou-2026-10-29?id=ADHUHR,inactive,inactive,2026-08-05T22:38:36+00:00,2026-09-02T06:17:02+00:00,2026-09-02T06:47:02+00:00,"Cessna Citation V | University Oxford Airport → William P. Hobby Airport | $5,590",,Cessna Citation V,KUOX - University Oxford Airport,KUOX,UOX,University-Oxford Airport,Oxford,US,KHOU - William P. Hobby Airport,KHOU,HOU,William P Hobby Airport,Houston,US,29 October 2026,2026-10-29,12:00,13:22,1h 22m,"$5,590",5590,USD,$,7,https://villiers.ai/empty-legs/kuox-khou-2026-10-29?id=ADHUHR,https://villiers.ai/empty-legs/kuox-khou-2026-10-29?id=ADHUHR,https://villiers.ai/empty-legs/kuox-khou-2026-10-29?id=ADHUHR,"Mon, 27 Jul 2026 17:11:47 GMT",2026-09-02T06:47:02+00:00
https://villiers.ai/empty-legs/khou-kdal-cessna-citation-ultra-2026-11-01-2e33f283?id=ADHUHR,inactive,inactive,2026-08-26T00:17:02+00:00,2026-09-02T06:17:02+00:00,2026-09-02T06:47:02+00:00,"Cessna Citation Ultra | William P. Hobby Airport → Dallas Love Field | $3,118",,Cessna Citation Ultra,KHOU - William P. Hobby Airport,KHOU,HOU,William P Hobby Airport,Houston,US,KDAL - Dallas Love Field,KDAL,DAL,Dallas Love Field,Dallas,US,01 November 2026,2026-11-01,12:00,12:56,57m,"$3,118",3118,USD,$,7,https://villiers.ai/empty-legs/khou-kdal-cessna-citation-ultra-2026-11-01-2e33f283?id=ADHUHR,https://villiers.ai/empty-legs/khou-kdal-cessna-citation-ultra-2026-11-01-2e33f283?id=ADHUHR,https://villiers.ai/empty-legs/khou-kdal-cessna-citation-ultra-2026-11-01-2e33f283?id=ADHUHR,"Tue, 25 Aug 2026 17:17:19 GMT",2026-09-02T06:47:02+00:00
https://villiers.ai/empty-legs/khou-kuox-2026-11-01?id=ADHUHR,inactive,inactive,2026-08-05T22:38:36+00:00,2026-09-02T06:17:02+00:00,2026-09-02T06:47:02+00:00,"Cessna Citation V | William P. Hobby Airport → University Oxford Airport | $4,515",,Cessna Citation V,KHOU - William P. Hobby Airport,KHOU,HOU,William P Hobby Airport,Houston,US,KUOX - University Oxford Airport,KUOX,UOX,University-Oxford Airport,Oxford,US,01 November 2026,2026-11-01,12:00,13:22,1h 22m,"$4,515",4515,USD,$,7,https://villiers.ai/empty-legs/khou-kuox-2026-11-01?id=ADHUHR,https://villiers.ai/empty-legs/khou-kuox-2026-11-01?id=ADHUHR,https://villiers.ai/empty-legs/khou-kuox-2026-11-01?id=ADHUHR,"Tue, 28 Jul 2026 14:22:35 GMT",2026-09-02T06:47:02+00:00
https://villiers.ai/empty-legs/kuox-khou-2026-11-05?id=ADHUHR,inactive,inactive,2026-08-05T22:38:36+00:00,2026-09-02T06:17:02+00:00,2026-09-02T06:47:02+00:00,"Cessna Citation Ultra | University Oxford Airport → William P. Hobby Airport | $5,160",,Cessna Citation Ultra,KUOX - University Oxford Airport,KUOX,UOX,University-Oxford Airport,Oxford,US,KHOU - William P. Hobby Airport,KHOU,HOU,William P Hobby Airport,Houston,US,05 November 2026,2026-11-05,12:00,13:22,1h 22m,"$5,160",5160,USD,$,7,https://villiers.ai/empty-legs/kuox-khou-2026-11-05?id=ADHUHR,https://villiers.ai/empty-legs/kuox-khou-2026-11-05?id=ADHUHR,https://villiers.ai/empty-legs/kuox-khou-2026-11-05?id=ADHUHR,"Sat, 01 Aug 2026 14:40:08 GMT",2026-09-02T06:47:02+00:00
https://villiers.ai/empty-legs/kiws-kdal-2026-11-07?id=ADHUHR,inactive,inactive,2026-08-05T22:38:36+00:00,2026-09-02T05:47:01+00:00,2026-09-02T06:17:02+00:00,"Pilatus PC 12 NG | West Houston Airport → Dallas Love Field | $2,580",,Pilatus PC 12 NG,KIWS - West Houston Airport,KIWS,IWS,West Houston Airport,Houston,US,KDAL - Dallas Love Field,KDAL,DAL,Dallas Love Field,Dallas,US,07 November 2026,2026-11-07,12:00,12:54,54m,"$2,580",2580,USD,$,7,https://villiers.ai/empty-legs/kiws-kdal-2026-11-07?id=ADHUHR,https://villiers.ai/empty-legs/kiws-kdal-2026-11-07?id=ADHUHR,https://villiers.ai/empty-legs/kiws-kdal-2026-11-07?id=ADHUHR,"Tue, 14 Jul 2026 14:09:12 GMT",2026-09-02T06:17:02+00:00
https://villiers.ai/empty-legs/kdal-kiws-2026-11-08?id=ADHUHR,inactive,inactive,2026-08-05T22:38:36+00:00,2026-09-02T05:47:01+00:00,2026-09-02T06:17:02+00:00,"Pilatus PC 12 NG | Dallas Love Field → West Houston Airport | $2,580",,Pilatus PC 12 NG,KDAL - Dallas Love Field,KDAL,DAL,Dallas Love Field,Dallas,US,KIWS - West Houston Airport,KIWS,IWS,West Houston Airport,Houston,US,08 November 2026,2026-11-08,12:00,12:54,54m,"$2,580",2580,USD,$,7,https://villiers.ai/empty-legs/kdal-kiws-2026-11-08?id=ADHUHR,https://villiers.ai/empty-legs/kdal-kiws-2026-11-08?id=ADHUHR,https://villiers.ai/empty-legs/kdal-kiws-2026-11-08?id=ADHUHR,"Tue, 14 Jul 2026 14:09:12 GMT",2026-09-02T06:17:02+00:00
https://villiers.ai/empty-legs/khou-kbyh-cessna-citation-ultra-2026-11-08-fc6703b8?id=ADHUHR,inactive,inactive,2026-08-23T04:47:02+00:00,2026-08-29T04:47:02+00:00,2026-08-29T05:17:02+00:00,"Cessna Citation Ultra | William P. Hobby Airport → Arkansas International Airport | $4,838",,Cessna Citation Ultra,KHOU - William P. Hobby Airport,KHOU,HOU,William P Hobby Airport,Houston,US,KBYH - Arkansas International Airport,KBYH,BYH,Arkansas International Airport,Blytheville,US,08 November 2026,2026-11-08,12:00,13:29,1h 29m,"$4,838",4838,USD,$,7,https://villiers.ai/empty-legs/khou-kbyh-cessna-citation-ultra-2026-11-08-fc6703b8?id=ADHUHR,https://villiers.ai/empty-legs/khou-kbyh-cessna-citation-ultra-2026-11-08-fc6703b8?id=ADHUHR,https://villiers.ai/empty-legs/khou-kbyh-cessna-citation-ultra-2026-11-08-fc6703b8?id=ADHUHR,"Sun, 23 Aug 2026 04:28:22 GMT",2026-08-29T05:17:02+00:00
https://villiers.ai/empty-legs/khou-kuox-2026-11-08?id=ADHUHR,inactive,inactive,2026-08-05T22:38:36+00:00,2026-09-02T05:47:01+00:00,2026-09-02T06:17:02+00:00,"Cessna Citation Ultra | William P. Hobby Airport → University Oxford Airport | $4,515",,Cessna Citation Ultra,KHOU - William P. Hobby Airport,KHOU,HOU,William P Hobby Airport,Houston,US,KUOX - University Oxford Airport,KUOX,UOX,University-Oxford Airport,Oxford,US,08 November 2026,2026-11-08,12:00,13:22,1h 22m,"$4,515",4515,USD,$,7,https://villiers.ai/empty-legs/khou-kuox-2026-11-08?id=ADHUHR,https://villiers.ai/empty-legs/khou-kuox-2026-11-08?id=ADHUHR,https://villiers.ai/empty-legs/khou-kuox-2026-11-08?id=ADHUHR,"Mon, 27 Jul 2026 17:11:47 GMT",2026-09-02T06:17:02+00:00
https://villiers.ai/empty-legs/khou-kdfw-cessna-citation-ultra-2026-11-12-482a4a4b?id=ADHUHR,inactive,inactive,2026-08-23T00:17:02+00:00,2026-08-26T16:47:02+00:00,2026-08-26T17:17:02+00:00,"Cessna Citation Ultra | William P. Hobby Airport → Dallas Fort Worth International Airport | $3,118",,Cessna Citation Ultra,KHOU - William P. Hobby Airport,KHOU,HOU,William P Hobby Airport,Houston,US,KDFW - Dallas Fort Worth International Airport,KDFW,DFW,Dallas-Fort Worth International Airport,Dallas-Fort Worth,US,12 November 2026,2026-11-12,12:00,12:57,57m,"$3,118",3118,USD,$,7,https://villiers.ai/empty-legs/khou-kdfw-cessna-citation-ultra-2026-11-12-482a4a4b?id=ADHUHR,https://villiers.ai/empty-legs/khou-kdfw-cessna-citation-ultra-2026-11-12-482a4a4b?id=ADHUHR,https://villiers.ai/empty-legs/khou-kdfw-cessna-citation-ultra-2026-11-12-482a4a4b?id=ADHUHR,"Tue, 18 Aug 2026 17:30:04 GMT",2026-08-26T17:17:02+00:00
https://villiers.ai/empty-legs/kdal-khou-2026-11-13?id=ADHUHR,inactive,inactive,2026-08-05T22:38:36+00:00,2026-08-26T16:47:02+00:00,2026-08-26T17:17:02+00:00,"Cessna Citation Ultra | Dallas Love Field → William P. Hobby Airport | $2,860",,Cessna Citation Ultra,KDAL - Dallas Love Field,KDAL,DAL,Dallas Love Field,Dallas,US,KHOU - William P. Hobby Airport,KHOU,HOU,William P Hobby Airport,Houston,US,13 November 2026,2026-11-13,12:00,12:56,57m,"$2,860",2860,USD,$,7,https://villiers.ai/empty-legs/kdal-khou-2026-11-13?id=ADHUHR,https://villiers.ai/empty-legs/kdal-khou-2026-11-13?id=ADHUHR,https://villiers.ai/empty-legs/kdal-khou-2026-11-13?id=ADHUHR,"Mon, 01 Jun 2026 18:31:08 GMT",2026-08-26T17:17:02+00:00
https://villiers.ai/empty-legs/kiws-kaus-2026-11-13?id=ADHUHR,inactive,inactive,2026-08-05T22:38:36+00:00,2026-08-26T16:47:02+00:00,2026-08-26T17:17:02+00:00,"Pilatus PC-12 NG | West Houston Airport → Austin Bergstrom International Airport | $1,980",,Pilatus PC-12 NG,KIWS - West Houston Airport,KIWS,IWS,West Houston Airport,Houston,US,KAUS - Austin Bergstrom International Airport,KAUS,AUS,Austin-Bergstrom International Airport,Austin,US,13 November 2026,2026-11-13,12:00,12:43,44m,"$1,980",1980,USD,$,7,https://villiers.ai/empty-legs/kiws-kaus-2026-11-13?id=ADHUHR,https://villiers.ai/empty-legs/kiws-kaus-2026-11-13?id=ADHUHR,https://villiers.ai/empty-legs/kiws-kaus-2026-11-13?id=ADHUHR,"Tue, 09 Jun 2026 06:25:30 GMT",2026-08-26T17:17:02+00:00
https://villiers.ai/empty-legs/kiws-kdal-2026-11-13?id=ADHUHR,inactive,inactive,2026-08-05T22:38:36+00:00,2026-08-26T16:47:02+00:00,2026-08-26T17:17:02+00:00,"Pilatus PC-12 NG | West Houston Airport → Dallas Love Field | $2,640",,Pilatus PC-12 NG,KIWS - West Houston Airport,KIWS,IWS,West Houston Airport,Houston,US,KDAL - Dallas Love Field,KDAL,DAL,Dallas Love Field,Dallas,US,13 November 2026,2026-11-13,12:00,12:54,54m,"$2,640",2640,USD,$,7,https://villiers.ai/empty-legs/kiws-kdal-2026-11-13?id=ADHUHR,https://villiers.ai/empty-legs/kiws-kdal-2026-11-13?id=ADHUHR,https://villiers.ai/empty-legs/kiws-kdal-2026-11-13?id=ADHUHR,"Tue, 19 May 2026 09:06:09 GMT",2026-08-26T17:17:02+00:00
https://villiers.ai/empty-legs/kdal-khou-cessna-citation-ultra-2026-11-14-23e437e8?id=ADHUHR,inactive,inactive,2026-08-23T00:17:02+00:00,2026-08-26T16:47:02+00:00,2026-08-26T17:17:02+00:00,"Cessna Citation Ultra | Dallas Love Field → William P. Hobby Airport | $2,795",,Cessna Citation Ultra,KDAL - Dallas Love Field,KDAL,DAL,Dallas Love Field,Dallas,US,KHOU - William P. Hobby Airport,KHOU,HOU,William P Hobby Airport,Houston,US,14 November 2026,2026-11-14,12:00,12:56,57m,"$2,795",2795,USD,$,7,https://villiers.ai/empty-legs/kdal-khou-cessna-citation-ultra-2026-11-14-23e437e8?id=ADHUHR,https://villiers.ai/empty-legs/kdal-khou-cessna-citation-ultra-2026-11-14-23e437e8?id=ADHUHR,https://villiers.ai/empty-legs/kdal-khou-cessna-citation-ultra-2026-11-14-23e437e8?id=ADHUHR,"Tue, 18 Aug 2026 17:30:04 GMT",2026-08-26T17:17:02+00:00
https://villiers.ai/empty-legs/kaus-kiws-2026-11-15?id=ADHUHR,inactive,inactive,2026-08-05T22:38:36+00:00,2026-08-23T18:17:02+00:00,2026-08-23T18:47:02+00:00,"Pilatus PC-12 NG | Austin Bergstrom International Airport → West Houston Airport | $1,540",,Pilatus PC-12 NG,KAUS - Austin Bergstrom International Airport,KAUS,AUS,Austin-Bergstrom International Airport,Austin,US,KIWS - West Houston Airport,KIWS,IWS,West Houston Airport,Houston,US,15 November 2026,2026-11-15,12:00,12:43,44m,"$1,540",1540,USD,$,7,https://villiers.ai/empty-legs/kaus-kiws-2026-11-15?id=ADHUHR,https://villiers.ai/empty-legs/kaus-kiws-2026-11-15?id=ADHUHR,https://villiers.ai/empty-legs/kaus-kiws-2026-11-15?id=ADHUHR,"Tue, 09 Jun 2026 06:25:30 GMT",2026-08-23T18:47:02+00:00
https://villiers.ai/empty-legs/kdal-kiws-2026-11-15?id=ADHUHR,inactive,inactive,2026-08-05T22:38:36+00:00,2026-08-23T18:17:02+00:00,2026-08-23T18:47:02+00:00,"Pilatus PC-12 NG | Dallas Love Field → West Houston Airport | $2,640",,Pilatus PC-12 NG,KDAL - Dallas Love Field,KDAL,DAL,Dallas Love Field,Dallas,US,KIWS - West Houston Airport,KIWS,IWS,West Houston Airport,Houston,US,15 November 2026,2026-11-15,12:00,12:54,54m,"$2,640",2640,USD,$,7,https://villiers.ai/empty-legs/kdal-kiws-2026-11-15?id=ADHUHR,https://villiers.ai/empty-legs/kdal-kiws-2026-11-15?id=ADHUHR,https://villiers.ai/empty-legs/kdal-kiws-2026-11-15?id=ADHUHR,"Tue, 19 May 2026 09:06:10 GMT",2026-08-23T18:47:02+00:00
https://villiers.ai/empty-legs/khou-kdal-2026-11-16?id=ADHUHR,inactive,inactive,2026-08-05T22:38:36+00:00,2026-08-23T18:17:02+00:00,2026-08-23T18:47:02+00:00,"Cessna Citation Ultra | William P. Hobby Airport → Dallas Love Field | $3,190",,Cessna Citation Ultra,KHOU - William P. Hobby Airport,KHOU,HOU,William P Hobby Airport,Houston,US,KDAL - Dallas Love Field,KDAL,DAL,Dallas Love Field,Dallas,US,16 November 2026,2026-11-16,12:00,12:56,57m,"$3,190",3190,USD,$,7,https://villiers.ai/empty-legs/khou-kdal-2026-11-16?id=ADHUHR,https://villiers.ai/empty-legs/khou-kdal-2026-11-16?id=ADHUHR,https://villiers.ai/empty-legs/khou-kdal-2026-11-16?id=ADHUHR,"Mon, 01 Jun 2026 18:31:08 GMT",2026-08-23T18:47:02+00:00
https://villiers.ai/empty-legs/kdal-khou-2026-11-18?id=ADHUHR,inactive,inactive,2026-08-05T22:38:36+00:00,2026-08-23T18:17:02+00:00,2026-08-23T18:47:02+00:00,"Bombardier Challenger 300 | Dallas Love Field → William P. Hobby Airport | $4,620",,Bombardier Challenger 300,KDAL - Dallas Love Field,KDAL,DAL,Dallas Love Field,Dallas,US,KHOU - William P. Hobby Airport,KHOU,HOU,William P Hobby Airport,Houston,US,18 November 2026,2026-11-18,12:00,12:56,57m,"$4,620",4620,USD,$,9,https://villiers.ai/empty-legs/kdal-khou-2026-11-18?id=ADHUHR,https://villiers.ai/empty-legs/kdal-khou-2026-11-18?id=ADHUHR,https://villiers.ai/empty-legs/kdal-khou-2026-11-18?id=ADHUHR,"Mon, 23 Mar 2026 12:11:29 GMT",2026-08-23T18:47:02+00:00
https://villiers.ai/empty-legs/ksba-klas-2026-11-18?id=ADHUHR,inactive,inactive,2026-08-05T22:38:36+00:00,2026-08-23T18:17:02+00:00,2026-08-23T18:47:02+00:00,"Bombardier Challenger 300 | Santa Barbara Municipal Airport → Harry Reid International Airport | $5,280",,Bombardier Challenger 300,KSBA - Santa Barbara Municipal Airport,KSBA,SBA,Santa Barbara Municipal Airport,Santa Barbara,US,KLAS - Harry Reid International Airport,KLAS,LAS,Harry Reid International Airport,Las Vegas,US,18 November 2026,2026-11-18,12:00,13:01,1h 2m,"$5,280",5280,USD,$,9,https://villiers.ai/empty-legs/ksba-klas-2026-11-18?id=ADHUHR,https://villiers.ai/empty-legs/ksba-klas-2026-11-18?id=ADHUHR,https://villiers.ai/empty-legs/ksba-klas-2026-11-18?id=ADHUHR,"Wed, 25 Mar 2026 13:10:39 GMT",2026-08-23T18:47:02+00:00
https://villiers.ai/empty-legs/klas-ksba-2026-11-27?id=ADHUHR,inactive,inactive,2026-08-05T22:38:36+00:00,2026-08-23T04:17:02+00:00,2026-08-23T04:47:02+00:00,"Bombardier Challenger 300 | Harry Reid International Airport → Santa Barbara Municipal Airport | $5,940",,Bombardier Challenger 300,KLAS - Harry Reid International Airport,KLAS,LAS,Harry Reid International Airport,Las Vegas,US,KSBA - Santa Barbara Municipal Airport,KSBA,SBA,Santa Barbara Municipal Airport,Santa Barbara,US,27 November 2026,2026-11-27,12:00,13:01,1h 2m,"$5,940",5940,USD,$,9,https://villiers.ai/empty-legs/klas-ksba-2026-11-27?id=ADHUHR,https://villiers.ai/empty-legs/klas-ksba-2026-11-27?id=ADHUHR,https://villiers.ai/empty-legs/klas-ksba-2026-11-27?id=ADHUHR,"Wed, 25 Mar 2026 13:10:39 GMT",2026-08-23T04:47:02+00:00
https://villiers.ai/empty-legs/mmsd-kbro-bombardier-challenger-300-2026-12-27-d6f86f50?id=ADHUHR,inactive,inactive,2026-08-23T00:17:02+00:00,2026-08-23T04:17:02+00:00,2026-08-23T04:47:02+00:00,"Bombardier Challenger 300 | Los Cabos International Airport → Brownsville South Padre Island International Airport | $13,438",,Bombardier Challenger 300,MMSD - Los Cabos International Airport,MMSD,SJD,Los Cabos International Airport,San Jose del Cabo,MX,KBRO - Brownsville South Padre Island International Airport,KBRO,BRO,Brownsville/South Padre Island International Airport,Brownsville,US,27 December 2026,2026-12-27,12:00,13:58,1h 58m,"$13,438",13438,USD,$,9,https://villiers.ai/empty-legs/mmsd-kbro-bombardier-challenger-300-2026-12-27-d6f86f50?id=ADHUHR,https://villiers.ai/empty-legs/mmsd-kbro-bombardier-challenger-300-2026-12-27-d6f86f50?id=ADHUHR,https://villiers.ai/empty-legs/mmsd-kbro-bombardier-challenger-300-2026-12-27-d6f86f50?id=ADHUHR,"Tue, 18 Aug 2026 17:30:04 GMT",2026-08-23T04:47:02+00:00
https://villiers.ai/empty-legs/kbro-mmsd-bombardier-challenger-300-2027-01-02-2867ef02?id=ADHUHR,inactive,inactive,2026-08-23T00:17:02+00:00,2026-08-23T04:17:02+00:00,2026-08-23T04:47:02+00:00,"Bombardier Challenger 300 | Brownsville South Padre Island International Airport → Los Cabos International Airport | $14,190",,Bombardier Challenger 300,KBRO - Brownsville South Padre Island International Airport,KBRO,BRO,Brownsville/South Padre Island International Airport,Brownsville,US,MMSD - Los Cabos International Airport,MMSD,SJD,Los Cabos International Airport,San Jose del Cabo,MX,02 January 2027,2027-01-02,12:00,13:58,1h 58m,"$14,190",14190,USD,$,9,https://villiers.ai/empty-legs/kbro-mmsd-bombardier-challenger-300-2027-01-02-2867ef02?id=ADHUHR,https://villiers.ai/empty-legs/kbro-mmsd-bombardier-challenger-300-2027-01-02-2867ef02?id=ADHUHR,https://villiers.ai/empty-legs/kbro-mmsd-bombardier-challenger-300-2027-01-02-2867ef02?id=ADHUHR,"Tue, 18 Aug 2026 17:30:04 GMT",2026-08-23T04:47:02+00:00
