source_id,status,change_type,first_seen_at,last_seen_at,inactive_since,title,description,aircraft_type,origin_airport_raw,origin_icao,origin_iata,origin_airport_name,origin_city,origin_country,destination_airport_raw,destination_icao,destination_iata,destination_airport_name,destination_city,destination_country,departure_date_raw,departure_date_iso,departure_time,arrival_time,flight_duration,price_raw,price_amount,price_currency,price_currency_symbol,seats_available,tracking_link,rss_link,booking_link,published,fetched_at
https://villiers.ai/empty-legs/kacy-kteb-2026-08-05?id=ADHUHR,inactive,inactive,2026-08-05T22:38:36+00:00,2026-08-05T23:47:01+00:00,2026-08-06T00:17:01+00:00,"Cessna Citation X | Atlantic City International Airport → Teterboro Airport | $8,600",,Cessna Citation X,KACY - Atlantic City International Airport,KACY,ACY,Atlantic City International Airport,Atlantic City,US,KTEB - Teterboro Airport,KTEB,TEB,Teterboro Airport,Teterboro,US,05 August 2026,2026-08-05,12:00,12:41,41m,"$8,600",8600,USD,$,12,https://villiers.ai/empty-legs/kacy-kteb-2026-08-05?id=ADHUHR,https://villiers.ai/empty-legs/kacy-kteb-2026-08-05?id=ADHUHR,https://villiers.ai/empty-legs/kacy-kteb-2026-08-05?id=ADHUHR,"Mon, 03 Aug 2026 15:35:03 GMT",2026-08-06T00:17:01+00:00
https://villiers.ai/empty-legs/kcle-kteb-2026-08-05?id=ADHUHR,inactive,inactive,2026-08-05T22:38:36+00:00,2026-08-05T23:47:01+00:00,2026-08-06T00:17:01+00:00,"Cessna Citation X | Cleveland Hopkins International Airport → Teterboro Airport | $10,750",,Cessna Citation X,KCLE - Cleveland Hopkins International Airport,KCLE,CLE,Cleveland-Hopkins International Airport,Cleveland,US,KTEB - Teterboro Airport,KTEB,TEB,Teterboro Airport,Teterboro,US,05 August 2026,2026-08-05,12:00,13:15,1h 15m,"$10,750",10750,USD,$,12,https://villiers.ai/empty-legs/kcle-kteb-2026-08-05?id=ADHUHR,https://villiers.ai/empty-legs/kcle-kteb-2026-08-05?id=ADHUHR,https://villiers.ai/empty-legs/kcle-kteb-2026-08-05?id=ADHUHR,"Mon, 03 Aug 2026 15:35:03 GMT",2026-08-06T00:17:01+00:00
https://villiers.ai/empty-legs/kcrq-kjac-2026-08-05?id=ADHUHR,inactive,inactive,2026-08-05T22:38:36+00:00,2026-08-05T23:47:01+00:00,2026-08-06T00:17:01+00:00,"Cessna Citation CJ3 | McClellan-Palomar Airport → Jackson Hole Airport | $11,771",,Cessna Citation CJ3,KCRQ - McClellan-Palomar Airport,KCRQ,CLD,Mc Clellan-Palomar Airport,Carlsbad,US,KJAC - Jackson Hole Airport,KJAC,JAC,Jackson Hole Airport,Jackson,US,05 August 2026,2026-08-05,12:00,13:59,1h 59m,"$11,771",11771,USD,$,8,https://villiers.ai/empty-legs/kcrq-kjac-2026-08-05?id=ADHUHR,https://villiers.ai/empty-legs/kcrq-kjac-2026-08-05?id=ADHUHR,https://villiers.ai/empty-legs/kcrq-kjac-2026-08-05?id=ADHUHR,"Tue, 04 Aug 2026 18:21:34 GMT",2026-08-06T00:17:01+00:00
https://villiers.ai/empty-legs/kdal-khou-2026-08-05?id=ADHUHR,inactive,inactive,2026-08-05T22:38:36+00:00,2026-08-05T23:47:01+00:00,2026-08-06T00:17:01+00:00,"Cessna Citation Ultra | Dallas Love Field → William P. Hobby Airport | $2,795",,Cessna Citation Ultra,KDAL - Dallas Love Field,KDAL,DAL,Dallas Love Field,Dallas,US,KHOU - William P. Hobby Airport,KHOU,HOU,William P Hobby Airport,Houston,US,05 August 2026,2026-08-05,12:00,12:56,57m,"$2,795",2795,USD,$,7,https://villiers.ai/empty-legs/kdal-khou-2026-08-05?id=ADHUHR,https://villiers.ai/empty-legs/kdal-khou-2026-08-05?id=ADHUHR,https://villiers.ai/empty-legs/kdal-khou-2026-08-05?id=ADHUHR,"Fri, 31 Jul 2026 14:23:08 GMT",2026-08-06T00:17:01+00:00
https://villiers.ai/empty-legs/kfok-kmdw-2026-08-05?id=ADHUHR,inactive,inactive,2026-08-05T22:38:36+00:00,2026-08-05T23:47:01+00:00,2026-08-06T00:17:01+00:00,"Bombardier Challenger 300 | Francis S Gabreski Airport → Chicago Midway International Airport | $12,900",,Bombardier Challenger 300,KFOK - Francis S Gabreski Airport,KFOK,FOK,Francis S Gabreski Airport,Westhampton Beach,US,KMDW - Chicago Midway International Airport,KMDW,MDW,Chicago Midway International Airport,Chicago,US,05 August 2026,2026-08-05,12:00,13:57,1h 57m,"$12,900",12900,USD,$,10,https://villiers.ai/empty-legs/kfok-kmdw-2026-08-05?id=ADHUHR,https://villiers.ai/empty-legs/kfok-kmdw-2026-08-05?id=ADHUHR,https://villiers.ai/empty-legs/kfok-kmdw-2026-08-05?id=ADHUHR,"Mon, 03 Aug 2026 15:34:58 GMT",2026-08-06T00:17:01+00:00
https://villiers.ai/empty-legs/kfok-kteb-2026-08-05?id=ADHUHR,inactive,inactive,2026-08-05T22:38:36+00:00,2026-08-05T23:47:01+00:00,2026-08-06T00:17:01+00:00,"Bombardier Challenger 300 | Francis S Gabreski Airport → Teterboro Airport | $8,600",,Bombardier Challenger 300,KFOK - Francis S Gabreski Airport,KFOK,FOK,Francis S Gabreski Airport,Westhampton Beach,US,KTEB - Teterboro Airport,KTEB,TEB,Teterboro Airport,Teterboro,US,05 August 2026,2026-08-05,12:00,12:38,38m,"$8,600",8600,USD,$,10,https://villiers.ai/empty-legs/kfok-kteb-2026-08-05?id=ADHUHR,https://villiers.ai/empty-legs/kfok-kteb-2026-08-05?id=ADHUHR,https://villiers.ai/empty-legs/kfok-kteb-2026-08-05?id=ADHUHR,"Mon, 03 Aug 2026 15:34:58 GMT",2026-08-06T00:17:01+00:00
https://villiers.ai/empty-legs/kiad-kmdd-2026-08-05?id=ADHUHR,inactive,inactive,2026-08-05T22:38:36+00:00,2026-08-05T23:47:01+00:00,2026-08-06T00:17:01+00:00,"Cessna Citation X | Washington Dulles International Airport → Midland Airpark | $21,500",,Cessna Citation X,KIAD - Washington Dulles International Airport,KIAD,IAD,Washington Dulles International Airport,Washington,US,KMDD - Midland Airpark,KMDD,MDD,Midland Airpark,Midland,US,05 August 2026,2026-08-05,12:00,15:12,3h 12m,"$21,500",21500,USD,$,12,https://villiers.ai/empty-legs/kiad-kmdd-2026-08-05?id=ADHUHR,https://villiers.ai/empty-legs/kiad-kmdd-2026-08-05?id=ADHUHR,https://villiers.ai/empty-legs/kiad-kmdd-2026-08-05?id=ADHUHR,"Mon, 03 Aug 2026 15:35:03 GMT",2026-08-06T00:17:01+00:00
https://villiers.ai/empty-legs/kjac-kcos-2026-08-05?id=ADHUHR,inactive,inactive,2026-08-05T22:38:36+00:00,2026-08-05T23:47:01+00:00,2026-08-06T00:17:01+00:00,"Cessna Citation X | Jackson Hole Airport → City of Colorado Springs Municipal Airport | $9,675",,Cessna Citation X,KJAC - Jackson Hole Airport,KJAC,JAC,Jackson Hole Airport,Jackson,US,KCOS - City of Colorado Springs Municipal Airport,KCOS,COS,City Of Colorado Springs Municipal Airport,Colorado Springs,US,05 August 2026,2026-08-05,12:00,13:20,1h 21m,"$9,675",9675,USD,$,12,https://villiers.ai/empty-legs/kjac-kcos-2026-08-05?id=ADHUHR,https://villiers.ai/empty-legs/kjac-kcos-2026-08-05?id=ADHUHR,https://villiers.ai/empty-legs/kjac-kcos-2026-08-05?id=ADHUHR,"Mon, 03 Aug 2026 15:35:03 GMT",2026-08-06T00:17:01+00:00
https://villiers.ai/empty-legs/klbb-kaus-2026-08-05?id=ADHUHR,inactive,inactive,2026-08-05T22:38:36+00:00,2026-08-05T23:47:01+00:00,2026-08-06T00:17:01+00:00,"Cessna Citation V | Lubbock Preston Smith International Airport → Austin Bergstrom International Airport | $3,870",,Cessna Citation V,KLBB - Lubbock Preston Smith International Airport,KLBB,LBB,Lubbock Preston Smith International Airport,Lubbock,US,KAUS - Austin Bergstrom International Airport,KAUS,AUS,Austin-Bergstrom International Airport,Austin,US,05 August 2026,2026-08-05,12:00,13:07,1h 8m,"$3,870",3870,USD,$,7,https://villiers.ai/empty-legs/klbb-kaus-2026-08-05?id=ADHUHR,https://villiers.ai/empty-legs/klbb-kaus-2026-08-05?id=ADHUHR,https://villiers.ai/empty-legs/klbb-kaus-2026-08-05?id=ADHUHR,"Wed, 05 Aug 2026 15:25:58 GMT",2026-08-06T00:17:01+00:00
https://villiers.ai/empty-legs/klbb-khou-2026-08-05?id=ADHUHR,inactive,inactive,2026-08-05T22:38:36+00:00,2026-08-05T23:47:01+00:00,2026-08-06T00:17:01+00:00,"Cessna Citation Ultra | Lubbock Preston Smith International Airport → William P. Hobby Airport | $4,515",,Cessna Citation Ultra,KLBB - Lubbock Preston Smith International Airport,KLBB,LBB,Lubbock Preston Smith International Airport,Lubbock,US,KHOU - William P. Hobby Airport,KHOU,HOU,William P Hobby Airport,Houston,US,05 August 2026,2026-08-05,12:00,13:22,1h 23m,"$4,515",4515,USD,$,7,https://villiers.ai/empty-legs/klbb-khou-2026-08-05?id=ADHUHR,https://villiers.ai/empty-legs/klbb-khou-2026-08-05?id=ADHUHR,https://villiers.ai/empty-legs/klbb-khou-2026-08-05?id=ADHUHR,"Thu, 30 Jul 2026 14:21:37 GMT",2026-08-06T00:17:01+00:00
https://villiers.ai/empty-legs/kmry-kase-2026-08-05?id=ADHUHR,inactive,inactive,2026-08-05T22:38:36+00:00,2026-08-05T23:47:01+00:00,2026-08-06T00:17:01+00:00,"Bombardier Challenger 300 | Monterey Peninsula Airport → Aspen-Pitkin County Airport (Sardy Field) | $15,050",,Bombardier Challenger 300,KMRY - Monterey Peninsula Airport,KMRY,MRY,Monterey Regional Airport,Monterey,US,KASE - Aspen-Pitkin County Airport (Sardy Field),KASE,ASE,Aspen-Pitkin County/Sardy Field,Aspen,US,05 August 2026,2026-08-05,12:00,14:02,2h 3m,"$15,050",15050,USD,$,10,https://villiers.ai/empty-legs/kmry-kase-2026-08-05?id=ADHUHR,https://villiers.ai/empty-legs/kmry-kase-2026-08-05?id=ADHUHR,https://villiers.ai/empty-legs/kmry-kase-2026-08-05?id=ADHUHR,"Mon, 03 Aug 2026 15:34:59 GMT",2026-08-06T00:17:01+00:00
https://villiers.ai/empty-legs/kmry-ksna-2026-08-05?id=ADHUHR,inactive,inactive,2026-08-05T22:38:36+00:00,2026-08-05T23:47:01+00:00,2026-08-06T00:17:01+00:00,"Cessna Citation X | Monterey Peninsula Airport → John Wayne Orange County International Airport | $8,600",,Cessna Citation X,KMRY - Monterey Peninsula Airport,KMRY,MRY,Monterey Regional Airport,Monterey,US,KSNA - John Wayne Orange County International Airport,KSNA,SNA,John Wayne/Orange County Airport,Santa Ana,US,05 August 2026,2026-08-05,12:00,13:03,1h 3m,"$8,600",8600,USD,$,12,https://villiers.ai/empty-legs/kmry-ksna-2026-08-05?id=ADHUHR,https://villiers.ai/empty-legs/kmry-ksna-2026-08-05?id=ADHUHR,https://villiers.ai/empty-legs/kmry-ksna-2026-08-05?id=ADHUHR,"Mon, 03 Aug 2026 15:35:03 GMT",2026-08-06T00:17:01+00:00
https://villiers.ai/empty-legs/kmso-kpsc-2026-08-05?id=ADHUHR,inactive,inactive,2026-08-05T22:38:36+00:00,2026-08-05T23:47:01+00:00,2026-08-06T00:17:01+00:00,"Cessna Citation X | Missoula International Airport → Tri Cities Airport | $9,675",,Cessna Citation X,KMSO - Missoula International Airport,KMSO,MSO,Missoula Montana Airport,Missoula,US,KPSC - Tri Cities Airport,KPSC,PSC,Tri-Cities Airport,Pasco,US,05 August 2026,2026-08-05,12:00,12:56,57m,"$9,675",9675,USD,$,12,https://villiers.ai/empty-legs/kmso-kpsc-2026-08-05?id=ADHUHR,https://villiers.ai/empty-legs/kmso-kpsc-2026-08-05?id=ADHUHR,https://villiers.ai/empty-legs/kmso-kpsc-2026-08-05?id=ADHUHR,"Mon, 03 Aug 2026 15:35:04 GMT",2026-08-06T00:17:01+00:00
https://villiers.ai/empty-legs/kmvy-kfok-2026-08-05?id=ADHUHR,inactive,inactive,2026-08-05T22:38:36+00:00,2026-08-05T23:47:01+00:00,2026-08-06T00:17:01+00:00,"Cessna Citation X | Martha's Vineyard Airport → Francis S Gabreski Airport | $8,600",,Cessna Citation X,KMVY - Martha's Vineyard Airport,KMVY,MVY,Martha's Vineyard Airport,Vineyard Haven,US,KFOK - Francis S Gabreski Airport,KFOK,FOK,Francis S Gabreski Airport,Westhampton Beach,US,05 August 2026,2026-08-05,12:00,12:42,42m,"$8,600",8600,USD,$,12,https://villiers.ai/empty-legs/kmvy-kfok-2026-08-05?id=ADHUHR,https://villiers.ai/empty-legs/kmvy-kfok-2026-08-05?id=ADHUHR,https://villiers.ai/empty-legs/kmvy-kfok-2026-08-05?id=ADHUHR,"Mon, 03 Aug 2026 15:35:03 GMT",2026-08-06T00:17:01+00:00
https://villiers.ai/empty-legs/kopf-kteb-2026-08-05?id=ADHUHR,inactive,inactive,2026-08-05T22:38:36+00:00,2026-08-05T23:47:01+00:00,2026-08-06T00:17:01+00:00,"Bombardier Challenger 300 | Miami-Opa Locka Executive Airport → Teterboro Airport | $17,200",,Bombardier Challenger 300,KOPF - Miami-Opa Locka Executive Airport,KOPF,OPF,Miami-Opa Locka Executive Airport,Miami,US,KTEB - Teterboro Airport,KTEB,TEB,Teterboro Airport,Teterboro,US,05 August 2026,2026-08-05,12:00,14:31,2h 31m,"$17,200",17200,USD,$,10,https://villiers.ai/empty-legs/kopf-kteb-2026-08-05?id=ADHUHR,https://villiers.ai/empty-legs/kopf-kteb-2026-08-05?id=ADHUHR,https://villiers.ai/empty-legs/kopf-kteb-2026-08-05?id=ADHUHR,"Mon, 03 Aug 2026 15:34:59 GMT",2026-08-06T00:17:01+00:00
https://villiers.ai/empty-legs/kphx-kteb-2026-08-05?id=ADHUHR,inactive,inactive,2026-08-05T22:38:36+00:00,2026-08-05T23:47:01+00:00,2026-08-06T00:17:01+00:00,"Cessna Citation X | Phoenix Sky Harbor International Airport → Teterboro Airport | $23,650",,Cessna Citation X,KPHX - Phoenix Sky Harbor International Airport,KPHX,PHX,Phoenix Sky Harbor International Airport,Phoenix,US,KTEB - Teterboro Airport,KTEB,TEB,Teterboro Airport,Teterboro,US,05 August 2026,2026-08-05,12:00,16:26,4h 27m,"$23,650",23650,USD,$,12,https://villiers.ai/empty-legs/kphx-kteb-2026-08-05?id=ADHUHR,https://villiers.ai/empty-legs/kphx-kteb-2026-08-05?id=ADHUHR,https://villiers.ai/empty-legs/kphx-kteb-2026-08-05?id=ADHUHR,"Mon, 03 Aug 2026 15:35:04 GMT",2026-08-06T00:17:01+00:00
https://villiers.ai/empty-legs/kpln-kpit-2026-08-05?id=ADHUHR,inactive,inactive,2026-08-05T22:38:36+00:00,2026-08-05T23:47:01+00:00,2026-08-06T00:17:01+00:00,"Cessna Citation X | Pellston Regional Airport of Emmet County Airport → Pittsburgh International Airport | $8,600",,Cessna Citation X,KPLN - Pellston Regional Airport of Emmet County Airport,KPLN,PLN,Pellston Regional/Emmet County Airport,Pellston,US,KPIT - Pittsburgh International Airport,KPIT,PIT,Pittsburgh International Airport,Pittsburgh,US,05 August 2026,2026-08-05,12:00,13:16,1h 17m,"$8,600",8600,USD,$,12,https://villiers.ai/empty-legs/kpln-kpit-2026-08-05?id=ADHUHR,https://villiers.ai/empty-legs/kpln-kpit-2026-08-05?id=ADHUHR,https://villiers.ai/empty-legs/kpln-kpit-2026-08-05?id=ADHUHR,"Mon, 03 Aug 2026 15:35:04 GMT",2026-08-06T00:17:01+00:00
https://villiers.ai/empty-legs/ksbm-kiws-2026-08-05?id=ADHUHR,inactive,inactive,2026-08-05T22:38:36+00:00,2026-08-05T23:47:01+00:00,2026-08-06T00:17:01+00:00,"Pilatus PC 12 NG | Sheboygan County Memorial Airport → West Houston Airport | $12,255",,Pilatus PC 12 NG,KSBM - Sheboygan County Memorial Airport,KSBM,SBM,Sheboygan County Memorial International Airport,Sheboygan,US,KIWS - West Houston Airport,KIWS,IWS,West Houston Airport,Houston,US,05 August 2026,2026-08-05,12:00,14:27,2h 27m,"$12,255",12255,USD,$,7,https://villiers.ai/empty-legs/ksbm-kiws-2026-08-05?id=ADHUHR,https://villiers.ai/empty-legs/ksbm-kiws-2026-08-05?id=ADHUHR,https://villiers.ai/empty-legs/ksbm-kiws-2026-08-05?id=ADHUHR,"Tue, 04 Aug 2026 15:45:18 GMT",2026-08-06T00:17:01+00:00
https://villiers.ai/empty-legs/kslc-panc-2026-08-05?id=ADHUHR,inactive,inactive,2026-08-05T22:38:36+00:00,2026-08-05T23:47:01+00:00,2026-08-06T00:17:01+00:00,"Cessna Citation X | Salt Lake City International Airport → Ted Stevens Anchorage International Airport | $21,500",,Cessna Citation X,KSLC - Salt Lake City International Airport,KSLC,SLC,Salt Lake City International Airport,Salt Lake City,US,PANC - Ted Stevens Anchorage International Airport,PANC,ANC,Ted Stevens Anchorage International Airport,Anchorage,US,05 August 2026,2026-08-05,12:00,16:25,4h 25m,"$21,500",21500,USD,$,12,https://villiers.ai/empty-legs/kslc-panc-2026-08-05?id=ADHUHR,https://villiers.ai/empty-legs/kslc-panc-2026-08-05?id=ADHUHR,https://villiers.ai/empty-legs/kslc-panc-2026-08-05?id=ADHUHR,"Mon, 03 Aug 2026 15:35:04 GMT",2026-08-06T00:17:01+00:00
https://villiers.ai/empty-legs/kteb-kalb-2026-08-05?id=ADHUHR,inactive,inactive,2026-08-05T22:38:36+00:00,2026-08-05T23:47:01+00:00,2026-08-06T00:17:01+00:00,"Cessna Citation X | Teterboro Airport → Albany International Airport | $8,600",,Cessna Citation X,KTEB - Teterboro Airport,KTEB,TEB,Teterboro Airport,Teterboro,US,KALB - Albany International Airport,KALB,ALB,Albany International Airport,Albany,US,05 August 2026,2026-08-05,12:00,12:44,45m,"$8,600",8600,USD,$,12,https://villiers.ai/empty-legs/kteb-kalb-2026-08-05?id=ADHUHR,https://villiers.ai/empty-legs/kteb-kalb-2026-08-05?id=ADHUHR,https://villiers.ai/empty-legs/kteb-kalb-2026-08-05?id=ADHUHR,"Mon, 03 Aug 2026 15:35:02 GMT",2026-08-06T00:17:01+00:00
https://villiers.ai/empty-legs/ktpa-khou-2026-08-05?id=ADHUHR,inactive,inactive,2026-08-05T22:38:36+00:00,2026-08-05T23:47:01+00:00,2026-08-06T00:17:01+00:00,"Cessna Citation Ultra | Tampa International Airport → William P. Hobby Airport | $7,955",,Cessna Citation Ultra,KTPA - Tampa International Airport,KTPA,TPA,Tampa International Airport,Tampa,US,KHOU - William P. Hobby Airport,KHOU,HOU,William P Hobby Airport,Houston,US,05 August 2026,2026-08-05,12:00,13:56,1h 57m,"$7,955",7955,USD,$,7,https://villiers.ai/empty-legs/ktpa-khou-2026-08-05?id=ADHUHR,https://villiers.ai/empty-legs/ktpa-khou-2026-08-05?id=ADHUHR,https://villiers.ai/empty-legs/ktpa-khou-2026-08-05?id=ADHUHR,"Fri, 24 Jul 2026 14:24:02 GMT",2026-08-06T00:17:01+00:00
https://villiers.ai/empty-legs/ktpa-kjka-2026-08-05?id=ADHUHR,inactive,inactive,2026-08-05T22:38:36+00:00,2026-08-05T23:47:01+00:00,2026-08-06T00:17:01+00:00,"Cessna Citation Ultra | Tampa International Airport → Jack Edwards National Airport | $4,193",,Cessna Citation Ultra,KTPA - Tampa International Airport,KTPA,TPA,Tampa International Airport,Tampa,US,KJKA - Jack Edwards National Airport,KJKA,GUF,Gulf Shores International/Jack Edwards Field,Gulf Shores,US,05 August 2026,2026-08-05,12:00,13:08,1h 9m,"$4,193",4193,USD,$,7,https://villiers.ai/empty-legs/ktpa-kjka-2026-08-05?id=ADHUHR,https://villiers.ai/empty-legs/ktpa-kjka-2026-08-05?id=ADHUHR,https://villiers.ai/empty-legs/ktpa-kjka-2026-08-05?id=ADHUHR,"Thu, 30 Jul 2026 14:21:37 GMT",2026-08-06T00:17:01+00:00
https://villiers.ai/empty-legs/ktup-kdwh-2026-08-05?id=ADHUHR,inactive,inactive,2026-08-05T22:38:36+00:00,2026-08-05T23:47:01+00:00,2026-08-06T00:17:01+00:00,"Cessna Citation Ultra | Tupelo Regional Airport → David Wayne Hooks Memorial Airport | $5,590",,Cessna Citation Ultra,KTUP - Tupelo Regional Airport,KTUP,TUP,Tupelo Regional Airport,Tupelo,US,KDWH - David Wayne Hooks Memorial Airport,KDWH,DWH,David Wayne Hooks Memorial Airport,Houston,US,05 August 2026,2026-08-05,12:00,13:24,1h 25m,"$5,590",5590,USD,$,7,https://villiers.ai/empty-legs/ktup-kdwh-2026-08-05?id=ADHUHR,https://villiers.ai/empty-legs/ktup-kdwh-2026-08-05?id=ADHUHR,https://villiers.ai/empty-legs/ktup-kdwh-2026-08-05?id=ADHUHR,"Tue, 04 Aug 2026 15:45:18 GMT",2026-08-06T00:17:01+00:00
https://villiers.ai/empty-legs/ktup-khou-2026-08-05?id=ADHUHR,inactive,inactive,2026-08-05T22:38:36+00:00,2026-08-05T23:47:01+00:00,2026-08-06T00:17:01+00:00,"Cessna Citation Ultra | Tupelo Regional Airport → William P. Hobby Airport | $5,590",,Cessna Citation Ultra,KTUP - Tupelo Regional Airport,KTUP,TUP,Tupelo Regional Airport,Tupelo,US,KHOU - William P. Hobby Airport,KHOU,HOU,William P Hobby Airport,Houston,US,05 August 2026,2026-08-05,12:00,13:25,1h 25m,"$5,590",5590,USD,$,7,https://villiers.ai/empty-legs/ktup-khou-2026-08-05?id=ADHUHR,https://villiers.ai/empty-legs/ktup-khou-2026-08-05?id=ADHUHR,https://villiers.ai/empty-legs/ktup-khou-2026-08-05?id=ADHUHR,"Mon, 27 Jul 2026 17:11:47 GMT",2026-08-06T00:17:01+00:00
https://villiers.ai/empty-legs/kunv-kalb-2026-08-05?id=ADHUHR,inactive,inactive,2026-08-05T22:38:36+00:00,2026-08-05T23:47:01+00:00,2026-08-06T00:17:01+00:00,"Cessna Citation X | State College Regional Airport → Albany International Airport | $8,600",,Cessna Citation X,KUNV - State College Regional Airport,KUNV,SCE,State College Regional Airport,State College,US,KALB - Albany International Airport,KALB,ALB,Albany International Airport,Albany,US,05 August 2026,2026-08-05,12:00,12:57,57m,"$8,600",8600,USD,$,12,https://villiers.ai/empty-legs/kunv-kalb-2026-08-05?id=ADHUHR,https://villiers.ai/empty-legs/kunv-kalb-2026-08-05?id=ADHUHR,https://villiers.ai/empty-legs/kunv-kalb-2026-08-05?id=ADHUHR,"Mon, 03 Aug 2026 15:35:04 GMT",2026-08-06T00:17:01+00:00
https://villiers.ai/empty-legs/kvgt-kcrq-2026-08-05?id=ADHUHR,inactive,inactive,2026-08-05T22:38:36+00:00,2026-08-05T23:47:01+00:00,2026-08-06T00:17:01+00:00,"Beechjet 400XP | North Las Vegas Metropolitan International Airport → McClellan-Palomar Airport | $6,396",,Beechjet 400XP,KVGT - North Las Vegas Metropolitan International Airport,KVGT,VGT,North Las Vegas Airport,Las Vegas,US,KCRQ - McClellan-Palomar Airport,KCRQ,CLD,Mc Clellan-Palomar Airport,Carlsbad,US,05 August 2026,2026-08-05,12:00,12:57,57m,"$6,396",6396,USD,$,8,https://villiers.ai/empty-legs/kvgt-kcrq-2026-08-05?id=ADHUHR,https://villiers.ai/empty-legs/kvgt-kcrq-2026-08-05?id=ADHUHR,https://villiers.ai/empty-legs/kvgt-kcrq-2026-08-05?id=ADHUHR,"Wed, 29 Jul 2026 01:11:07 GMT",2026-08-06T00:17:01+00:00
https://villiers.ai/empty-legs/kvny-ksdm-2026-08-05?id=ADHUHR,inactive,inactive,2026-08-05T22:38:36+00:00,2026-08-05T23:47:01+00:00,2026-08-06T00:17:01+00:00,"Cessna Citation X | Van Nuys Airport → Brown Field Municipal Airport | $8,600",,Cessna Citation X,KVNY - Van Nuys Airport,KVNY,VNY,Van Nuys Airport,Van Nuys,US,KSDM - Brown Field Municipal Airport,KSDM,SDM,Brown Field Municipal Airport,San Diego,US,05 August 2026,2026-08-05,12:00,12:45,46m,"$8,600",8600,USD,$,12,https://villiers.ai/empty-legs/kvny-ksdm-2026-08-05?id=ADHUHR,https://villiers.ai/empty-legs/kvny-ksdm-2026-08-05?id=ADHUHR,https://villiers.ai/empty-legs/kvny-ksdm-2026-08-05?id=ADHUHR,"Mon, 03 Aug 2026 15:35:02 GMT",2026-08-06T00:17:01+00:00
https://villiers.ai/empty-legs/kvny-kslc-2026-08-05?id=ADHUHR,inactive,inactive,2026-08-05T22:38:36+00:00,2026-08-05T23:47:01+00:00,2026-08-06T00:17:01+00:00,"Bombardier Challenger 300 | Van Nuys Airport → Salt Lake City International Airport | $9,675",,Bombardier Challenger 300,KVNY - Van Nuys Airport,KVNY,VNY,Van Nuys Airport,Van Nuys,US,KSLC - Salt Lake City International Airport,KSLC,SLC,Salt Lake City International Airport,Salt Lake City,US,05 August 2026,2026-08-05,12:00,13:34,1h 34m,"$9,675",9675,USD,$,10,https://villiers.ai/empty-legs/kvny-kslc-2026-08-05?id=ADHUHR,https://villiers.ai/empty-legs/kvny-kslc-2026-08-05?id=ADHUHR,https://villiers.ai/empty-legs/kvny-kslc-2026-08-05?id=ADHUHR,"Mon, 03 Aug 2026 15:34:59 GMT",2026-08-06T00:17:01+00:00
https://villiers.ai/empty-legs/skgp-panc-2026-08-05?id=ADHUHR,inactive,inactive,2026-08-05T22:38:36+00:00,2026-08-05T23:47:01+00:00,2026-08-06T00:17:01+00:00,"Cessna Citation X | Juan Casiano Airport → Ted Stevens Anchorage International Airport | $21,500",,Cessna Citation X,SKGP - Juan Casiano Airport,SKGP,GPI,Juan Casiano Airport,Guapi,CO,PANC - Ted Stevens Anchorage International Airport,PANC,ANC,Ted Stevens Anchorage International Airport,Anchorage,US,05 August 2026,2026-08-05,12:00,22:37,10h 37m,"$21,500",21500,USD,$,12,https://villiers.ai/empty-legs/skgp-panc-2026-08-05?id=ADHUHR,https://villiers.ai/empty-legs/skgp-panc-2026-08-05?id=ADHUHR,https://villiers.ai/empty-legs/skgp-panc-2026-08-05?id=ADHUHR,"Mon, 03 Aug 2026 15:35:03 GMT",2026-08-06T00:17:01+00:00
https://villiers.ai/empty-legs/kbfi-kcrq-citation-cj3-2026-08-06-4044f78f?id=ADHUHR,inactive,inactive,2026-08-06T04:17:02+00:00,2026-08-06T23:47:02+00:00,2026-08-07T00:17:01+00:00,"Citation CJ3 | Boeing Field King County International Airport → McClellan-Palomar Airport | $10,213",,Citation CJ3,KBFI - Boeing Field King County International Airport,KBFI,BFI,Boeing Field/King County International Airport,Seattle,US,KCRQ - McClellan-Palomar Airport,KCRQ,CLD,Mc Clellan-Palomar Airport,Carlsbad,US,06 August 2026,2026-08-06,12:00,14:24,2h 24m,"$10,213",10213,USD,$,7,https://villiers.ai/empty-legs/kbfi-kcrq-citation-cj3-2026-08-06-4044f78f?id=ADHUHR,https://villiers.ai/empty-legs/kbfi-kcrq-citation-cj3-2026-08-06-4044f78f?id=ADHUHR,https://villiers.ai/empty-legs/kbfi-kcrq-citation-cj3-2026-08-06-4044f78f?id=ADHUHR,"Thu, 06 Aug 2026 04:11:22 GMT",2026-08-07T00:17:01+00:00
https://villiers.ai/empty-legs/kiws-ksbm-2026-08-06?id=ADHUHR,inactive,inactive,2026-08-05T22:38:36+00:00,2026-08-06T23:47:02+00:00,2026-08-07T00:17:01+00:00,"Pilatus PC 12 NG | West Houston Airport → Sheboygan County Memorial Airport | $8,385",,Pilatus PC 12 NG,KIWS - West Houston Airport,KIWS,IWS,West Houston Airport,Houston,US,KSBM - Sheboygan County Memorial Airport,KSBM,SBM,Sheboygan County Memorial International Airport,Sheboygan,US,06 August 2026,2026-08-06,12:00,14:27,2h 27m,"$8,385",8385,USD,$,7,https://villiers.ai/empty-legs/kiws-ksbm-2026-08-06?id=ADHUHR,https://villiers.ai/empty-legs/kiws-ksbm-2026-08-06?id=ADHUHR,https://villiers.ai/empty-legs/kiws-ksbm-2026-08-06?id=ADHUHR,"Tue, 04 Aug 2026 15:45:18 GMT",2026-08-07T00:17:01+00:00
https://villiers.ai/empty-legs/kpdk-kbna-2026-08-06?id=ADHUHR,inactive,inactive,2026-08-05T22:38:36+00:00,2026-08-06T23:47:02+00:00,2026-08-07T00:17:01+00:00,"Cessna Citation V | DeKalb Peachtree Airport → Nashville International Airport | $3,118",,Cessna Citation V,KPDK - DeKalb Peachtree Airport,KPDK,PDK,Dekalb-Peachtree Airport,Atlanta,US,KBNA - Nashville International Airport,KBNA,BNA,Nashville International Airport,Nashville,US,06 August 2026,2026-08-06,12:00,12:52,53m,"$3,118",3118,USD,$,7,https://villiers.ai/empty-legs/kpdk-kbna-2026-08-06?id=ADHUHR,https://villiers.ai/empty-legs/kpdk-kbna-2026-08-06?id=ADHUHR,https://villiers.ai/empty-legs/kpdk-kbna-2026-08-06?id=ADHUHR,"Sat, 18 Jul 2026 16:59:38 GMT",2026-08-07T00:17:01+00:00
https://villiers.ai/empty-legs/kpdk-khou-2026-08-06?id=ADHUHR,inactive,inactive,2026-08-05T22:38:36+00:00,2026-08-06T23:47:02+00:00,2026-08-07T00:17:01+00:00,"Cessna Citation V | DeKalb Peachtree Airport → William P. Hobby Airport | $7,955",,Cessna Citation V,KPDK - DeKalb Peachtree Airport,KPDK,PDK,Dekalb-Peachtree Airport,Atlanta,US,KHOU - William P. Hobby Airport,KHOU,HOU,William P Hobby Airport,Houston,US,06 August 2026,2026-08-06,12:00,13:48,1h 48m,"$7,955",7955,USD,$,7,https://villiers.ai/empty-legs/kpdk-khou-2026-08-06?id=ADHUHR,https://villiers.ai/empty-legs/kpdk-khou-2026-08-06?id=ADHUHR,https://villiers.ai/empty-legs/kpdk-khou-2026-08-06?id=ADHUHR,"Mon, 20 Jul 2026 13:55:03 GMT",2026-08-07T00:17:01+00:00
https://villiers.ai/empty-legs/ktrk-kcrq-2026-08-06?id=ADHUHR,inactive,inactive,2026-08-05T22:38:36+00:00,2026-08-06T23:47:02+00:00,2026-08-07T00:17:01+00:00,"Hawker 900XP | Truckee Tahoe Airport → McClellan-Palomar Airport | $10,750",,Hawker 900XP,KTRK - Truckee Tahoe Airport,KTRK,TKF,Truckee-Tahoe Airport,Truckee,US,KCRQ - McClellan-Palomar Airport,KCRQ,CLD,Mc Clellan-Palomar Airport,Carlsbad,US,06 August 2026,2026-08-06,12:00,13:20,1h 21m,"$10,750",10750,USD,$,9,https://villiers.ai/empty-legs/ktrk-kcrq-2026-08-06?id=ADHUHR,https://villiers.ai/empty-legs/ktrk-kcrq-2026-08-06?id=ADHUHR,https://villiers.ai/empty-legs/ktrk-kcrq-2026-08-06?id=ADHUHR,"Wed, 29 Jul 2026 01:11:07 GMT",2026-08-07T00:17:01+00:00
https://villiers.ai/empty-legs/kabe-kged-citation-x-2026-08-07-b53ab82c?id=ADHUHR,inactive,inactive,2026-08-07T14:47:01+00:00,2026-08-07T23:47:01+00:00,2026-08-08T00:17:02+00:00,"Citation X | Lehigh Valley International Airport → Delaware Coastal Airport | $8,600",,Citation X,KABE - Lehigh Valley International Airport,KABE,ABE,Lehigh Valley International Airport,Allentown,US,KGED - Delaware Coastal Airport,KGED,GED,Delaware Coastal Airport,Georgetown,US,07 August 2026,2026-08-07,12:00,12:45,45m,"$8,600",8600,USD,$,12,https://villiers.ai/empty-legs/kabe-kged-citation-x-2026-08-07-b53ab82c?id=ADHUHR,https://villiers.ai/empty-legs/kabe-kged-citation-x-2026-08-07-b53ab82c?id=ADHUHR,https://villiers.ai/empty-legs/kabe-kged-citation-x-2026-08-07-b53ab82c?id=ADHUHR,"Fri, 07 Aug 2026 14:22:59 GMT",2026-08-08T00:17:02+00:00
https://villiers.ai/empty-legs/kack-kpwm-citation-x-2026-08-07-eef27cd3?id=ADHUHR,inactive,inactive,2026-08-07T14:47:01+00:00,2026-08-07T23:47:01+00:00,2026-08-08T00:17:02+00:00,"Citation X | Nantucket Memorial Airport → Portland International Jetport | $8,600",,Citation X,KACK - Nantucket Memorial Airport,KACK,ACK,Nantucket Memorial Airport,Nantucket,US,KPWM - Portland International Jetport,KPWM,PWM,Portland International Jetport Airport,Portland,US,07 August 2026,2026-08-07,12:00,12:48,48m,"$8,600",8600,USD,$,12,https://villiers.ai/empty-legs/kack-kpwm-citation-x-2026-08-07-eef27cd3?id=ADHUHR,https://villiers.ai/empty-legs/kack-kpwm-citation-x-2026-08-07-eef27cd3?id=ADHUHR,https://villiers.ai/empty-legs/kack-kpwm-citation-x-2026-08-07-eef27cd3?id=ADHUHR,"Fri, 07 Aug 2026 14:22:59 GMT",2026-08-08T00:17:02+00:00
https://villiers.ai/empty-legs/kalb-kphl-citation-x-2026-08-07-d0dce147?id=ADHUHR,inactive,inactive,2026-08-07T14:47:01+00:00,2026-08-07T23:47:01+00:00,2026-08-08T00:17:02+00:00,"Citation X | Albany International Airport → Philadelphia International Airport | $8,600",,Citation X,KALB - Albany International Airport,KALB,ALB,Albany International Airport,Albany,US,KPHL - Philadelphia International Airport,KPHL,PHL,Philadelphia International Airport,Philadelphia,US,07 August 2026,2026-08-07,12:00,12:53,54m,"$8,600",8600,USD,$,12,https://villiers.ai/empty-legs/kalb-kphl-citation-x-2026-08-07-d0dce147?id=ADHUHR,https://villiers.ai/empty-legs/kalb-kphl-citation-x-2026-08-07-d0dce147?id=ADHUHR,https://villiers.ai/empty-legs/kalb-kphl-citation-x-2026-08-07-d0dce147?id=ADHUHR,"Fri, 07 Aug 2026 14:22:59 GMT",2026-08-08T00:17:02+00:00
https://villiers.ai/empty-legs/kapf-kopf-challenger-300-2026-08-07-9510f31c?id=ADHUHR,inactive,inactive,2026-08-07T14:47:01+00:00,2026-08-07T23:47:01+00:00,2026-08-08T00:17:02+00:00,"Challenger 300 | Naples Municipal Airport → Miami-Opa Locka Executive Airport | $8,600",,Challenger 300,KAPF - Naples Municipal Airport,KAPF,APF,Naples Municipal Airport,Naples,US,KOPF - Miami-Opa Locka Executive Airport,KOPF,OPF,Miami-Opa Locka Executive Airport,Miami,US,07 August 2026,2026-08-07,12:00,12:40,40m,"$8,600",8600,USD,$,10,https://villiers.ai/empty-legs/kapf-kopf-challenger-300-2026-08-07-9510f31c?id=ADHUHR,https://villiers.ai/empty-legs/kapf-kopf-challenger-300-2026-08-07-9510f31c?id=ADHUHR,https://villiers.ai/empty-legs/kapf-kopf-challenger-300-2026-08-07-9510f31c?id=ADHUHR,"Fri, 07 Aug 2026 14:22:53 GMT",2026-08-08T00:17:02+00:00
https://villiers.ai/empty-legs/kaus-khou-cessna-citation-v-2026-08-07-ff14f2b9?id=ADHUHR,inactive,inactive,2026-08-06T15:47:01+00:00,2026-08-07T23:47:01+00:00,2026-08-08T00:17:02+00:00,"Cessna Citation V | Austin Bergstrom International Airport → William P. Hobby Airport | $2,150",,Cessna Citation V,KAUS - Austin Bergstrom International Airport,KAUS,AUS,Austin-Bergstrom International Airport,Austin,US,KHOU - William P. Hobby Airport,KHOU,HOU,William P Hobby Airport,Houston,US,07 August 2026,2026-08-07,12:00,12:46,46m,"$2,150",2150,USD,$,7,https://villiers.ai/empty-legs/kaus-khou-cessna-citation-v-2026-08-07-ff14f2b9?id=ADHUHR,https://villiers.ai/empty-legs/kaus-khou-cessna-citation-v-2026-08-07-ff14f2b9?id=ADHUHR,https://villiers.ai/empty-legs/kaus-khou-cessna-citation-v-2026-08-07-ff14f2b9?id=ADHUHR,"Thu, 06 Aug 2026 15:26:13 GMT",2026-08-08T00:17:02+00:00
https://villiers.ai/empty-legs/kavl-kmvy-challenger-300-2026-08-07-9a52d15a?id=ADHUHR,inactive,inactive,2026-08-07T14:47:01+00:00,2026-08-07T23:47:01+00:00,2026-08-08T00:17:02+00:00,"Challenger 300 | Asheville Regional Airport → Martha's Vineyard Airport | $9,675",,Challenger 300,KAVL - Asheville Regional Airport,KAVL,AVL,Asheville Regional Airport,Asheville,US,KMVY - Martha's Vineyard Airport,KMVY,MVY,Martha's Vineyard Airport,Vineyard Haven,US,07 August 2026,2026-08-07,12:00,13:54,1h 55m,"$9,675",9675,USD,$,10,https://villiers.ai/empty-legs/kavl-kmvy-challenger-300-2026-08-07-9a52d15a?id=ADHUHR,https://villiers.ai/empty-legs/kavl-kmvy-challenger-300-2026-08-07-9a52d15a?id=ADHUHR,https://villiers.ai/empty-legs/kavl-kmvy-challenger-300-2026-08-07-9a52d15a?id=ADHUHR,"Fri, 07 Aug 2026 14:22:53 GMT",2026-08-08T00:17:02+00:00
https://villiers.ai/empty-legs/kcrq-kpsp-citation-cj3-2026-08-07-42f33ac9?id=ADHUHR,inactive,inactive,2026-08-06T04:17:02+00:00,2026-08-07T23:47:01+00:00,2026-08-08T00:17:02+00:00,"Citation CJ3 | McClellan-Palomar Airport → Palm Springs International Airport | $4,838",,Citation CJ3,KCRQ - McClellan-Palomar Airport,KCRQ,CLD,Mc Clellan-Palomar Airport,Carlsbad,US,KPSP - Palm Springs International Airport,KPSP,PSP,Palm Springs International Airport,Palm Springs,US,07 August 2026,2026-08-07,12:00,12:37,37m,"$4,838",4838,USD,$,7,https://villiers.ai/empty-legs/kcrq-kpsp-citation-cj3-2026-08-07-42f33ac9?id=ADHUHR,https://villiers.ai/empty-legs/kcrq-kpsp-citation-cj3-2026-08-07-42f33ac9?id=ADHUHR,https://villiers.ai/empty-legs/kcrq-kpsp-citation-cj3-2026-08-07-42f33ac9?id=ADHUHR,"Thu, 06 Aug 2026 04:11:23 GMT",2026-08-08T00:17:02+00:00
https://villiers.ai/empty-legs/kcrq-ktrk-2026-08-07?id=ADHUHR,inactive,inactive,2026-08-05T22:38:36+00:00,2026-08-07T23:47:01+00:00,2026-08-08T00:17:02+00:00,"Citation CJ3 | McClellan-Palomar Airport → Truckee Tahoe Airport | $8,600",,Citation CJ3,KCRQ - McClellan-Palomar Airport,KCRQ,CLD,Mc Clellan-Palomar Airport,Carlsbad,US,KTRK - Truckee Tahoe Airport,KTRK,TKF,Truckee-Tahoe Airport,Truckee,US,07 August 2026,2026-08-07,12:00,13:20,1h 21m,"$8,600",8600,USD,$,8,https://villiers.ai/empty-legs/kcrq-ktrk-2026-08-07?id=ADHUHR,https://villiers.ai/empty-legs/kcrq-ktrk-2026-08-07?id=ADHUHR,https://villiers.ai/empty-legs/kcrq-ktrk-2026-08-07?id=ADHUHR,"Wed, 29 Jul 2026 01:11:07 GMT",2026-08-08T00:17:02+00:00
https://villiers.ai/empty-legs/kdzb-khou-cessna-citation-ultra-2026-08-07-799cc8e1?id=ADHUHR,inactive,inactive,2026-08-06T15:47:01+00:00,2026-08-07T23:47:01+00:00,2026-08-08T00:17:02+00:00,"Cessna Citation Ultra | Horseshoe Bay Resort Airport → William P. Hobby Airport | $2,473",,Cessna Citation Ultra,KDZB - Horseshoe Bay Resort Airport,KDZB,,Horseshoe Bay Resort Airport,Horseshoe Bay,US,KHOU - William P. Hobby Airport,KHOU,HOU,William P Hobby Airport,Houston,US,07 August 2026,2026-08-07,12:00,12:51,51m,"$2,473",2473,USD,$,7,https://villiers.ai/empty-legs/kdzb-khou-cessna-citation-ultra-2026-08-07-799cc8e1?id=ADHUHR,https://villiers.ai/empty-legs/kdzb-khou-cessna-citation-ultra-2026-08-07-799cc8e1?id=ADHUHR,https://villiers.ai/empty-legs/kdzb-khou-cessna-citation-ultra-2026-08-07-799cc8e1?id=ADHUHR,"Thu, 06 Aug 2026 15:26:13 GMT",2026-08-08T00:17:02+00:00
https://villiers.ai/empty-legs/kdzb-ksat-citation-x-2026-08-07-ef6b259e?id=ADHUHR,inactive,inactive,2026-08-07T14:47:01+00:00,2026-08-07T23:47:01+00:00,2026-08-08T00:17:02+00:00,"Citation X | Horseshoe Bay Resort Airport → San Antonio International Airport | $8,600",,Citation X,KDZB - Horseshoe Bay Resort Airport,KDZB,,Horseshoe Bay Resort Airport,Horseshoe Bay,US,KSAT - San Antonio International Airport,KSAT,SAT,San Antonio International Airport,San Antonio,US,07 August 2026,2026-08-07,12:00,12:37,38m,"$8,600",8600,USD,$,12,https://villiers.ai/empty-legs/kdzb-ksat-citation-x-2026-08-07-ef6b259e?id=ADHUHR,https://villiers.ai/empty-legs/kdzb-ksat-citation-x-2026-08-07-ef6b259e?id=ADHUHR,https://villiers.ai/empty-legs/kdzb-ksat-citation-x-2026-08-07-ef6b259e?id=ADHUHR,"Fri, 07 Aug 2026 14:23:00 GMT",2026-08-08T00:17:02+00:00
https://villiers.ai/empty-legs/kfok-kcle-citation-x-2026-08-07-f8497a9b?id=ADHUHR,inactive,inactive,2026-08-07T14:47:01+00:00,2026-08-07T23:47:01+00:00,2026-08-08T00:17:02+00:00,"Citation X | Francis S Gabreski Airport → Cleveland Hopkins International Airport | $10,750",,Citation X,KFOK - Francis S Gabreski Airport,KFOK,FOK,Francis S Gabreski Airport,Westhampton Beach,US,KCLE - Cleveland Hopkins International Airport,KCLE,CLE,Cleveland-Hopkins International Airport,Cleveland,US,07 August 2026,2026-08-07,12:00,13:23,1h 23m,"$10,750",10750,USD,$,12,https://villiers.ai/empty-legs/kfok-kcle-citation-x-2026-08-07-f8497a9b?id=ADHUHR,https://villiers.ai/empty-legs/kfok-kcle-citation-x-2026-08-07-f8497a9b?id=ADHUHR,https://villiers.ai/empty-legs/kfok-kcle-citation-x-2026-08-07-f8497a9b?id=ADHUHR,"Fri, 07 Aug 2026 14:23:00 GMT",2026-08-08T00:17:02+00:00
https://villiers.ai/empty-legs/kfok-kteb-challenger-300-2026-08-07-15b46e24?id=ADHUHR,inactive,inactive,2026-08-07T14:47:01+00:00,2026-08-07T23:47:01+00:00,2026-08-08T00:17:02+00:00,"Challenger 300 | Francis S Gabreski Airport → Teterboro Airport | $8,600",,Challenger 300,KFOK - Francis S Gabreski Airport,KFOK,FOK,Francis S Gabreski Airport,Westhampton Beach,US,KTEB - Teterboro Airport,KTEB,TEB,Teterboro Airport,Teterboro,US,07 August 2026,2026-08-07,12:00,12:38,38m,"$8,600",8600,USD,$,10,https://villiers.ai/empty-legs/kfok-kteb-challenger-300-2026-08-07-15b46e24?id=ADHUHR,https://villiers.ai/empty-legs/kfok-kteb-challenger-300-2026-08-07-15b46e24?id=ADHUHR,https://villiers.ai/empty-legs/kfok-kteb-challenger-300-2026-08-07-15b46e24?id=ADHUHR,"Fri, 07 Aug 2026 14:22:53 GMT",2026-08-08T00:17:02+00:00
https://villiers.ai/empty-legs/kftw-kase-challenger-300-2026-08-07-8e7f49ca?id=ADHUHR,inactive,inactive,2026-08-07T14:47:01+00:00,2026-08-07T23:47:01+00:00,2026-08-08T00:17:02+00:00,"Challenger 300 | Fort Worth Meacham International Airport → Aspen-Pitkin County Airport (Sardy Field) | $15,050",,Challenger 300,KFTW - Fort Worth Meacham International Airport,KFTW,FTW,Fort Worth Meacham International Airport,Fort Worth,US,KASE - Aspen-Pitkin County Airport (Sardy Field),KASE,ASE,Aspen-Pitkin County/Sardy Field,Aspen,US,07 August 2026,2026-08-07,12:00,13:46,1h 47m,"$15,050",15050,USD,$,10,https://villiers.ai/empty-legs/kftw-kase-challenger-300-2026-08-07-8e7f49ca?id=ADHUHR,https://villiers.ai/empty-legs/kftw-kase-challenger-300-2026-08-07-8e7f49ca?id=ADHUHR,https://villiers.ai/empty-legs/kftw-kase-challenger-300-2026-08-07-8e7f49ca?id=ADHUHR,"Fri, 07 Aug 2026 14:22:53 GMT",2026-08-08T00:17:02+00:00
https://villiers.ai/empty-legs/khou-khdn-cessna-citation-ultra-2026-08-07-62b66db1?id=ADHUHR,inactive,inactive,2026-08-06T15:47:01+00:00,2026-08-07T23:47:01+00:00,2026-08-08T00:17:02+00:00,"Cessna Citation Ultra | William P. Hobby Airport → Yampa Valley Airport | $9,998",,Cessna Citation Ultra,KHOU - William P. Hobby Airport,KHOU,HOU,William P Hobby Airport,Houston,US,KHDN - Yampa Valley Airport,KHDN,HDN,Yampa Valley Airport,Hayden,US,07 August 2026,2026-08-07,12:00,14:21,2h 22m,"$9,998",9998,USD,$,7,https://villiers.ai/empty-legs/khou-khdn-cessna-citation-ultra-2026-08-07-62b66db1?id=ADHUHR,https://villiers.ai/empty-legs/khou-khdn-cessna-citation-ultra-2026-08-07-62b66db1?id=ADHUHR,https://villiers.ai/empty-legs/khou-khdn-cessna-citation-ultra-2026-08-07-62b66db1?id=ADHUHR,"Thu, 06 Aug 2026 15:26:13 GMT",2026-08-08T00:17:02+00:00
https://villiers.ai/empty-legs/khou-khum-cessna-citation-v-2026-08-07-a9c86c3d?id=ADHUHR,inactive,inactive,2026-08-07T14:47:01+00:00,2026-08-07T23:47:01+00:00,2026-08-08T00:17:02+00:00,"Cessna Citation V | William P. Hobby Airport → Houma Terrebonne Airport | $3,118",,Cessna Citation V,KHOU - William P. Hobby Airport,KHOU,HOU,William P Hobby Airport,Houston,US,KHUM - Houma Terrebonne Airport,KHUM,HUM,Houma-Terrebonne Airport,Houma,US,07 August 2026,2026-08-07,12:00,13:00,1h 1m,"$3,118",3118,USD,$,7,https://villiers.ai/empty-legs/khou-khum-cessna-citation-v-2026-08-07-a9c86c3d?id=ADHUHR,https://villiers.ai/empty-legs/khou-khum-cessna-citation-v-2026-08-07-a9c86c3d?id=ADHUHR,https://villiers.ai/empty-legs/khou-khum-cessna-citation-v-2026-08-07-a9c86c3d?id=ADHUHR,"Fri, 07 Aug 2026 14:24:20 GMT",2026-08-08T00:17:02+00:00
https://villiers.ai/empty-legs/khou-ksbm-2026-08-07?id=ADHUHR,inactive,inactive,2026-08-05T22:38:36+00:00,2026-08-07T23:47:01+00:00,2026-08-08T00:17:02+00:00,"Pilatus PC 12 NG | William P. Hobby Airport → Sheboygan County Memorial Airport | $8,385",,Pilatus PC 12 NG,KHOU - William P. Hobby Airport,KHOU,HOU,William P Hobby Airport,Houston,US,KSBM - Sheboygan County Memorial Airport,KSBM,SBM,Sheboygan County Memorial International Airport,Sheboygan,US,07 August 2026,2026-08-07,12:00,14:27,2h 27m,"$8,385",8385,USD,$,7,https://villiers.ai/empty-legs/khou-ksbm-2026-08-07?id=ADHUHR,https://villiers.ai/empty-legs/khou-ksbm-2026-08-07?id=ADHUHR,https://villiers.ai/empty-legs/khou-ksbm-2026-08-07?id=ADHUHR,"Sat, 11 Jul 2026 14:07:49 GMT",2026-08-08T00:17:02+00:00
https://villiers.ai/empty-legs/kjac-cyvr-challenger-300-2026-08-07-2f989701?id=ADHUHR,inactive,inactive,2026-08-07T14:47:01+00:00,2026-08-07T23:47:01+00:00,2026-08-08T00:17:02+00:00,"Challenger 300 | Jackson Hole Airport → Vancouver International Airport | $9,675",,Challenger 300,KJAC - Jackson Hole Airport,KJAC,JAC,Jackson Hole Airport,Jackson,US,CYVR - Vancouver International Airport,CYVR,YVR,Vancouver International Airport,Richmond,CA,07 August 2026,2026-08-07,12:00,13:48,1h 48m,"$9,675",9675,USD,$,10,https://villiers.ai/empty-legs/kjac-cyvr-challenger-300-2026-08-07-2f989701?id=ADHUHR,https://villiers.ai/empty-legs/kjac-cyvr-challenger-300-2026-08-07-2f989701?id=ADHUHR,https://villiers.ai/empty-legs/kjac-cyvr-challenger-300-2026-08-07-2f989701?id=ADHUHR,"Fri, 07 Aug 2026 14:22:54 GMT",2026-08-08T00:17:02+00:00
https://villiers.ai/empty-legs/kjac-ksna-citation-x-2026-08-07-6c069251?id=ADHUHR,inactive,inactive,2026-08-07T14:47:01+00:00,2026-08-07T23:47:01+00:00,2026-08-08T00:17:02+00:00,"Citation X | Jackson Hole Airport → John Wayne Orange County International Airport | $10,750",,Citation X,KJAC - Jackson Hole Airport,KJAC,JAC,Jackson Hole Airport,Jackson,US,KSNA - John Wayne Orange County International Airport,KSNA,SNA,John Wayne/Orange County Airport,Santa Ana,US,07 August 2026,2026-08-07,12:00,13:57,1h 57m,"$10,750",10750,USD,$,12,https://villiers.ai/empty-legs/kjac-ksna-citation-x-2026-08-07-6c069251?id=ADHUHR,https://villiers.ai/empty-legs/kjac-ksna-citation-x-2026-08-07-6c069251?id=ADHUHR,https://villiers.ai/empty-legs/kjac-ksna-citation-x-2026-08-07-6c069251?id=ADHUHR,"Fri, 07 Aug 2026 14:23:00 GMT",2026-08-08T00:17:02+00:00
https://villiers.ai/empty-legs/kmke-krst-citation-x-2026-08-07-9a822a4f?id=ADHUHR,inactive,inactive,2026-08-07T14:47:01+00:00,2026-08-07T23:47:01+00:00,2026-08-08T00:17:02+00:00,"Citation X | General Mitchell International Airport → Rochester International Airport | $8,600",,Citation X,KMKE - General Mitchell International Airport,KMKE,MKE,General Mitchell International Airport,Milwaukee,US,KRST - Rochester International Airport,KRST,RST,Rochester International Airport,Rochester,US,07 August 2026,2026-08-07,12:00,12:56,57m,"$8,600",8600,USD,$,12,https://villiers.ai/empty-legs/kmke-krst-citation-x-2026-08-07-9a822a4f?id=ADHUHR,https://villiers.ai/empty-legs/kmke-krst-citation-x-2026-08-07-9a822a4f?id=ADHUHR,https://villiers.ai/empty-legs/kmke-krst-citation-x-2026-08-07-9a822a4f?id=ADHUHR,"Fri, 07 Aug 2026 14:23:00 GMT",2026-08-08T00:17:02+00:00
https://villiers.ai/empty-legs/kmmu-kteb-challenger-300-2026-08-07-b2804f87?id=ADHUHR,inactive,inactive,2026-08-07T14:47:01+00:00,2026-08-07T23:47:01+00:00,2026-08-08T00:17:02+00:00,"Challenger 300 | Morristown Municipal Airport → Teterboro Airport | $8,600",,Challenger 300,KMMU - Morristown Municipal Airport,KMMU,MMU,Morristown Municipal Airport,Morristown,US,KTEB - Teterboro Airport,KTEB,TEB,Teterboro Airport,Teterboro,US,07 August 2026,2026-08-07,12:00,12:32,32m,"$8,600",8600,USD,$,10,https://villiers.ai/empty-legs/kmmu-kteb-challenger-300-2026-08-07-b2804f87?id=ADHUHR,https://villiers.ai/empty-legs/kmmu-kteb-challenger-300-2026-08-07-b2804f87?id=ADHUHR,https://villiers.ai/empty-legs/kmmu-kteb-challenger-300-2026-08-07-b2804f87?id=ADHUHR,"Fri, 07 Aug 2026 14:22:54 GMT",2026-08-08T00:17:02+00:00
https://villiers.ai/empty-legs/kmsy-kdal-challenger-300-2026-08-07-bb747189?id=ADHUHR,inactive,inactive,2026-08-07T14:47:01+00:00,2026-08-07T23:47:01+00:00,2026-08-08T00:17:02+00:00,"Challenger 300 | Louis Armstrong New Orleans International Airport → Dallas Love Field | $9,675",,Challenger 300,KMSY - Louis Armstrong New Orleans International Airport,KMSY,MSY,Louis Armstrong New Orleans International Airport,New Orleans,US,KDAL - Dallas Love Field,KDAL,DAL,Dallas Love Field,Dallas,US,07 August 2026,2026-08-07,12:00,13:18,1h 18m,"$9,675",9675,USD,$,10,https://villiers.ai/empty-legs/kmsy-kdal-challenger-300-2026-08-07-bb747189?id=ADHUHR,https://villiers.ai/empty-legs/kmsy-kdal-challenger-300-2026-08-07-bb747189?id=ADHUHR,https://villiers.ai/empty-legs/kmsy-kdal-challenger-300-2026-08-07-bb747189?id=ADHUHR,"Fri, 07 Aug 2026 14:22:54 GMT",2026-08-08T00:17:02+00:00
https://villiers.ai/empty-legs/knuq-ksan-challenger-300-2026-08-07-bb3ed468?id=ADHUHR,inactive,inactive,2026-08-07T14:47:01+00:00,2026-08-07T23:47:01+00:00,2026-08-08T00:17:02+00:00,"Challenger 300 | Moffett Federal Airfield → San Diego International Airport | $8,600",,Challenger 300,KNUQ - Moffett Federal Airfield,KNUQ,NUQ,Moffett Federal Airfield,Mountain View,US,KSAN - San Diego International Airport,KSAN,SAN,San Diego International Airport,San Diego,US,07 August 2026,2026-08-07,12:00,13:17,1h 17m,"$8,600",8600,USD,$,10,https://villiers.ai/empty-legs/knuq-ksan-challenger-300-2026-08-07-bb3ed468?id=ADHUHR,https://villiers.ai/empty-legs/knuq-ksan-challenger-300-2026-08-07-bb3ed468?id=ADHUHR,https://villiers.ai/empty-legs/knuq-ksan-challenger-300-2026-08-07-bb3ed468?id=ADHUHR,"Fri, 07 Aug 2026 14:22:54 GMT",2026-08-08T00:17:02+00:00
https://villiers.ai/empty-legs/kptk-kphl-citation-x-2026-08-07-d9949a56?id=ADHUHR,inactive,inactive,2026-08-07T14:47:01+00:00,2026-08-07T23:47:01+00:00,2026-08-08T00:17:02+00:00,"Citation X | Oakland County International Airport → Philadelphia International Airport | $8,600",,Citation X,KPTK - Oakland County International Airport,KPTK,PTK,Oakland County International Airport,Pontiac,US,KPHL - Philadelphia International Airport,KPHL,PHL,Philadelphia International Airport,Philadelphia,US,07 August 2026,2026-08-07,12:00,13:21,1h 22m,"$8,600",8600,USD,$,12,https://villiers.ai/empty-legs/kptk-kphl-citation-x-2026-08-07-d9949a56?id=ADHUHR,https://villiers.ai/empty-legs/kptk-kphl-citation-x-2026-08-07-d9949a56?id=ADHUHR,https://villiers.ai/empty-legs/kptk-kphl-citation-x-2026-08-07-d9949a56?id=ADHUHR,"Fri, 07 Aug 2026 14:23:01 GMT",2026-08-08T00:17:02+00:00
https://villiers.ai/empty-legs/krno-ksba-citation-x-2026-08-07-56de6e45?id=ADHUHR,inactive,inactive,2026-08-07T14:47:01+00:00,2026-08-07T23:47:01+00:00,2026-08-08T00:17:02+00:00,"Citation X | Reno Tahoe International Airport → Santa Barbara Municipal Airport | $8,600",,Citation X,KRNO - Reno Tahoe International Airport,KRNO,RNO,Reno/Tahoe International Airport,Reno,US,KSBA - Santa Barbara Municipal Airport,KSBA,SBA,Santa Barbara Municipal Airport,Santa Barbara,US,07 August 2026,2026-08-07,12:00,13:08,1h 9m,"$8,600",8600,USD,$,12,https://villiers.ai/empty-legs/krno-ksba-citation-x-2026-08-07-56de6e45?id=ADHUHR,https://villiers.ai/empty-legs/krno-ksba-citation-x-2026-08-07-56de6e45?id=ADHUHR,https://villiers.ai/empty-legs/krno-ksba-citation-x-2026-08-07-56de6e45?id=ADHUHR,"Fri, 07 Aug 2026 14:23:01 GMT",2026-08-08T00:17:02+00:00
https://villiers.ai/empty-legs/ksaa-kjac-citation-x-2026-08-07-650d4417?id=ADHUHR,inactive,inactive,2026-08-07T14:47:01+00:00,2026-08-07T23:47:01+00:00,2026-08-08T00:17:02+00:00,"Citation X | Shively Field → Jackson Hole Airport | $8,600",,Citation X,KSAA - Shively Field,KSAA,SAA,Shively Field,Saratoga,US,KJAC - Jackson Hole Airport,KJAC,JAC,Jackson Hole Airport,Jackson,US,07 August 2026,2026-08-07,12:00,12:57,58m,"$8,600",8600,USD,$,12,https://villiers.ai/empty-legs/ksaa-kjac-citation-x-2026-08-07-650d4417?id=ADHUHR,https://villiers.ai/empty-legs/ksaa-kjac-citation-x-2026-08-07-650d4417?id=ADHUHR,https://villiers.ai/empty-legs/ksaa-kjac-citation-x-2026-08-07-650d4417?id=ADHUHR,"Fri, 07 Aug 2026 14:23:01 GMT",2026-08-08T00:17:02+00:00
https://villiers.ai/empty-legs/ksan-kvny-citation-x-2026-08-07-4f56c14d?id=ADHUHR,inactive,inactive,2026-08-07T14:47:01+00:00,2026-08-07T23:47:01+00:00,2026-08-08T00:17:02+00:00,"Citation X | San Diego International Airport → Van Nuys Airport | $8,600",,Citation X,KSAN - San Diego International Airport,KSAN,SAN,San Diego International Airport,San Diego,US,KVNY - Van Nuys Airport,KVNY,VNY,Van Nuys Airport,Van Nuys,US,07 August 2026,2026-08-07,12:00,12:44,44m,"$8,600",8600,USD,$,12,https://villiers.ai/empty-legs/ksan-kvny-citation-x-2026-08-07-4f56c14d?id=ADHUHR,https://villiers.ai/empty-legs/ksan-kvny-citation-x-2026-08-07-4f56c14d?id=ADHUHR,https://villiers.ai/empty-legs/ksan-kvny-citation-x-2026-08-07-4f56c14d?id=ADHUHR,"Fri, 07 Aug 2026 14:23:01 GMT",2026-08-08T00:17:02+00:00
https://villiers.ai/empty-legs/ksps-klbb-challenger-300-2026-08-07-a8b832c8?id=ADHUHR,inactive,inactive,2026-08-07T14:47:01+00:00,2026-08-07T23:47:01+00:00,2026-08-08T00:17:02+00:00,"Challenger 300 | Wichita Falls Municipal Airport / Sheppard Air Force Base → Lubbock Preston Smith International Airport | $8,600",,Challenger 300,KSPS - Wichita Falls Municipal Airport / Sheppard Air Force Base,KSPS,SPS,Sheppard Afb/Wichita Falls Municipal Airport,Wichita Falls,US,KLBB - Lubbock Preston Smith International Airport,KLBB,LBB,Lubbock Preston Smith International Airport,Lubbock,US,07 August 2026,2026-08-07,12:00,12:51,51m,"$8,600",8600,USD,$,10,https://villiers.ai/empty-legs/ksps-klbb-challenger-300-2026-08-07-a8b832c8?id=ADHUHR,https://villiers.ai/empty-legs/ksps-klbb-challenger-300-2026-08-07-a8b832c8?id=ADHUHR,https://villiers.ai/empty-legs/ksps-klbb-challenger-300-2026-08-07-a8b832c8?id=ADHUHR,"Fri, 07 Aug 2026 14:22:55 GMT",2026-08-08T00:17:02+00:00
https://villiers.ai/empty-legs/ksus-kfcm-citation-x-2026-08-07-2dce571c?id=ADHUHR,inactive,inactive,2026-08-07T14:47:01+00:00,2026-08-07T23:47:01+00:00,2026-08-08T00:17:02+00:00,"Citation X | Spirit of St Louis Airport → Flying Cloud Airport | $8,600",,Citation X,KSUS - Spirit of St Louis Airport,KSUS,SUS,Spirit Of St Louis Airport,St Louis,US,KFCM - Flying Cloud Airport,KFCM,FCM,Flying Cloud Airport,Minneapolis,US,07 August 2026,2026-08-07,12:00,13:19,1h 20m,"$8,600",8600,USD,$,12,https://villiers.ai/empty-legs/ksus-kfcm-citation-x-2026-08-07-2dce571c?id=ADHUHR,https://villiers.ai/empty-legs/ksus-kfcm-citation-x-2026-08-07-2dce571c?id=ADHUHR,https://villiers.ai/empty-legs/ksus-kfcm-citation-x-2026-08-07-2dce571c?id=ADHUHR,"Fri, 07 Aug 2026 14:23:01 GMT",2026-08-08T00:17:02+00:00
https://villiers.ai/empty-legs/kteb-khvn-citation-x-2026-08-07-bd0b84c8?id=ADHUHR,inactive,inactive,2026-08-07T14:47:01+00:00,2026-08-07T23:47:01+00:00,2026-08-08T00:17:02+00:00,"Citation X | Teterboro Airport → Tweed New Haven Airport | $8,600",,Citation X,KTEB - Teterboro Airport,KTEB,TEB,Teterboro Airport,Teterboro,US,KHVN - Tweed New Haven Airport,KHVN,HVN,Tweed/New Haven Airport,New Haven,US,07 August 2026,2026-08-07,12:00,12:37,37m,"$8,600",8600,USD,$,12,https://villiers.ai/empty-legs/kteb-khvn-citation-x-2026-08-07-bd0b84c8?id=ADHUHR,https://villiers.ai/empty-legs/kteb-khvn-citation-x-2026-08-07-bd0b84c8?id=ADHUHR,https://villiers.ai/empty-legs/kteb-khvn-citation-x-2026-08-07-bd0b84c8?id=ADHUHR,"Fri, 07 Aug 2026 14:22:59 GMT",2026-08-08T00:17:02+00:00
https://villiers.ai/empty-legs/kteb-kmtn-challenger-300-2026-08-07-a103a74a?id=ADHUHR,inactive,inactive,2026-08-07T14:47:01+00:00,2026-08-07T23:47:01+00:00,2026-08-08T00:17:02+00:00,"Challenger 300 | Teterboro Airport → Martin State Airport | $8,600",,Challenger 300,KTEB - Teterboro Airport,KTEB,TEB,Teterboro Airport,Teterboro,US,KMTN - Martin State Airport,KMTN,MTN,Martin State Airport,Baltimore,US,07 August 2026,2026-08-07,12:00,12:48,48m,"$8,600",8600,USD,$,10,https://villiers.ai/empty-legs/kteb-kmtn-challenger-300-2026-08-07-a103a74a?id=ADHUHR,https://villiers.ai/empty-legs/kteb-kmtn-challenger-300-2026-08-07-a103a74a?id=ADHUHR,https://villiers.ai/empty-legs/kteb-kmtn-challenger-300-2026-08-07-a103a74a?id=ADHUHR,"Fri, 07 Aug 2026 14:22:53 GMT",2026-08-08T00:17:02+00:00
https://villiers.ai/empty-legs/kvny-klas-challenger-300-2026-08-07-a2543fa2?id=ADHUHR,inactive,inactive,2026-08-07T14:47:01+00:00,2026-08-07T23:47:01+00:00,2026-08-08T00:17:02+00:00,"Challenger 300 | Van Nuys Airport → Harry Reid International Airport | $8,600",,Challenger 300,KVNY - Van Nuys Airport,KVNY,VNY,Van Nuys Airport,Van Nuys,US,KLAS - Harry Reid International Airport,KLAS,LAS,Harry Reid International Airport,Las Vegas,US,07 August 2026,2026-08-07,12:00,12:55,55m,"$8,600",8600,USD,$,10,https://villiers.ai/empty-legs/kvny-klas-challenger-300-2026-08-07-a2543fa2?id=ADHUHR,https://villiers.ai/empty-legs/kvny-klas-challenger-300-2026-08-07-a2543fa2?id=ADHUHR,https://villiers.ai/empty-legs/kvny-klas-challenger-300-2026-08-07-a2543fa2?id=ADHUHR,"Fri, 07 Aug 2026 14:22:52 GMT",2026-08-08T00:17:02+00:00
https://villiers.ai/empty-legs/kvny-pahc-citation-x-2026-08-07-a4b8a512?id=ADHUHR,inactive,inactive,2026-08-07T14:47:01+00:00,2026-08-07T23:47:01+00:00,2026-08-08T00:17:02+00:00,"Citation X | Van Nuys Airport → Holy Cross Airport | $8,600",,Citation X,KVNY - Van Nuys Airport,KVNY,VNY,Van Nuys Airport,Van Nuys,US,PAHC - Holy Cross Airport,PAHC,HCR,Holy Cross Airport,Holy Cross,US,07 August 2026,2026-08-07,12:00,17:21,5h 22m,"$8,600",8600,USD,$,12,https://villiers.ai/empty-legs/kvny-pahc-citation-x-2026-08-07-a4b8a512?id=ADHUHR,https://villiers.ai/empty-legs/kvny-pahc-citation-x-2026-08-07-a4b8a512?id=ADHUHR,https://villiers.ai/empty-legs/kvny-pahc-citation-x-2026-08-07-a4b8a512?id=ADHUHR,"Fri, 07 Aug 2026 14:22:58 GMT",2026-08-08T00:17:02+00:00
https://villiers.ai/empty-legs/mhto-ksna-citation-x-2026-08-07-8fbf6937?id=ADHUHR,inactive,inactive,2026-08-07T14:47:01+00:00,2026-08-07T23:47:01+00:00,2026-08-08T00:17:02+00:00,"Citation X | Tocoa Airport → John Wayne Orange County International Airport | $8,600",,Citation X,MHTO - Tocoa Airport,MHTO,,Tocoa Airport,Tocoa,HN,KSNA - John Wayne Orange County International Airport,KSNA,SNA,John Wayne/Orange County Airport,Santa Ana,US,07 August 2026,2026-08-07,12:00,16:49,4h 50m,"$8,600",8600,USD,$,12,https://villiers.ai/empty-legs/mhto-ksna-citation-x-2026-08-07-8fbf6937?id=ADHUHR,https://villiers.ai/empty-legs/mhto-ksna-citation-x-2026-08-07-8fbf6937?id=ADHUHR,https://villiers.ai/empty-legs/mhto-ksna-citation-x-2026-08-07-8fbf6937?id=ADHUHR,"Fri, 07 Aug 2026 14:23:02 GMT",2026-08-08T00:17:02+00:00
https://villiers.ai/empty-legs/myam-mbpv-challenger-300-2026-08-07-711dfab7?id=ADHUHR,inactive,inactive,2026-08-07T14:47:01+00:00,2026-08-07T23:47:01+00:00,2026-08-08T00:17:02+00:00,"Challenger 300 | Leonard M Thompson International Airport → Providenciales International Airport | $10,750",,Challenger 300,MYAM - Leonard M Thompson International Airport,MYAM,MHH,Marsh Harbour International Airport,Marsh Harbour,BS,MBPV - Providenciales International Airport,MBPV,PLS,Providenciales Airport,Providenciales Island,TC,07 August 2026,2026-08-07,12:00,13:19,1h 20m,"$10,750",10750,USD,$,10,https://villiers.ai/empty-legs/myam-mbpv-challenger-300-2026-08-07-711dfab7?id=ADHUHR,https://villiers.ai/empty-legs/myam-mbpv-challenger-300-2026-08-07-711dfab7?id=ADHUHR,https://villiers.ai/empty-legs/myam-mbpv-challenger-300-2026-08-07-711dfab7?id=ADHUHR,"Fri, 07 Aug 2026 14:22:54 GMT",2026-08-08T00:17:02+00:00
https://villiers.ai/empty-legs/eggw-lfpb-phenom-300e-2026-08-08-75ee7657?id=ADHUHR,inactive,inactive,2026-08-07T18:17:02+00:00,2026-08-08T23:47:01+00:00,2026-08-09T00:17:02+00:00,"Phenom 300E | London Luton Airport → Paris Le Bourget Airport | £8,923",,Phenom 300E,EGGW - London Luton Airport,EGGW,LTN,London Luton Airport,London,GB,LFPB - Paris Le Bourget Airport,LFPB,LBG,Paris-Le Bourget Airport,Paris,FR,08 August 2026,2026-08-08,12:00,12:56,56m,"£8,923",8923,GBP,£,9,https://villiers.ai/empty-legs/eggw-lfpb-phenom-300e-2026-08-08-75ee7657?id=ADHUHR,https://villiers.ai/empty-legs/eggw-lfpb-phenom-300e-2026-08-08-75ee7657?id=ADHUHR,https://villiers.ai/empty-legs/eggw-lfpb-phenom-300e-2026-08-08-75ee7657?id=ADHUHR,"Fri, 07 Aug 2026 18:00:55 GMT",2026-08-09T00:17:02+00:00
https://villiers.ai/empty-legs/egkb-lfpb-2026-08-08?id=ADHUHR,inactive,inactive,2026-08-05T22:38:36+00:00,2026-08-08T23:47:01+00:00,2026-08-09T00:17:02+00:00,"Embraer Phenom 300E | Biggin Hill Airport → Paris Le Bourget Airport | £8,923",,Embraer Phenom 300E,EGKB - Biggin Hill Airport,EGKB,BQH,London Biggin Hill Airport,London,GB,LFPB - Paris Le Bourget Airport,LFPB,LBG,Paris-Le Bourget Airport,Paris,FR,08 August 2026,2026-08-08,12:00,12:51,52m,"£8,923",8923,GBP,£,9,https://villiers.ai/empty-legs/egkb-lfpb-2026-08-08?id=ADHUHR,https://villiers.ai/empty-legs/egkb-lfpb-2026-08-08?id=ADHUHR,https://villiers.ai/empty-legs/egkb-lfpb-2026-08-08?id=ADHUHR,"Fri, 31 Jul 2026 19:12:54 GMT",2026-08-09T00:17:02+00:00
https://villiers.ai/empty-legs/kapc-koak-citation-x-2026-08-08-79b15ff6?id=ADHUHR,inactive,inactive,2026-08-07T14:47:01+00:00,2026-08-08T23:47:01+00:00,2026-08-09T00:17:02+00:00,"Citation X | Napa County Airport → San Francisco Bay Oakland International Airport | $8,600",,Citation X,KAPC - Napa County Airport,KAPC,APC,Napa County Airport,Napa,US,KOAK - San Francisco Bay Oakland International Airport,KOAK,OAK,Oakland San Francisco Bay Airport,Oakland,US,08 August 2026,2026-08-08,12:00,12:33,34m,"$8,600",8600,USD,$,12,https://villiers.ai/empty-legs/kapc-koak-citation-x-2026-08-08-79b15ff6?id=ADHUHR,https://villiers.ai/empty-legs/kapc-koak-citation-x-2026-08-08-79b15ff6?id=ADHUHR,https://villiers.ai/empty-legs/kapc-koak-citation-x-2026-08-08-79b15ff6?id=ADHUHR,"Fri, 07 Aug 2026 14:23:02 GMT",2026-08-09T00:17:02+00:00
https://villiers.ai/empty-legs/kcgf-kosu-citation-x-2026-08-08-7916bb85?id=ADHUHR,inactive,inactive,2026-08-07T14:47:01+00:00,2026-08-08T23:47:01+00:00,2026-08-09T00:17:02+00:00,"Citation X | Cuyahoga County Airport → The Ohio State University Airport - Don Scott Field | $8,600",,Citation X,KCGF - Cuyahoga County Airport,KCGF,CGF,Cuyahoga County Airport,Cleveland,US,KOSU - The Ohio State University Airport - Don Scott Field,KOSU,OSU,Ohio State University Airport,Columbus,US,08 August 2026,2026-08-08,12:00,12:44,45m,"$8,600",8600,USD,$,12,https://villiers.ai/empty-legs/kcgf-kosu-citation-x-2026-08-08-7916bb85?id=ADHUHR,https://villiers.ai/empty-legs/kcgf-kosu-citation-x-2026-08-08-7916bb85?id=ADHUHR,https://villiers.ai/empty-legs/kcgf-kosu-citation-x-2026-08-08-7916bb85?id=ADHUHR,"Fri, 07 Aug 2026 14:23:02 GMT",2026-08-09T00:17:02+00:00
https://villiers.ai/empty-legs/kcrq-kcoe-2026-08-08?id=ADHUHR,inactive,inactive,2026-08-05T22:38:36+00:00,2026-08-08T23:47:01+00:00,2026-08-09T00:17:02+00:00,"Citation M2 | McClellan-Palomar Airport → Coeur D'Alene Airport - Pappy Boyington Field | $11,771",,Citation M2,KCRQ - McClellan-Palomar Airport,KCRQ,CLD,Mc Clellan-Palomar Airport,Carlsbad,US,KCOE - Coeur D'Alene Airport - Pappy Boyington Field,KCOE,COE,Coeur D'Alene Airport,Coeur D'Alene,US,08 August 2026,2026-08-08,12:00,14:22,2h 22m,"$11,771",11771,USD,$,7,https://villiers.ai/empty-legs/kcrq-kcoe-2026-08-08?id=ADHUHR,https://villiers.ai/empty-legs/kcrq-kcoe-2026-08-08?id=ADHUHR,https://villiers.ai/empty-legs/kcrq-kcoe-2026-08-08?id=ADHUHR,"Wed, 29 Jul 2026 01:11:08 GMT",2026-08-09T00:17:02+00:00
https://villiers.ai/empty-legs/kcrq-kvgt-2026-08-08?id=ADHUHR,inactive,inactive,2026-08-05T22:38:36+00:00,2026-08-08T23:47:01+00:00,2026-08-09T00:17:02+00:00,"Beechjet 400XP | McClellan-Palomar Airport → North Las Vegas Metropolitan International Airport | $6,396",,Beechjet 400XP,KCRQ - McClellan-Palomar Airport,KCRQ,CLD,Mc Clellan-Palomar Airport,Carlsbad,US,KVGT - North Las Vegas Metropolitan International Airport,KVGT,VGT,North Las Vegas Airport,Las Vegas,US,08 August 2026,2026-08-08,12:00,12:57,57m,"$6,396",6396,USD,$,8,https://villiers.ai/empty-legs/kcrq-kvgt-2026-08-08?id=ADHUHR,https://villiers.ai/empty-legs/kcrq-kvgt-2026-08-08?id=ADHUHR,https://villiers.ai/empty-legs/kcrq-kvgt-2026-08-08?id=ADHUHR,"Wed, 29 Jul 2026 01:11:08 GMT",2026-08-09T00:17:02+00:00
https://villiers.ai/empty-legs/kfll-kpln-challenger-300-2026-08-08-e69234d7?id=ADHUHR,inactive,inactive,2026-08-07T14:47:01+00:00,2026-08-08T23:47:01+00:00,2026-08-09T00:17:02+00:00,"Challenger 300 | Fort Lauderdale Hollywood International Airport → Pellston Regional Airport of Emmet County Airport | $12,900",,Challenger 300,KFLL - Fort Lauderdale Hollywood International Airport,KFLL,FLL,Fort Lauderdale/Hollywood International Airport,Fort Lauderdale,US,KPLN - Pellston Regional Airport of Emmet County Airport,KPLN,PLN,Pellston Regional/Emmet County Airport,Pellston,US,08 August 2026,2026-08-08,12:00,15:02,3h 2m,"$12,900",12900,USD,$,10,https://villiers.ai/empty-legs/kfll-kpln-challenger-300-2026-08-08-e69234d7?id=ADHUHR,https://villiers.ai/empty-legs/kfll-kpln-challenger-300-2026-08-08-e69234d7?id=ADHUHR,https://villiers.ai/empty-legs/kfll-kpln-challenger-300-2026-08-08-e69234d7?id=ADHUHR,"Fri, 07 Aug 2026 14:22:56 GMT",2026-08-09T00:17:02+00:00
https://villiers.ai/empty-legs/kftw-kmkc-challenger-300-2026-08-08-2fc77e7c?id=ADHUHR,inactive,inactive,2026-08-07T14:47:01+00:00,2026-08-08T23:47:01+00:00,2026-08-09T00:17:02+00:00,"Challenger 300 | Fort Worth Meacham International Airport → Charles B. Wheeler Downtown Airport | $9,675",,Challenger 300,KFTW - Fort Worth Meacham International Airport,KFTW,FTW,Fort Worth Meacham International Airport,Fort Worth,US,KMKC - Charles B. Wheeler Downtown Airport,KMKC,MKC,Kansas City Downtown/Wheeler Field,Kansas City,US,08 August 2026,2026-08-08,12:00,13:21,1h 21m,"$9,675",9675,USD,$,10,https://villiers.ai/empty-legs/kftw-kmkc-challenger-300-2026-08-08-2fc77e7c?id=ADHUHR,https://villiers.ai/empty-legs/kftw-kmkc-challenger-300-2026-08-08-2fc77e7c?id=ADHUHR,https://villiers.ai/empty-legs/kftw-kmkc-challenger-300-2026-08-08-2fc77e7c?id=ADHUHR,"Fri, 07 Aug 2026 14:22:56 GMT",2026-08-09T00:17:02+00:00
https://villiers.ai/empty-legs/kftw-sktm-citation-x-2026-08-08-108b1c5e?id=ADHUHR,inactive,inactive,2026-08-07T14:47:01+00:00,2026-08-08T23:47:01+00:00,2026-08-09T00:17:02+00:00,"Citation X | Fort Worth Meacham International Airport → Gustavo Vargas Airport | $8,600",,Citation X,KFTW - Fort Worth Meacham International Airport,KFTW,FTW,Fort Worth Meacham International Airport,Fort Worth,US,SKTM - Gustavo Vargas Airport,SKTM,TME,Gustavo Vargas Airport,Tame,CO,08 August 2026,2026-08-08,12:00,17:02,5h 2m,"$8,600",8600,USD,$,12,https://villiers.ai/empty-legs/kftw-sktm-citation-x-2026-08-08-108b1c5e?id=ADHUHR,https://villiers.ai/empty-legs/kftw-sktm-citation-x-2026-08-08-108b1c5e?id=ADHUHR,https://villiers.ai/empty-legs/kftw-sktm-citation-x-2026-08-08-108b1c5e?id=ADHUHR,"Fri, 07 Aug 2026 14:23:03 GMT",2026-08-09T00:17:02+00:00
https://villiers.ai/empty-legs/khou-kdal-cessna-citation-ultra-2026-08-08-5408b1f3?id=ADHUHR,inactive,inactive,2026-08-08T14:17:02+00:00,2026-08-08T23:47:01+00:00,2026-08-09T00:17:02+00:00,"Cessna Citation Ultra | William P. Hobby Airport → Dallas Love Field | $3,118",,Cessna Citation Ultra,KHOU - William P. Hobby Airport,KHOU,HOU,William P Hobby Airport,Houston,US,KDAL - Dallas Love Field,KDAL,DAL,Dallas Love Field,Dallas,US,08 August 2026,2026-08-08,12:00,12:56,57m,"$3,118",3118,USD,$,7,https://villiers.ai/empty-legs/khou-kdal-cessna-citation-ultra-2026-08-08-5408b1f3?id=ADHUHR,https://villiers.ai/empty-legs/khou-kdal-cessna-citation-ultra-2026-08-08-5408b1f3?id=ADHUHR,https://villiers.ai/empty-legs/khou-kdal-cessna-citation-ultra-2026-08-08-5408b1f3?id=ADHUHR,"Sat, 08 Aug 2026 14:08:44 GMT",2026-08-09T00:17:02+00:00
https://villiers.ai/empty-legs/khou-khum-2026-08-08?id=ADHUHR,inactive,inactive,2026-08-05T22:38:36+00:00,2026-08-08T23:47:01+00:00,2026-08-09T00:17:02+00:00,"Cessna Citation V | William P. Hobby Airport → Houma Terrebonne Airport | $3,118",,Cessna Citation V,KHOU - William P. Hobby Airport,KHOU,HOU,William P Hobby Airport,Houston,US,KHUM - Houma Terrebonne Airport,KHUM,HUM,Houma-Terrebonne Airport,Houma,US,08 August 2026,2026-08-08,12:00,13:00,1h 1m,"$3,118",3118,USD,$,7,https://villiers.ai/empty-legs/khou-khum-2026-08-08?id=ADHUHR,https://villiers.ai/empty-legs/khou-khum-2026-08-08?id=ADHUHR,https://villiers.ai/empty-legs/khou-khum-2026-08-08?id=ADHUHR,"Wed, 05 Aug 2026 15:25:58 GMT",2026-08-09T00:17:02+00:00
https://villiers.ai/empty-legs/kjac-kbzn-challenger-300-2026-08-08-50afa8b9?id=ADHUHR,inactive,inactive,2026-08-07T14:47:01+00:00,2026-08-08T23:47:01+00:00,2026-08-09T00:17:02+00:00,"Challenger 300 | Jackson Hole Airport → Bozeman Yellowstone International Airport | $8,600",,Challenger 300,KJAC - Jackson Hole Airport,KJAC,JAC,Jackson Hole Airport,Jackson,US,KBZN - Bozeman Yellowstone International Airport,KBZN,BZN,Bozeman Yellowstone International Airport,Bozeman,US,08 August 2026,2026-08-08,12:00,12:46,47m,"$8,600",8600,USD,$,10,https://villiers.ai/empty-legs/kjac-kbzn-challenger-300-2026-08-08-50afa8b9?id=ADHUHR,https://villiers.ai/empty-legs/kjac-kbzn-challenger-300-2026-08-08-50afa8b9?id=ADHUHR,https://villiers.ai/empty-legs/kjac-kbzn-challenger-300-2026-08-08-50afa8b9?id=ADHUHR,"Fri, 07 Aug 2026 14:22:56 GMT",2026-08-09T00:17:02+00:00
https://villiers.ai/empty-legs/kmco-kdts-cessna-citation-v-2026-08-08-8b99edd4?id=ADHUHR,inactive,inactive,2026-08-06T15:47:01+00:00,2026-08-08T23:47:01+00:00,2026-08-09T00:17:02+00:00,"Cessna Citation V | Orlando International Airport → Destin Executive Airport | $4,193",,Cessna Citation V,KMCO - Orlando International Airport,KMCO,MCO,Orlando International Airport,Orlando,US,KDTS - Destin Executive Airport,KDTS,DSI,Destin Executive Airport,Destin,US,08 August 2026,2026-08-08,12:00,13:07,1h 8m,"$4,193",4193,USD,$,7,https://villiers.ai/empty-legs/kmco-kdts-cessna-citation-v-2026-08-08-8b99edd4?id=ADHUHR,https://villiers.ai/empty-legs/kmco-kdts-cessna-citation-v-2026-08-08-8b99edd4?id=ADHUHR,https://villiers.ai/empty-legs/kmco-kdts-cessna-citation-v-2026-08-08-8b99edd4?id=ADHUHR,"Thu, 06 Aug 2026 15:26:13 GMT",2026-08-09T00:17:02+00:00
https://villiers.ai/empty-legs/kmvy-kack-citation-x-2026-08-08-ca85054d?id=ADHUHR,inactive,inactive,2026-08-07T14:47:01+00:00,2026-08-08T23:47:01+00:00,2026-08-09T00:17:02+00:00,"Citation X | Martha's Vineyard Airport → Nantucket Memorial Airport | $8,600",,Citation X,KMVY - Martha's Vineyard Airport,KMVY,MVY,Martha's Vineyard Airport,Vineyard Haven,US,KACK - Nantucket Memorial Airport,KACK,ACK,Nantucket Memorial Airport,Nantucket,US,08 August 2026,2026-08-08,12:00,12:33,33m,"$8,600",8600,USD,$,12,https://villiers.ai/empty-legs/kmvy-kack-citation-x-2026-08-08-ca85054d?id=ADHUHR,https://villiers.ai/empty-legs/kmvy-kack-citation-x-2026-08-08-ca85054d?id=ADHUHR,https://villiers.ai/empty-legs/kmvy-kack-citation-x-2026-08-08-ca85054d?id=ADHUHR,"Fri, 07 Aug 2026 14:23:03 GMT",2026-08-09T00:17:02+00:00
https://villiers.ai/empty-legs/kopf-kfok-challenger-300-2026-08-08-9054ba6c?id=ADHUHR,inactive,inactive,2026-08-07T14:47:01+00:00,2026-08-08T23:47:01+00:00,2026-08-09T00:17:02+00:00,"Challenger 300 | Miami-Opa Locka Executive Airport → Francis S Gabreski Airport | $8,600",,Challenger 300,KOPF - Miami-Opa Locka Executive Airport,KOPF,OPF,Miami-Opa Locka Executive Airport,Miami,US,KFOK - Francis S Gabreski Airport,KFOK,FOK,Francis S Gabreski Airport,Westhampton Beach,US,08 August 2026,2026-08-08,12:00,14:34,2h 34m,"$8,600",8600,USD,$,10,https://villiers.ai/empty-legs/kopf-kfok-challenger-300-2026-08-08-9054ba6c?id=ADHUHR,https://villiers.ai/empty-legs/kopf-kfok-challenger-300-2026-08-08-9054ba6c?id=ADHUHR,https://villiers.ai/empty-legs/kopf-kfok-challenger-300-2026-08-08-9054ba6c?id=ADHUHR,"Fri, 07 Aug 2026 14:22:55 GMT",2026-08-09T00:17:02+00:00
https://villiers.ai/empty-legs/kopf-kism-citation-x-2026-08-08-f2a805bd?id=ADHUHR,inactive,inactive,2026-08-07T14:47:01+00:00,2026-08-08T23:47:01+00:00,2026-08-09T00:17:02+00:00,"Citation X | Miami-Opa Locka Executive Airport → Kissimmee Gateway Airport | $8,600",,Citation X,KOPF - Miami-Opa Locka Executive Airport,KOPF,OPF,Miami-Opa Locka Executive Airport,Miami,US,KISM - Kissimmee Gateway Airport,KISM,ISM,Kissimmee Gateway Airport,Orlando,US,08 August 2026,2026-08-08,12:00,12:49,50m,"$8,600",8600,USD,$,12,https://villiers.ai/empty-legs/kopf-kism-citation-x-2026-08-08-f2a805bd?id=ADHUHR,https://villiers.ai/empty-legs/kopf-kism-citation-x-2026-08-08-f2a805bd?id=ADHUHR,https://villiers.ai/empty-legs/kopf-kism-citation-x-2026-08-08-f2a805bd?id=ADHUHR,"Fri, 07 Aug 2026 14:23:02 GMT",2026-08-09T00:17:02+00:00
https://villiers.ai/empty-legs/koxc-kteb-citation-x-2026-08-08-2cbc5dbb?id=ADHUHR,inactive,inactive,2026-08-07T14:47:01+00:00,2026-08-08T23:47:01+00:00,2026-08-09T00:17:02+00:00,"Citation X | Waterbury Oxford Airport → Teterboro Airport | $8,600",,Citation X,KOXC - Waterbury Oxford Airport,KOXC,OXC,Waterbury-Oxford Airport,Oxford,US,KTEB - Teterboro Airport,KTEB,TEB,Teterboro Airport,Teterboro,US,08 August 2026,2026-08-08,12:00,12:37,37m,"$8,600",8600,USD,$,12,https://villiers.ai/empty-legs/koxc-kteb-citation-x-2026-08-08-2cbc5dbb?id=ADHUHR,https://villiers.ai/empty-legs/koxc-kteb-citation-x-2026-08-08-2cbc5dbb?id=ADHUHR,https://villiers.ai/empty-legs/koxc-kteb-citation-x-2026-08-08-2cbc5dbb?id=ADHUHR,"Fri, 07 Aug 2026 14:23:03 GMT",2026-08-09T00:17:02+00:00
https://villiers.ai/empty-legs/kphl-kmjx-challenger-300-2026-08-08-249dbebf?id=ADHUHR,inactive,inactive,2026-08-07T14:47:01+00:00,2026-08-08T23:47:01+00:00,2026-08-09T00:17:02+00:00,"Challenger 300 | Philadelphia International Airport → Ocean County Airport | $8,600",,Challenger 300,KPHL - Philadelphia International Airport,KPHL,PHL,Philadelphia International Airport,Philadelphia,US,KMJX - Ocean County Airport,KMJX,MJX,Ocean County Airport,Toms River,US,08 August 2026,2026-08-08,12:00,12:35,36m,"$8,600",8600,USD,$,10,https://villiers.ai/empty-legs/kphl-kmjx-challenger-300-2026-08-08-249dbebf?id=ADHUHR,https://villiers.ai/empty-legs/kphl-kmjx-challenger-300-2026-08-08-249dbebf?id=ADHUHR,https://villiers.ai/empty-legs/kphl-kmjx-challenger-300-2026-08-08-249dbebf?id=ADHUHR,"Fri, 07 Aug 2026 14:22:57 GMT",2026-08-09T00:17:02+00:00
https://villiers.ai/empty-legs/kphl-kpwm-challenger-300-2026-08-08-006c64c3?id=ADHUHR,inactive,inactive,2026-08-07T14:47:01+00:00,2026-08-08T23:47:01+00:00,2026-08-09T00:17:02+00:00,"Challenger 300 | Philadelphia International Airport → Portland International Jetport | $8,600",,Challenger 300,KPHL - Philadelphia International Airport,KPHL,PHL,Philadelphia International Airport,Philadelphia,US,KPWM - Portland International Jetport,KPWM,PWM,Portland International Jetport Airport,Portland,US,08 August 2026,2026-08-08,12:00,13:10,1h 10m,"$8,600",8600,USD,$,10,https://villiers.ai/empty-legs/kphl-kpwm-challenger-300-2026-08-08-006c64c3?id=ADHUHR,https://villiers.ai/empty-legs/kphl-kpwm-challenger-300-2026-08-08-006c64c3?id=ADHUHR,https://villiers.ai/empty-legs/kphl-kpwm-challenger-300-2026-08-08-006c64c3?id=ADHUHR,"Fri, 07 Aug 2026 14:22:57 GMT",2026-08-09T00:17:02+00:00
https://villiers.ai/empty-legs/ksgr-khpn-citation-x-2026-08-08-61b6be9d?id=ADHUHR,inactive,inactive,2026-08-07T14:47:01+00:00,2026-08-08T23:47:01+00:00,2026-08-09T00:17:02+00:00,"Citation X | Sugar Land Regional Airport → Westchester County Airport | $15,050",,Citation X,KSGR - Sugar Land Regional Airport,KSGR,SGR,Sugar Land Regional Airport,Houston,US,KHPN - Westchester County Airport,KHPN,HPN,Westchester County Airport,White Plains,US,08 August 2026,2026-08-08,12:00,15:12,3h 12m,"$15,050",15050,USD,$,12,https://villiers.ai/empty-legs/ksgr-khpn-citation-x-2026-08-08-61b6be9d?id=ADHUHR,https://villiers.ai/empty-legs/ksgr-khpn-citation-x-2026-08-08-61b6be9d?id=ADHUHR,https://villiers.ai/empty-legs/ksgr-khpn-citation-x-2026-08-08-61b6be9d?id=ADHUHR,"Fri, 07 Aug 2026 14:23:03 GMT",2026-08-09T00:17:02+00:00
https://villiers.ai/empty-legs/kslc-khdn-citation-x-2026-08-08-07d1ddbd?id=ADHUHR,inactive,inactive,2026-08-07T14:47:01+00:00,2026-08-08T23:47:01+00:00,2026-08-09T00:17:02+00:00,"Citation X | Salt Lake City International Airport → Yampa Valley Airport | $9,675",,Citation X,KSLC - Salt Lake City International Airport,KSLC,SLC,Salt Lake City International Airport,Salt Lake City,US,KHDN - Yampa Valley Airport,KHDN,HDN,Yampa Valley Airport,Hayden,US,08 August 2026,2026-08-08,12:00,12:57,58m,"$9,675",9675,USD,$,12,https://villiers.ai/empty-legs/kslc-khdn-citation-x-2026-08-08-07d1ddbd?id=ADHUHR,https://villiers.ai/empty-legs/kslc-khdn-citation-x-2026-08-08-07d1ddbd?id=ADHUHR,https://villiers.ai/empty-legs/kslc-khdn-citation-x-2026-08-08-07d1ddbd?id=ADHUHR,"Fri, 07 Aug 2026 14:23:04 GMT",2026-08-09T00:17:02+00:00
https://villiers.ai/empty-legs/kslc-ksaa-citation-x-2026-08-08-c9fe0a91?id=ADHUHR,inactive,inactive,2026-08-07T14:47:01+00:00,2026-08-08T23:47:01+00:00,2026-08-09T00:17:02+00:00,"Citation X | Salt Lake City International Airport → Shively Field | $8,600",,Citation X,KSLC - Salt Lake City International Airport,KSLC,SLC,Salt Lake City International Airport,Salt Lake City,US,KSAA - Shively Field,KSAA,SAA,Shively Field,Saratoga,US,08 August 2026,2026-08-08,12:00,13:00,1h 0m,"$8,600",8600,USD,$,12,https://villiers.ai/empty-legs/kslc-ksaa-citation-x-2026-08-08-c9fe0a91?id=ADHUHR,https://villiers.ai/empty-legs/kslc-ksaa-citation-x-2026-08-08-c9fe0a91?id=ADHUHR,https://villiers.ai/empty-legs/kslc-ksaa-citation-x-2026-08-08-c9fe0a91?id=ADHUHR,"Fri, 07 Aug 2026 14:23:04 GMT",2026-08-09T00:17:02+00:00
https://villiers.ai/empty-legs/kteb-kfrg-challenger-300-2026-08-08-982105c0?id=ADHUHR,inactive,inactive,2026-08-07T14:47:01+00:00,2026-08-08T23:47:01+00:00,2026-08-09T00:17:02+00:00,"Challenger 300 | Teterboro Airport → Republic Airport | $8,600",,Challenger 300,KTEB - Teterboro Airport,KTEB,TEB,Teterboro Airport,Teterboro,US,KFRG - Republic Airport,KFRG,FRG,Republic Airport,Farmingdale,US,08 August 2026,2026-08-08,12:00,12:33,34m,"$8,600",8600,USD,$,10,https://villiers.ai/empty-legs/kteb-kfrg-challenger-300-2026-08-08-982105c0?id=ADHUHR,https://villiers.ai/empty-legs/kteb-kfrg-challenger-300-2026-08-08-982105c0?id=ADHUHR,https://villiers.ai/empty-legs/kteb-kfrg-challenger-300-2026-08-08-982105c0?id=ADHUHR,"Fri, 07 Aug 2026 14:22:55 GMT",2026-08-09T00:17:02+00:00
https://villiers.ai/empty-legs/kttn-kfok-citation-x-2026-08-08-e59712fa?id=ADHUHR,inactive,inactive,2026-08-07T14:47:01+00:00,2026-08-08T23:47:01+00:00,2026-08-09T00:17:02+00:00,"Citation X | Trenton Mercer Airport → Francis S Gabreski Airport | $8,600",,Citation X,KTTN - Trenton Mercer Airport,KTTN,TTN,Trenton Mercer Airport,Trenton,US,KFOK - Francis S Gabreski Airport,KFOK,FOK,Francis S Gabreski Airport,Westhampton Beach,US,08 August 2026,2026-08-08,12:00,12:43,43m,"$8,600",8600,USD,$,12,https://villiers.ai/empty-legs/kttn-kfok-citation-x-2026-08-08-e59712fa?id=ADHUHR,https://villiers.ai/empty-legs/kttn-kfok-citation-x-2026-08-08-e59712fa?id=ADHUHR,https://villiers.ai/empty-legs/kttn-kfok-citation-x-2026-08-08-e59712fa?id=ADHUHR,"Fri, 07 Aug 2026 14:23:04 GMT",2026-08-09T00:17:02+00:00
https://villiers.ai/empty-legs/kvny-kbed-citation-x-2026-08-08-1b795de7?id=ADHUHR,inactive,inactive,2026-08-07T14:47:01+00:00,2026-08-08T23:47:01+00:00,2026-08-09T00:17:02+00:00,"Citation X | Van Nuys Airport → Laurence G Hanscom Field | $23,650",,Citation X,KVNY - Van Nuys Airport,KVNY,VNY,Van Nuys Airport,Van Nuys,US,KBED - Laurence G Hanscom Field,KBED,BED,Laurence G Hanscom Field,Bedford,US,08 August 2026,2026-08-08,12:00,17:16,5h 17m,"$23,650",23650,USD,$,12,https://villiers.ai/empty-legs/kvny-kbed-citation-x-2026-08-08-1b795de7?id=ADHUHR,https://villiers.ai/empty-legs/kvny-kbed-citation-x-2026-08-08-1b795de7?id=ADHUHR,https://villiers.ai/empty-legs/kvny-kbed-citation-x-2026-08-08-1b795de7?id=ADHUHR,"Fri, 07 Aug 2026 14:23:02 GMT",2026-08-09T00:17:02+00:00
https://villiers.ai/empty-legs/sf_all-ksna-citation-x-2026-08-08-fe7b5bfc?id=ADHUHR,inactive,inactive,2026-08-07T14:47:01+00:00,2026-08-08T23:47:01+00:00,2026-08-09T00:17:02+00:00,"Citation X | All San Francisco, United States Airports → John Wayne Orange County International Airport | $8,600",,Citation X,"SF_ALL - All San Francisco, United States Airports",,,"All San Francisco, United States Airports",,,KSNA - John Wayne Orange County International Airport,KSNA,SNA,John Wayne/Orange County Airport,Santa Ana,US,08 August 2026,2026-08-08,12:00,13:12,1h 12m,"$8,600",8600,USD,$,12,https://villiers.ai/empty-legs/sf_all-ksna-citation-x-2026-08-08-fe7b5bfc?id=ADHUHR,https://villiers.ai/empty-legs/sf_all-ksna-citation-x-2026-08-08-fe7b5bfc?id=ADHUHR,https://villiers.ai/empty-legs/sf_all-ksna-citation-x-2026-08-08-fe7b5bfc?id=ADHUHR,"Fri, 07 Aug 2026 14:23:03 GMT",2026-08-09T00:17:02+00:00
https://villiers.ai/empty-legs/svan-kftw-challenger-300-2026-08-08-d5cc3b11?id=ADHUHR,inactive,inactive,2026-08-07T14:47:01+00:00,2026-08-08T23:47:01+00:00,2026-08-09T00:17:02+00:00,"Challenger 300 | Anaco Airport → Fort Worth Meacham International Airport | $9,675",,Challenger 300,SVAN - Anaco Airport,SVAN,AAO,Anaco Airport,Anaco,VE,KFTW - Fort Worth Meacham International Airport,KFTW,FTW,Fort Worth Meacham International Airport,Fort Worth,US,08 August 2026,2026-08-08,12:00,17:23,5h 23m,"$9,675",9675,USD,$,10,https://villiers.ai/empty-legs/svan-kftw-challenger-300-2026-08-08-d5cc3b11?id=ADHUHR,https://villiers.ai/empty-legs/svan-kftw-challenger-300-2026-08-08-d5cc3b11?id=ADHUHR,https://villiers.ai/empty-legs/svan-kftw-challenger-300-2026-08-08-d5cc3b11?id=ADHUHR,"Fri, 07 Aug 2026 14:22:55 GMT",2026-08-09T00:17:02+00:00
https://villiers.ai/empty-legs/cyfj-kteb-citation-x-2026-08-09-083ed5a9?id=ADHUHR,inactive,inactive,2026-08-07T14:47:01+00:00,2026-08-09T23:47:01+00:00,2026-08-10T00:17:01+00:00,"Citation X | Mont-Tremblant International Airport → Teterboro Airport | $10,750",,Citation X,CYFJ - Mont-Tremblant International Airport,CYFJ,YTM,La Macaza / Mont-Tremblant International Inc Airport,Riviere Rouge,CA,KTEB - Teterboro Airport,KTEB,TEB,Teterboro Airport,Teterboro,US,09 August 2026,2026-08-09,12:00,13:12,1h 13m,"$10,750",10750,USD,$,12,https://villiers.ai/empty-legs/cyfj-kteb-citation-x-2026-08-09-083ed5a9?id=ADHUHR,https://villiers.ai/empty-legs/cyfj-kteb-citation-x-2026-08-09-083ed5a9?id=ADHUHR,https://villiers.ai/empty-legs/cyfj-kteb-citation-x-2026-08-09-083ed5a9?id=ADHUHR,"Fri, 07 Aug 2026 14:23:06 GMT",2026-08-10T00:17:01+00:00
https://villiers.ai/empty-legs/kack-kttn-challenger-300-2026-08-09-495adb07?id=ADHUHR,inactive,inactive,2026-08-07T14:47:01+00:00,2026-08-09T23:47:01+00:00,2026-08-10T00:17:01+00:00,"Challenger 300 | Nantucket Memorial Airport → Trenton Mercer Airport | $8,600",,Challenger 300,KACK - Nantucket Memorial Airport,KACK,ACK,Nantucket Memorial Airport,Nantucket,US,KTTN - Trenton Mercer Airport,KTTN,TTN,Trenton Mercer Airport,Trenton,US,09 August 2026,2026-08-09,12:00,12:58,59m,"$8,600",8600,USD,$,10,https://villiers.ai/empty-legs/kack-kttn-challenger-300-2026-08-09-495adb07?id=ADHUHR,https://villiers.ai/empty-legs/kack-kttn-challenger-300-2026-08-09-495adb07?id=ADHUHR,https://villiers.ai/empty-legs/kack-kttn-challenger-300-2026-08-09-495adb07?id=ADHUHR,"Fri, 07 Aug 2026 14:22:57 GMT",2026-08-10T00:17:01+00:00
https://villiers.ai/empty-legs/kacv-krno-citation-x-2026-08-09-6c493f78?id=ADHUHR,inactive,inactive,2026-08-07T14:47:01+00:00,2026-08-09T23:47:01+00:00,2026-08-10T00:17:01+00:00,"Citation X | California Redwood Coast-Humboldt County Airport → Reno Tahoe International Airport | $8,600",,Citation X,KACV - California Redwood Coast-Humboldt County Airport,KACV,ACV,California Redwood Coast-Humboldt County Airport,Arcata/Eureka,US,KRNO - Reno Tahoe International Airport,KRNO,RNO,Reno/Tahoe International Airport,Reno,US,09 August 2026,2026-08-09,12:00,12:57,58m,"$8,600",8600,USD,$,12,https://villiers.ai/empty-legs/kacv-krno-citation-x-2026-08-09-6c493f78?id=ADHUHR,https://villiers.ai/empty-legs/kacv-krno-citation-x-2026-08-09-6c493f78?id=ADHUHR,https://villiers.ai/empty-legs/kacv-krno-citation-x-2026-08-09-6c493f78?id=ADHUHR,"Fri, 07 Aug 2026 14:23:04 GMT",2026-08-10T00:17:01+00:00
https://villiers.ai/empty-legs/kapf-mroc-citation-x-2026-08-09-d5bd2877?id=ADHUHR,inactive,inactive,2026-08-07T14:47:01+00:00,2026-08-09T23:47:01+00:00,2026-08-10T00:17:01+00:00,"Citation X | Naples Municipal Airport → Juan Santamaría International Airport | $16,125",,Citation X,KAPF - Naples Municipal Airport,KAPF,APF,Naples Municipal Airport,Naples,US,MROC - Juan Santamaría International Airport,MROC,SJO,Juan Santamaria International Airport,San Jose,CR,09 August 2026,2026-08-09,12:00,14:35,2h 35m,"$16,125",16125,USD,$,12,https://villiers.ai/empty-legs/kapf-mroc-citation-x-2026-08-09-d5bd2877?id=ADHUHR,https://villiers.ai/empty-legs/kapf-mroc-citation-x-2026-08-09-d5bd2877?id=ADHUHR,https://villiers.ai/empty-legs/kapf-mroc-citation-x-2026-08-09-d5bd2877?id=ADHUHR,"Fri, 07 Aug 2026 14:23:04 GMT",2026-08-10T00:17:01+00:00
https://villiers.ai/empty-legs/kase-ksdl-2026-08-09?id=ADHUHR,inactive,inactive,2026-08-05T22:38:36+00:00,2026-08-09T23:47:01+00:00,2026-08-10T00:17:01+00:00,"Gulfstream G200 | Aspen-Pitkin County Airport (Sardy Field) → Scottsdale Airport | $12,846",,Gulfstream G200,KASE - Aspen-Pitkin County Airport (Sardy Field),KASE,ASE,Aspen-Pitkin County/Sardy Field,Aspen,US,KSDL - Scottsdale Airport,KSDL,SCF,Scottsdale Airport,Scottsdale,US,09 August 2026,2026-08-09,12:00,13:22,1h 23m,"$12,846",12846,USD,$,10,https://villiers.ai/empty-legs/kase-ksdl-2026-08-09?id=ADHUHR,https://villiers.ai/empty-legs/kase-ksdl-2026-08-09?id=ADHUHR,https://villiers.ai/empty-legs/kase-ksdl-2026-08-09?id=ADHUHR,"Wed, 29 Jul 2026 01:11:08 GMT",2026-08-10T00:17:01+00:00
https://villiers.ai/empty-legs/kasx-kmdw-bombardier-challenger-300-2026-08-09-e79bd4e0?id=ADHUHR,inactive,inactive,2026-08-09T16:47:01+00:00,2026-08-09T23:47:01+00:00,2026-08-10T00:17:01+00:00,"Bombardier Challenger 300 | John F Kennedy Memorial Airport → Chicago Midway International Airport | $7,095",,Bombardier Challenger 300,KASX - John F Kennedy Memorial Airport,KASX,ASX,John F Kennedy Memorial Airport,Ashland,US,KMDW - Chicago Midway International Airport,KMDW,MDW,Chicago Midway International Airport,Chicago,US,09 August 2026,2026-08-09,12:00,13:10,1h 10m,"$7,095",7095,USD,$,9,https://villiers.ai/empty-legs/kasx-kmdw-bombardier-challenger-300-2026-08-09-e79bd4e0?id=ADHUHR,https://villiers.ai/empty-legs/kasx-kmdw-bombardier-challenger-300-2026-08-09-e79bd4e0?id=ADHUHR,https://villiers.ai/empty-legs/kasx-kmdw-bombardier-challenger-300-2026-08-09-e79bd4e0?id=ADHUHR,"Sun, 09 Aug 2026 16:29:20 GMT",2026-08-10T00:17:01+00:00
https://villiers.ai/empty-legs/kaus-kdal-challenger-300-2026-08-09-78693a0c?id=ADHUHR,inactive,inactive,2026-08-07T14:47:01+00:00,2026-08-09T23:47:01+00:00,2026-08-10T00:17:01+00:00,"Challenger 300 | Austin Bergstrom International Airport → Dallas Love Field | $8,600",,Challenger 300,KAUS - Austin Bergstrom International Airport,KAUS,AUS,Austin-Bergstrom International Airport,Austin,US,KDAL - Dallas Love Field,KDAL,DAL,Dallas Love Field,Dallas,US,09 August 2026,2026-08-09,12:00,12:50,51m,"$8,600",8600,USD,$,10,https://villiers.ai/empty-legs/kaus-kdal-challenger-300-2026-08-09-78693a0c?id=ADHUHR,https://villiers.ai/empty-legs/kaus-kdal-challenger-300-2026-08-09-78693a0c?id=ADHUHR,https://villiers.ai/empty-legs/kaus-kdal-challenger-300-2026-08-09-78693a0c?id=ADHUHR,"Fri, 07 Aug 2026 14:22:57 GMT",2026-08-10T00:17:01+00:00
https://villiers.ai/empty-legs/kcos-ksaa-citation-x-2026-08-09-15f6a01a?id=ADHUHR,inactive,inactive,2026-08-07T14:47:01+00:00,2026-08-09T23:47:01+00:00,2026-08-10T00:17:01+00:00,"Citation X | City of Colorado Springs Municipal Airport → Shively Field | $9,675",,Citation X,KCOS - City of Colorado Springs Municipal Airport,KCOS,COS,City Of Colorado Springs Municipal Airport,Colorado Springs,US,KSAA - Shively Field,KSAA,SAA,Shively Field,Saratoga,US,09 August 2026,2026-08-09,12:00,12:53,54m,"$9,675",9675,USD,$,12,https://villiers.ai/empty-legs/kcos-ksaa-citation-x-2026-08-09-15f6a01a?id=ADHUHR,https://villiers.ai/empty-legs/kcos-ksaa-citation-x-2026-08-09-15f6a01a?id=ADHUHR,https://villiers.ai/empty-legs/kcos-ksaa-citation-x-2026-08-09-15f6a01a?id=ADHUHR,"Fri, 07 Aug 2026 14:23:04 GMT",2026-08-10T00:17:01+00:00
https://villiers.ai/empty-legs/kcpr-khou-cessna-citation-ultra-2026-08-09-7d418262?id=ADHUHR,inactive,inactive,2026-08-07T14:47:01+00:00,2026-08-09T23:47:01+00:00,2026-08-10T00:17:01+00:00,"Cessna Citation Ultra | Casper-Natrona County International Airport → William P. Hobby Airport | $9,353",,Cessna Citation Ultra,KCPR - Casper-Natrona County International Airport,KCPR,CPR,Casper/Natrona County International Airport,Casper,US,KHOU - William P. Hobby Airport,KHOU,HOU,William P Hobby Airport,Houston,US,09 August 2026,2026-08-09,12:00,14:32,2h 33m,"$9,353",9353,USD,$,7,https://villiers.ai/empty-legs/kcpr-khou-cessna-citation-ultra-2026-08-09-7d418262?id=ADHUHR,https://villiers.ai/empty-legs/kcpr-khou-cessna-citation-ultra-2026-08-09-7d418262?id=ADHUHR,https://villiers.ai/empty-legs/kcpr-khou-cessna-citation-ultra-2026-08-09-7d418262?id=ADHUHR,"Fri, 07 Aug 2026 14:24:20 GMT",2026-08-10T00:17:01+00:00
https://villiers.ai/empty-legs/kcrq-ktrk-2026-08-09?id=ADHUHR,inactive,inactive,2026-08-05T22:38:36+00:00,2026-08-09T23:47:01+00:00,2026-08-10T00:17:01+00:00,"Hawker 900XP | McClellan-Palomar Airport → Truckee Tahoe Airport | $10,750",,Hawker 900XP,KCRQ - McClellan-Palomar Airport,KCRQ,CLD,Mc Clellan-Palomar Airport,Carlsbad,US,KTRK - Truckee Tahoe Airport,KTRK,TKF,Truckee-Tahoe Airport,Truckee,US,09 August 2026,2026-08-09,12:00,13:20,1h 21m,"$10,750",10750,USD,$,9,https://villiers.ai/empty-legs/kcrq-ktrk-2026-08-09?id=ADHUHR,https://villiers.ai/empty-legs/kcrq-ktrk-2026-08-09?id=ADHUHR,https://villiers.ai/empty-legs/kcrq-ktrk-2026-08-09?id=ADHUHR,"Wed, 29 Jul 2026 01:11:08 GMT",2026-08-10T00:17:01+00:00
https://villiers.ai/empty-legs/kdal-koqu-citation-x-2026-08-09-50e2ffcd?id=ADHUHR,inactive,inactive,2026-08-07T14:47:01+00:00,2026-08-09T23:47:01+00:00,2026-08-10T00:17:01+00:00,"Citation X | Dallas Love Field → Quonset State Airport | $15,050",,Citation X,KDAL - Dallas Love Field,KDAL,DAL,Dallas Love Field,Dallas,US,KOQU - Quonset State Airport,KOQU,NCO,Quonset State Airport,North Kingstown,US,09 August 2026,2026-08-09,12:00,15:18,3h 18m,"$15,050",15050,USD,$,12,https://villiers.ai/empty-legs/kdal-koqu-citation-x-2026-08-09-50e2ffcd?id=ADHUHR,https://villiers.ai/empty-legs/kdal-koqu-citation-x-2026-08-09-50e2ffcd?id=ADHUHR,https://villiers.ai/empty-legs/kdal-koqu-citation-x-2026-08-09-50e2ffcd?id=ADHUHR,"Fri, 07 Aug 2026 14:23:05 GMT",2026-08-10T00:17:01+00:00
https://villiers.ai/empty-legs/kdcu-kbbg-cessna-citation-v-2026-08-09-d98922fe?id=ADHUHR,inactive,inactive,2026-08-06T15:47:01+00:00,2026-08-09T23:47:01+00:00,2026-08-10T00:17:01+00:00,"Cessna Citation V | Pryor Field Regional Airport → Branson Airport | $4,838",,Cessna Citation V,KDCU - Pryor Field Regional Airport,KDCU,DCU,Pryor Field Regional Airport,Decatur,US,KBBG - Branson Airport,KBBG,BKG,Branson Airport,Branson,US,09 August 2026,2026-08-09,12:00,13:11,1h 12m,"$4,838",4838,USD,$,7,https://villiers.ai/empty-legs/kdcu-kbbg-cessna-citation-v-2026-08-09-d98922fe?id=ADHUHR,https://villiers.ai/empty-legs/kdcu-kbbg-cessna-citation-v-2026-08-09-d98922fe?id=ADHUHR,https://villiers.ai/empty-legs/kdcu-kbbg-cessna-citation-v-2026-08-09-d98922fe?id=ADHUHR,"Thu, 06 Aug 2026 15:26:13 GMT",2026-08-10T00:17:01+00:00
https://villiers.ai/empty-legs/kdpa-kfok-challenger-300-2026-08-09-5e4cac8b?id=ADHUHR,inactive,inactive,2026-08-07T14:47:01+00:00,2026-08-09T23:47:01+00:00,2026-08-10T00:17:01+00:00,"Challenger 300 | Dupage Airport → Francis S Gabreski Airport | $12,900",,Challenger 300,KDPA - Dupage Airport,KDPA,DPA,Dupage Airport,Chicago/West Chicago,US,KFOK - Francis S Gabreski Airport,KFOK,FOK,Francis S Gabreski Airport,Westhampton Beach,US,09 August 2026,2026-08-09,12:00,14:00,2h 0m,"$12,900",12900,USD,$,10,https://villiers.ai/empty-legs/kdpa-kfok-challenger-300-2026-08-09-5e4cac8b?id=ADHUHR,https://villiers.ai/empty-legs/kdpa-kfok-challenger-300-2026-08-09-5e4cac8b?id=ADHUHR,https://villiers.ai/empty-legs/kdpa-kfok-challenger-300-2026-08-09-5e4cac8b?id=ADHUHR,"Fri, 07 Aug 2026 14:22:58 GMT",2026-08-10T00:17:01+00:00
https://villiers.ai/empty-legs/kege-kbfi-challenger-300-2026-08-09-80d818bc?id=ADHUHR,inactive,inactive,2026-08-07T14:47:01+00:00,2026-08-09T23:47:01+00:00,2026-08-10T00:17:01+00:00,"Challenger 300 | Eagle County Regional Airport → Boeing Field King County International Airport | $15,050",,Challenger 300,KEGE - Eagle County Regional Airport,KEGE,EGE,Eagle County Regional Airport,Eagle,US,KBFI - Boeing Field King County International Airport,KBFI,BFI,Boeing Field/King County International Airport,Seattle,US,09 August 2026,2026-08-09,12:00,14:14,2h 14m,"$15,050",15050,USD,$,10,https://villiers.ai/empty-legs/kege-kbfi-challenger-300-2026-08-09-80d818bc?id=ADHUHR,https://villiers.ai/empty-legs/kege-kbfi-challenger-300-2026-08-09-80d818bc?id=ADHUHR,https://villiers.ai/empty-legs/kege-kbfi-challenger-300-2026-08-09-80d818bc?id=ADHUHR,"Fri, 07 Aug 2026 14:22:58 GMT",2026-08-10T00:17:01+00:00
https://villiers.ai/empty-legs/kfok-khpn-challenger-300-2026-08-09-4ab0ac92?id=ADHUHR,inactive,inactive,2026-08-07T14:47:01+00:00,2026-08-09T23:47:01+00:00,2026-08-10T00:17:01+00:00,"Challenger 300 | Francis S Gabreski Airport → Westchester County Airport | $8,600",,Challenger 300,KFOK - Francis S Gabreski Airport,KFOK,FOK,Francis S Gabreski Airport,Westhampton Beach,US,KHPN - Westchester County Airport,KHPN,HPN,Westchester County Airport,White Plains,US,09 August 2026,2026-08-09,12:00,12:36,36m,"$8,600",8600,USD,$,10,https://villiers.ai/empty-legs/kfok-khpn-challenger-300-2026-08-09-4ab0ac92?id=ADHUHR,https://villiers.ai/empty-legs/kfok-khpn-challenger-300-2026-08-09-4ab0ac92?id=ADHUHR,https://villiers.ai/empty-legs/kfok-khpn-challenger-300-2026-08-09-4ab0ac92?id=ADHUHR,"Fri, 07 Aug 2026 14:22:58 GMT",2026-08-10T00:17:01+00:00
https://villiers.ai/empty-legs/khou-kbbg-2026-08-09?id=ADHUHR,inactive,inactive,2026-08-05T22:38:36+00:00,2026-08-09T23:47:01+00:00,2026-08-10T00:17:01+00:00,"Cessna Citation Ultra | William P. Hobby Airport → Branson Airport | $4,515",,Cessna Citation Ultra,KHOU - William P. Hobby Airport,KHOU,HOU,William P Hobby Airport,Houston,US,KBBG - Branson Airport,KBBG,BKG,Branson Airport,Branson,US,09 August 2026,2026-08-09,12:00,13:24,1h 24m,"$4,515",4515,USD,$,7,https://villiers.ai/empty-legs/khou-kbbg-2026-08-09?id=ADHUHR,https://villiers.ai/empty-legs/khou-kbbg-2026-08-09?id=ADHUHR,https://villiers.ai/empty-legs/khou-kbbg-2026-08-09?id=ADHUHR,"Sat, 01 Aug 2026 14:40:08 GMT",2026-08-10T00:17:01+00:00
https://villiers.ai/empty-legs/khou-kdal-cessna-citation-ultra-2026-08-09-e79914b7?id=ADHUHR,inactive,inactive,2026-08-07T14:47:01+00:00,2026-08-09T23:47:01+00:00,2026-08-10T00:17:01+00:00,"Cessna Citation Ultra | William P. Hobby Airport → Dallas Love Field | $3,118",,Cessna Citation Ultra,KHOU - William P. Hobby Airport,KHOU,HOU,William P Hobby Airport,Houston,US,KDAL - Dallas Love Field,KDAL,DAL,Dallas Love Field,Dallas,US,09 August 2026,2026-08-09,12:00,12:56,57m,"$3,118",3118,USD,$,7,https://villiers.ai/empty-legs/khou-kdal-cessna-citation-ultra-2026-08-09-e79914b7?id=ADHUHR,https://villiers.ai/empty-legs/khou-kdal-cessna-citation-ultra-2026-08-09-e79914b7?id=ADHUHR,https://villiers.ai/empty-legs/khou-kdal-cessna-citation-ultra-2026-08-09-e79914b7?id=ADHUHR,"Fri, 07 Aug 2026 14:24:20 GMT",2026-08-10T00:17:01+00:00
https://villiers.ai/empty-legs/kjac-kcrq-2026-08-09?id=ADHUHR,inactive,inactive,2026-08-05T22:38:36+00:00,2026-08-09T23:47:01+00:00,2026-08-10T00:17:01+00:00,"Cessna Citation CJ3 | Jackson Hole Airport → McClellan-Palomar Airport | $11,771",,Cessna Citation CJ3,KJAC - Jackson Hole Airport,KJAC,JAC,Jackson Hole Airport,Jackson,US,KCRQ - McClellan-Palomar Airport,KCRQ,CLD,Mc Clellan-Palomar Airport,Carlsbad,US,09 August 2026,2026-08-09,12:00,13:59,1h 59m,"$11,771",11771,USD,$,8,https://villiers.ai/empty-legs/kjac-kcrq-2026-08-09?id=ADHUHR,https://villiers.ai/empty-legs/kjac-kcrq-2026-08-09?id=ADHUHR,https://villiers.ai/empty-legs/kjac-kcrq-2026-08-09?id=ADHUHR,"Tue, 04 Aug 2026 18:21:34 GMT",2026-08-10T00:17:01+00:00
https://villiers.ai/empty-legs/kluk-kpln-citation-x-2026-08-09-812302b4?id=ADHUHR,inactive,inactive,2026-08-07T14:47:01+00:00,2026-08-09T23:47:01+00:00,2026-08-10T00:17:01+00:00,"Citation X | Cincinnati Municipal Airport Lunken Field → Pellston Regional Airport of Emmet County Airport | $8,600",,Citation X,KLUK - Cincinnati Municipal Airport Lunken Field,KLUK,LUK,Cincinnati Municipal/Lunken Field,Cincinnati,US,KPLN - Pellston Regional Airport of Emmet County Airport,KPLN,PLN,Pellston Regional/Emmet County Airport,Pellston,US,09 August 2026,2026-08-09,12:00,13:19,1h 20m,"$8,600",8600,USD,$,12,https://villiers.ai/empty-legs/kluk-kpln-citation-x-2026-08-09-812302b4?id=ADHUHR,https://villiers.ai/empty-legs/kluk-kpln-citation-x-2026-08-09-812302b4?id=ADHUHR,https://villiers.ai/empty-legs/kluk-kpln-citation-x-2026-08-09-812302b4?id=ADHUHR,"Fri, 07 Aug 2026 14:23:05 GMT",2026-08-10T00:17:01+00:00
https://villiers.ai/empty-legs/kmco-kbbg-2026-08-09?id=ADHUHR,inactive,inactive,2026-08-05T22:38:36+00:00,2026-08-09T23:47:01+00:00,2026-08-10T00:17:01+00:00,"Cessna Citation V | Orlando International Airport → Branson Airport | $9,030",,Cessna Citation V,KMCO - Orlando International Airport,KMCO,MCO,Orlando International Airport,Orlando,US,KBBG - Branson Airport,KBBG,BKG,Branson Airport,Branson,US,09 August 2026,2026-08-09,12:00,14:08,2h 9m,"$9,030",9030,USD,$,7,https://villiers.ai/empty-legs/kmco-kbbg-2026-08-09?id=ADHUHR,https://villiers.ai/empty-legs/kmco-kbbg-2026-08-09?id=ADHUHR,https://villiers.ai/empty-legs/kmco-kbbg-2026-08-09?id=ADHUHR,"Wed, 05 Aug 2026 15:25:58 GMT",2026-08-10T00:17:01+00:00
https://villiers.ai/empty-legs/kmdd-kaus-citation-x-2026-08-09-2025da5f?id=ADHUHR,inactive,inactive,2026-08-07T14:47:01+00:00,2026-08-09T23:47:01+00:00,2026-08-10T00:17:01+00:00,"Citation X | Midland Airpark → Austin Bergstrom International Airport | $8,600",,Citation X,KMDD - Midland Airpark,KMDD,MDD,Midland Airpark,Midland,US,KAUS - Austin Bergstrom International Airport,KAUS,AUS,Austin-Bergstrom International Airport,Austin,US,09 August 2026,2026-08-09,12:00,13:02,1h 2m,"$8,600",8600,USD,$,12,https://villiers.ai/empty-legs/kmdd-kaus-citation-x-2026-08-09-2025da5f?id=ADHUHR,https://villiers.ai/empty-legs/kmdd-kaus-citation-x-2026-08-09-2025da5f?id=ADHUHR,https://villiers.ai/empty-legs/kmdd-kaus-citation-x-2026-08-09-2025da5f?id=ADHUHR,"Fri, 07 Aug 2026 14:23:05 GMT",2026-08-10T00:17:01+00:00
https://villiers.ai/empty-legs/kmdw-kege-cessna-citation-ultra-2026-08-09-c1a0690e?id=ADHUHR,inactive,inactive,2026-08-08T14:17:02+00:00,2026-08-09T23:47:01+00:00,2026-08-10T00:17:01+00:00,"Cessna Citation Ultra | Chicago Midway International Airport → Eagle County Regional Airport | $11,073",,Cessna Citation Ultra,KMDW - Chicago Midway International Airport,KMDW,MDW,Chicago Midway International Airport,Chicago,US,KEGE - Eagle County Regional Airport,KEGE,EGE,Eagle County Regional Airport,Eagle,US,09 August 2026,2026-08-09,12:00,14:22,2h 22m,"$11,073",11073,USD,$,7,https://villiers.ai/empty-legs/kmdw-kege-cessna-citation-ultra-2026-08-09-c1a0690e?id=ADHUHR,https://villiers.ai/empty-legs/kmdw-kege-cessna-citation-ultra-2026-08-09-c1a0690e?id=ADHUHR,https://villiers.ai/empty-legs/kmdw-kege-cessna-citation-ultra-2026-08-09-c1a0690e?id=ADHUHR,"Sat, 08 Aug 2026 14:08:44 GMT",2026-08-10T00:17:01+00:00
https://villiers.ai/empty-legs/kopf-kapf-challenger-300-2026-08-09-0a2a1b57?id=ADHUHR,inactive,inactive,2026-08-07T14:47:01+00:00,2026-08-09T23:47:01+00:00,2026-08-10T00:17:01+00:00,"Challenger 300 | Miami-Opa Locka Executive Airport → Naples Municipal Airport | $8,600",,Challenger 300,KOPF - Miami-Opa Locka Executive Airport,KOPF,OPF,Miami-Opa Locka Executive Airport,Miami,US,KAPF - Naples Municipal Airport,KAPF,APF,Naples Municipal Airport,Naples,US,09 August 2026,2026-08-09,12:00,12:40,40m,"$8,600",8600,USD,$,10,https://villiers.ai/empty-legs/kopf-kapf-challenger-300-2026-08-09-0a2a1b57?id=ADHUHR,https://villiers.ai/empty-legs/kopf-kapf-challenger-300-2026-08-09-0a2a1b57?id=ADHUHR,https://villiers.ai/empty-legs/kopf-kapf-challenger-300-2026-08-09-0a2a1b57?id=ADHUHR,"Fri, 07 Aug 2026 14:22:57 GMT",2026-08-10T00:17:01+00:00
https://villiers.ai/empty-legs/kptk-kpsm-citation-x-2026-08-09-6abba3bb?id=ADHUHR,inactive,inactive,2026-08-07T14:47:01+00:00,2026-08-09T23:47:01+00:00,2026-08-10T00:17:01+00:00,"Citation X | Oakland County International Airport → Portsmouth International at Pease Airport | $10,750",,Citation X,KPTK - Oakland County International Airport,KPTK,PTK,Oakland County International Airport,Pontiac,US,KPSM - Portsmouth International at Pease Airport,KPSM,PSM,Portsmouth International At Pease Airport,Portsmouth,US,09 August 2026,2026-08-09,12:00,13:40,1h 41m,"$10,750",10750,USD,$,12,https://villiers.ai/empty-legs/kptk-kpsm-citation-x-2026-08-09-6abba3bb?id=ADHUHR,https://villiers.ai/empty-legs/kptk-kpsm-citation-x-2026-08-09-6abba3bb?id=ADHUHR,https://villiers.ai/empty-legs/kptk-kpsm-citation-x-2026-08-09-6abba3bb?id=ADHUHR,"Fri, 07 Aug 2026 14:23:05 GMT",2026-08-10T00:17:01+00:00
https://villiers.ai/empty-legs/kpvd-kfok-citation-x-2026-08-09-ebdf18e9?id=ADHUHR,inactive,inactive,2026-08-07T14:47:01+00:00,2026-08-09T23:47:01+00:00,2026-08-10T00:17:01+00:00,"Citation X | Theodore Francis Green State Airport → Francis S Gabreski Airport | $8,600",,Citation X,KPVD - Theodore Francis Green State Airport,KPVD,PVD,Rhode Island Tf Green International Airport,Providence,US,KFOK - Francis S Gabreski Airport,KFOK,FOK,Francis S Gabreski Airport,Westhampton Beach,US,09 August 2026,2026-08-09,12:00,12:39,40m,"$8,600",8600,USD,$,12,https://villiers.ai/empty-legs/kpvd-kfok-citation-x-2026-08-09-ebdf18e9?id=ADHUHR,https://villiers.ai/empty-legs/kpvd-kfok-citation-x-2026-08-09-ebdf18e9?id=ADHUHR,https://villiers.ai/empty-legs/kpvd-kfok-citation-x-2026-08-09-ebdf18e9?id=ADHUHR,"Fri, 07 Aug 2026 14:23:05 GMT",2026-08-10T00:17:01+00:00
https://villiers.ai/empty-legs/krst-ksus-citation-x-2026-08-09-5e7a58e3?id=ADHUHR,inactive,inactive,2026-08-07T14:47:01+00:00,2026-08-09T23:47:01+00:00,2026-08-10T00:17:01+00:00,"Citation X | Rochester International Airport → Spirit of St Louis Airport | $8,600",,Citation X,KRST - Rochester International Airport,KRST,RST,Rochester International Airport,Rochester,US,KSUS - Spirit of St Louis Airport,KSUS,SUS,Spirit Of St Louis Airport,St Louis,US,09 August 2026,2026-08-09,12:00,13:11,1h 12m,"$8,600",8600,USD,$,12,https://villiers.ai/empty-legs/krst-ksus-citation-x-2026-08-09-5e7a58e3?id=ADHUHR,https://villiers.ai/empty-legs/krst-ksus-citation-x-2026-08-09-5e7a58e3?id=ADHUHR,https://villiers.ai/empty-legs/krst-ksus-citation-x-2026-08-09-5e7a58e3?id=ADHUHR,"Fri, 07 Aug 2026 14:23:05 GMT",2026-08-10T00:17:01+00:00
https://villiers.ai/empty-legs/ksba-krdm-challenger-300-2026-08-09-e8aa4a58?id=ADHUHR,inactive,inactive,2026-08-07T14:47:01+00:00,2026-08-09T23:47:01+00:00,2026-08-10T00:17:01+00:00,"Challenger 300 | Santa Barbara Municipal Airport → Roberts Field | $10,750",,Challenger 300,KSBA - Santa Barbara Municipal Airport,KSBA,SBA,Santa Barbara Municipal Airport,Santa Barbara,US,KRDM - Roberts Field,KRDM,RDM,Roberts Field/Redmond Municipal Airport,Redmond,US,09 August 2026,2026-08-09,12:00,13:45,1h 46m,"$10,750",10750,USD,$,10,https://villiers.ai/empty-legs/ksba-krdm-challenger-300-2026-08-09-e8aa4a58?id=ADHUHR,https://villiers.ai/empty-legs/ksba-krdm-challenger-300-2026-08-09-e8aa4a58?id=ADHUHR,https://villiers.ai/empty-legs/ksba-krdm-challenger-300-2026-08-09-e8aa4a58?id=ADHUHR,"Fri, 07 Aug 2026 14:22:58 GMT",2026-08-10T00:17:01+00:00
https://villiers.ai/empty-legs/ksdf-kbbg-cessna-citation-ultra-2026-08-09-f3e19742?id=ADHUHR,inactive,inactive,2026-08-08T14:17:02+00:00,2026-08-09T23:47:01+00:00,2026-08-10T00:17:01+00:00,"Cessna Citation Ultra | Louisville Muhammad Ali International Airport → Branson Airport | $5,160",,Cessna Citation Ultra,KSDF - Louisville Muhammad Ali International Airport,KSDF,SDF,Louisville Muhammad Ali International Airport,Louisville,US,KBBG - Branson Airport,KBBG,BKG,Branson Airport,Branson,US,09 August 2026,2026-08-09,12:00,13:17,1h 17m,"$5,160",5160,USD,$,7,https://villiers.ai/empty-legs/ksdf-kbbg-cessna-citation-ultra-2026-08-09-f3e19742?id=ADHUHR,https://villiers.ai/empty-legs/ksdf-kbbg-cessna-citation-ultra-2026-08-09-f3e19742?id=ADHUHR,https://villiers.ai/empty-legs/ksdf-kbbg-cessna-citation-ultra-2026-08-09-f3e19742?id=ADHUHR,"Sat, 08 Aug 2026 14:08:44 GMT",2026-08-10T00:17:01+00:00
https://villiers.ai/empty-legs/ksgr-ksww-cessna-citation-ultra-2026-08-09-47071a6e?id=ADHUHR,inactive,inactive,2026-08-08T14:17:02+00:00,2026-08-09T23:47:01+00:00,2026-08-10T00:17:01+00:00,"Cessna Citation Ultra | Sugar Land Regional Airport → Avenger Field | $4,193",,Cessna Citation Ultra,KSGR - Sugar Land Regional Airport,KSGR,SGR,Sugar Land Regional Airport,Houston,US,KSWW - Avenger Field,KSWW,SWW,Avenger Field,Sweetwater,US,09 August 2026,2026-08-09,12:00,13:08,1h 8m,"$4,193",4193,USD,$,7,https://villiers.ai/empty-legs/ksgr-ksww-cessna-citation-ultra-2026-08-09-47071a6e?id=ADHUHR,https://villiers.ai/empty-legs/ksgr-ksww-cessna-citation-ultra-2026-08-09-47071a6e?id=ADHUHR,https://villiers.ai/empty-legs/ksgr-ksww-cessna-citation-ultra-2026-08-09-47071a6e?id=ADHUHR,"Sat, 08 Aug 2026 14:08:44 GMT",2026-08-10T00:17:01+00:00
https://villiers.ai/empty-legs/ksna-koxr-citation-x-2026-08-09-4cfa9f4c?id=ADHUHR,inactive,inactive,2026-08-07T14:47:01+00:00,2026-08-09T23:47:01+00:00,2026-08-10T00:17:01+00:00,"Citation X | John Wayne Orange County International Airport → Oxnard Airport | $8,600",,Citation X,KSNA - John Wayne Orange County International Airport,KSNA,SNA,John Wayne/Orange County Airport,Santa Ana,US,KOXR - Oxnard Airport,KOXR,OXR,Oxnard Airport,Oxnard,US,09 August 2026,2026-08-09,12:00,12:39,39m,"$8,600",8600,USD,$,12,https://villiers.ai/empty-legs/ksna-koxr-citation-x-2026-08-09-4cfa9f4c?id=ADHUHR,https://villiers.ai/empty-legs/ksna-koxr-citation-x-2026-08-09-4cfa9f4c?id=ADHUHR,https://villiers.ai/empty-legs/ksna-koxr-citation-x-2026-08-09-4cfa9f4c?id=ADHUHR,"Fri, 07 Aug 2026 14:23:06 GMT",2026-08-10T00:17:01+00:00
https://villiers.ai/empty-legs/ksww-kdal-cessna-citation-ultra-2026-08-09-acc8accf?id=ADHUHR,inactive,inactive,2026-08-08T14:17:02+00:00,2026-08-09T23:47:01+00:00,2026-08-10T00:17:01+00:00,"Cessna Citation Ultra | Avenger Field → Dallas Love Field | $2,473",,Cessna Citation Ultra,KSWW - Avenger Field,KSWW,SWW,Avenger Field,Sweetwater,US,KDAL - Dallas Love Field,KDAL,DAL,Dallas Love Field,Dallas,US,09 August 2026,2026-08-09,12:00,12:53,54m,"$2,473",2473,USD,$,7,https://villiers.ai/empty-legs/ksww-kdal-cessna-citation-ultra-2026-08-09-acc8accf?id=ADHUHR,https://villiers.ai/empty-legs/ksww-kdal-cessna-citation-ultra-2026-08-09-acc8accf?id=ADHUHR,https://villiers.ai/empty-legs/ksww-kdal-cessna-citation-ultra-2026-08-09-acc8accf?id=ADHUHR,"Sat, 08 Aug 2026 14:08:44 GMT",2026-08-10T00:17:01+00:00
https://villiers.ai/empty-legs/kwwd-kphl-citation-x-2026-08-09-733227d4?id=ADHUHR,inactive,inactive,2026-08-07T14:47:01+00:00,2026-08-09T23:47:01+00:00,2026-08-10T00:17:01+00:00,"Citation X | Cape May County Airport → Philadelphia International Airport | $8,600",,Citation X,KWWD - Cape May County Airport,KWWD,WWD,Cape May County Airport,Wildwood,US,KPHL - Philadelphia International Airport,KPHL,PHL,Philadelphia International Airport,Philadelphia,US,09 August 2026,2026-08-09,12:00,12:36,37m,"$8,600",8600,USD,$,12,https://villiers.ai/empty-legs/kwwd-kphl-citation-x-2026-08-09-733227d4?id=ADHUHR,https://villiers.ai/empty-legs/kwwd-kphl-citation-x-2026-08-09-733227d4?id=ADHUHR,https://villiers.ai/empty-legs/kwwd-kphl-citation-x-2026-08-09-733227d4?id=ADHUHR,"Fri, 07 Aug 2026 14:23:06 GMT",2026-08-10T00:17:01+00:00
https://villiers.ai/empty-legs/myeh-kapf-citation-x-2026-08-09-5af13fda?id=ADHUHR,inactive,inactive,2026-08-07T14:47:01+00:00,2026-08-09T23:47:01+00:00,2026-08-10T00:17:01+00:00,"Citation X | North Eleuthera Airport → Naples Municipal Airport | $8,600",,Citation X,MYEH - North Eleuthera Airport,MYEH,ELH,North Eleuthera Airport,North Eleuthera,BS,KAPF - Naples Municipal Airport,KAPF,APF,Naples Municipal Airport,Naples,US,09 August 2026,2026-08-09,12:00,13:05,1h 6m,"$8,600",8600,USD,$,12,https://villiers.ai/empty-legs/myeh-kapf-citation-x-2026-08-09-5af13fda?id=ADHUHR,https://villiers.ai/empty-legs/myeh-kapf-citation-x-2026-08-09-5af13fda?id=ADHUHR,https://villiers.ai/empty-legs/myeh-kapf-citation-x-2026-08-09-5af13fda?id=ADHUHR,"Fri, 07 Aug 2026 14:23:05 GMT",2026-08-10T00:17:01+00:00
https://villiers.ai/empty-legs/kads-khou-cessna-citation-ultra-2026-08-10-e9c45dd2?id=ADHUHR,inactive,inactive,2026-08-09T16:47:01+00:00,2026-08-10T23:47:01+00:00,2026-08-11T00:17:01+00:00,"Cessna Citation Ultra | Addison Airport → William P. Hobby Airport | $2,795",,Cessna Citation Ultra,KADS - Addison Airport,KADS,ADS,Addison Airport,Dallas,US,KHOU - William P. Hobby Airport,KHOU,HOU,William P Hobby Airport,Houston,US,10 August 2026,2026-08-10,12:00,12:57,57m,"$2,795",2795,USD,$,7,https://villiers.ai/empty-legs/kads-khou-cessna-citation-ultra-2026-08-10-e9c45dd2?id=ADHUHR,https://villiers.ai/empty-legs/kads-khou-cessna-citation-ultra-2026-08-10-e9c45dd2?id=ADHUHR,https://villiers.ai/empty-legs/kads-khou-cessna-citation-ultra-2026-08-10-e9c45dd2?id=ADHUHR,"Sun, 09 Aug 2026 16:29:20 GMT",2026-08-11T00:17:01+00:00
https://villiers.ai/empty-legs/kase-khhr-citation-cj3-2026-08-10-580b67df?id=ADHUHR,inactive,inactive,2026-08-06T04:17:02+00:00,2026-08-10T23:47:01+00:00,2026-08-11T00:17:01+00:00,"Citation CJ3 | Aspen-Pitkin County Airport (Sardy Field) → Jack Northrop Field Hawthorne Municipal Airport | $8,063",,Citation CJ3,KASE - Aspen-Pitkin County Airport (Sardy Field),KASE,ASE,Aspen-Pitkin County/Sardy Field,Aspen,US,KHHR - Jack Northrop Field Hawthorne Municipal Airport,KHHR,HHR,Jack Northrop Field/Hawthorne Municipal Airport,Hawthorne,US,10 August 2026,2026-08-10,12:00,13:51,1h 51m,"$8,063",8063,USD,$,6,https://villiers.ai/empty-legs/kase-khhr-citation-cj3-2026-08-10-580b67df?id=ADHUHR,https://villiers.ai/empty-legs/kase-khhr-citation-cj3-2026-08-10-580b67df?id=ADHUHR,https://villiers.ai/empty-legs/kase-khhr-citation-cj3-2026-08-10-580b67df?id=ADHUHR,"Thu, 06 Aug 2026 04:11:23 GMT",2026-08-11T00:17:01+00:00
https://villiers.ai/empty-legs/kdal-khou-cessna-citation-ultra-2026-08-10-cc01f185?id=ADHUHR,inactive,inactive,2026-08-08T14:17:02+00:00,2026-08-10T23:47:01+00:00,2026-08-11T00:17:01+00:00,"Cessna Citation Ultra | Dallas Love Field → William P. Hobby Airport | $2,795",,Cessna Citation Ultra,KDAL - Dallas Love Field,KDAL,DAL,Dallas Love Field,Dallas,US,KHOU - William P. Hobby Airport,KHOU,HOU,William P Hobby Airport,Houston,US,10 August 2026,2026-08-10,12:00,12:56,57m,"$2,795",2795,USD,$,7,https://villiers.ai/empty-legs/kdal-khou-cessna-citation-ultra-2026-08-10-cc01f185?id=ADHUHR,https://villiers.ai/empty-legs/kdal-khou-cessna-citation-ultra-2026-08-10-cc01f185?id=ADHUHR,https://villiers.ai/empty-legs/kdal-khou-cessna-citation-ultra-2026-08-10-cc01f185?id=ADHUHR,"Sat, 08 Aug 2026 14:08:44 GMT",2026-08-11T00:17:01+00:00
https://villiers.ai/empty-legs/kdal-kswo-cessna-citation-ultra-2026-08-10-f3fd4fc7?id=ADHUHR,inactive,inactive,2026-08-09T16:47:01+00:00,2026-08-10T23:47:01+00:00,2026-08-11T00:17:01+00:00,"Cessna Citation Ultra | Dallas Love Field → Stillwater Regional Airport | $3,118",,Cessna Citation Ultra,KDAL - Dallas Love Field,KDAL,DAL,Dallas Love Field,Dallas,US,KSWO - Stillwater Regional Airport,KSWO,SWO,Stillwater Regional Airport,Stillwater,US,10 August 2026,2026-08-10,12:00,12:55,55m,"$3,118",3118,USD,$,7,https://villiers.ai/empty-legs/kdal-kswo-cessna-citation-ultra-2026-08-10-f3fd4fc7?id=ADHUHR,https://villiers.ai/empty-legs/kdal-kswo-cessna-citation-ultra-2026-08-10-f3fd4fc7?id=ADHUHR,https://villiers.ai/empty-legs/kdal-kswo-cessna-citation-ultra-2026-08-10-f3fd4fc7?id=ADHUHR,"Sun, 09 Aug 2026 16:29:20 GMT",2026-08-11T00:17:01+00:00
https://villiers.ai/empty-legs/khou-ksww-cessna-citation-v-2026-08-10-95a4b7c8?id=ADHUHR,inactive,inactive,2026-08-10T14:17:01+00:00,2026-08-10T23:47:01+00:00,2026-08-11T00:17:01+00:00,"Cessna Citation V | William P. Hobby Airport → Avenger Field | $4,515",,Cessna Citation V,KHOU - William P. Hobby Airport,KHOU,HOU,William P Hobby Airport,Houston,US,KSWW - Avenger Field,KSWW,SWW,Avenger Field,Sweetwater,US,10 August 2026,2026-08-10,12:00,13:10,1h 10m,"$4,515",4515,USD,$,7,https://villiers.ai/empty-legs/khou-ksww-cessna-citation-v-2026-08-10-95a4b7c8?id=ADHUHR,https://villiers.ai/empty-legs/khou-ksww-cessna-citation-v-2026-08-10-95a4b7c8?id=ADHUHR,https://villiers.ai/empty-legs/khou-ksww-cessna-citation-v-2026-08-10-95a4b7c8?id=ADHUHR,"Mon, 10 Aug 2026 14:06:57 GMT",2026-08-11T00:17:01+00:00
https://villiers.ai/empty-legs/ksgr-kswo-cessna-citation-ultra-2026-08-10-4ae320ea?id=ADHUHR,inactive,inactive,2026-08-10T14:17:01+00:00,2026-08-10T23:47:01+00:00,2026-08-11T00:17:01+00:00,"Cessna Citation Ultra | Sugar Land Regional Airport → Stillwater Regional Airport | $4,838",,Cessna Citation Ultra,KSGR - Sugar Land Regional Airport,KSGR,SGR,Sugar Land Regional Airport,Houston,US,KSWO - Stillwater Regional Airport,KSWO,SWO,Stillwater Regional Airport,Stillwater,US,10 August 2026,2026-08-10,12:00,13:20,1h 21m,"$4,838",4838,USD,$,7,https://villiers.ai/empty-legs/ksgr-kswo-cessna-citation-ultra-2026-08-10-4ae320ea?id=ADHUHR,https://villiers.ai/empty-legs/ksgr-kswo-cessna-citation-ultra-2026-08-10-4ae320ea?id=ADHUHR,https://villiers.ai/empty-legs/ksgr-kswo-cessna-citation-ultra-2026-08-10-4ae320ea?id=ADHUHR,"Mon, 10 Aug 2026 14:06:57 GMT",2026-08-11T00:17:01+00:00
https://villiers.ai/empty-legs/mrlb-kefd-bombardier-challenger-604-2026-08-10-2a04dba5?id=ADHUHR,inactive,inactive,2026-08-07T14:47:01+00:00,2026-08-10T23:47:01+00:00,2026-08-11T00:17:01+00:00,"Bombardier Challenger 604 | Guanacaste Airport → Ellington Airport | $26,768",,Bombardier Challenger 604,MRLB - Guanacaste Airport,MRLB,LIR,Daniel Oduber Quiros International Airport,Liberia,CR,KEFD - Ellington Airport,KEFD,EFD,Ellington Airport,Houston,US,10 August 2026,2026-08-10,12:00,15:11,3h 11m,"$26,768",26768,USD,$,10,https://villiers.ai/empty-legs/mrlb-kefd-bombardier-challenger-604-2026-08-10-2a04dba5?id=ADHUHR,https://villiers.ai/empty-legs/mrlb-kefd-bombardier-challenger-604-2026-08-10-2a04dba5?id=ADHUHR,https://villiers.ai/empty-legs/mrlb-kefd-bombardier-challenger-604-2026-08-10-2a04dba5?id=ADHUHR,"Fri, 07 Aug 2026 14:24:20 GMT",2026-08-11T00:17:01+00:00
https://villiers.ai/empty-legs/mrlb-khou-bombardier-challenger-604-2026-08-10-1834d781?id=ADHUHR,inactive,inactive,2026-08-08T14:17:02+00:00,2026-08-10T23:47:01+00:00,2026-08-11T00:17:01+00:00,"Bombardier Challenger 604 | Guanacaste Airport → William P. Hobby Airport | $26,768",,Bombardier Challenger 604,MRLB - Guanacaste Airport,MRLB,LIR,Daniel Oduber Quiros International Airport,Liberia,CR,KHOU - William P. Hobby Airport,KHOU,HOU,William P Hobby Airport,Houston,US,10 August 2026,2026-08-10,12:00,15:11,3h 12m,"$26,768",26768,USD,$,10,https://villiers.ai/empty-legs/mrlb-khou-bombardier-challenger-604-2026-08-10-1834d781?id=ADHUHR,https://villiers.ai/empty-legs/mrlb-khou-bombardier-challenger-604-2026-08-10-1834d781?id=ADHUHR,https://villiers.ai/empty-legs/mrlb-khou-bombardier-challenger-604-2026-08-10-1834d781?id=ADHUHR,"Sat, 08 Aug 2026 14:08:44 GMT",2026-08-11T00:17:01+00:00
https://villiers.ai/empty-legs/mrlb-kopf-2026-08-10?id=ADHUHR,inactive,inactive,2026-08-05T22:38:36+00:00,2026-08-10T23:47:01+00:00,2026-08-11T00:17:01+00:00,"Bombardier Challenger 604 | Guanacaste Airport → Miami-Opa Locka Executive Airport | $19,673",,Bombardier Challenger 604,MRLB - Guanacaste Airport,MRLB,LIR,Daniel Oduber Quiros International Airport,Liberia,CR,KOPF - Miami-Opa Locka Executive Airport,KOPF,OPF,Miami-Opa Locka Executive Airport,Miami,US,10 August 2026,2026-08-10,12:00,14:33,2h 33m,"$19,673",19673,USD,$,10,https://villiers.ai/empty-legs/mrlb-kopf-2026-08-10?id=ADHUHR,https://villiers.ai/empty-legs/mrlb-kopf-2026-08-10?id=ADHUHR,https://villiers.ai/empty-legs/mrlb-kopf-2026-08-10?id=ADHUHR,"Tue, 14 Jul 2026 14:09:12 GMT",2026-08-11T00:17:01+00:00
https://villiers.ai/empty-legs/kcpr-kase-cessna-citation-ultra-2026-08-11-81b7290a?id=ADHUHR,inactive,inactive,2026-08-08T14:17:02+00:00,2026-08-11T23:47:02+00:00,2026-08-12T00:17:02+00:00,"Cessna Citation Ultra | Casper-Natrona County International Airport → Aspen-Pitkin County Airport (Sardy Field) | $3,118",,Cessna Citation Ultra,KCPR - Casper-Natrona County International Airport,KCPR,CPR,Casper/Natrona County International Airport,Casper,US,KASE - Aspen-Pitkin County Airport (Sardy Field),KASE,ASE,Aspen-Pitkin County/Sardy Field,Aspen,US,11 August 2026,2026-08-11,12:00,12:58,58m,"$3,118",3118,USD,$,7,https://villiers.ai/empty-legs/kcpr-kase-cessna-citation-ultra-2026-08-11-81b7290a?id=ADHUHR,https://villiers.ai/empty-legs/kcpr-kase-cessna-citation-ultra-2026-08-11-81b7290a?id=ADHUHR,https://villiers.ai/empty-legs/kcpr-kase-cessna-citation-ultra-2026-08-11-81b7290a?id=ADHUHR,"Sat, 08 Aug 2026 14:08:44 GMT",2026-08-12T00:17:02+00:00
https://villiers.ai/empty-legs/kege-kcrq-2026-08-11?id=ADHUHR,inactive,inactive,2026-08-05T22:38:36+00:00,2026-08-11T23:47:02+00:00,2026-08-12T00:17:02+00:00,"Cessna Citation Excel/XLS | Eagle County Regional Airport → McClellan-Palomar Airport | $14,996",,Cessna Citation Excel/XLS,KEGE - Eagle County Regional Airport,KEGE,EGE,Eagle County Regional Airport,Eagle,US,KCRQ - McClellan-Palomar Airport,KCRQ,CLD,Mc Clellan-Palomar Airport,Carlsbad,US,11 August 2026,2026-08-11,12:00,13:51,1h 51m,"$14,996",14996,USD,$,,https://villiers.ai/empty-legs/kege-kcrq-2026-08-11?id=ADHUHR,https://villiers.ai/empty-legs/kege-kcrq-2026-08-11?id=ADHUHR,https://villiers.ai/empty-legs/kege-kcrq-2026-08-11?id=ADHUHR,"Tue, 04 Aug 2026 18:21:34 GMT",2026-08-12T00:17:02+00:00
https://villiers.ai/empty-legs/khou-kase-cessna-citation-ultra-2026-08-11-a99cecbe?id=ADHUHR,inactive,inactive,2026-08-09T16:47:01+00:00,2026-08-11T23:47:02+00:00,2026-08-12T00:17:02+00:00,"Cessna Citation Ultra | William P. Hobby Airport → Aspen-Pitkin County Airport (Sardy Field) | $9,353",,Cessna Citation Ultra,KHOU - William P. Hobby Airport,KHOU,HOU,William P Hobby Airport,Houston,US,KASE - Aspen-Pitkin County Airport (Sardy Field),KASE,ASE,Aspen-Pitkin County/Sardy Field,Aspen,US,11 August 2026,2026-08-11,12:00,14:13,2h 14m,"$9,353",9353,USD,$,7,https://villiers.ai/empty-legs/khou-kase-cessna-citation-ultra-2026-08-11-a99cecbe?id=ADHUHR,https://villiers.ai/empty-legs/khou-kase-cessna-citation-ultra-2026-08-11-a99cecbe?id=ADHUHR,https://villiers.ai/empty-legs/khou-kase-cessna-citation-ultra-2026-08-11-a99cecbe?id=ADHUHR,"Sun, 09 Aug 2026 16:29:20 GMT",2026-08-12T00:17:02+00:00
https://villiers.ai/empty-legs/khdn-ktex-2026-08-12?id=ADHUHR,inactive,inactive,2026-08-05T22:38:36+00:00,2026-08-12T23:47:01+00:00,2026-08-13T00:17:01+00:00,"Cessna Citation Ultra | Yampa Valley Airport → Telluride Regional Airport | $2,795",,Cessna Citation Ultra,KHDN - Yampa Valley Airport,KHDN,HDN,Yampa Valley Airport,Hayden,US,KTEX - Telluride Regional Airport,KTEX,TEX,Telluride Regional Airport,Telluride,US,12 August 2026,2026-08-12,12:00,12:49,50m,"$2,795",2795,USD,$,7,https://villiers.ai/empty-legs/khdn-ktex-2026-08-12?id=ADHUHR,https://villiers.ai/empty-legs/khdn-ktex-2026-08-12?id=ADHUHR,https://villiers.ai/empty-legs/khdn-ktex-2026-08-12?id=ADHUHR,"Sat, 18 Jul 2026 16:59:38 GMT",2026-08-13T00:17:01+00:00
https://villiers.ai/empty-legs/khou-ktex-2026-08-12?id=ADHUHR,inactive,inactive,2026-08-05T22:38:36+00:00,2026-08-12T23:47:01+00:00,2026-08-13T00:17:01+00:00,"Cessna Citation Ultra | William P. Hobby Airport → Telluride Regional Airport | $9,353",,Cessna Citation Ultra,KHOU - William P. Hobby Airport,KHOU,HOU,William P Hobby Airport,Houston,US,KTEX - Telluride Regional Airport,KTEX,TEX,Telluride Regional Airport,Telluride,US,12 August 2026,2026-08-12,12:00,14:12,2h 12m,"$9,353",9353,USD,$,7,https://villiers.ai/empty-legs/khou-ktex-2026-08-12?id=ADHUHR,https://villiers.ai/empty-legs/khou-ktex-2026-08-12?id=ADHUHR,https://villiers.ai/empty-legs/khou-ktex-2026-08-12?id=ADHUHR,"Tue, 14 Jul 2026 14:09:12 GMT",2026-08-13T00:17:01+00:00
https://villiers.ai/empty-legs/kssi-khou-2026-08-12?id=ADHUHR,inactive,inactive,2026-08-05T22:38:36+00:00,2026-08-12T23:47:01+00:00,2026-08-13T00:17:01+00:00,"Bombardier Challenger 300 | St Simons Island Airport → William P. Hobby Airport | $15,695",,Bombardier Challenger 300,KSSI - St Simons Island Airport,KSSI,SSI,St Simons Island Airport,St Simons Island,US,KHOU - William P. Hobby Airport,KHOU,HOU,William P Hobby Airport,Houston,US,12 August 2026,2026-08-12,12:00,14:02,2h 2m,"$15,695",15695,USD,$,9,https://villiers.ai/empty-legs/kssi-khou-2026-08-12?id=ADHUHR,https://villiers.ai/empty-legs/kssi-khou-2026-08-12?id=ADHUHR,https://villiers.ai/empty-legs/kssi-khou-2026-08-12?id=ADHUHR,"Mon, 27 Jul 2026 17:11:47 GMT",2026-08-13T00:17:01+00:00
https://villiers.ai/empty-legs/lkkb-leib-cessna-citation-sovereign-2026-08-13-29402b1d?id=ADHUHR,inactive,inactive,2026-08-12T10:17:02+00:00,2026-08-13T23:47:01+00:00,2026-08-14T00:17:01+00:00,"Cessna Citation Sovereign | Prague–Kbely Air Base → Ibiza Airport | €10,750",,Cessna Citation Sovereign,LKKB - Prague–Kbely Air Base,LKKB,,Kbely Air Base,Prague,CZ,LEIB - Ibiza Airport,LEIB,IBZ,Ibiza Airport,Ibiza,ES,13 August 2026,2026-08-13,07:30,09:51,2h 22m,"€10,750",10750,EUR,€,9,https://villiers.ai/empty-legs/lkkb-leib-cessna-citation-sovereign-2026-08-13-29402b1d?id=ADHUHR,https://villiers.ai/empty-legs/lkkb-leib-cessna-citation-sovereign-2026-08-13-29402b1d?id=ADHUHR,https://villiers.ai/empty-legs/lkkb-leib-cessna-citation-sovereign-2026-08-13-29402b1d?id=ADHUHR,"Wed, 12 Aug 2026 10:01:38 GMT",2026-08-14T00:17:01+00:00
https://villiers.ai/empty-legs/eglf-limj-learjet-75-2026-08-13-b86b453c?id=ADHUHR,inactive,inactive,2026-08-08T00:17:02+00:00,2026-08-13T23:47:01+00:00,2026-08-14T00:17:01+00:00,"Learjet 75 | Farnborough Airport → Genoa Cristoforo Colombo Airport | £10,535",,Learjet 75,EGLF - Farnborough Airport,EGLF,FAB,Farnborough Airport,Farnborough,GB,LIMJ - Genoa Cristoforo Colombo Airport,LIMJ,GOA,Genova / Sestri Cristoforo Colombo Airport,Genova,IT,13 August 2026,2026-08-13,12:00,13:42,1h 42m,"£10,535",10535,GBP,£,9,https://villiers.ai/empty-legs/eglf-limj-learjet-75-2026-08-13-b86b453c?id=ADHUHR,https://villiers.ai/empty-legs/eglf-limj-learjet-75-2026-08-13-b86b453c?id=ADHUHR,https://villiers.ai/empty-legs/eglf-limj-learjet-75-2026-08-13-b86b453c?id=ADHUHR,"Fri, 07 Aug 2026 18:00:55 GMT",2026-08-14T00:17:01+00:00
https://villiers.ai/empty-legs/kapc-kcrq-2026-08-13?id=ADHUHR,inactive,inactive,2026-08-05T22:38:36+00:00,2026-08-13T23:47:01+00:00,2026-08-14T00:17:01+00:00,"Cessna Citation M2 | Napa County Airport → McClellan-Palomar Airport | $6,450",,Cessna Citation M2,KAPC - Napa County Airport,KAPC,APC,Napa County Airport,Napa,US,KCRQ - McClellan-Palomar Airport,KCRQ,CLD,Mc Clellan-Palomar Airport,Carlsbad,US,13 August 2026,2026-08-13,12:00,13:19,1h 20m,"$6,450",6450,USD,$,7,https://villiers.ai/empty-legs/kapc-kcrq-2026-08-13?id=ADHUHR,https://villiers.ai/empty-legs/kapc-kcrq-2026-08-13?id=ADHUHR,https://villiers.ai/empty-legs/kapc-kcrq-2026-08-13?id=ADHUHR,"Tue, 04 Aug 2026 18:21:34 GMT",2026-08-14T00:17:01+00:00
https://villiers.ai/empty-legs/kase-kcrq-2026-08-13?id=ADHUHR,inactive,inactive,2026-08-05T22:38:36+00:00,2026-08-13T23:47:01+00:00,2026-08-14T00:17:01+00:00,"Cessna Citation CJ3 | Aspen-Pitkin County Airport (Sardy Field) → McClellan-Palomar Airport | $11,771",,Cessna Citation CJ3,KASE - Aspen-Pitkin County Airport (Sardy Field),KASE,ASE,Aspen-Pitkin County/Sardy Field,Aspen,US,KCRQ - McClellan-Palomar Airport,KCRQ,CLD,Mc Clellan-Palomar Airport,Carlsbad,US,13 August 2026,2026-08-13,12:00,13:49,1h 49m,"$11,771",11771,USD,$,8,https://villiers.ai/empty-legs/kase-kcrq-2026-08-13?id=ADHUHR,https://villiers.ai/empty-legs/kase-kcrq-2026-08-13?id=ADHUHR,https://villiers.ai/empty-legs/kase-kcrq-2026-08-13?id=ADHUHR,"Tue, 04 Aug 2026 18:21:34 GMT",2026-08-14T00:17:01+00:00
https://villiers.ai/empty-legs/kcrq-kmry-pilatus-pc-12-ngx-2026-08-13-99e9b0ec?id=ADHUHR,inactive,inactive,2026-08-12T22:17:01+00:00,2026-08-13T23:47:01+00:00,2026-08-14T00:17:01+00:00,"Pilatus PC-12 NGX | McClellan-Palomar Airport → Monterey Peninsula Airport | $5,375",,Pilatus PC-12 NGX,KCRQ - McClellan-Palomar Airport,KCRQ,CLD,Mc Clellan-Palomar Airport,Carlsbad,US,KMRY - Monterey Peninsula Airport,KMRY,MRY,Monterey Regional Airport,Monterey,US,13 August 2026,2026-08-13,12:00,13:09,1h 9m,"$5,375",5375,USD,$,8,https://villiers.ai/empty-legs/kcrq-kmry-pilatus-pc-12-ngx-2026-08-13-99e9b0ec?id=ADHUHR,https://villiers.ai/empty-legs/kcrq-kmry-pilatus-pc-12-ngx-2026-08-13-99e9b0ec?id=ADHUHR,https://villiers.ai/empty-legs/kcrq-kmry-pilatus-pc-12-ngx-2026-08-13-99e9b0ec?id=ADHUHR,"Wed, 12 Aug 2026 22:00:20 GMT",2026-08-14T00:17:01+00:00
https://villiers.ai/empty-legs/kefd-kssi-bombardier-challenger-604-2026-08-13-c8f9275d?id=ADHUHR,inactive,inactive,2026-08-07T14:47:01+00:00,2026-08-13T23:47:01+00:00,2026-08-14T00:17:01+00:00,"Bombardier Challenger 604 | Ellington Airport → St Simons Island Airport | $14,190",,Bombardier Challenger 604,KEFD - Ellington Airport,KEFD,EFD,Ellington Airport,Houston,US,KSSI - St Simons Island Airport,KSSI,SSI,St Simons Island Airport,St Simons Island,US,13 August 2026,2026-08-13,12:00,14:01,2h 2m,"$14,190",14190,USD,$,10,https://villiers.ai/empty-legs/kefd-kssi-bombardier-challenger-604-2026-08-13-c8f9275d?id=ADHUHR,https://villiers.ai/empty-legs/kefd-kssi-bombardier-challenger-604-2026-08-13-c8f9275d?id=ADHUHR,https://villiers.ai/empty-legs/kefd-kssi-bombardier-challenger-604-2026-08-13-c8f9275d?id=ADHUHR,"Fri, 07 Aug 2026 14:24:20 GMT",2026-08-14T00:17:01+00:00
https://villiers.ai/empty-legs/khdn-kcpr-cessna-citation-v-2026-08-13-59faa6cc?id=ADHUHR,inactive,inactive,2026-08-12T14:47:01+00:00,2026-08-13T23:47:01+00:00,2026-08-14T00:17:01+00:00,"Cessna Citation V | Yampa Valley Airport → Casper-Natrona County International Airport | $2,473",,Cessna Citation V,KHDN - Yampa Valley Airport,KHDN,HDN,Yampa Valley Airport,Hayden,US,KCPR - Casper-Natrona County International Airport,KCPR,CPR,Casper/Natrona County International Airport,Casper,US,13 August 2026,2026-08-13,12:00,12:49,49m,"$2,473",2473,USD,$,7,https://villiers.ai/empty-legs/khdn-kcpr-cessna-citation-v-2026-08-13-59faa6cc?id=ADHUHR,https://villiers.ai/empty-legs/khdn-kcpr-cessna-citation-v-2026-08-13-59faa6cc?id=ADHUHR,https://villiers.ai/empty-legs/khdn-kcpr-cessna-citation-v-2026-08-13-59faa6cc?id=ADHUHR,"Wed, 12 Aug 2026 14:28:13 GMT",2026-08-14T00:17:01+00:00
https://villiers.ai/empty-legs/khou-kftw-2026-08-13?id=ADHUHR,inactive,inactive,2026-08-05T22:38:36+00:00,2026-08-13T23:47:01+00:00,2026-08-14T00:17:01+00:00,"Bombardier Challenger 604 | William P. Hobby Airport → Fort Worth Meacham International Airport | $6,450",,Bombardier Challenger 604,KHOU - William P. Hobby Airport,KHOU,HOU,William P Hobby Airport,Houston,US,KFTW - Fort Worth Meacham International Airport,KFTW,FTW,Fort Worth Meacham International Airport,Fort Worth,US,13 August 2026,2026-08-13,12:00,12:57,58m,"$6,450",6450,USD,$,10,https://villiers.ai/empty-legs/khou-kftw-2026-08-13?id=ADHUHR,https://villiers.ai/empty-legs/khou-kftw-2026-08-13?id=ADHUHR,https://villiers.ai/empty-legs/khou-kftw-2026-08-13?id=ADHUHR,"Fri, 10 Jul 2026 14:07:10 GMT",2026-08-14T00:17:01+00:00
https://villiers.ai/empty-legs/khou-ktul-cessna-citation-ultra-2026-08-13-4812ba45?id=ADHUHR,inactive,inactive,2026-08-11T15:17:01+00:00,2026-08-13T23:47:01+00:00,2026-08-14T00:17:01+00:00,"Cessna Citation Ultra | William P. Hobby Airport → Tulsa International Airport | $4,838",,Cessna Citation Ultra,KHOU - William P. Hobby Airport,KHOU,HOU,William P Hobby Airport,Houston,US,KTUL - Tulsa International Airport,KTUL,TUL,Tulsa International Airport,Tulsa,US,13 August 2026,2026-08-13,12:00,13:20,1h 20m,"$4,838",4838,USD,$,7,https://villiers.ai/empty-legs/khou-ktul-cessna-citation-ultra-2026-08-13-4812ba45?id=ADHUHR,https://villiers.ai/empty-legs/khou-ktul-cessna-citation-ultra-2026-08-13-4812ba45?id=ADHUHR,https://villiers.ai/empty-legs/khou-ktul-cessna-citation-ultra-2026-08-13-4812ba45?id=ADHUHR,"Tue, 11 Aug 2026 14:47:20 GMT",2026-08-14T00:17:01+00:00
https://villiers.ai/empty-legs/ktcl-khou-2026-08-13?id=ADHUHR,inactive,inactive,2026-08-05T22:38:36+00:00,2026-08-13T23:47:01+00:00,2026-08-14T00:17:01+00:00,"Pilatus PC-12 NG | Tuscaloosa National Airport → William P. Hobby Airport | $6,235",,Pilatus PC-12 NG,KTCL - Tuscaloosa National Airport,KTCL,TCL,Tuscaloosa Ntl Airport,Tuscaloosa,US,KHOU - William P. Hobby Airport,KHOU,HOU,William P Hobby Airport,Houston,US,13 August 2026,2026-08-13,12:00,13:27,1h 27m,"$6,235",6235,USD,$,7,https://villiers.ai/empty-legs/ktcl-khou-2026-08-13?id=ADHUHR,https://villiers.ai/empty-legs/ktcl-khou-2026-08-13?id=ADHUHR,https://villiers.ai/empty-legs/ktcl-khou-2026-08-13?id=ADHUHR,"Tue, 28 Jul 2026 14:22:35 GMT",2026-08-14T00:17:01+00:00
https://villiers.ai/empty-legs/mrlb-kdal-2026-08-13?id=ADHUHR,inactive,inactive,2026-08-05T22:38:36+00:00,2026-08-13T23:47:01+00:00,2026-08-14T00:17:01+00:00,"Bombardier Challenger 604 | Guanacaste Airport → Dallas Love Field | $25,155",,Bombardier Challenger 604,MRLB - Guanacaste Airport,MRLB,LIR,Daniel Oduber Quiros International Airport,Liberia,CR,KDAL - Dallas Love Field,KDAL,DAL,Dallas Love Field,Dallas,US,13 August 2026,2026-08-13,12:00,15:38,3h 38m,"$25,155",25155,USD,$,10,https://villiers.ai/empty-legs/mrlb-kdal-2026-08-13?id=ADHUHR,https://villiers.ai/empty-legs/mrlb-kdal-2026-08-13?id=ADHUHR,https://villiers.ai/empty-legs/mrlb-kdal-2026-08-13?id=ADHUHR,"Tue, 07 Jul 2026 13:58:53 GMT",2026-08-14T00:17:01+00:00
https://villiers.ai/empty-legs/eghi-leib-2026-08-14?id=ADHUHR,inactive,inactive,2026-08-05T22:38:36+00:00,2026-08-14T23:47:02+00:00,2026-08-15T00:17:01+00:00,"Embraer Phenom 300E | Southampton Airport → Ibiza Airport | £7,203",,Embraer Phenom 300E,EGHI - Southampton Airport,EGHI,SOU,Southampton Airport,Southampton,GB,LEIB - Ibiza Airport,LEIB,IBZ,Ibiza Airport,Ibiza,ES,14 August 2026,2026-08-14,12:00,14:03,2h 4m,"£7,203",7203,GBP,£,9,https://villiers.ai/empty-legs/eghi-leib-2026-08-14?id=ADHUHR,https://villiers.ai/empty-legs/eghi-leib-2026-08-14?id=ADHUHR,https://villiers.ai/empty-legs/eghi-leib-2026-08-14?id=ADHUHR,"Fri, 31 Jul 2026 19:12:54 GMT",2026-08-15T00:17:01+00:00
https://villiers.ai/empty-legs/kcrq-kmry-pilatus-pc-12-ngx-2026-08-14-52b0e598?id=ADHUHR,inactive,inactive,2026-08-06T04:17:02+00:00,2026-08-14T23:47:02+00:00,2026-08-15T00:17:01+00:00,"Pilatus PC-12 NGX | McClellan-Palomar Airport → Monterey Peninsula Airport | $3,763",,Pilatus PC-12 NGX,KCRQ - McClellan-Palomar Airport,KCRQ,CLD,Mc Clellan-Palomar Airport,Carlsbad,US,KMRY - Monterey Peninsula Airport,KMRY,MRY,Monterey Regional Airport,Monterey,US,14 August 2026,2026-08-14,12:00,13:09,1h 9m,"$3,763",3763,USD,$,8,https://villiers.ai/empty-legs/kcrq-kmry-pilatus-pc-12-ngx-2026-08-14-52b0e598?id=ADHUHR,https://villiers.ai/empty-legs/kcrq-kmry-pilatus-pc-12-ngx-2026-08-14-52b0e598?id=ADHUHR,https://villiers.ai/empty-legs/kcrq-kmry-pilatus-pc-12-ngx-2026-08-14-52b0e598?id=ADHUHR,"Thu, 06 Aug 2026 04:11:23 GMT",2026-08-15T00:17:01+00:00
https://villiers.ai/empty-legs/kdal-kaus-aircraft-2026-08-14-5cee1ebf?id=ADHUHR,inactive,inactive,2026-08-14T14:17:02+00:00,2026-08-14T23:47:02+00:00,2026-08-15T00:17:01+00:00,"Private Jet | Dallas Love Field → Austin Bergstrom International Airport | $2,795",,Private Jet,KDAL - Dallas Love Field,KDAL,DAL,Dallas Love Field,Dallas,US,KAUS - Austin Bergstrom International Airport,KAUS,AUS,Austin-Bergstrom International Airport,Austin,US,14 August 2026,2026-08-14,12:00,12:50,51m,"$2,795",2795,USD,$,7,https://villiers.ai/empty-legs/kdal-kaus-aircraft-2026-08-14-5cee1ebf?id=ADHUHR,https://villiers.ai/empty-legs/kdal-kaus-aircraft-2026-08-14-5cee1ebf?id=ADHUHR,https://villiers.ai/empty-legs/kdal-kaus-aircraft-2026-08-14-5cee1ebf?id=ADHUHR,"Fri, 14 Aug 2026 14:01:13 GMT",2026-08-15T00:17:01+00:00
https://villiers.ai/empty-legs/kdal-khou-cessna-citation-ultra-2026-08-14-ed4c63ca?id=ADHUHR,inactive,inactive,2026-08-08T00:17:02+00:00,2026-08-14T23:47:02+00:00,2026-08-15T00:17:01+00:00,"Cessna Citation Ultra | Dallas Love Field → William P. Hobby Airport | $2,795",,Cessna Citation Ultra,KDAL - Dallas Love Field,KDAL,DAL,Dallas Love Field,Dallas,US,KHOU - William P. Hobby Airport,KHOU,HOU,William P Hobby Airport,Houston,US,14 August 2026,2026-08-14,12:00,12:56,57m,"$2,795",2795,USD,$,7,https://villiers.ai/empty-legs/kdal-khou-cessna-citation-ultra-2026-08-14-ed4c63ca?id=ADHUHR,https://villiers.ai/empty-legs/kdal-khou-cessna-citation-ultra-2026-08-14-ed4c63ca?id=ADHUHR,https://villiers.ai/empty-legs/kdal-khou-cessna-citation-ultra-2026-08-14-ed4c63ca?id=ADHUHR,"Fri, 07 Aug 2026 14:24:20 GMT",2026-08-15T00:17:01+00:00
https://villiers.ai/empty-legs/kefd-kssi-2026-08-14?id=ADHUHR,inactive,inactive,2026-08-05T22:38:36+00:00,2026-08-14T23:47:02+00:00,2026-08-15T00:17:01+00:00,"Gulfstream G280 | Ellington Airport → St Simons Island Airport | $13,438",,Gulfstream G280,KEFD - Ellington Airport,KEFD,EFD,Ellington Airport,Houston,US,KSSI - St Simons Island Airport,KSSI,SSI,St Simons Island Airport,St Simons Island,US,14 August 2026,2026-08-14,12:00,14:01,2h 2m,"$13,438",13438,USD,$,10,https://villiers.ai/empty-legs/kefd-kssi-2026-08-14?id=ADHUHR,https://villiers.ai/empty-legs/kefd-kssi-2026-08-14?id=ADHUHR,https://villiers.ai/empty-legs/kefd-kssi-2026-08-14?id=ADHUHR,"Wed, 05 Aug 2026 15:25:58 GMT",2026-08-15T00:17:01+00:00
https://villiers.ai/empty-legs/khou-kcpr-cessna-citation-ultra-2026-08-14-2fd62f65?id=ADHUHR,inactive,inactive,2026-08-08T00:17:02+00:00,2026-08-14T23:47:02+00:00,2026-08-15T00:17:01+00:00,"Cessna Citation Ultra | William P. Hobby Airport → Casper-Natrona County International Airport | $10,750",,Cessna Citation Ultra,KHOU - William P. Hobby Airport,KHOU,HOU,William P Hobby Airport,Houston,US,KCPR - Casper-Natrona County International Airport,KCPR,CPR,Casper/Natrona County International Airport,Casper,US,14 August 2026,2026-08-14,12:00,14:32,2h 33m,"$10,750",10750,USD,$,7,https://villiers.ai/empty-legs/khou-kcpr-cessna-citation-ultra-2026-08-14-2fd62f65?id=ADHUHR,https://villiers.ai/empty-legs/khou-kcpr-cessna-citation-ultra-2026-08-14-2fd62f65?id=ADHUHR,https://villiers.ai/empty-legs/khou-kcpr-cessna-citation-ultra-2026-08-14-2fd62f65?id=ADHUHR,"Fri, 07 Aug 2026 14:24:20 GMT",2026-08-15T00:17:01+00:00
https://villiers.ai/empty-legs/khou-kssi-2026-08-14?id=ADHUHR,inactive,inactive,2026-08-05T22:38:36+00:00,2026-08-14T23:47:02+00:00,2026-08-15T00:17:01+00:00,"Gulfstream G280 | William P. Hobby Airport → St Simons Island Airport | $13,438",,Gulfstream G280,KHOU - William P. Hobby Airport,KHOU,HOU,William P Hobby Airport,Houston,US,KSSI - St Simons Island Airport,KSSI,SSI,St Simons Island Airport,St Simons Island,US,14 August 2026,2026-08-14,12:00,14:02,2h 2m,"$13,438",13438,USD,$,10,https://villiers.ai/empty-legs/khou-kssi-2026-08-14?id=ADHUHR,https://villiers.ai/empty-legs/khou-kssi-2026-08-14?id=ADHUHR,https://villiers.ai/empty-legs/khou-kssi-2026-08-14?id=ADHUHR,"Mon, 27 Jul 2026 17:11:47 GMT",2026-08-15T00:17:01+00:00
https://villiers.ai/empty-legs/klas-kslc-aircraft-2026-08-14-7db5fecf?id=ADHUHR,inactive,inactive,2026-08-14T14:17:02+00:00,2026-08-14T23:47:02+00:00,2026-08-15T00:17:01+00:00,"Private Jet | Harry Reid International Airport → Salt Lake City International Airport | $3,870",,Private Jet,KLAS - Harry Reid International Airport,KLAS,LAS,Harry Reid International Airport,Las Vegas,US,KSLC - Salt Lake City International Airport,KSLC,SLC,Salt Lake City International Airport,Salt Lake City,US,14 August 2026,2026-08-14,12:00,13:10,1h 11m,"$3,870",3870,USD,$,7,https://villiers.ai/empty-legs/klas-kslc-aircraft-2026-08-14-7db5fecf?id=ADHUHR,https://villiers.ai/empty-legs/klas-kslc-aircraft-2026-08-14-7db5fecf?id=ADHUHR,https://villiers.ai/empty-legs/klas-kslc-aircraft-2026-08-14-7db5fecf?id=ADHUHR,"Fri, 14 Aug 2026 14:01:13 GMT",2026-08-15T00:17:01+00:00
https://villiers.ai/empty-legs/krno-klas-bombardier-challenger-604-20260814-26e4791d?id=ADHUHR,inactive,inactive,2026-08-05T22:38:36+00:00,2026-08-14T23:47:02+00:00,2026-08-15T00:17:01+00:00,"Bombardier Challenger 604 | Reno Tahoe International Airport → Harry Reid International Airport | $7,260",,Bombardier Challenger 604,KRNO - Reno Tahoe International Airport,KRNO,RNO,Reno/Tahoe International Airport,Reno,US,KLAS - Harry Reid International Airport,KLAS,LAS,Harry Reid International Airport,Las Vegas,US,14 August 2026,2026-08-14,12:00,13:08,1h 8m,"$7,260",7260,USD,$,10,https://villiers.ai/empty-legs/krno-klas-bombardier-challenger-604-20260814-26e4791d?id=ADHUHR,https://villiers.ai/empty-legs/krno-klas-bombardier-challenger-604-20260814-26e4791d?id=ADHUHR,https://villiers.ai/empty-legs/krno-klas-bombardier-challenger-604-20260814-26e4791d?id=ADHUHR,"Fri, 10 Apr 2026 04:04:40 GMT",2026-08-15T00:17:01+00:00
https://villiers.ai/empty-legs/eggw-levc-challenger-650-2026-08-15-8962031b?id=ADHUHR,inactive,inactive,2026-08-08T00:17:02+00:00,2026-08-15T23:47:01+00:00,2026-08-16T00:17:01+00:00,"Challenger 650 | London Luton Airport → Valencia Airport | £12,900",,Challenger 650,EGGW - London Luton Airport,EGGW,LTN,London Luton Airport,London,GB,LEVC - Valencia Airport,LEVC,VLC,Valencia Airport,Valencia,ES,15 August 2026,2026-08-15,12:00,14:04,2h 5m,"£12,900",12900,GBP,£,11,https://villiers.ai/empty-legs/eggw-levc-challenger-650-2026-08-15-8962031b?id=ADHUHR,https://villiers.ai/empty-legs/eggw-levc-challenger-650-2026-08-15-8962031b?id=ADHUHR,https://villiers.ai/empty-legs/eggw-levc-challenger-650-2026-08-15-8962031b?id=ADHUHR,"Fri, 07 Aug 2026 18:00:56 GMT",2026-08-16T00:17:01+00:00
https://villiers.ai/empty-legs/eglf-edry-2026-08-15?id=ADHUHR,inactive,inactive,2026-08-05T22:38:36+00:00,2026-08-15T23:47:01+00:00,2026-08-16T00:17:01+00:00,"Citation XLS+ | Farnborough Airport → Speyer Airfield | £10,890",,Citation XLS+,EGLF - Farnborough Airport,EGLF,FAB,Farnborough Airport,Farnborough,GB,EDRY - Speyer Airfield,EDRY,,Speyer Airport,Speyer,DE,15 August 2026,2026-08-15,12:00,13:17,1h 18m,"£10,890",10890,GBP,£,7,https://villiers.ai/empty-legs/eglf-edry-2026-08-15?id=ADHUHR,https://villiers.ai/empty-legs/eglf-edry-2026-08-15?id=ADHUHR,https://villiers.ai/empty-legs/eglf-edry-2026-08-15?id=ADHUHR,"Fri, 26 Jun 2026 18:54:16 GMT",2026-08-16T00:17:01+00:00
https://villiers.ai/empty-legs/eglf-lege-2026-08-15?id=ADHUHR,inactive,inactive,2026-08-05T22:38:36+00:00,2026-08-15T23:47:01+00:00,2026-08-16T00:17:01+00:00,"Phenom 300 | Farnborough Airport → Girona-Costa Brava Airport | £10,450",,Phenom 300,EGLF - Farnborough Airport,EGLF,FAB,Farnborough Airport,Farnborough,GB,LEGE - Girona-Costa Brava Airport,LEGE,GRO,Girona Airport,Girona,ES,15 August 2026,2026-08-15,12:00,13:44,1h 44m,"£10,450",10450,GBP,£,9,https://villiers.ai/empty-legs/eglf-lege-2026-08-15?id=ADHUHR,https://villiers.ai/empty-legs/eglf-lege-2026-08-15?id=ADHUHR,https://villiers.ai/empty-legs/eglf-lege-2026-08-15?id=ADHUHR,"Fri, 26 Jun 2026 18:54:16 GMT",2026-08-16T00:17:01+00:00
https://villiers.ai/empty-legs/eick-egll-pilatus-pc-12-2026-08-15-db7565cb?id=ADHUHR,inactive,inactive,2026-08-08T00:17:02+00:00,2026-08-15T23:47:01+00:00,2026-08-16T00:17:01+00:00,"Pilatus PC-12 | Cork Airport → London Heathrow Airport | £3,225",,Pilatus PC-12,EICK - Cork Airport,EICK,ORK,Cork Airport,Cork,IE,EGLL - London Heathrow Airport,EGLL,LHR,London Heathrow Airport,London,GB,15 August 2026,2026-08-15,12:00,13:08,1h 8m,"£3,225",3225,GBP,£,6,https://villiers.ai/empty-legs/eick-egll-pilatus-pc-12-2026-08-15-db7565cb?id=ADHUHR,https://villiers.ai/empty-legs/eick-egll-pilatus-pc-12-2026-08-15-db7565cb?id=ADHUHR,https://villiers.ai/empty-legs/eick-egll-pilatus-pc-12-2026-08-15-db7565cb?id=ADHUHR,"Fri, 07 Aug 2026 18:00:56 GMT",2026-08-16T00:17:01+00:00
https://villiers.ai/empty-legs/kbfi-kapa-challenger-350-2026-08-15-cae1a3ba?id=ADHUHR,inactive,inactive,2026-08-12T22:17:01+00:00,2026-08-15T23:47:01+00:00,2026-08-16T00:17:01+00:00,"Challenger 350 | Boeing Field King County International Airport → Centennial Airport | $18,275",,Challenger 350,KBFI - Boeing Field King County International Airport,KBFI,BFI,Boeing Field/King County International Airport,Seattle,US,KAPA - Centennial Airport,KAPA,APA,Centennial Airport,Denver,US,15 August 2026,2026-08-15,12:00,14:24,2h 24m,"$18,275",18275,USD,$,9,https://villiers.ai/empty-legs/kbfi-kapa-challenger-350-2026-08-15-cae1a3ba?id=ADHUHR,https://villiers.ai/empty-legs/kbfi-kapa-challenger-350-2026-08-15-cae1a3ba?id=ADHUHR,https://villiers.ai/empty-legs/kbfi-kapa-challenger-350-2026-08-15-cae1a3ba?id=ADHUHR,"Wed, 12 Aug 2026 22:00:20 GMT",2026-08-16T00:17:01+00:00
https://villiers.ai/empty-legs/khou-kdal-2026-08-15?id=ADHUHR,inactive,inactive,2026-08-05T22:38:36+00:00,2026-08-15T23:47:01+00:00,2026-08-16T00:17:01+00:00,"Cessna Citation V | William P. Hobby Airport → Dallas Love Field | $3,118",,Cessna Citation V,KHOU - William P. Hobby Airport,KHOU,HOU,William P Hobby Airport,Houston,US,KDAL - Dallas Love Field,KDAL,DAL,Dallas Love Field,Dallas,US,15 August 2026,2026-08-15,12:00,12:56,57m,"$3,118",3118,USD,$,7,https://villiers.ai/empty-legs/khou-kdal-2026-08-15?id=ADHUHR,https://villiers.ai/empty-legs/khou-kdal-2026-08-15?id=ADHUHR,https://villiers.ai/empty-legs/khou-kdal-2026-08-15?id=ADHUHR,"Wed, 05 Aug 2026 15:25:58 GMT",2026-08-16T00:17:01+00:00
https://villiers.ai/empty-legs/kvny-kgjt-challenger-350-2026-08-15-80865eac?id=ADHUHR,inactive,inactive,2026-08-12T22:17:01+00:00,2026-08-15T23:47:01+00:00,2026-08-16T00:17:01+00:00,"Challenger 350 | Van Nuys Airport → Grand Junction Regional Airport | $18,275",,Challenger 350,KVNY - Van Nuys Airport,KVNY,VNY,Van Nuys Airport,Van Nuys,US,KGJT - Grand Junction Regional Airport,KGJT,GJT,Grand Junction Regional Airport,Grand Junction,US,15 August 2026,2026-08-15,12:00,13:41,1h 42m,"$18,275",18275,USD,$,9,https://villiers.ai/empty-legs/kvny-kgjt-challenger-350-2026-08-15-80865eac?id=ADHUHR,https://villiers.ai/empty-legs/kvny-kgjt-challenger-350-2026-08-15-80865eac?id=ADHUHR,https://villiers.ai/empty-legs/kvny-kgjt-challenger-350-2026-08-15-80865eac?id=ADHUHR,"Wed, 12 Aug 2026 22:00:20 GMT",2026-08-16T00:17:01+00:00
https://villiers.ai/empty-legs/kaus-kdal-aircraft-2026-08-16-7c9d6984?id=ADHUHR,inactive,inactive,2026-08-14T14:17:02+00:00,2026-08-16T23:47:02+00:00,2026-08-17T00:17:02+00:00,"Private Jet | Austin Bergstrom International Airport → Dallas Love Field | $2,473",,Private Jet,KAUS - Austin Bergstrom International Airport,KAUS,AUS,Austin-Bergstrom International Airport,Austin,US,KDAL - Dallas Love Field,KDAL,DAL,Dallas Love Field,Dallas,US,16 August 2026,2026-08-16,12:00,12:50,51m,"$2,473",2473,USD,$,7,https://villiers.ai/empty-legs/kaus-kdal-aircraft-2026-08-16-7c9d6984?id=ADHUHR,https://villiers.ai/empty-legs/kaus-kdal-aircraft-2026-08-16-7c9d6984?id=ADHUHR,https://villiers.ai/empty-legs/kaus-kdal-aircraft-2026-08-16-7c9d6984?id=ADHUHR,"Fri, 14 Aug 2026 14:01:13 GMT",2026-08-17T00:17:02+00:00
https://villiers.ai/empty-legs/kchd-klas-cessna-citation-ultra-2026-08-16-a5c636ce?id=ADHUHR,inactive,inactive,2026-08-16T14:17:02+00:00,2026-08-16T23:47:02+00:00,2026-08-17T00:17:02+00:00,"Cessna Citation Ultra | Chandler Municipal Airport → Harry Reid International Airport | $3,440",,Cessna Citation Ultra,KCHD - Chandler Municipal Airport,KCHD,,Chandler Municipal Airport,Chandler,US,KLAS - Harry Reid International Airport,KLAS,LAS,Harry Reid International Airport,Las Vegas,US,16 August 2026,2026-08-16,12:00,13:00,1h 0m,"$3,440",3440,USD,$,7,https://villiers.ai/empty-legs/kchd-klas-cessna-citation-ultra-2026-08-16-a5c636ce?id=ADHUHR,https://villiers.ai/empty-legs/kchd-klas-cessna-citation-ultra-2026-08-16-a5c636ce?id=ADHUHR,https://villiers.ai/empty-legs/kchd-klas-cessna-citation-ultra-2026-08-16-a5c636ce?id=ADHUHR,"Sun, 16 Aug 2026 14:11:48 GMT",2026-08-17T00:17:02+00:00
https://villiers.ai/empty-legs/kcrq-ksaf-citation-cj3-2026-08-16-736838d2?id=ADHUHR,inactive,inactive,2026-08-12T22:17:01+00:00,2026-08-16T23:47:02+00:00,2026-08-17T00:17:02+00:00,"Citation CJ3 | McClellan-Palomar Airport → Santa Fe Municipal Airport | $6,988",,Citation CJ3,KCRQ - McClellan-Palomar Airport,KCRQ,CLD,Mc Clellan-Palomar Airport,Carlsbad,US,KSAF - Santa Fe Municipal Airport,KSAF,SAF,Santa Fe Regional Airport,Santa Fe,US,16 August 2026,2026-08-16,12:00,13:43,1h 43m,"$6,988",6988,USD,$,6,https://villiers.ai/empty-legs/kcrq-ksaf-citation-cj3-2026-08-16-736838d2?id=ADHUHR,https://villiers.ai/empty-legs/kcrq-ksaf-citation-cj3-2026-08-16-736838d2?id=ADHUHR,https://villiers.ai/empty-legs/kcrq-ksaf-citation-cj3-2026-08-16-736838d2?id=ADHUHR,"Wed, 12 Aug 2026 22:00:20 GMT",2026-08-17T00:17:02+00:00
https://villiers.ai/empty-legs/kerv-kril-cessna-citation-ultra-2026-08-16-f86b80c4?id=ADHUHR,inactive,inactive,2026-08-15T14:17:02+00:00,2026-08-16T23:47:02+00:00,2026-08-17T00:17:02+00:00,"Cessna Citation Ultra | Kerrville / Kerr County Airport at Louis Schreiner Field → Garfield County Regional Airport | $8,600",,Cessna Citation Ultra,KERV - Kerrville / Kerr County Airport at Louis Schreiner Field,KERV,ERV,Kerrville Municipal/Louis Schreiner Field,Kerrville,US,KRIL - Garfield County Regional Airport,KRIL,RIL,Rifle Garfield County Airport,Rifle,US,16 August 2026,2026-08-16,12:00,14:01,2h 1m,"$8,600",8600,USD,$,7,https://villiers.ai/empty-legs/kerv-kril-cessna-citation-ultra-2026-08-16-f86b80c4?id=ADHUHR,https://villiers.ai/empty-legs/kerv-kril-cessna-citation-ultra-2026-08-16-f86b80c4?id=ADHUHR,https://villiers.ai/empty-legs/kerv-kril-cessna-citation-ultra-2026-08-16-f86b80c4?id=ADHUHR,"Sat, 15 Aug 2026 14:13:13 GMT",2026-08-17T00:17:02+00:00
https://villiers.ai/empty-legs/khou-kase-2026-08-16?id=ADHUHR,inactive,inactive,2026-08-05T22:38:36+00:00,2026-08-16T23:47:02+00:00,2026-08-17T00:17:02+00:00,"Cessna Citation Excel | William P. Hobby Airport → Aspen-Pitkin County Airport (Sardy Field) | $13,115",,Cessna Citation Excel,KHOU - William P. Hobby Airport,KHOU,HOU,William P Hobby Airport,Houston,US,KASE - Aspen-Pitkin County Airport (Sardy Field),KASE,ASE,Aspen-Pitkin County/Sardy Field,Aspen,US,16 August 2026,2026-08-16,12:00,14:13,2h 14m,"$13,115",13115,USD,$,9,https://villiers.ai/empty-legs/khou-kase-2026-08-16?id=ADHUHR,https://villiers.ai/empty-legs/khou-kase-2026-08-16?id=ADHUHR,https://villiers.ai/empty-legs/khou-kase-2026-08-16?id=ADHUHR,"Mon, 27 Jul 2026 17:11:47 GMT",2026-08-17T00:17:02+00:00
https://villiers.ai/empty-legs/khou-kdzb-cessna-citation-ultra-2026-08-16-145af712?id=ADHUHR,inactive,inactive,2026-08-15T14:17:02+00:00,2026-08-16T23:47:02+00:00,2026-08-17T00:17:02+00:00,"Cessna Citation Ultra | William P. Hobby Airport → Horseshoe Bay Resort Airport | $2,795",,Cessna Citation Ultra,KHOU - William P. Hobby Airport,KHOU,HOU,William P Hobby Airport,Houston,US,KDZB - Horseshoe Bay Resort Airport,KDZB,,Horseshoe Bay Resort Airport,Horseshoe Bay,US,16 August 2026,2026-08-16,12:00,12:51,51m,"$2,795",2795,USD,$,7,https://villiers.ai/empty-legs/khou-kdzb-cessna-citation-ultra-2026-08-16-145af712?id=ADHUHR,https://villiers.ai/empty-legs/khou-kdzb-cessna-citation-ultra-2026-08-16-145af712?id=ADHUHR,https://villiers.ai/empty-legs/khou-kdzb-cessna-citation-ultra-2026-08-16-145af712?id=ADHUHR,"Sat, 15 Aug 2026 14:13:13 GMT",2026-08-17T00:17:02+00:00
https://villiers.ai/empty-legs/khou-klas-aircraft-2026-08-16-6b249f11?id=ADHUHR,inactive,inactive,2026-08-14T14:17:02+00:00,2026-08-16T23:47:02+00:00,2026-08-17T00:17:02+00:00,"Private Jet | William P. Hobby Airport → Harry Reid International Airport | $12,470",,Private Jet,KHOU - William P. Hobby Airport,KHOU,HOU,William P Hobby Airport,Houston,US,KLAS - Harry Reid International Airport,KLAS,LAS,Harry Reid International Airport,Las Vegas,US,16 August 2026,2026-08-16,12:00,14:46,2h 47m,"$12,470",12470,USD,$,7,https://villiers.ai/empty-legs/khou-klas-aircraft-2026-08-16-6b249f11?id=ADHUHR,https://villiers.ai/empty-legs/khou-klas-aircraft-2026-08-16-6b249f11?id=ADHUHR,https://villiers.ai/empty-legs/khou-klas-aircraft-2026-08-16-6b249f11?id=ADHUHR,"Fri, 14 Aug 2026 14:01:13 GMT",2026-08-17T00:17:02+00:00
https://villiers.ai/empty-legs/khou-kril-aircraft-2026-08-16-0c63f68d?id=ADHUHR,inactive,inactive,2026-08-14T14:17:02+00:00,2026-08-16T23:47:02+00:00,2026-08-17T00:17:02+00:00,"Private Jet | William P. Hobby Airport → Garfield County Regional Airport | $9,998",,Private Jet,KHOU - William P. Hobby Airport,KHOU,HOU,William P Hobby Airport,Houston,US,KRIL - Garfield County Regional Airport,KRIL,RIL,Rifle Garfield County Airport,Rifle,US,16 August 2026,2026-08-16,12:00,14:18,2h 19m,"$9,998",9998,USD,$,7,https://villiers.ai/empty-legs/khou-kril-aircraft-2026-08-16-0c63f68d?id=ADHUHR,https://villiers.ai/empty-legs/khou-kril-aircraft-2026-08-16-0c63f68d?id=ADHUHR,https://villiers.ai/empty-legs/khou-kril-aircraft-2026-08-16-0c63f68d?id=ADHUHR,"Fri, 14 Aug 2026 14:01:13 GMT",2026-08-17T00:17:02+00:00
https://villiers.ai/empty-legs/khou-mrlb-bombardier-challenger-604-2026-08-16-2e5f09dd?id=ADHUHR,inactive,inactive,2026-08-08T00:17:02+00:00,2026-08-16T23:47:02+00:00,2026-08-17T00:17:02+00:00,"Bombardier Challenger 604 | William P. Hobby Airport → Guanacaste Airport | $24,403",,Bombardier Challenger 604,KHOU - William P. Hobby Airport,KHOU,HOU,William P Hobby Airport,Houston,US,MRLB - Guanacaste Airport,MRLB,LIR,Daniel Oduber Quiros International Airport,Liberia,CR,16 August 2026,2026-08-16,12:00,15:11,3h 12m,"$24,403",24403,USD,$,10,https://villiers.ai/empty-legs/khou-mrlb-bombardier-challenger-604-2026-08-16-2e5f09dd?id=ADHUHR,https://villiers.ai/empty-legs/khou-mrlb-bombardier-challenger-604-2026-08-16-2e5f09dd?id=ADHUHR,https://villiers.ai/empty-legs/khou-mrlb-bombardier-challenger-604-2026-08-16-2e5f09dd?id=ADHUHR,"Fri, 07 Aug 2026 14:24:20 GMT",2026-08-17T00:17:02+00:00
https://villiers.ai/empty-legs/khpn-khou-aircraft-2026-08-16-e4ad63b8?id=ADHUHR,inactive,inactive,2026-08-14T14:17:02+00:00,2026-08-16T23:47:02+00:00,2026-08-17T00:17:02+00:00,"Private Jet | Westchester County Airport → William P. Hobby Airport | $14,835",,Private Jet,KHPN - Westchester County Airport,KHPN,HPN,Westchester County Airport,White Plains,US,KHOU - William P. Hobby Airport,KHOU,HOU,William P Hobby Airport,Houston,US,16 August 2026,2026-08-16,12:00,15:10,3h 10m,"$14,835",14835,USD,$,7,https://villiers.ai/empty-legs/khpn-khou-aircraft-2026-08-16-e4ad63b8?id=ADHUHR,https://villiers.ai/empty-legs/khpn-khou-aircraft-2026-08-16-e4ad63b8?id=ADHUHR,https://villiers.ai/empty-legs/khpn-khou-aircraft-2026-08-16-e4ad63b8?id=ADHUHR,"Fri, 14 Aug 2026 14:01:13 GMT",2026-08-17T00:17:02+00:00
https://villiers.ai/empty-legs/kiwa-klas-cessna-citation-ultra-2026-08-16-a06678b0?id=ADHUHR,inactive,inactive,2026-08-15T14:17:02+00:00,2026-08-16T23:47:02+00:00,2026-08-17T00:17:02+00:00,"Cessna Citation Ultra | Mesa Gateway Airport → Harry Reid International Airport | $3,870",,Cessna Citation Ultra,KIWA - Mesa Gateway Airport,KIWA,AZA,Mesa Gateway Airport,Phoenix,US,KLAS - Harry Reid International Airport,KLAS,LAS,Harry Reid International Airport,Las Vegas,US,16 August 2026,2026-08-16,12:00,13:00,1h 1m,"$3,870",3870,USD,$,7,https://villiers.ai/empty-legs/kiwa-klas-cessna-citation-ultra-2026-08-16-a06678b0?id=ADHUHR,https://villiers.ai/empty-legs/kiwa-klas-cessna-citation-ultra-2026-08-16-a06678b0?id=ADHUHR,https://villiers.ai/empty-legs/kiwa-klas-cessna-citation-ultra-2026-08-16-a06678b0?id=ADHUHR,"Sat, 15 Aug 2026 14:13:13 GMT",2026-08-17T00:17:02+00:00
https://villiers.ai/empty-legs/kopf-mrlb-2026-08-16?id=ADHUHR,inactive,inactive,2026-08-05T22:38:36+00:00,2026-08-16T23:47:02+00:00,2026-08-17T00:17:02+00:00,"Bombardier Challenger 604 | Miami-Opa Locka Executive Airport → Guanacaste Airport | $20,425",,Bombardier Challenger 604,KOPF - Miami-Opa Locka Executive Airport,KOPF,OPF,Miami-Opa Locka Executive Airport,Miami,US,MRLB - Guanacaste Airport,MRLB,LIR,Daniel Oduber Quiros International Airport,Liberia,CR,16 August 2026,2026-08-16,12:00,14:33,2h 33m,"$20,425",20425,USD,$,10,https://villiers.ai/empty-legs/kopf-mrlb-2026-08-16?id=ADHUHR,https://villiers.ai/empty-legs/kopf-mrlb-2026-08-16?id=ADHUHR,https://villiers.ai/empty-legs/kopf-mrlb-2026-08-16?id=ADHUHR,"Tue, 14 Jul 2026 14:09:12 GMT",2026-08-17T00:17:02+00:00
https://villiers.ai/empty-legs/kdal-khou-cessna-citation-v-2026-08-17-9858d958?id=ADHUHR,inactive,inactive,2026-08-10T14:17:01+00:00,2026-08-17T23:47:01+00:00,2026-08-18T00:17:02+00:00,"Cessna Citation V | Dallas Love Field → William P. Hobby Airport | $2,795",,Cessna Citation V,KDAL - Dallas Love Field,KDAL,DAL,Dallas Love Field,Dallas,US,KHOU - William P. Hobby Airport,KHOU,HOU,William P Hobby Airport,Houston,US,17 August 2026,2026-08-17,12:00,12:56,57m,"$2,795",2795,USD,$,7,https://villiers.ai/empty-legs/kdal-khou-cessna-citation-v-2026-08-17-9858d958?id=ADHUHR,https://villiers.ai/empty-legs/kdal-khou-cessna-citation-v-2026-08-17-9858d958?id=ADHUHR,https://villiers.ai/empty-legs/kdal-khou-cessna-citation-v-2026-08-17-9858d958?id=ADHUHR,"Mon, 10 Aug 2026 14:06:58 GMT",2026-08-18T00:17:02+00:00
https://villiers.ai/empty-legs/kege-khou-pilatus-pc-12-ng-2026-08-17-ddc85f70?id=ADHUHR,inactive,inactive,2026-08-15T14:17:02+00:00,2026-08-17T23:47:01+00:00,2026-08-18T00:17:02+00:00,"Pilatus PC 12 NG | Eagle County Regional Airport → William P. Hobby Airport | $7,740",,Pilatus PC 12 NG,KEGE - Eagle County Regional Airport,KEGE,EGE,Eagle County Regional Airport,Eagle,US,KHOU - William P. Hobby Airport,KHOU,HOU,William P Hobby Airport,Houston,US,17 August 2026,2026-08-17,12:00,14:15,2h 16m,"$7,740",7740,USD,$,7,https://villiers.ai/empty-legs/kege-khou-pilatus-pc-12-ng-2026-08-17-ddc85f70?id=ADHUHR,https://villiers.ai/empty-legs/kege-khou-pilatus-pc-12-ng-2026-08-17-ddc85f70?id=ADHUHR,https://villiers.ai/empty-legs/kege-khou-pilatus-pc-12-ng-2026-08-17-ddc85f70?id=ADHUHR,"Sat, 15 Aug 2026 14:13:14 GMT",2026-08-18T00:17:02+00:00
https://villiers.ai/empty-legs/kggg-kcha-gulfstream-g280-2026-08-17-59ee49f7?id=ADHUHR,inactive,inactive,2026-08-08T00:17:02+00:00,2026-08-17T23:47:01+00:00,2026-08-18T00:17:02+00:00,"Gulfstream G280 | East Texas Regional Airport → Chattanooga Metropolitan Airport (Lovell Field) | $10,213",,Gulfstream G280,KGGG - East Texas Regional Airport,KGGG,GGG,East Texas Regional Airport,Longview,US,KCHA - Chattanooga Metropolitan Airport (Lovell Field),KCHA,CHA,Lovell Field,Chattanooga,US,17 August 2026,2026-08-17,12:00,13:33,1h 34m,"$10,213",10213,USD,$,10,https://villiers.ai/empty-legs/kggg-kcha-gulfstream-g280-2026-08-17-59ee49f7?id=ADHUHR,https://villiers.ai/empty-legs/kggg-kcha-gulfstream-g280-2026-08-17-59ee49f7?id=ADHUHR,https://villiers.ai/empty-legs/kggg-kcha-gulfstream-g280-2026-08-17-59ee49f7?id=ADHUHR,"Fri, 07 Aug 2026 14:24:20 GMT",2026-08-18T00:17:02+00:00
https://villiers.ai/empty-legs/khou-kggg-gulfstream-g280-2026-08-17-11f4e05d?id=ADHUHR,inactive,inactive,2026-08-08T00:17:02+00:00,2026-08-17T23:47:01+00:00,2026-08-18T00:17:02+00:00,"Gulfstream G280 | William P. Hobby Airport → East Texas Regional Airport | $4,730",,Gulfstream G280,KHOU - William P. Hobby Airport,KHOU,HOU,William P Hobby Airport,Houston,US,KGGG - East Texas Regional Airport,KGGG,GGG,East Texas Regional Airport,Longview,US,17 August 2026,2026-08-17,12:00,12:51,51m,"$4,730",4730,USD,$,10,https://villiers.ai/empty-legs/khou-kggg-gulfstream-g280-2026-08-17-11f4e05d?id=ADHUHR,https://villiers.ai/empty-legs/khou-kggg-gulfstream-g280-2026-08-17-11f4e05d?id=ADHUHR,https://villiers.ai/empty-legs/khou-kggg-gulfstream-g280-2026-08-17-11f4e05d?id=ADHUHR,"Fri, 07 Aug 2026 14:24:20 GMT",2026-08-18T00:17:02+00:00
https://villiers.ai/empty-legs/khou-klwb-cessna-citation-ultra-2026-08-17-77278b4c?id=ADHUHR,inactive,inactive,2026-08-11T15:17:01+00:00,2026-08-17T23:47:01+00:00,2026-08-18T00:17:02+00:00,"Cessna Citation Ultra | William P. Hobby Airport → Greenbrier Valley Airport | $8,278",,Cessna Citation Ultra,KHOU - William P. Hobby Airport,KHOU,HOU,William P Hobby Airport,Houston,US,KLWB - Greenbrier Valley Airport,KLWB,LWB,Greenbrier Valley Airport,Lewisburg,US,17 August 2026,2026-08-17,12:00,14:23,2h 24m,"$8,278",8278,USD,$,7,https://villiers.ai/empty-legs/khou-klwb-cessna-citation-ultra-2026-08-17-77278b4c?id=ADHUHR,https://villiers.ai/empty-legs/khou-klwb-cessna-citation-ultra-2026-08-17-77278b4c?id=ADHUHR,https://villiers.ai/empty-legs/khou-klwb-cessna-citation-ultra-2026-08-17-77278b4c?id=ADHUHR,"Tue, 11 Aug 2026 14:47:20 GMT",2026-08-18T00:17:02+00:00
https://villiers.ai/empty-legs/ksus-khou-cessna-citation-v-2026-08-17-c6702922?id=ADHUHR,inactive,inactive,2026-08-12T14:47:01+00:00,2026-08-17T23:47:01+00:00,2026-08-18T00:17:02+00:00,"Cessna Citation V | Spirit of St Louis Airport → William P. Hobby Airport | $7,633",,Cessna Citation V,KSUS - Spirit of St Louis Airport,KSUS,SUS,Spirit Of St Louis Airport,St Louis,US,KHOU - William P. Hobby Airport,KHOU,HOU,William P Hobby Airport,Houston,US,17 August 2026,2026-08-17,12:00,13:45,1h 45m,"$7,633",7633,USD,$,7,https://villiers.ai/empty-legs/ksus-khou-cessna-citation-v-2026-08-17-c6702922?id=ADHUHR,https://villiers.ai/empty-legs/ksus-khou-cessna-citation-v-2026-08-17-c6702922?id=ADHUHR,https://villiers.ai/empty-legs/ksus-khou-cessna-citation-v-2026-08-17-c6702922?id=ADHUHR,"Wed, 12 Aug 2026 14:28:14 GMT",2026-08-18T00:17:02+00:00
https://villiers.ai/empty-legs/ktul-khou-cessna-citation-ultra-2026-08-17-f9e212a5?id=ADHUHR,inactive,inactive,2026-08-11T15:17:01+00:00,2026-08-17T23:47:01+00:00,2026-08-18T00:17:02+00:00,"Cessna Citation Ultra | Tulsa International Airport → William P. Hobby Airport | $4,515",,Cessna Citation Ultra,KTUL - Tulsa International Airport,KTUL,TUL,Tulsa International Airport,Tulsa,US,KHOU - William P. Hobby Airport,KHOU,HOU,William P Hobby Airport,Houston,US,17 August 2026,2026-08-17,12:00,13:20,1h 20m,"$4,515",4515,USD,$,7,https://villiers.ai/empty-legs/ktul-khou-cessna-citation-ultra-2026-08-17-f9e212a5?id=ADHUHR,https://villiers.ai/empty-legs/ktul-khou-cessna-citation-ultra-2026-08-17-f9e212a5?id=ADHUHR,https://villiers.ai/empty-legs/ktul-khou-cessna-citation-ultra-2026-08-17-f9e212a5?id=ADHUHR,"Tue, 11 Aug 2026 14:47:20 GMT",2026-08-18T00:17:02+00:00
https://villiers.ai/empty-legs/ktul-klwb-aircraft-2026-08-17-af360b2f?id=ADHUHR,inactive,inactive,2026-08-14T14:17:02+00:00,2026-08-17T23:47:01+00:00,2026-08-18T00:17:02+00:00,"Private Jet | Tulsa International Airport → Greenbrier Valley Airport | $6,880",,Private Jet,KTUL - Tulsa International Airport,KTUL,TUL,Tulsa International Airport,Tulsa,US,KLWB - Greenbrier Valley Airport,KLWB,LWB,Greenbrier Valley Airport,Lewisburg,US,17 August 2026,2026-08-17,12:00,14:05,2h 6m,"$6,880",6880,USD,$,7,https://villiers.ai/empty-legs/ktul-klwb-aircraft-2026-08-17-af360b2f?id=ADHUHR,https://villiers.ai/empty-legs/ktul-klwb-aircraft-2026-08-17-af360b2f?id=ADHUHR,https://villiers.ai/empty-legs/ktul-klwb-aircraft-2026-08-17-af360b2f?id=ADHUHR,"Fri, 14 Aug 2026 14:01:13 GMT",2026-08-18T00:17:02+00:00
https://villiers.ai/empty-legs/kapc-kslc-citation-x-2026-08-18-a9d69d6d?id=ADHUHR,inactive,inactive,2026-08-18T17:47:01+00:00,2026-08-18T23:47:01+00:00,2026-08-19T00:17:03+00:00,"Citation X | Napa County Airport → Salt Lake City International Airport | $9,675",,Citation X,KAPC - Napa County Airport,KAPC,APC,Napa County Airport,Napa,US,KSLC - Salt Lake City International Airport,KSLC,SLC,Salt Lake City International Airport,Salt Lake City,US,18 August 2026,2026-08-18,12:00,13:33,1h 34m,"$9,675",9675,USD,$,12,https://villiers.ai/empty-legs/kapc-kslc-citation-x-2026-08-18-a9d69d6d?id=ADHUHR,https://villiers.ai/empty-legs/kapc-kslc-citation-x-2026-08-18-a9d69d6d?id=ADHUHR,https://villiers.ai/empty-legs/kapc-kslc-citation-x-2026-08-18-a9d69d6d?id=ADHUHR,"Tue, 18 Aug 2026 17:36:40 GMT",2026-08-19T00:17:03+00:00
https://villiers.ai/empty-legs/kbed-kfok-challenger-300-2026-08-18-1900acaa?id=ADHUHR,inactive,inactive,2026-08-18T17:47:01+00:00,2026-08-18T23:47:01+00:00,2026-08-19T00:17:03+00:00,"Challenger 300 | Laurence G Hanscom Field → Francis S Gabreski Airport | $8,600",,Challenger 300,KBED - Laurence G Hanscom Field,KBED,BED,Laurence G Hanscom Field,Bedford,US,KFOK - Francis S Gabreski Airport,KFOK,FOK,Francis S Gabreski Airport,Westhampton Beach,US,18 August 2026,2026-08-18,12:00,12:44,45m,"$8,600",8600,USD,$,10,https://villiers.ai/empty-legs/kbed-kfok-challenger-300-2026-08-18-1900acaa?id=ADHUHR,https://villiers.ai/empty-legs/kbed-kfok-challenger-300-2026-08-18-1900acaa?id=ADHUHR,https://villiers.ai/empty-legs/kbed-kfok-challenger-300-2026-08-18-1900acaa?id=ADHUHR,"Tue, 18 Aug 2026 17:35:25 GMT",2026-08-19T00:17:03+00:00
https://villiers.ai/empty-legs/kbed-kpwm-citation-x-2026-08-18-c6e66016?id=ADHUHR,inactive,inactive,2026-08-18T17:47:01+00:00,2026-08-18T23:47:01+00:00,2026-08-19T00:17:03+00:00,"Citation X | Laurence G Hanscom Field → Portland International Jetport | $8,600",,Citation X,KBED - Laurence G Hanscom Field,KBED,BED,Laurence G Hanscom Field,Bedford,US,KPWM - Portland International Jetport,KPWM,PWM,Portland International Jetport Airport,Portland,US,18 August 2026,2026-08-18,12:00,12:40,41m,"$8,600",8600,USD,$,12,https://villiers.ai/empty-legs/kbed-kpwm-citation-x-2026-08-18-c6e66016?id=ADHUHR,https://villiers.ai/empty-legs/kbed-kpwm-citation-x-2026-08-18-c6e66016?id=ADHUHR,https://villiers.ai/empty-legs/kbed-kpwm-citation-x-2026-08-18-c6e66016?id=ADHUHR,"Tue, 18 Aug 2026 17:36:40 GMT",2026-08-19T00:17:03+00:00
https://villiers.ai/empty-legs/kbgm-cyqa-citation-x-2026-08-18-d2f91228?id=ADHUHR,inactive,inactive,2026-08-18T17:47:01+00:00,2026-08-18T23:47:01+00:00,2026-08-19T00:17:03+00:00,"Citation X | Greater Binghamton/Edwin A Link field → Muskoka Airport | $9,675",,Citation X,KBGM - Greater Binghamton/Edwin A Link field,KBGM,BGM,Greater Binghamton/Edwin A Link Field,Binghamton,US,CYQA - Muskoka Airport,CYQA,YQA,Muskoka Airport,Muskoka,CA,18 August 2026,2026-08-18,12:00,12:58,58m,"$9,675",9675,USD,$,12,https://villiers.ai/empty-legs/kbgm-cyqa-citation-x-2026-08-18-d2f91228?id=ADHUHR,https://villiers.ai/empty-legs/kbgm-cyqa-citation-x-2026-08-18-d2f91228?id=ADHUHR,https://villiers.ai/empty-legs/kbgm-cyqa-citation-x-2026-08-18-d2f91228?id=ADHUHR,"Tue, 18 Aug 2026 17:36:41 GMT",2026-08-19T00:17:03+00:00
https://villiers.ai/empty-legs/kchs-kbro-citation-x-2026-08-18-4d28f6cc?id=ADHUHR,inactive,inactive,2026-08-18T17:47:01+00:00,2026-08-18T23:47:01+00:00,2026-08-19T00:17:03+00:00,"Citation X | Charleston International Airport → Brownsville South Padre Island International Airport | $12,900",,Citation X,KCHS - Charleston International Airport,KCHS,CHS,Charleston Afb/International Airport,Charleston,US,KBRO - Brownsville South Padre Island International Airport,KBRO,BRO,Brownsville/South Padre Island International Airport,Brownsville,US,18 August 2026,2026-08-18,12:00,14:37,2h 38m,"$12,900",12900,USD,$,12,https://villiers.ai/empty-legs/kchs-kbro-citation-x-2026-08-18-4d28f6cc?id=ADHUHR,https://villiers.ai/empty-legs/kchs-kbro-citation-x-2026-08-18-4d28f6cc?id=ADHUHR,https://villiers.ai/empty-legs/kchs-kbro-citation-x-2026-08-18-4d28f6cc?id=ADHUHR,"Tue, 18 Aug 2026 17:36:41 GMT",2026-08-19T00:17:03+00:00
https://villiers.ai/empty-legs/kcmx-kegv-challenger-300-2026-08-18-53247265?id=ADHUHR,inactive,inactive,2026-08-18T17:47:01+00:00,2026-08-18T23:47:01+00:00,2026-08-19T00:17:03+00:00,"Challenger 300 | Houghton County Memorial Airport → Eagle River Union Airport | $8,600",,Challenger 300,KCMX - Houghton County Memorial Airport,KCMX,CMX,Houghton County Memorial Airport,Hancock,US,KEGV - Eagle River Union Airport,KEGV,EGV,Eagle River Union Airport,Eagle River,US,18 August 2026,2026-08-18,12:00,12:40,40m,"$8,600",8600,USD,$,10,https://villiers.ai/empty-legs/kcmx-kegv-challenger-300-2026-08-18-53247265?id=ADHUHR,https://villiers.ai/empty-legs/kcmx-kegv-challenger-300-2026-08-18-53247265?id=ADHUHR,https://villiers.ai/empty-legs/kcmx-kegv-challenger-300-2026-08-18-53247265?id=ADHUHR,"Tue, 18 Aug 2026 17:35:25 GMT",2026-08-19T00:17:03+00:00
https://villiers.ai/empty-legs/kdal-ksgr-cessna-citation-ultra-2026-08-18-b7477327?id=ADHUHR,inactive,inactive,2026-08-11T15:17:01+00:00,2026-08-18T23:47:01+00:00,2026-08-19T00:17:03+00:00,"Cessna Citation Ultra | Dallas Love Field → Sugar Land Regional Airport | $2,795",,Cessna Citation Ultra,KDAL - Dallas Love Field,KDAL,DAL,Dallas Love Field,Dallas,US,KSGR - Sugar Land Regional Airport,KSGR,SGR,Sugar Land Regional Airport,Houston,US,18 August 2026,2026-08-18,12:00,12:55,56m,"$2,795",2795,USD,$,7,https://villiers.ai/empty-legs/kdal-ksgr-cessna-citation-ultra-2026-08-18-b7477327?id=ADHUHR,https://villiers.ai/empty-legs/kdal-ksgr-cessna-citation-ultra-2026-08-18-b7477327?id=ADHUHR,https://villiers.ai/empty-legs/kdal-ksgr-cessna-citation-ultra-2026-08-18-b7477327?id=ADHUHR,"Tue, 11 Aug 2026 14:47:20 GMT",2026-08-19T00:17:03+00:00
https://villiers.ai/empty-legs/kdpa-kmsn-citation-x-2026-08-18-4f1d57b7?id=ADHUHR,inactive,inactive,2026-08-18T17:47:01+00:00,2026-08-18T23:47:01+00:00,2026-08-19T00:17:03+00:00,"Citation X | Dupage Airport → Dane County Regional Truax Field | $8,600",,Citation X,KDPA - Dupage Airport,KDPA,DPA,Dupage Airport,Chicago/West Chicago,US,KMSN - Dane County Regional Truax Field,KMSN,MSN,Dane County Regional/Truax Field,Madison,US,18 August 2026,2026-08-18,12:00,12:41,41m,"$8,600",8600,USD,$,12,https://villiers.ai/empty-legs/kdpa-kmsn-citation-x-2026-08-18-4f1d57b7?id=ADHUHR,https://villiers.ai/empty-legs/kdpa-kmsn-citation-x-2026-08-18-4f1d57b7?id=ADHUHR,https://villiers.ai/empty-legs/kdpa-kmsn-citation-x-2026-08-18-4f1d57b7?id=ADHUHR,"Tue, 18 Aug 2026 17:36:41 GMT",2026-08-19T00:17:03+00:00
https://villiers.ai/empty-legs/kege-khou-2026-08-18?id=ADHUHR,inactive,inactive,2026-08-05T22:38:36+00:00,2026-08-18T23:47:01+00:00,2026-08-19T00:17:03+00:00,"Pilatus PC 12 NG | Eagle County Regional Airport → William P. Hobby Airport | $7,740",,Pilatus PC 12 NG,KEGE - Eagle County Regional Airport,KEGE,EGE,Eagle County Regional Airport,Eagle,US,KHOU - William P. Hobby Airport,KHOU,HOU,William P Hobby Airport,Houston,US,18 August 2026,2026-08-18,12:00,14:15,2h 16m,"$7,740",7740,USD,$,7,https://villiers.ai/empty-legs/kege-khou-2026-08-18?id=ADHUHR,https://villiers.ai/empty-legs/kege-khou-2026-08-18?id=ADHUHR,https://villiers.ai/empty-legs/kege-khou-2026-08-18?id=ADHUHR,"Thu, 30 Jul 2026 02:41:56 GMT",2026-08-19T00:17:03+00:00
https://villiers.ai/empty-legs/kfok-kpwm-citation-x-2026-08-18-87c5156b?id=ADHUHR,inactive,inactive,2026-08-18T17:47:01+00:00,2026-08-18T23:47:01+00:00,2026-08-19T00:17:03+00:00,"Citation X | Francis S Gabreski Airport → Portland International Jetport | $8,600",,Citation X,KFOK - Francis S Gabreski Airport,KFOK,FOK,Francis S Gabreski Airport,Westhampton Beach,US,KPWM - Portland International Jetport,KPWM,PWM,Portland International Jetport Airport,Portland,US,18 August 2026,2026-08-18,12:00,12:55,55m,"$8,600",8600,USD,$,12,https://villiers.ai/empty-legs/kfok-kpwm-citation-x-2026-08-18-87c5156b?id=ADHUHR,https://villiers.ai/empty-legs/kfok-kpwm-citation-x-2026-08-18-87c5156b?id=ADHUHR,https://villiers.ai/empty-legs/kfok-kpwm-citation-x-2026-08-18-87c5156b?id=ADHUHR,"Tue, 18 Aug 2026 17:36:41 GMT",2026-08-19T00:17:03+00:00
https://villiers.ai/empty-legs/kftw-kerv-citation-x-2026-08-18-695b5bef?id=ADHUHR,inactive,inactive,2026-08-18T17:47:01+00:00,2026-08-18T23:47:01+00:00,2026-08-19T00:17:03+00:00,"Citation X | Fort Worth Meacham International Airport → Kerrville / Kerr County Airport at Louis Schreiner Field | $8,600",,Citation X,KFTW - Fort Worth Meacham International Airport,KFTW,FTW,Fort Worth Meacham International Airport,Fort Worth,US,KERV - Kerrville / Kerr County Airport at Louis Schreiner Field,KERV,ERV,Kerrville Municipal/Louis Schreiner Field,Kerrville,US,18 August 2026,2026-08-18,12:00,12:54,55m,"$8,600",8600,USD,$,12,https://villiers.ai/empty-legs/kftw-kerv-citation-x-2026-08-18-695b5bef?id=ADHUHR,https://villiers.ai/empty-legs/kftw-kerv-citation-x-2026-08-18-695b5bef?id=ADHUHR,https://villiers.ai/empty-legs/kftw-kerv-citation-x-2026-08-18-695b5bef?id=ADHUHR,"Tue, 18 Aug 2026 17:36:41 GMT",2026-08-19T00:17:03+00:00
https://villiers.ai/empty-legs/khou-kaus-bombardier-challenger-300-2026-08-18-d915618b?id=ADHUHR,inactive,inactive,2026-08-18T17:47:01+00:00,2026-08-18T23:47:01+00:00,2026-08-19T00:17:03+00:00,"Bombardier Challenger 300 | William P. Hobby Airport → Austin Bergstrom International Airport | $4,730",,Bombardier Challenger 300,KHOU - William P. Hobby Airport,KHOU,HOU,William P Hobby Airport,Houston,US,KAUS - Austin Bergstrom International Airport,KAUS,AUS,Austin-Bergstrom International Airport,Austin,US,18 August 2026,2026-08-18,12:00,12:46,46m,"$4,730",4730,USD,$,9,https://villiers.ai/empty-legs/khou-kaus-bombardier-challenger-300-2026-08-18-d915618b?id=ADHUHR,https://villiers.ai/empty-legs/khou-kaus-bombardier-challenger-300-2026-08-18-d915618b?id=ADHUHR,https://villiers.ai/empty-legs/khou-kaus-bombardier-challenger-300-2026-08-18-d915618b?id=ADHUHR,"Tue, 18 Aug 2026 17:30:03 GMT",2026-08-19T00:17:03+00:00
https://villiers.ai/empty-legs/khpn-koxc-challenger-300-2026-08-18-9b089afd?id=ADHUHR,inactive,inactive,2026-08-18T17:47:01+00:00,2026-08-18T23:47:01+00:00,2026-08-19T00:17:03+00:00,"Challenger 300 | Westchester County Airport → Waterbury Oxford Airport | $8,600",,Challenger 300,KHPN - Westchester County Airport,KHPN,HPN,Westchester County Airport,White Plains,US,KOXC - Waterbury Oxford Airport,KOXC,OXC,Waterbury-Oxford Airport,Oxford,US,18 August 2026,2026-08-18,12:00,12:34,35m,"$8,600",8600,USD,$,10,https://villiers.ai/empty-legs/khpn-koxc-challenger-300-2026-08-18-9b089afd?id=ADHUHR,https://villiers.ai/empty-legs/khpn-koxc-challenger-300-2026-08-18-9b089afd?id=ADHUHR,https://villiers.ai/empty-legs/khpn-koxc-challenger-300-2026-08-18-9b089afd?id=ADHUHR,"Tue, 18 Aug 2026 17:35:26 GMT",2026-08-19T00:17:03+00:00
https://villiers.ai/empty-legs/kiad-kdal-citation-x-2026-08-18-047da1b5?id=ADHUHR,inactive,inactive,2026-08-18T17:47:01+00:00,2026-08-18T23:47:01+00:00,2026-08-19T00:17:03+00:00,"Citation X | Washington Dulles International Airport → Dallas Love Field | $15,050",,Citation X,KIAD - Washington Dulles International Airport,KIAD,IAD,Washington Dulles International Airport,Washington,US,KDAL - Dallas Love Field,KDAL,DAL,Dallas Love Field,Dallas,US,18 August 2026,2026-08-18,12:00,14:38,2h 39m,"$15,050",15050,USD,$,12,https://villiers.ai/empty-legs/kiad-kdal-citation-x-2026-08-18-047da1b5?id=ADHUHR,https://villiers.ai/empty-legs/kiad-kdal-citation-x-2026-08-18-047da1b5?id=ADHUHR,https://villiers.ai/empty-legs/kiad-kdal-citation-x-2026-08-18-047da1b5?id=ADHUHR,"Tue, 18 Aug 2026 17:36:41 GMT",2026-08-19T00:17:03+00:00
https://villiers.ai/empty-legs/kisp-kfok-citation-x-2026-08-18-1d26c1e8?id=ADHUHR,inactive,inactive,2026-08-18T17:47:01+00:00,2026-08-18T23:47:01+00:00,2026-08-19T00:17:03+00:00,"Citation X | Long Island Mac Arthur Airport → Francis S Gabreski Airport | $8,600",,Citation X,KISP - Long Island Mac Arthur Airport,KISP,ISP,Long Island Mac Arthur Airport,New York,US,KFOK - Francis S Gabreski Airport,KFOK,FOK,Francis S Gabreski Airport,Westhampton Beach,US,18 August 2026,2026-08-18,12:00,12:32,33m,"$8,600",8600,USD,$,12,https://villiers.ai/empty-legs/kisp-kfok-citation-x-2026-08-18-1d26c1e8?id=ADHUHR,https://villiers.ai/empty-legs/kisp-kfok-citation-x-2026-08-18-1d26c1e8?id=ADHUHR,https://villiers.ai/empty-legs/kisp-kfok-citation-x-2026-08-18-1d26c1e8?id=ADHUHR,"Tue, 18 Aug 2026 17:36:41 GMT",2026-08-19T00:17:03+00:00
https://villiers.ai/empty-legs/klgb-ksjc-citation-x-2026-08-18-92b78774?id=ADHUHR,inactive,inactive,2026-08-18T17:47:01+00:00,2026-08-18T23:47:01+00:00,2026-08-19T00:17:03+00:00,"Citation X | Long Beach Airport (Daugherty Field) → San Jose International Airport | $8,600",,Citation X,KLGB - Long Beach Airport (Daugherty Field),KLGB,LGB,Long Beach (Daugherty Field) Airport,Long Beach,US,KSJC - San Jose International Airport,KSJC,SJC,Norman Y Mineta San Jose International Airport,San Jose,US,18 August 2026,2026-08-18,12:00,13:05,1h 6m,"$8,600",8600,USD,$,12,https://villiers.ai/empty-legs/klgb-ksjc-citation-x-2026-08-18-92b78774?id=ADHUHR,https://villiers.ai/empty-legs/klgb-ksjc-citation-x-2026-08-18-92b78774?id=ADHUHR,https://villiers.ai/empty-legs/klgb-ksjc-citation-x-2026-08-18-92b78774?id=ADHUHR,"Tue, 18 Aug 2026 17:36:41 GMT",2026-08-19T00:17:03+00:00
https://villiers.ai/empty-legs/kmqy-khdn-challenger-300-2026-08-18-061e4208?id=ADHUHR,inactive,inactive,2026-08-18T17:47:01+00:00,2026-08-18T23:47:01+00:00,2026-08-19T00:17:03+00:00,"Challenger 300 | Smyrna Airport → Yampa Valley Airport | $15,050",,Challenger 300,KMQY - Smyrna Airport,KMQY,MQY,Smyrna Airport,Smyrna,US,KHDN - Yampa Valley Airport,KHDN,HDN,Yampa Valley Airport,Hayden,US,18 August 2026,2026-08-18,12:00,14:38,2h 39m,"$15,050",15050,USD,$,10,https://villiers.ai/empty-legs/kmqy-khdn-challenger-300-2026-08-18-061e4208?id=ADHUHR,https://villiers.ai/empty-legs/kmqy-khdn-challenger-300-2026-08-18-061e4208?id=ADHUHR,https://villiers.ai/empty-legs/kmqy-khdn-challenger-300-2026-08-18-061e4208?id=ADHUHR,"Tue, 18 Aug 2026 17:35:26 GMT",2026-08-19T00:17:03+00:00
https://villiers.ai/empty-legs/kmsp-kdal-citation-x-2026-08-18-1ade08a4?id=ADHUHR,inactive,inactive,2026-08-18T17:47:01+00:00,2026-08-18T23:47:01+00:00,2026-08-19T00:17:03+00:00,"Citation X | Minneapolis–Saint Paul International Airport / Wold–Chamberlain Field → Dallas Love Field | $12,900",,Citation X,KMSP - Minneapolis–Saint Paul International Airport / Wold–Chamberlain Field,KMSP,MSP,Minneapolis-St Paul International/Wold-Chamberlain Airport,Minneapolis,US,KDAL - Dallas Love Field,KDAL,DAL,Dallas Love Field,Dallas,US,18 August 2026,2026-08-18,12:00,14:04,2h 5m,"$12,900",12900,USD,$,12,https://villiers.ai/empty-legs/kmsp-kdal-citation-x-2026-08-18-1ade08a4?id=ADHUHR,https://villiers.ai/empty-legs/kmsp-kdal-citation-x-2026-08-18-1ade08a4?id=ADHUHR,https://villiers.ai/empty-legs/kmsp-kdal-citation-x-2026-08-18-1ade08a4?id=ADHUHR,"Tue, 18 Aug 2026 17:36:42 GMT",2026-08-19T00:17:03+00:00
https://villiers.ai/empty-legs/knuq-kmry-citation-x-2026-08-18-a0c81908?id=ADHUHR,inactive,inactive,2026-08-18T17:47:01+00:00,2026-08-18T23:47:01+00:00,2026-08-19T00:17:03+00:00,"Citation X | Moffett Federal Airfield → Monterey Peninsula Airport | $8,600",,Citation X,KNUQ - Moffett Federal Airfield,KNUQ,NUQ,Moffett Federal Airfield,Mountain View,US,KMRY - Monterey Peninsula Airport,KMRY,MRY,Monterey Regional Airport,Monterey,US,18 August 2026,2026-08-18,12:00,12:36,36m,"$8,600",8600,USD,$,12,https://villiers.ai/empty-legs/knuq-kmry-citation-x-2026-08-18-a0c81908?id=ADHUHR,https://villiers.ai/empty-legs/knuq-kmry-citation-x-2026-08-18-a0c81908?id=ADHUHR,https://villiers.ai/empty-legs/knuq-kmry-citation-x-2026-08-18-a0c81908?id=ADHUHR,"Tue, 18 Aug 2026 17:36:42 GMT",2026-08-19T00:17:03+00:00
https://villiers.ai/empty-legs/kocf-kecp-citation-x-2026-08-18-365851de?id=ADHUHR,inactive,inactive,2026-08-18T17:47:01+00:00,2026-08-18T23:47:01+00:00,2026-08-19T00:17:03+00:00,"Citation X | Ocala International Airport - Jim Taylor Field → Northwest Florida Beaches International Airport | $8,600",,Citation X,KOCF - Ocala International Airport - Jim Taylor Field,KOCF,OCF,Ocala International-Jim Taylor Field,Ocala,US,KECP - Northwest Florida Beaches International Airport,KECP,ECP,Northwest Florida Beaches International Airport,Panama City,US,18 August 2026,2026-08-18,12:00,12:55,55m,"$8,600",8600,USD,$,12,https://villiers.ai/empty-legs/kocf-kecp-citation-x-2026-08-18-365851de?id=ADHUHR,https://villiers.ai/empty-legs/kocf-kecp-citation-x-2026-08-18-365851de?id=ADHUHR,https://villiers.ai/empty-legs/kocf-kecp-citation-x-2026-08-18-365851de?id=ADHUHR,"Tue, 18 Aug 2026 17:36:42 GMT",2026-08-19T00:17:03+00:00
https://villiers.ai/empty-legs/kric-kfrg-citation-x-2026-08-18-d23c7dba?id=ADHUHR,inactive,inactive,2026-08-18T17:47:01+00:00,2026-08-18T23:47:01+00:00,2026-08-19T00:17:03+00:00,"Citation X | Richmond International Airport → Republic Airport | $8,600",,Citation X,KRIC - Richmond International Airport,KRIC,RIC,Richmond International Airport,Richmond,US,KFRG - Republic Airport,KFRG,FRG,Republic Airport,Farmingdale,US,18 August 2026,2026-08-18,12:00,13:03,1h 4m,"$8,600",8600,USD,$,12,https://villiers.ai/empty-legs/kric-kfrg-citation-x-2026-08-18-d23c7dba?id=ADHUHR,https://villiers.ai/empty-legs/kric-kfrg-citation-x-2026-08-18-d23c7dba?id=ADHUHR,https://villiers.ai/empty-legs/kric-kfrg-citation-x-2026-08-18-d23c7dba?id=ADHUHR,"Tue, 18 Aug 2026 17:36:42 GMT",2026-08-19T00:17:03+00:00
https://villiers.ai/empty-legs/kric-kjyo-challenger-300-2026-08-18-d91e8812?id=ADHUHR,inactive,inactive,2026-08-18T17:47:01+00:00,2026-08-18T23:47:01+00:00,2026-08-19T00:17:03+00:00,"Challenger 300 | Richmond International Airport → Leesburg Executive Airport | $8,600",,Challenger 300,KRIC - Richmond International Airport,KRIC,RIC,Richmond International Airport,Richmond,US,KJYO - Leesburg Executive Airport,KJYO,,Leesburg Executive Airport,Leesburg,US,18 August 2026,2026-08-18,12:00,12:42,42m,"$8,600",8600,USD,$,10,https://villiers.ai/empty-legs/kric-kjyo-challenger-300-2026-08-18-d91e8812?id=ADHUHR,https://villiers.ai/empty-legs/kric-kjyo-challenger-300-2026-08-18-d91e8812?id=ADHUHR,https://villiers.ai/empty-legs/kric-kjyo-challenger-300-2026-08-18-d91e8812?id=ADHUHR,"Tue, 18 Aug 2026 17:35:26 GMT",2026-08-19T00:17:03+00:00
https://villiers.ai/empty-legs/ksna-ksba-citation-x-2026-08-18-fba5f0c3?id=ADHUHR,inactive,inactive,2026-08-18T17:47:01+00:00,2026-08-18T23:47:01+00:00,2026-08-19T00:17:03+00:00,"Citation X | John Wayne Orange County International Airport → Santa Barbara Municipal Airport | $8,600",,Citation X,KSNA - John Wayne Orange County International Airport,KSNA,SNA,John Wayne/Orange County Airport,Santa Ana,US,KSBA - Santa Barbara Municipal Airport,KSBA,SBA,Santa Barbara Municipal Airport,Santa Barbara,US,18 August 2026,2026-08-18,12:00,12:43,44m,"$8,600",8600,USD,$,12,https://villiers.ai/empty-legs/ksna-ksba-citation-x-2026-08-18-fba5f0c3?id=ADHUHR,https://villiers.ai/empty-legs/ksna-ksba-citation-x-2026-08-18-fba5f0c3?id=ADHUHR,https://villiers.ai/empty-legs/ksna-ksba-citation-x-2026-08-18-fba5f0c3?id=ADHUHR,"Tue, 18 Aug 2026 17:36:42 GMT",2026-08-19T00:17:03+00:00
https://villiers.ai/empty-legs/kswf-kluk-aircraft-2026-08-18-724b897e?id=ADHUHR,inactive,inactive,2026-08-18T17:47:01+00:00,2026-08-18T23:47:01+00:00,2026-08-19T00:17:03+00:00,"Private Jet | New York Stewart International Airport → Cincinnati Municipal Airport Lunken Field | $9,675",,Private Jet,KSWF - New York Stewart International Airport,KSWF,SWF,New York Stewart International Airport,New York,US,KLUK - Cincinnati Municipal Airport Lunken Field,KLUK,LUK,Cincinnati Municipal/Lunken Field,Cincinnati,US,18 August 2026,2026-08-18,12:00,13:32,1h 33m,"$9,675",9675,USD,$,,https://villiers.ai/empty-legs/kswf-kluk-aircraft-2026-08-18-724b897e?id=ADHUHR,https://villiers.ai/empty-legs/kswf-kluk-aircraft-2026-08-18-724b897e?id=ADHUHR,https://villiers.ai/empty-legs/kswf-kluk-aircraft-2026-08-18-724b897e?id=ADHUHR,"Tue, 18 Aug 2026 17:31:26 GMT",2026-08-19T00:17:03+00:00
https://villiers.ai/empty-legs/kteb-kfok-challenger-300-2026-08-18-0bda7236?id=ADHUHR,inactive,inactive,2026-08-18T17:47:01+00:00,2026-08-18T23:47:01+00:00,2026-08-19T00:17:03+00:00,"Challenger 300 | Teterboro Airport → Francis S Gabreski Airport | $8,600",,Challenger 300,KTEB - Teterboro Airport,KTEB,TEB,Teterboro Airport,Teterboro,US,KFOK - Francis S Gabreski Airport,KFOK,FOK,Francis S Gabreski Airport,Westhampton Beach,US,18 August 2026,2026-08-18,12:00,12:38,38m,"$8,600",8600,USD,$,10,https://villiers.ai/empty-legs/kteb-kfok-challenger-300-2026-08-18-0bda7236?id=ADHUHR,https://villiers.ai/empty-legs/kteb-kfok-challenger-300-2026-08-18-0bda7236?id=ADHUHR,https://villiers.ai/empty-legs/kteb-kfok-challenger-300-2026-08-18-0bda7236?id=ADHUHR,"Tue, 18 Aug 2026 17:35:25 GMT",2026-08-19T00:17:03+00:00
https://villiers.ai/empty-legs/kteb-kogs-citation-x-2026-08-18-e7b37a6f?id=ADHUHR,inactive,inactive,2026-08-18T17:47:01+00:00,2026-08-18T23:47:01+00:00,2026-08-19T00:17:03+00:00,"Citation X | Teterboro Airport → Ogdensburg International Airport | $8,600",,Citation X,KTEB - Teterboro Airport,KTEB,TEB,Teterboro Airport,Teterboro,US,KOGS - Ogdensburg International Airport,KOGS,OGS,Ogdensburg International Airport,Ogdensburg,US,18 August 2026,2026-08-18,12:00,13:00,1h 0m,"$8,600",8600,USD,$,12,https://villiers.ai/empty-legs/kteb-kogs-citation-x-2026-08-18-e7b37a6f?id=ADHUHR,https://villiers.ai/empty-legs/kteb-kogs-citation-x-2026-08-18-e7b37a6f?id=ADHUHR,https://villiers.ai/empty-legs/kteb-kogs-citation-x-2026-08-18-e7b37a6f?id=ADHUHR,"Tue, 18 Aug 2026 17:36:40 GMT",2026-08-19T00:17:03+00:00
https://villiers.ai/empty-legs/ktpa-kdal-citation-x-2026-08-18-ede8869f?id=ADHUHR,inactive,inactive,2026-08-18T17:47:01+00:00,2026-08-18T23:47:01+00:00,2026-08-19T00:17:03+00:00,"Citation X | Tampa International Airport → Dallas Love Field | $12,900",,Citation X,KTPA - Tampa International Airport,KTPA,TPA,Tampa International Airport,Tampa,US,KDAL - Dallas Love Field,KDAL,DAL,Dallas Love Field,Dallas,US,18 August 2026,2026-08-18,12:00,14:11,2h 12m,"$12,900",12900,USD,$,12,https://villiers.ai/empty-legs/ktpa-kdal-citation-x-2026-08-18-ede8869f?id=ADHUHR,https://villiers.ai/empty-legs/ktpa-kdal-citation-x-2026-08-18-ede8869f?id=ADHUHR,https://villiers.ai/empty-legs/ktpa-kdal-citation-x-2026-08-18-ede8869f?id=ADHUHR,"Tue, 18 Aug 2026 17:36:42 GMT",2026-08-19T00:17:03+00:00
https://villiers.ai/empty-legs/mwcr-ktpa-challenger-300-2026-08-18-4583c4fd?id=ADHUHR,inactive,inactive,2026-08-18T17:47:01+00:00,2026-08-18T23:47:01+00:00,2026-08-19T00:17:03+00:00,"Challenger 300 | Owen Roberts International Airport → Tampa International Airport | $12,900",,Challenger 300,MWCR - Owen Roberts International Airport,MWCR,GCM,Owen Roberts International Airport,Georgetown,KY,KTPA - Tampa International Airport,KTPA,TPA,Tampa International Airport,Tampa,US,18 August 2026,2026-08-18,12:00,13:37,1h 37m,"$12,900",12900,USD,$,10,https://villiers.ai/empty-legs/mwcr-ktpa-challenger-300-2026-08-18-4583c4fd?id=ADHUHR,https://villiers.ai/empty-legs/mwcr-ktpa-challenger-300-2026-08-18-4583c4fd?id=ADHUHR,https://villiers.ai/empty-legs/mwcr-ktpa-challenger-300-2026-08-18-4583c4fd?id=ADHUHR,"Tue, 18 Aug 2026 17:35:25 GMT",2026-08-19T00:17:03+00:00
https://villiers.ai/empty-legs/kack-khef-challenger-300-2026-08-19-3324d108?id=ADHUHR,inactive,inactive,2026-08-18T17:47:01+00:00,2026-08-19T23:47:01+00:00,2026-08-20T00:17:02+00:00,"Challenger 300 | Nantucket Memorial Airport → Manassas Regional Airport/Harry P. Davis Field | $8,600",,Challenger 300,KACK - Nantucket Memorial Airport,KACK,ACK,Nantucket Memorial Airport,Nantucket,US,KHEF - Manassas Regional Airport/Harry P. Davis Field,KHEF,MNZ,Washington Manassas/Harry P Davis Field,Washington,US,19 August 2026,2026-08-19,12:00,13:17,1h 18m,"$8,600",8600,USD,$,10,https://villiers.ai/empty-legs/kack-khef-challenger-300-2026-08-19-3324d108?id=ADHUHR,https://villiers.ai/empty-legs/kack-khef-challenger-300-2026-08-19-3324d108?id=ADHUHR,https://villiers.ai/empty-legs/kack-khef-challenger-300-2026-08-19-3324d108?id=ADHUHR,"Tue, 18 Aug 2026 17:35:26 GMT",2026-08-20T00:17:02+00:00
https://villiers.ai/empty-legs/kbed-kmdw-citation-x-2026-08-19-28948291?id=ADHUHR,inactive,inactive,2026-08-18T17:47:01+00:00,2026-08-19T23:47:01+00:00,2026-08-20T00:17:02+00:00,"Citation X | Laurence G Hanscom Field → Chicago Midway International Airport | $10,750",,Citation X,KBED - Laurence G Hanscom Field,KBED,BED,Laurence G Hanscom Field,Bedford,US,KMDW - Chicago Midway International Airport,KMDW,MDW,Chicago Midway International Airport,Chicago,US,19 August 2026,2026-08-19,12:00,14:03,2h 4m,"$10,750",10750,USD,$,12,https://villiers.ai/empty-legs/kbed-kmdw-citation-x-2026-08-19-28948291?id=ADHUHR,https://villiers.ai/empty-legs/kbed-kmdw-citation-x-2026-08-19-28948291?id=ADHUHR,https://villiers.ai/empty-legs/kbed-kmdw-citation-x-2026-08-19-28948291?id=ADHUHR,"Tue, 18 Aug 2026 17:36:42 GMT",2026-08-20T00:17:02+00:00
https://villiers.ai/empty-legs/kbfl-ksjc-citation-x-2026-08-19-b9254c94?id=ADHUHR,inactive,inactive,2026-08-18T17:47:01+00:00,2026-08-19T23:47:01+00:00,2026-08-20T00:17:02+00:00,"Citation X | Meadows Field → San Jose International Airport | $8,600",,Citation X,KBFL - Meadows Field,KBFL,BFL,Meadows Field,Bakersfield,US,KSJC - San Jose International Airport,KSJC,SJC,Norman Y Mineta San Jose International Airport,San Jose,US,19 August 2026,2026-08-19,12:00,12:53,53m,"$8,600",8600,USD,$,12,https://villiers.ai/empty-legs/kbfl-ksjc-citation-x-2026-08-19-b9254c94?id=ADHUHR,https://villiers.ai/empty-legs/kbfl-ksjc-citation-x-2026-08-19-b9254c94?id=ADHUHR,https://villiers.ai/empty-legs/kbfl-ksjc-citation-x-2026-08-19-b9254c94?id=ADHUHR,"Tue, 18 Aug 2026 17:36:42 GMT",2026-08-20T00:17:02+00:00
https://villiers.ai/empty-legs/kbgm-cyqa-citation-x-2026-08-19-65c11579?id=ADHUHR,inactive,inactive,2026-08-18T17:47:01+00:00,2026-08-19T23:47:01+00:00,2026-08-20T00:17:02+00:00,"Citation X | Greater Binghamton/Edwin A Link field → Muskoka Airport | $9,675",,Citation X,KBGM - Greater Binghamton/Edwin A Link field,KBGM,BGM,Greater Binghamton/Edwin A Link Field,Binghamton,US,CYQA - Muskoka Airport,CYQA,YQA,Muskoka Airport,Muskoka,CA,19 August 2026,2026-08-19,12:00,12:58,58m,"$9,675",9675,USD,$,12,https://villiers.ai/empty-legs/kbgm-cyqa-citation-x-2026-08-19-65c11579?id=ADHUHR,https://villiers.ai/empty-legs/kbgm-cyqa-citation-x-2026-08-19-65c11579?id=ADHUHR,https://villiers.ai/empty-legs/kbgm-cyqa-citation-x-2026-08-19-65c11579?id=ADHUHR,"Tue, 18 Aug 2026 17:36:42 GMT",2026-08-20T00:17:02+00:00
https://villiers.ai/empty-legs/kfmy-kopf-citation-x-2026-08-19-db032525?id=ADHUHR,inactive,inactive,2026-08-18T17:47:01+00:00,2026-08-19T23:47:01+00:00,2026-08-20T00:17:02+00:00,"Citation X | Page Field → Miami-Opa Locka Executive Airport | $8,600",,Citation X,KFMY - Page Field,KFMY,FMY,Page Field,Fort Myers,US,KOPF - Miami-Opa Locka Executive Airport,KOPF,OPF,Miami-Opa Locka Executive Airport,Miami,US,19 August 2026,2026-08-19,12:00,12:42,42m,"$8,600",8600,USD,$,12,https://villiers.ai/empty-legs/kfmy-kopf-citation-x-2026-08-19-db032525?id=ADHUHR,https://villiers.ai/empty-legs/kfmy-kopf-citation-x-2026-08-19-db032525?id=ADHUHR,https://villiers.ai/empty-legs/kfmy-kopf-citation-x-2026-08-19-db032525?id=ADHUHR,"Tue, 18 Aug 2026 17:36:42 GMT",2026-08-20T00:17:02+00:00
https://villiers.ai/empty-legs/khrf-ku34-challenger-300-2026-08-19-1fb11601?id=ADHUHR,inactive,inactive,2026-08-18T17:47:01+00:00,2026-08-19T23:47:01+00:00,2026-08-20T00:17:02+00:00,"Challenger 300 | Ravalli County Airport → Green River Municipal Airport | $9,675",,Challenger 300,KHRF - Ravalli County Airport,KHRF,,Ravalli County Airport,Hamilton,US,KU34 - Green River Municipal Airport,KU34,RVR,Green River Municipal Airport,Green River,US,19 August 2026,2026-08-19,12:00,13:30,1h 30m,"$9,675",9675,USD,$,10,https://villiers.ai/empty-legs/khrf-ku34-challenger-300-2026-08-19-1fb11601?id=ADHUHR,https://villiers.ai/empty-legs/khrf-ku34-challenger-300-2026-08-19-1fb11601?id=ADHUHR,https://villiers.ai/empty-legs/khrf-ku34-challenger-300-2026-08-19-1fb11601?id=ADHUHR,"Tue, 18 Aug 2026 17:35:27 GMT",2026-08-20T00:17:02+00:00
https://villiers.ai/empty-legs/kiad-kteb-citation-x-2026-08-19-42b2fcfc?id=ADHUHR,inactive,inactive,2026-08-18T17:47:01+00:00,2026-08-19T23:47:01+00:00,2026-08-20T00:17:02+00:00,"Citation X | Washington Dulles International Airport → Teterboro Airport | $8,600",,Citation X,KIAD - Washington Dulles International Airport,KIAD,IAD,Washington Dulles International Airport,Washington,US,KTEB - Teterboro Airport,KTEB,TEB,Teterboro Airport,Teterboro,US,19 August 2026,2026-08-19,12:00,12:54,55m,"$8,600",8600,USD,$,12,https://villiers.ai/empty-legs/kiad-kteb-citation-x-2026-08-19-42b2fcfc?id=ADHUHR,https://villiers.ai/empty-legs/kiad-kteb-citation-x-2026-08-19-42b2fcfc?id=ADHUHR,https://villiers.ai/empty-legs/kiad-kteb-citation-x-2026-08-19-42b2fcfc?id=ADHUHR,"Tue, 18 Aug 2026 17:36:43 GMT",2026-08-20T00:17:02+00:00
https://villiers.ai/empty-legs/koak-kpdx-citation-x-2026-08-19-12df99c7?id=ADHUHR,inactive,inactive,2026-08-18T17:47:01+00:00,2026-08-19T23:47:01+00:00,2026-08-20T00:17:02+00:00,"Citation X | San Francisco Bay Oakland International Airport → Portland International Airport | $10,750",,Citation X,KOAK - San Francisco Bay Oakland International Airport,KOAK,OAK,Oakland San Francisco Bay Airport,Oakland,US,KPDX - Portland International Airport,KPDX,PDX,Portland International Airport,Portland,US,19 August 2026,2026-08-19,12:00,13:30,1h 30m,"$10,750",10750,USD,$,12,https://villiers.ai/empty-legs/koak-kpdx-citation-x-2026-08-19-12df99c7?id=ADHUHR,https://villiers.ai/empty-legs/koak-kpdx-citation-x-2026-08-19-12df99c7?id=ADHUHR,https://villiers.ai/empty-legs/koak-kpdx-citation-x-2026-08-19-12df99c7?id=ADHUHR,"Tue, 18 Aug 2026 17:36:43 GMT",2026-08-20T00:17:02+00:00
https://villiers.ai/empty-legs/kopf-ksrq-challenger-300-2026-08-19-b992c915?id=ADHUHR,inactive,inactive,2026-08-18T17:47:01+00:00,2026-08-19T23:47:01+00:00,2026-08-20T00:17:02+00:00,"Challenger 300 | Miami-Opa Locka Executive Airport → Sarasota Bradenton International Airport | $8,600",,Challenger 300,KOPF - Miami-Opa Locka Executive Airport,KOPF,OPF,Miami-Opa Locka Executive Airport,Miami,US,KSRQ - Sarasota Bradenton International Airport,KSRQ,SRQ,Sarasota/Bradenton International Airport,Sarasota/Bradenton,US,19 August 2026,2026-08-19,12:00,12:49,49m,"$8,600",8600,USD,$,10,https://villiers.ai/empty-legs/kopf-ksrq-challenger-300-2026-08-19-b992c915?id=ADHUHR,https://villiers.ai/empty-legs/kopf-ksrq-challenger-300-2026-08-19-b992c915?id=ADHUHR,https://villiers.ai/empty-legs/kopf-ksrq-challenger-300-2026-08-19-b992c915?id=ADHUHR,"Tue, 18 Aug 2026 17:35:26 GMT",2026-08-20T00:17:02+00:00
https://villiers.ai/empty-legs/krdu-kftw-citation-x-2026-08-19-9bf7f9b4?id=ADHUHR,inactive,inactive,2026-08-18T17:47:01+00:00,2026-08-19T23:47:01+00:00,2026-08-20T00:17:02+00:00,"Citation X | Raleigh Durham International Airport → Fort Worth Meacham International Airport | $12,900",,Citation X,KRDU - Raleigh Durham International Airport,KRDU,RDU,Raleigh-Durham International Airport,Raleigh/Durham,US,KFTW - Fort Worth Meacham International Airport,KFTW,FTW,Fort Worth Meacham International Airport,Fort Worth,US,19 August 2026,2026-08-19,12:00,14:29,2h 30m,"$12,900",12900,USD,$,12,https://villiers.ai/empty-legs/krdu-kftw-citation-x-2026-08-19-9bf7f9b4?id=ADHUHR,https://villiers.ai/empty-legs/krdu-kftw-citation-x-2026-08-19-9bf7f9b4?id=ADHUHR,https://villiers.ai/empty-legs/krdu-kftw-citation-x-2026-08-19-9bf7f9b4?id=ADHUHR,"Tue, 18 Aug 2026 17:36:43 GMT",2026-08-20T00:17:02+00:00
https://villiers.ai/empty-legs/ktpa-kdal-citation-x-2026-08-19-94e04501?id=ADHUHR,inactive,inactive,2026-08-18T17:47:01+00:00,2026-08-19T23:47:01+00:00,2026-08-20T00:17:02+00:00,"Citation X | Tampa International Airport → Dallas Love Field | $12,900",,Citation X,KTPA - Tampa International Airport,KTPA,TPA,Tampa International Airport,Tampa,US,KDAL - Dallas Love Field,KDAL,DAL,Dallas Love Field,Dallas,US,19 August 2026,2026-08-19,12:00,14:11,2h 12m,"$12,900",12900,USD,$,12,https://villiers.ai/empty-legs/ktpa-kdal-citation-x-2026-08-19-94e04501?id=ADHUHR,https://villiers.ai/empty-legs/ktpa-kdal-citation-x-2026-08-19-94e04501?id=ADHUHR,https://villiers.ai/empty-legs/ktpa-kdal-citation-x-2026-08-19-94e04501?id=ADHUHR,"Tue, 18 Aug 2026 17:36:43 GMT",2026-08-20T00:17:02+00:00
https://villiers.ai/empty-legs/kvny-ksba-challenger-300-2026-08-19-78e46c3d?id=ADHUHR,inactive,inactive,2026-08-18T17:47:01+00:00,2026-08-19T23:47:01+00:00,2026-08-20T00:17:02+00:00,"Challenger 300 | Van Nuys Airport → Santa Barbara Municipal Airport | $8,600",,Challenger 300,KVNY - Van Nuys Airport,KVNY,VNY,Van Nuys Airport,Van Nuys,US,KSBA - Santa Barbara Municipal Airport,KSBA,SBA,Santa Barbara Municipal Airport,Santa Barbara,US,19 August 2026,2026-08-19,12:00,12:38,39m,"$8,600",8600,USD,$,10,https://villiers.ai/empty-legs/kvny-ksba-challenger-300-2026-08-19-78e46c3d?id=ADHUHR,https://villiers.ai/empty-legs/kvny-ksba-challenger-300-2026-08-19-78e46c3d?id=ADHUHR,https://villiers.ai/empty-legs/kvny-ksba-challenger-300-2026-08-19-78e46c3d?id=ADHUHR,"Tue, 18 Aug 2026 17:35:26 GMT",2026-08-20T00:17:02+00:00
https://villiers.ai/empty-legs/kvny-ksjc-challenger-300-2026-08-19-a94f56b5?id=ADHUHR,inactive,inactive,2026-08-18T17:47:01+00:00,2026-08-19T23:47:01+00:00,2026-08-20T00:17:02+00:00,"Challenger 300 | Van Nuys Airport → San Jose International Airport | $8,600",,Challenger 300,KVNY - Van Nuys Airport,KVNY,VNY,Van Nuys Airport,Van Nuys,US,KSJC - San Jose International Airport,KSJC,SJC,Norman Y Mineta San Jose International Airport,San Jose,US,19 August 2026,2026-08-19,12:00,13:02,1h 2m,"$8,600",8600,USD,$,10,https://villiers.ai/empty-legs/kvny-ksjc-challenger-300-2026-08-19-a94f56b5?id=ADHUHR,https://villiers.ai/empty-legs/kvny-ksjc-challenger-300-2026-08-19-a94f56b5?id=ADHUHR,https://villiers.ai/empty-legs/kvny-ksjc-challenger-300-2026-08-19-a94f56b5?id=ADHUHR,"Tue, 18 Aug 2026 17:35:26 GMT",2026-08-20T00:17:02+00:00
https://villiers.ai/empty-legs/tjsj-tncm-citation-x-2026-08-19-232d11c8?id=ADHUHR,inactive,inactive,2026-08-18T17:47:01+00:00,2026-08-19T23:47:01+00:00,2026-08-20T00:17:02+00:00,"Citation X | Luis Munoz Marin International Airport → Princess Juliana International Airport | $10,750",,Citation X,TJSJ - Luis Munoz Marin International Airport,TJSJ,SJU,Luis Munoz Marin International Airport,San Juan,US,TNCM - Princess Juliana International Airport,TNCM,SXM,Princess Juliana International Airport,Saint Martin,SX,19 August 2026,2026-08-19,12:00,12:51,51m,"$10,750",10750,USD,$,12,https://villiers.ai/empty-legs/tjsj-tncm-citation-x-2026-08-19-232d11c8?id=ADHUHR,https://villiers.ai/empty-legs/tjsj-tncm-citation-x-2026-08-19-232d11c8?id=ADHUHR,https://villiers.ai/empty-legs/tjsj-tncm-citation-x-2026-08-19-232d11c8?id=ADHUHR,"Tue, 18 Aug 2026 17:36:43 GMT",2026-08-20T00:17:02+00:00
https://villiers.ai/empty-legs/cyfj-kmdw-cessna-citation-x-2026-08-20-6a4e9e90?id=ADHUHR,inactive,inactive,2026-08-20T20:47:01+00:00,2026-08-20T23:47:02+00:00,2026-08-21T00:17:02+00:00,"Cessna Citation X | Mont-Tremblant International Airport → Chicago Midway International Airport | $12,900",,Cessna Citation X,CYFJ - Mont-Tremblant International Airport,CYFJ,YTM,La Macaza / Mont-Tremblant International Inc Airport,Riviere Rouge,CA,KMDW - Chicago Midway International Airport,KMDW,MDW,Chicago Midway International Airport,Chicago,US,20 August 2026,2026-08-20,12:00,13:49,1h 50m,"$12,900",12900,USD,$,12,https://villiers.ai/empty-legs/cyfj-kmdw-cessna-citation-x-2026-08-20-6a4e9e90?id=ADHUHR,https://villiers.ai/empty-legs/cyfj-kmdw-cessna-citation-x-2026-08-20-6a4e9e90?id=ADHUHR,https://villiers.ai/empty-legs/cyfj-kmdw-cessna-citation-x-2026-08-20-6a4e9e90?id=ADHUHR,"Thu, 20 Aug 2026 20:32:03 GMT",2026-08-21T00:17:02+00:00
https://villiers.ai/empty-legs/eggw-lowk-citation-cj2-2026-08-20-921b97ad?id=ADHUHR,inactive,inactive,2026-08-08T00:17:02+00:00,2026-08-20T23:47:02+00:00,2026-08-21T00:17:02+00:00,"Citation CJ2 | London Luton Airport → Klagenfurt Airport | £7,418",,Citation CJ2,EGGW - London Luton Airport,EGGW,LTN,London Luton Airport,London,GB,LOWK - Klagenfurt Airport,LOWK,KLU,Klagenfurt Airport,Klagenfurt am Worthersee,AT,20 August 2026,2026-08-20,12:00,13:53,1h 54m,"£7,418",7418,GBP,£,6,https://villiers.ai/empty-legs/eggw-lowk-citation-cj2-2026-08-20-921b97ad?id=ADHUHR,https://villiers.ai/empty-legs/eggw-lowk-citation-cj2-2026-08-20-921b97ad?id=ADHUHR,https://villiers.ai/empty-legs/eggw-lowk-citation-cj2-2026-08-20-921b97ad?id=ADHUHR,"Fri, 07 Aug 2026 18:00:57 GMT",2026-08-21T00:17:02+00:00
https://villiers.ai/empty-legs/egkb-lowk-2026-08-20?id=ADHUHR,inactive,inactive,2026-08-05T22:38:36+00:00,2026-08-20T23:47:02+00:00,2026-08-21T00:17:02+00:00,"Citation CJ2 | Biggin Hill Airport → Klagenfurt Airport | £7,418",,Citation CJ2,EGKB - Biggin Hill Airport,EGKB,BQH,London Biggin Hill Airport,London,GB,LOWK - Klagenfurt Airport,LOWK,KLU,Klagenfurt Airport,Klagenfurt am Worthersee,AT,20 August 2026,2026-08-20,12:00,13:50,1h 50m,"£7,418",7418,GBP,£,6,https://villiers.ai/empty-legs/egkb-lowk-2026-08-20?id=ADHUHR,https://villiers.ai/empty-legs/egkb-lowk-2026-08-20?id=ADHUHR,https://villiers.ai/empty-legs/egkb-lowk-2026-08-20?id=ADHUHR,"Fri, 10 Jul 2026 18:21:55 GMT",2026-08-21T00:17:02+00:00
https://villiers.ai/empty-legs/kack-kcmh-aircraft-2026-08-20-43d83ddc?id=ADHUHR,inactive,inactive,2026-08-18T17:47:01+00:00,2026-08-20T23:47:02+00:00,2026-08-21T00:17:02+00:00,"Private Jet | Nantucket Memorial Airport → John Glenn Columbus International Airport | $10,750",,Private Jet,KACK - Nantucket Memorial Airport,KACK,ACK,Nantucket Memorial Airport,Nantucket,US,KCMH - John Glenn Columbus International Airport,KCMH,CMH,John Glenn Columbus International Airport,Columbus,US,20 August 2026,2026-08-20,12:00,13:45,1h 45m,"$10,750",10750,USD,$,,https://villiers.ai/empty-legs/kack-kcmh-aircraft-2026-08-20-43d83ddc?id=ADHUHR,https://villiers.ai/empty-legs/kack-kcmh-aircraft-2026-08-20-43d83ddc?id=ADHUHR,https://villiers.ai/empty-legs/kack-kcmh-aircraft-2026-08-20-43d83ddc?id=ADHUHR,"Tue, 18 Aug 2026 17:31:26 GMT",2026-08-21T00:17:02+00:00
https://villiers.ai/empty-legs/kase-kcrq-beechjet-400a-2026-08-20-8cd1fe6a?id=ADHUHR,inactive,inactive,2026-08-18T22:17:01+00:00,2026-08-20T23:47:02+00:00,2026-08-21T00:17:02+00:00,"Beechjet 400A | Aspen-Pitkin County Airport (Sardy Field) → McClellan-Palomar Airport | $8,600",,Beechjet 400A,KASE - Aspen-Pitkin County Airport (Sardy Field),KASE,ASE,Aspen-Pitkin County/Sardy Field,Aspen,US,KCRQ - McClellan-Palomar Airport,KCRQ,CLD,Mc Clellan-Palomar Airport,Carlsbad,US,20 August 2026,2026-08-20,12:00,13:49,1h 49m,"$8,600",8600,USD,$,8,https://villiers.ai/empty-legs/kase-kcrq-beechjet-400a-2026-08-20-8cd1fe6a?id=ADHUHR,https://villiers.ai/empty-legs/kase-kcrq-beechjet-400a-2026-08-20-8cd1fe6a?id=ADHUHR,https://villiers.ai/empty-legs/kase-kcrq-beechjet-400a-2026-08-20-8cd1fe6a?id=ADHUHR,"Tue, 18 Aug 2026 21:56:46 GMT",2026-08-21T00:17:02+00:00
https://villiers.ai/empty-legs/kbct-mrlb-citation-x-2026-08-20-615404ba?id=ADHUHR,inactive,inactive,2026-08-18T17:47:01+00:00,2026-08-20T23:47:02+00:00,2026-08-21T00:17:02+00:00,"Citation X | Boca Raton Airport → Guanacaste Airport | $16,125",,Citation X,KBCT - Boca Raton Airport,KBCT,BCT,Boca Raton Airport,Boca Raton,US,MRLB - Guanacaste Airport,MRLB,LIR,Daniel Oduber Quiros International Airport,Liberia,CR,20 August 2026,2026-08-20,12:00,14:37,2h 37m,"$16,125",16125,USD,$,12,https://villiers.ai/empty-legs/kbct-mrlb-citation-x-2026-08-20-615404ba?id=ADHUHR,https://villiers.ai/empty-legs/kbct-mrlb-citation-x-2026-08-20-615404ba?id=ADHUHR,https://villiers.ai/empty-legs/kbct-mrlb-citation-x-2026-08-20-615404ba?id=ADHUHR,"Tue, 18 Aug 2026 17:36:43 GMT",2026-08-21T00:17:02+00:00
https://villiers.ai/empty-legs/kboi-kcrq-hawker-850xp-2026-08-20-29c3968c?id=ADHUHR,inactive,inactive,2026-08-18T22:17:01+00:00,2026-08-20T23:47:02+00:00,2026-08-21T00:17:02+00:00,"Hawker 850XP | Boise Air Terminal/Gowen Field → McClellan-Palomar Airport | $12,900",,Hawker 850XP,KBOI - Boise Air Terminal/Gowen Field,KBOI,BOI,Boise Air Trml/Gowen Field,Boise,US,KCRQ - McClellan-Palomar Airport,KCRQ,CLD,Mc Clellan-Palomar Airport,Carlsbad,US,20 August 2026,2026-08-20,12:00,13:50,1h 50m,"$12,900",12900,USD,$,9,https://villiers.ai/empty-legs/kboi-kcrq-hawker-850xp-2026-08-20-29c3968c?id=ADHUHR,https://villiers.ai/empty-legs/kboi-kcrq-hawker-850xp-2026-08-20-29c3968c?id=ADHUHR,https://villiers.ai/empty-legs/kboi-kcrq-hawker-850xp-2026-08-20-29c3968c?id=ADHUHR,"Tue, 18 Aug 2026 21:56:46 GMT",2026-08-21T00:17:02+00:00
https://villiers.ai/empty-legs/kbwi-kfok-bombardier-challenger-300-2026-08-20-16ddb143?id=ADHUHR,inactive,inactive,2026-08-20T20:47:01+00:00,2026-08-20T23:47:02+00:00,2026-08-21T00:17:02+00:00,"Bombardier Challenger 300 | Baltimore/Washington International Thurgood Marshall Airport → Francis S Gabreski Airport | $8,600",,Bombardier Challenger 300,KBWI - Baltimore/Washington International Thurgood Marshall Airport,KBWI,BWI,Baltimore/Washington International Thurgood Marshall Airport,Baltimore,US,KFOK - Francis S Gabreski Airport,KFOK,FOK,Francis S Gabreski Airport,Westhampton Beach,US,20 August 2026,2026-08-20,12:00,12:56,57m,"$8,600",8600,USD,$,10,https://villiers.ai/empty-legs/kbwi-kfok-bombardier-challenger-300-2026-08-20-16ddb143?id=ADHUHR,https://villiers.ai/empty-legs/kbwi-kfok-bombardier-challenger-300-2026-08-20-16ddb143?id=ADHUHR,https://villiers.ai/empty-legs/kbwi-kfok-bombardier-challenger-300-2026-08-20-16ddb143?id=ADHUHR,"Thu, 20 Aug 2026 20:32:00 GMT",2026-08-21T00:17:02+00:00
https://villiers.ai/empty-legs/kbwi-kteb-challenger-300-2026-08-20-49ad102e?id=ADHUHR,inactive,inactive,2026-08-18T17:47:01+00:00,2026-08-20T23:47:02+00:00,2026-08-21T00:17:02+00:00,"Challenger 300 | Baltimore/Washington International Thurgood Marshall Airport → Teterboro Airport | $9,675",,Challenger 300,KBWI - Baltimore/Washington International Thurgood Marshall Airport,KBWI,BWI,Baltimore/Washington International Thurgood Marshall Airport,Baltimore,US,KTEB - Teterboro Airport,KTEB,TEB,Teterboro Airport,Teterboro,US,20 August 2026,2026-08-20,12:00,12:49,50m,"$9,675",9675,USD,$,10,https://villiers.ai/empty-legs/kbwi-kteb-challenger-300-2026-08-20-49ad102e?id=ADHUHR,https://villiers.ai/empty-legs/kbwi-kteb-challenger-300-2026-08-20-49ad102e?id=ADHUHR,https://villiers.ai/empty-legs/kbwi-kteb-challenger-300-2026-08-20-49ad102e?id=ADHUHR,"Tue, 18 Aug 2026 17:35:27 GMT",2026-08-21T00:17:02+00:00
https://villiers.ai/empty-legs/kdal-kege-cessna-citation-ultra-2026-08-20-7e335bca?id=ADHUHR,inactive,inactive,2026-08-15T14:17:02+00:00,2026-08-20T23:47:02+00:00,2026-08-21T00:17:02+00:00,"Cessna Citation Ultra | Dallas Love Field → Eagle County Regional Airport | $9,568",,Cessna Citation Ultra,KDAL - Dallas Love Field,KDAL,DAL,Dallas Love Field,Dallas,US,KEGE - Eagle County Regional Airport,KEGE,EGE,Eagle County Regional Airport,Eagle,US,20 August 2026,2026-08-20,12:00,13:51,1h 51m,"$9,568",9568,USD,$,7,https://villiers.ai/empty-legs/kdal-kege-cessna-citation-ultra-2026-08-20-7e335bca?id=ADHUHR,https://villiers.ai/empty-legs/kdal-kege-cessna-citation-ultra-2026-08-20-7e335bca?id=ADHUHR,https://villiers.ai/empty-legs/kdal-kege-cessna-citation-ultra-2026-08-20-7e335bca?id=ADHUHR,"Sat, 15 Aug 2026 14:13:14 GMT",2026-08-21T00:17:02+00:00
https://villiers.ai/empty-legs/kdal-kfty-cessna-citation-ultra-2026-08-20-50ec8a74?id=ADHUHR,inactive,inactive,2026-08-18T17:47:01+00:00,2026-08-20T23:47:02+00:00,2026-08-21T00:17:02+00:00,"Cessna Citation Ultra | Dallas Love Field → Fulton County Airport Brown Field | $6,235",,Cessna Citation Ultra,KDAL - Dallas Love Field,KDAL,DAL,Dallas Love Field,Dallas,US,KFTY - Fulton County Airport Brown Field,KFTY,FTY,Fulton County Executive/Charlie Brown Field,Atlanta,US,20 August 2026,2026-08-20,12:00,13:49,1h 49m,"$6,235",6235,USD,$,7,https://villiers.ai/empty-legs/kdal-kfty-cessna-citation-ultra-2026-08-20-50ec8a74?id=ADHUHR,https://villiers.ai/empty-legs/kdal-kfty-cessna-citation-ultra-2026-08-20-50ec8a74?id=ADHUHR,https://villiers.ai/empty-legs/kdal-kfty-cessna-citation-ultra-2026-08-20-50ec8a74?id=ADHUHR,"Tue, 18 Aug 2026 17:30:03 GMT",2026-08-21T00:17:02+00:00
https://villiers.ai/empty-legs/kfok-khpn-bombardier-challenger-300-2026-08-20-368a2af0?id=ADHUHR,inactive,inactive,2026-08-20T20:47:01+00:00,2026-08-20T23:47:02+00:00,2026-08-21T00:17:02+00:00,"Bombardier Challenger 300 | Francis S Gabreski Airport → Westchester County Airport | $8,600",,Bombardier Challenger 300,KFOK - Francis S Gabreski Airport,KFOK,FOK,Francis S Gabreski Airport,Westhampton Beach,US,KHPN - Westchester County Airport,KHPN,HPN,Westchester County Airport,White Plains,US,20 August 2026,2026-08-20,12:00,12:36,36m,"$8,600",8600,USD,$,10,https://villiers.ai/empty-legs/kfok-khpn-bombardier-challenger-300-2026-08-20-368a2af0?id=ADHUHR,https://villiers.ai/empty-legs/kfok-khpn-bombardier-challenger-300-2026-08-20-368a2af0?id=ADHUHR,https://villiers.ai/empty-legs/kfok-khpn-bombardier-challenger-300-2026-08-20-368a2af0?id=ADHUHR,"Thu, 20 Aug 2026 20:32:00 GMT",2026-08-21T00:17:02+00:00
https://villiers.ai/empty-legs/kfok-kmmu-cessna-citation-x-2026-08-20-a62959a8?id=ADHUHR,inactive,inactive,2026-08-20T20:47:01+00:00,2026-08-20T23:47:02+00:00,2026-08-21T00:17:02+00:00,"Cessna Citation X | Francis S Gabreski Airport → Morristown Municipal Airport | $8,600",,Cessna Citation X,KFOK - Francis S Gabreski Airport,KFOK,FOK,Francis S Gabreski Airport,Westhampton Beach,US,KMMU - Morristown Municipal Airport,KMMU,MMU,Morristown Municipal Airport,Morristown,US,20 August 2026,2026-08-20,12:00,12:40,40m,"$8,600",8600,USD,$,12,https://villiers.ai/empty-legs/kfok-kmmu-cessna-citation-x-2026-08-20-a62959a8?id=ADHUHR,https://villiers.ai/empty-legs/kfok-kmmu-cessna-citation-x-2026-08-20-a62959a8?id=ADHUHR,https://villiers.ai/empty-legs/kfok-kmmu-cessna-citation-x-2026-08-20-a62959a8?id=ADHUHR,"Thu, 20 Aug 2026 20:32:03 GMT",2026-08-21T00:17:02+00:00
https://villiers.ai/empty-legs/kfok-kteb-challenger-300-2026-08-20-34cb9f53?id=ADHUHR,inactive,inactive,2026-08-18T17:47:01+00:00,2026-08-20T23:47:02+00:00,2026-08-21T00:17:02+00:00,"Challenger 300 | Francis S Gabreski Airport → Teterboro Airport | $8,600",,Challenger 300,KFOK - Francis S Gabreski Airport,KFOK,FOK,Francis S Gabreski Airport,Westhampton Beach,US,KTEB - Teterboro Airport,KTEB,TEB,Teterboro Airport,Teterboro,US,20 August 2026,2026-08-20,12:00,12:38,38m,"$8,600",8600,USD,$,10,https://villiers.ai/empty-legs/kfok-kteb-challenger-300-2026-08-20-34cb9f53?id=ADHUHR,https://villiers.ai/empty-legs/kfok-kteb-challenger-300-2026-08-20-34cb9f53?id=ADHUHR,https://villiers.ai/empty-legs/kfok-kteb-challenger-300-2026-08-20-34cb9f53?id=ADHUHR,"Tue, 18 Aug 2026 17:35:27 GMT",2026-08-21T00:17:02+00:00
https://villiers.ai/empty-legs/kftw-kase-challenger-300-2026-08-20-f0225084?id=ADHUHR,inactive,inactive,2026-08-18T17:47:01+00:00,2026-08-20T23:47:02+00:00,2026-08-21T00:17:02+00:00,"Challenger 300 | Fort Worth Meacham International Airport → Aspen-Pitkin County Airport (Sardy Field) | $16,125",,Challenger 300,KFTW - Fort Worth Meacham International Airport,KFTW,FTW,Fort Worth Meacham International Airport,Fort Worth,US,KASE - Aspen-Pitkin County Airport (Sardy Field),KASE,ASE,Aspen-Pitkin County/Sardy Field,Aspen,US,20 August 2026,2026-08-20,12:00,13:46,1h 47m,"$16,125",16125,USD,$,10,https://villiers.ai/empty-legs/kftw-kase-challenger-300-2026-08-20-f0225084?id=ADHUHR,https://villiers.ai/empty-legs/kftw-kase-challenger-300-2026-08-20-f0225084?id=ADHUHR,https://villiers.ai/empty-legs/kftw-kase-challenger-300-2026-08-20-f0225084?id=ADHUHR,"Tue, 18 Aug 2026 17:35:28 GMT",2026-08-21T00:17:02+00:00
https://villiers.ai/empty-legs/kftw-kmaf-cessna-citation-ultra-2026-08-20-5ada62bc?id=ADHUHR,inactive,inactive,2026-08-20T21:47:01+00:00,2026-08-20T23:47:02+00:00,2026-08-21T00:17:02+00:00,"Cessna Citation Ultra | Fort Worth Meacham International Airport → Midland International Air and Space Port | $3,870",,Cessna Citation Ultra,KFTW - Fort Worth Meacham International Airport,KFTW,FTW,Fort Worth Meacham International Airport,Fort Worth,US,KMAF - Midland International Air and Space Port,KMAF,MAF,Midland International Air And Space Port Airport,Midland,US,20 August 2026,2026-08-20,12:00,13:02,1h 2m,"$3,870",3870,USD,$,7,https://villiers.ai/empty-legs/kftw-kmaf-cessna-citation-ultra-2026-08-20-5ada62bc?id=ADHUHR,https://villiers.ai/empty-legs/kftw-kmaf-cessna-citation-ultra-2026-08-20-5ada62bc?id=ADHUHR,https://villiers.ai/empty-legs/kftw-kmaf-cessna-citation-ultra-2026-08-20-5ada62bc?id=ADHUHR,"Thu, 20 Aug 2026 21:34:18 GMT",2026-08-21T00:17:02+00:00
https://villiers.ai/empty-legs/khou-kaus-aircraft-2026-08-20-50c0e2aa?id=ADHUHR,inactive,inactive,2026-08-14T14:17:02+00:00,2026-08-20T23:47:02+00:00,2026-08-21T00:17:02+00:00,"Private Jet | William P. Hobby Airport → Austin Bergstrom International Airport | $2,473",,Private Jet,KHOU - William P. Hobby Airport,KHOU,HOU,William P Hobby Airport,Houston,US,KAUS - Austin Bergstrom International Airport,KAUS,AUS,Austin-Bergstrom International Airport,Austin,US,20 August 2026,2026-08-20,12:00,12:46,46m,"$2,473",2473,USD,$,7,https://villiers.ai/empty-legs/khou-kaus-aircraft-2026-08-20-50c0e2aa?id=ADHUHR,https://villiers.ai/empty-legs/khou-kaus-aircraft-2026-08-20-50c0e2aa?id=ADHUHR,https://villiers.ai/empty-legs/khou-kaus-aircraft-2026-08-20-50c0e2aa?id=ADHUHR,"Fri, 14 Aug 2026 14:01:13 GMT",2026-08-21T00:17:02+00:00
https://villiers.ai/empty-legs/khou-kmdd-cessna-citation-ultra-2026-08-20-6bfadf9a?id=ADHUHR,inactive,inactive,2026-08-20T21:47:01+00:00,2026-08-20T23:47:02+00:00,2026-08-21T00:17:02+00:00,"Cessna Citation Ultra | William P. Hobby Airport → Midland Airpark | $4,838",,Cessna Citation Ultra,KHOU - William P. Hobby Airport,KHOU,HOU,William P Hobby Airport,Houston,US,KMDD - Midland Airpark,KMDD,MDD,Midland Airpark,Midland,US,20 August 2026,2026-08-20,12:00,13:18,1h 18m,"$4,838",4838,USD,$,7,https://villiers.ai/empty-legs/khou-kmdd-cessna-citation-ultra-2026-08-20-6bfadf9a?id=ADHUHR,https://villiers.ai/empty-legs/khou-kmdd-cessna-citation-ultra-2026-08-20-6bfadf9a?id=ADHUHR,https://villiers.ai/empty-legs/khou-kmdd-cessna-citation-ultra-2026-08-20-6bfadf9a?id=ADHUHR,"Thu, 20 Aug 2026 21:34:18 GMT",2026-08-21T00:17:02+00:00
https://villiers.ai/empty-legs/khpn-kisp-challenger-300-2026-08-20-ee2413fa?id=ADHUHR,inactive,inactive,2026-08-18T17:47:01+00:00,2026-08-20T23:47:02+00:00,2026-08-21T00:17:02+00:00,"Challenger 300 | Westchester County Airport → Long Island Mac Arthur Airport | $8,600",,Challenger 300,KHPN - Westchester County Airport,KHPN,HPN,Westchester County Airport,White Plains,US,KISP - Long Island Mac Arthur Airport,KISP,ISP,Long Island Mac Arthur Airport,New York,US,20 August 2026,2026-08-20,12:00,12:34,34m,"$8,600",8600,USD,$,10,https://villiers.ai/empty-legs/khpn-kisp-challenger-300-2026-08-20-ee2413fa?id=ADHUHR,https://villiers.ai/empty-legs/khpn-kisp-challenger-300-2026-08-20-ee2413fa?id=ADHUHR,https://villiers.ai/empty-legs/khpn-kisp-challenger-300-2026-08-20-ee2413fa?id=ADHUHR,"Tue, 18 Aug 2026 17:35:28 GMT",2026-08-21T00:17:02+00:00
https://villiers.ai/empty-legs/khpn-kpne-citation-x-2026-08-20-deda5ebd?id=ADHUHR,inactive,inactive,2026-08-18T17:47:01+00:00,2026-08-20T23:47:02+00:00,2026-08-21T00:17:02+00:00,"Citation X | Westchester County Airport → Northeast Philadelphia Airport | $8,600",,Citation X,KHPN - Westchester County Airport,KHPN,HPN,Westchester County Airport,White Plains,US,KPNE - Northeast Philadelphia Airport,KPNE,PNE,Northeast Philadelphia Airport,Philadelphia,US,20 August 2026,2026-08-20,12:00,12:40,41m,"$8,600",8600,USD,$,12,https://villiers.ai/empty-legs/khpn-kpne-citation-x-2026-08-20-deda5ebd?id=ADHUHR,https://villiers.ai/empty-legs/khpn-kpne-citation-x-2026-08-20-deda5ebd?id=ADHUHR,https://villiers.ai/empty-legs/khpn-kpne-citation-x-2026-08-20-deda5ebd?id=ADHUHR,"Tue, 18 Aug 2026 17:36:44 GMT",2026-08-21T00:17:02+00:00
https://villiers.ai/empty-legs/kict-keeo-cessna-citation-x-2026-08-20-e95e0a5c?id=ADHUHR,inactive,inactive,2026-08-20T20:47:01+00:00,2026-08-20T23:47:02+00:00,2026-08-21T00:17:02+00:00,"Cessna Citation X | Wichita Eisenhower National Airport → Meeker Coulter Field Airport | $9,675",,Cessna Citation X,KICT - Wichita Eisenhower National Airport,KICT,ICT,Wichita Dwight D Eisenhower Ntl Airport,Wichita,US,KEEO - Meeker Coulter Field Airport,KEEO,,Meeker Coulter Field,Meeker,US,20 August 2026,2026-08-20,12:00,13:35,1h 35m,"$9,675",9675,USD,$,12,https://villiers.ai/empty-legs/kict-keeo-cessna-citation-x-2026-08-20-e95e0a5c?id=ADHUHR,https://villiers.ai/empty-legs/kict-keeo-cessna-citation-x-2026-08-20-e95e0a5c?id=ADHUHR,https://villiers.ai/empty-legs/kict-keeo-cessna-citation-x-2026-08-20-e95e0a5c?id=ADHUHR,"Thu, 20 Aug 2026 20:32:03 GMT",2026-08-21T00:17:02+00:00
https://villiers.ai/empty-legs/klax-mmsd-citation-x-2026-08-20-f3de9040?id=ADHUHR,inactive,inactive,2026-08-18T17:47:01+00:00,2026-08-20T23:47:02+00:00,2026-08-21T00:17:02+00:00,"Citation X | Los Angeles International Airport → Los Cabos International Airport | $16,125",,Citation X,KLAX - Los Angeles International Airport,KLAX,LAX,Los Angeles International Airport,Los Angeles,US,MMSD - Los Cabos International Airport,MMSD,SJD,Los Cabos International Airport,San Jose del Cabo,MX,20 August 2026,2026-08-20,12:00,14:11,2h 11m,"$16,125",16125,USD,$,12,https://villiers.ai/empty-legs/klax-mmsd-citation-x-2026-08-20-f3de9040?id=ADHUHR,https://villiers.ai/empty-legs/klax-mmsd-citation-x-2026-08-20-f3de9040?id=ADHUHR,https://villiers.ai/empty-legs/klax-mmsd-citation-x-2026-08-20-f3de9040?id=ADHUHR,"Tue, 18 Aug 2026 17:36:44 GMT",2026-08-21T00:17:02+00:00
https://villiers.ai/empty-legs/ksjc-kvny-challenger-300-2026-08-20-1947dd3f?id=ADHUHR,inactive,inactive,2026-08-18T17:47:01+00:00,2026-08-20T23:47:02+00:00,2026-08-21T00:17:02+00:00,"Challenger 300 | San Jose International Airport → Van Nuys Airport | $8,600",,Challenger 300,KSJC - San Jose International Airport,KSJC,SJC,Norman Y Mineta San Jose International Airport,San Jose,US,KVNY - Van Nuys Airport,KVNY,VNY,Van Nuys Airport,Van Nuys,US,20 August 2026,2026-08-20,12:00,13:02,1h 2m,"$8,600",8600,USD,$,10,https://villiers.ai/empty-legs/ksjc-kvny-challenger-300-2026-08-20-1947dd3f?id=ADHUHR,https://villiers.ai/empty-legs/ksjc-kvny-challenger-300-2026-08-20-1947dd3f?id=ADHUHR,https://villiers.ai/empty-legs/ksjc-kvny-challenger-300-2026-08-20-1947dd3f?id=ADHUHR,"Tue, 18 Aug 2026 17:36:40 GMT",2026-08-21T00:17:02+00:00
https://villiers.ai/empty-legs/kteb-kfok-citation-x-2026-08-20-9b0b6ff7?id=ADHUHR,inactive,inactive,2026-08-18T17:47:01+00:00,2026-08-20T23:47:02+00:00,2026-08-21T00:17:02+00:00,"Citation X | Teterboro Airport → Francis S Gabreski Airport | $8,600",,Citation X,KTEB - Teterboro Airport,KTEB,TEB,Teterboro Airport,Teterboro,US,KFOK - Francis S Gabreski Airport,KFOK,FOK,Francis S Gabreski Airport,Westhampton Beach,US,20 August 2026,2026-08-20,12:00,12:38,38m,"$8,600",8600,USD,$,12,https://villiers.ai/empty-legs/kteb-kfok-citation-x-2026-08-20-9b0b6ff7?id=ADHUHR,https://villiers.ai/empty-legs/kteb-kfok-citation-x-2026-08-20-9b0b6ff7?id=ADHUHR,https://villiers.ai/empty-legs/kteb-kfok-citation-x-2026-08-20-9b0b6ff7?id=ADHUHR,"Tue, 18 Aug 2026 17:36:43 GMT",2026-08-21T00:17:02+00:00
https://villiers.ai/empty-legs/kteb-kpne-cessna-citation-x-2026-08-20-d0f74818?id=ADHUHR,inactive,inactive,2026-08-20T20:47:01+00:00,2026-08-20T23:47:02+00:00,2026-08-21T00:17:02+00:00,"Cessna Citation X | Teterboro Airport → Northeast Philadelphia Airport | $8,600",,Cessna Citation X,KTEB - Teterboro Airport,KTEB,TEB,Teterboro Airport,Teterboro,US,KPNE - Northeast Philadelphia Airport,KPNE,PNE,Northeast Philadelphia Airport,Philadelphia,US,20 August 2026,2026-08-20,12:00,12:38,38m,"$8,600",8600,USD,$,12,https://villiers.ai/empty-legs/kteb-kpne-cessna-citation-x-2026-08-20-d0f74818?id=ADHUHR,https://villiers.ai/empty-legs/kteb-kpne-cessna-citation-x-2026-08-20-d0f74818?id=ADHUHR,https://villiers.ai/empty-legs/kteb-kpne-cessna-citation-x-2026-08-20-d0f74818?id=ADHUHR,"Thu, 20 Aug 2026 20:32:02 GMT",2026-08-21T00:17:02+00:00
https://villiers.ai/empty-legs/kvny-kbfi-challenger-300-2026-08-20-fb59ec17?id=ADHUHR,inactive,inactive,2026-08-18T17:47:01+00:00,2026-08-20T23:47:02+00:00,2026-08-21T00:17:02+00:00,"Challenger 300 | Van Nuys Airport → Boeing Field King County International Airport | $12,900",,Challenger 300,KVNY - Van Nuys Airport,KVNY,VNY,Van Nuys Airport,Van Nuys,US,KBFI - Boeing Field King County International Airport,KBFI,BFI,Boeing Field/King County International Airport,Seattle,US,20 August 2026,2026-08-20,12:00,14:14,2h 14m,"$12,900",12900,USD,$,10,https://villiers.ai/empty-legs/kvny-kbfi-challenger-300-2026-08-20-fb59ec17?id=ADHUHR,https://villiers.ai/empty-legs/kvny-kbfi-challenger-300-2026-08-20-fb59ec17?id=ADHUHR,https://villiers.ai/empty-legs/kvny-kbfi-challenger-300-2026-08-20-fb59ec17?id=ADHUHR,"Tue, 18 Aug 2026 17:35:27 GMT",2026-08-21T00:17:02+00:00
https://villiers.ai/empty-legs/mbpv-ksrq-challenger-300-2026-08-20-4b6a46a0?id=ADHUHR,inactive,inactive,2026-08-18T17:47:01+00:00,2026-08-20T23:47:02+00:00,2026-08-21T00:17:02+00:00,"Challenger 300 | Providenciales International Airport → Sarasota Bradenton International Airport | $15,050",,Challenger 300,MBPV - Providenciales International Airport,MBPV,PLS,Providenciales Airport,Providenciales Island,TC,KSRQ - Sarasota Bradenton International Airport,KSRQ,SRQ,Sarasota/Bradenton International Airport,Sarasota/Bradenton,US,20 August 2026,2026-08-20,12:00,13:53,1h 54m,"$15,050",15050,USD,$,10,https://villiers.ai/empty-legs/mbpv-ksrq-challenger-300-2026-08-20-4b6a46a0?id=ADHUHR,https://villiers.ai/empty-legs/mbpv-ksrq-challenger-300-2026-08-20-4b6a46a0?id=ADHUHR,https://villiers.ai/empty-legs/mbpv-ksrq-challenger-300-2026-08-20-4b6a46a0?id=ADHUHR,"Tue, 18 Aug 2026 17:36:40 GMT",2026-08-21T00:17:02+00:00
https://villiers.ai/empty-legs/sf_all-kpsp-citation-x-2026-08-20-70d79425?id=ADHUHR,inactive,inactive,2026-08-18T17:47:01+00:00,2026-08-20T23:47:02+00:00,2026-08-21T00:17:02+00:00,"Citation X | All San Francisco, United States Airports → Palm Springs International Airport | $8,600",,Citation X,"SF_ALL - All San Francisco, United States Airports",,,"All San Francisco, United States Airports",,,KPSP - Palm Springs International Airport,KPSP,PSP,Palm Springs International Airport,Palm Springs,US,20 August 2026,2026-08-20,12:00,13:17,1h 18m,"$8,600",8600,USD,$,12,https://villiers.ai/empty-legs/sf_all-kpsp-citation-x-2026-08-20-70d79425?id=ADHUHR,https://villiers.ai/empty-legs/sf_all-kpsp-citation-x-2026-08-20-70d79425?id=ADHUHR,https://villiers.ai/empty-legs/sf_all-kpsp-citation-x-2026-08-20-70d79425?id=ADHUHR,"Tue, 18 Aug 2026 17:36:44 GMT",2026-08-21T00:17:02+00:00
https://villiers.ai/empty-legs/sf_all-kvny-citation-x-2026-08-20-2f5879a7?id=ADHUHR,inactive,inactive,2026-08-18T17:47:01+00:00,2026-08-20T23:47:02+00:00,2026-08-21T00:17:02+00:00,"Citation X | All San Francisco, United States Airports → Van Nuys Airport | $10,750",,Citation X,"SF_ALL - All San Francisco, United States Airports",,,"All San Francisco, United States Airports",,,KVNY - Van Nuys Airport,KVNY,VNY,Van Nuys Airport,Van Nuys,US,20 August 2026,2026-08-20,12:00,13:06,1h 7m,"$10,750",10750,USD,$,12,https://villiers.ai/empty-legs/sf_all-kvny-citation-x-2026-08-20-2f5879a7?id=ADHUHR,https://villiers.ai/empty-legs/sf_all-kvny-citation-x-2026-08-20-2f5879a7?id=ADHUHR,https://villiers.ai/empty-legs/sf_all-kvny-citation-x-2026-08-20-2f5879a7?id=ADHUHR,"Tue, 18 Aug 2026 17:36:44 GMT",2026-08-21T00:17:02+00:00
https://villiers.ai/empty-legs/kboi-kcrq-cj3-2026-08-21-ad569cb4?id=ADHUHR,inactive,inactive,2026-08-18T22:17:01+00:00,2026-08-21T23:47:01+00:00,2026-08-22T00:17:02+00:00,"CJ3 | Boise Air Terminal/Gowen Field → McClellan-Palomar Airport | $10,750",,CJ3,KBOI - Boise Air Terminal/Gowen Field,KBOI,BOI,Boise Air Trml/Gowen Field,Boise,US,KCRQ - McClellan-Palomar Airport,KCRQ,CLD,Mc Clellan-Palomar Airport,Carlsbad,US,21 August 2026,2026-08-21,12:00,13:50,1h 50m,"$10,750",10750,USD,$,8,https://villiers.ai/empty-legs/kboi-kcrq-cj3-2026-08-21-ad569cb4?id=ADHUHR,https://villiers.ai/empty-legs/kboi-kcrq-cj3-2026-08-21-ad569cb4?id=ADHUHR,https://villiers.ai/empty-legs/kboi-kcrq-cj3-2026-08-21-ad569cb4?id=ADHUHR,"Tue, 18 Aug 2026 21:56:47 GMT",2026-08-22T00:17:02+00:00
https://villiers.ai/empty-legs/kdal-khou-cessna-citation-ultra-2026-08-21-3f1f50de?id=ADHUHR,inactive,inactive,2026-08-08T14:17:02+00:00,2026-08-21T23:47:01+00:00,2026-08-22T00:17:02+00:00,"Cessna Citation Ultra | Dallas Love Field → William P. Hobby Airport | $2,795",,Cessna Citation Ultra,KDAL - Dallas Love Field,KDAL,DAL,Dallas Love Field,Dallas,US,KHOU - William P. Hobby Airport,KHOU,HOU,William P Hobby Airport,Houston,US,21 August 2026,2026-08-21,12:00,12:56,57m,"$2,795",2795,USD,$,7,https://villiers.ai/empty-legs/kdal-khou-cessna-citation-ultra-2026-08-21-3f1f50de?id=ADHUHR,https://villiers.ai/empty-legs/kdal-khou-cessna-citation-ultra-2026-08-21-3f1f50de?id=ADHUHR,https://villiers.ai/empty-legs/kdal-khou-cessna-citation-ultra-2026-08-21-3f1f50de?id=ADHUHR,"Sat, 08 Aug 2026 14:08:44 GMT",2026-08-22T00:17:02+00:00
https://villiers.ai/empty-legs/kdal-kmaf-cessna-citation-ultra-2026-08-21-9bf1c072?id=ADHUHR,inactive,inactive,2026-08-17T14:47:01+00:00,2026-08-21T23:47:01+00:00,2026-08-22T00:17:02+00:00,"Cessna Citation Ultra | Dallas Love Field → Midland International Air and Space Port | $4,193",,Cessna Citation Ultra,KDAL - Dallas Love Field,KDAL,DAL,Dallas Love Field,Dallas,US,KMAF - Midland International Air and Space Port,KMAF,MAF,Midland International Air And Space Port Airport,Midland,US,21 August 2026,2026-08-21,12:00,13:05,1h 5m,"$4,193",4193,USD,$,7,https://villiers.ai/empty-legs/kdal-kmaf-cessna-citation-ultra-2026-08-21-9bf1c072?id=ADHUHR,https://villiers.ai/empty-legs/kdal-kmaf-cessna-citation-ultra-2026-08-21-9bf1c072?id=ADHUHR,https://villiers.ai/empty-legs/kdal-kmaf-cessna-citation-ultra-2026-08-21-9bf1c072?id=ADHUHR,"Mon, 17 Aug 2026 14:28:55 GMT",2026-08-22T00:17:02+00:00
https://villiers.ai/empty-legs/kftw-kege-cessna-citation-ultra-2026-08-21-067ce78c?id=ADHUHR,inactive,inactive,2026-08-20T21:47:01+00:00,2026-08-21T23:47:01+00:00,2026-08-22T00:17:02+00:00,"Cessna Citation Ultra | Fort Worth Meacham International Airport → Eagle County Regional Airport | $7,633",,Cessna Citation Ultra,KFTW - Fort Worth Meacham International Airport,KFTW,FTW,Fort Worth Meacham International Airport,Fort Worth,US,KEGE - Eagle County Regional Airport,KEGE,EGE,Eagle County Regional Airport,Eagle,US,21 August 2026,2026-08-21,12:00,13:48,1h 49m,"$7,633",7633,USD,$,7,https://villiers.ai/empty-legs/kftw-kege-cessna-citation-ultra-2026-08-21-067ce78c?id=ADHUHR,https://villiers.ai/empty-legs/kftw-kege-cessna-citation-ultra-2026-08-21-067ce78c?id=ADHUHR,https://villiers.ai/empty-legs/kftw-kege-cessna-citation-ultra-2026-08-21-067ce78c?id=ADHUHR,"Thu, 20 Aug 2026 21:34:19 GMT",2026-08-22T00:17:02+00:00
https://villiers.ai/empty-legs/kftw-kmaf-cessna-citation-ultra-2026-08-21-13f0e59f?id=ADHUHR,inactive,inactive,2026-08-18T17:47:01+00:00,2026-08-21T23:47:01+00:00,2026-08-22T00:17:02+00:00,"Cessna Citation Ultra | Fort Worth Meacham International Airport → Midland International Air and Space Port | $3,870",,Cessna Citation Ultra,KFTW - Fort Worth Meacham International Airport,KFTW,FTW,Fort Worth Meacham International Airport,Fort Worth,US,KMAF - Midland International Air and Space Port,KMAF,MAF,Midland International Air And Space Port Airport,Midland,US,21 August 2026,2026-08-21,12:00,13:02,1h 2m,"$3,870",3870,USD,$,7,https://villiers.ai/empty-legs/kftw-kmaf-cessna-citation-ultra-2026-08-21-13f0e59f?id=ADHUHR,https://villiers.ai/empty-legs/kftw-kmaf-cessna-citation-ultra-2026-08-21-13f0e59f?id=ADHUHR,https://villiers.ai/empty-legs/kftw-kmaf-cessna-citation-ultra-2026-08-21-13f0e59f?id=ADHUHR,"Tue, 18 Aug 2026 17:30:03 GMT",2026-08-22T00:17:02+00:00
https://villiers.ai/empty-legs/kgpt-kdts-cessna-citation-excel-2026-08-21-81621d4a?id=ADHUHR,inactive,inactive,2026-08-21T18:47:01+00:00,2026-08-21T23:47:01+00:00,2026-08-22T00:17:02+00:00,"Cessna Citation Excel | Gulfport Biloxi International Airport → Destin Executive Airport | $2,903",,Cessna Citation Excel,KGPT - Gulfport Biloxi International Airport,KGPT,GPT,Gulfport-Biloxi International Airport,Gulfport,US,KDTS - Destin Executive Airport,KDTS,DSI,Destin Executive Airport,Destin,US,21 August 2026,2026-08-21,12:00,12:47,47m,"$2,903",2903,USD,$,9,https://villiers.ai/empty-legs/kgpt-kdts-cessna-citation-excel-2026-08-21-81621d4a?id=ADHUHR,https://villiers.ai/empty-legs/kgpt-kdts-cessna-citation-excel-2026-08-21-81621d4a?id=ADHUHR,https://villiers.ai/empty-legs/kgpt-kdts-cessna-citation-excel-2026-08-21-81621d4a?id=ADHUHR,"Fri, 21 Aug 2026 18:42:16 GMT",2026-08-22T00:17:02+00:00
https://villiers.ai/empty-legs/khou-kaus-2026-08-21?id=ADHUHR,inactive,inactive,2026-08-05T22:38:36+00:00,2026-08-21T23:47:01+00:00,2026-08-22T00:17:02+00:00,"Bombardier Challenger 300 | William P. Hobby Airport → Austin Bergstrom International Airport | $6,450",,Bombardier Challenger 300,KHOU - William P. Hobby Airport,KHOU,HOU,William P Hobby Airport,Houston,US,KAUS - Austin Bergstrom International Airport,KAUS,AUS,Austin-Bergstrom International Airport,Austin,US,21 August 2026,2026-08-21,12:00,12:46,46m,"$6,450",6450,USD,$,9,https://villiers.ai/empty-legs/khou-kaus-2026-08-21?id=ADHUHR,https://villiers.ai/empty-legs/khou-kaus-2026-08-21?id=ADHUHR,https://villiers.ai/empty-legs/khou-kaus-2026-08-21?id=ADHUHR,"Wed, 05 Aug 2026 15:25:58 GMT",2026-08-22T00:17:02+00:00
https://villiers.ai/empty-legs/kilg-kteb-cessna-citation-x-2026-08-21-783783aa?id=ADHUHR,inactive,inactive,2026-08-20T20:47:01+00:00,2026-08-21T23:47:01+00:00,2026-08-22T00:17:02+00:00,"Cessna Citation X | Wilmington Airport → Teterboro Airport | $8,600",,Cessna Citation X,KILG - Wilmington Airport,KILG,ILG,New Castle Airport,Wilmington,US,KTEB - Teterboro Airport,KTEB,TEB,Teterboro Airport,Teterboro,US,21 August 2026,2026-08-21,12:00,12:42,43m,"$8,600",8600,USD,$,12,https://villiers.ai/empty-legs/kilg-kteb-cessna-citation-x-2026-08-21-783783aa?id=ADHUHR,https://villiers.ai/empty-legs/kilg-kteb-cessna-citation-x-2026-08-21-783783aa?id=ADHUHR,https://villiers.ai/empty-legs/kilg-kteb-cessna-citation-x-2026-08-21-783783aa?id=ADHUHR,"Thu, 20 Aug 2026 20:32:04 GMT",2026-08-22T00:17:02+00:00
https://villiers.ai/empty-legs/kjac-kcod-cessna-citation-x-2026-08-21-ac2a958d?id=ADHUHR,inactive,inactive,2026-08-20T20:47:01+00:00,2026-08-21T23:47:01+00:00,2026-08-22T00:17:02+00:00,"Cessna Citation X | Jackson Hole Airport → Yellowstone Regional Airport | $8,600",,Cessna Citation X,KJAC - Jackson Hole Airport,KJAC,JAC,Jackson Hole Airport,Jackson,US,KCOD - Yellowstone Regional Airport,KCOD,COD,Yellowstone Regional Airport,Cody,US,21 August 2026,2026-08-21,12:00,12:41,42m,"$8,600",8600,USD,$,12,https://villiers.ai/empty-legs/kjac-kcod-cessna-citation-x-2026-08-21-ac2a958d?id=ADHUHR,https://villiers.ai/empty-legs/kjac-kcod-cessna-citation-x-2026-08-21-ac2a958d?id=ADHUHR,https://villiers.ai/empty-legs/kjac-kcod-cessna-citation-x-2026-08-21-ac2a958d?id=ADHUHR,"Thu, 20 Aug 2026 20:32:04 GMT",2026-08-22T00:17:02+00:00
https://villiers.ai/empty-legs/klax-cyvr-bombardier-challenger-300-2026-08-21-e3a2a360?id=ADHUHR,inactive,inactive,2026-08-20T20:47:01+00:00,2026-08-21T23:47:01+00:00,2026-08-22T00:17:02+00:00,"Bombardier Challenger 300 | Los Angeles International Airport → Vancouver International Airport | $12,900",,Bombardier Challenger 300,KLAX - Los Angeles International Airport,KLAX,LAX,Los Angeles International Airport,Los Angeles,US,CYVR - Vancouver International Airport,CYVR,YVR,Vancouver International Airport,Richmond,CA,21 August 2026,2026-08-21,12:00,14:30,2h 30m,"$12,900",12900,USD,$,10,https://villiers.ai/empty-legs/klax-cyvr-bombardier-challenger-300-2026-08-21-e3a2a360?id=ADHUHR,https://villiers.ai/empty-legs/klax-cyvr-bombardier-challenger-300-2026-08-21-e3a2a360?id=ADHUHR,https://villiers.ai/empty-legs/klax-cyvr-bombardier-challenger-300-2026-08-21-e3a2a360?id=ADHUHR,"Thu, 20 Aug 2026 20:32:01 GMT",2026-08-22T00:17:02+00:00
https://villiers.ai/empty-legs/kshv-kgpt-cessna-citation-excel-2026-08-21-ad9f1088?id=ADHUHR,inactive,inactive,2026-08-21T18:47:01+00:00,2026-08-21T23:47:01+00:00,2026-08-22T00:17:02+00:00,"Cessna Citation Excel | Shreveport Regional Airport → Gulfport Biloxi International Airport | $4,408",,Cessna Citation Excel,KSHV - Shreveport Regional Airport,KSHV,SHV,Shreveport Regional Airport,Shreveport,US,KGPT - Gulfport Biloxi International Airport,KGPT,GPT,Gulfport-Biloxi International Airport,Gulfport,US,21 August 2026,2026-08-21,12:00,13:04,1h 5m,"$4,408",4408,USD,$,9,https://villiers.ai/empty-legs/kshv-kgpt-cessna-citation-excel-2026-08-21-ad9f1088?id=ADHUHR,https://villiers.ai/empty-legs/kshv-kgpt-cessna-citation-excel-2026-08-21-ad9f1088?id=ADHUHR,https://villiers.ai/empty-legs/kshv-kgpt-cessna-citation-excel-2026-08-21-ad9f1088?id=ADHUHR,"Fri, 21 Aug 2026 18:42:16 GMT",2026-08-22T00:17:02+00:00
https://villiers.ai/empty-legs/ksjc-kbfi-bombardier-challenger-300-2026-08-21-37be4fad?id=ADHUHR,inactive,inactive,2026-08-20T20:47:01+00:00,2026-08-21T23:47:01+00:00,2026-08-22T00:17:02+00:00,"Bombardier Challenger 300 | San Jose International Airport → Boeing Field King County International Airport | $10,750",,Bombardier Challenger 300,KSJC - San Jose International Airport,KSJC,SJC,Norman Y Mineta San Jose International Airport,San Jose,US,KBFI - Boeing Field King County International Airport,KBFI,BFI,Boeing Field/King County International Airport,Seattle,US,21 August 2026,2026-08-21,12:00,13:47,1h 48m,"$10,750",10750,USD,$,10,https://villiers.ai/empty-legs/ksjc-kbfi-bombardier-challenger-300-2026-08-21-37be4fad?id=ADHUHR,https://villiers.ai/empty-legs/ksjc-kbfi-bombardier-challenger-300-2026-08-21-37be4fad?id=ADHUHR,https://villiers.ai/empty-legs/ksjc-kbfi-bombardier-challenger-300-2026-08-21-37be4fad?id=ADHUHR,"Thu, 20 Aug 2026 20:32:02 GMT",2026-08-22T00:17:02+00:00
https://villiers.ai/empty-legs/kteb-kelm-bombardier-challenger-300-2026-08-21-736d4b84?id=ADHUHR,inactive,inactive,2026-08-20T20:47:01+00:00,2026-08-21T23:47:01+00:00,2026-08-22T00:17:02+00:00,"Bombardier Challenger 300 | Teterboro Airport → Elmira Corning Regional Airport | $8,600",,Bombardier Challenger 300,KTEB - Teterboro Airport,KTEB,TEB,Teterboro Airport,Teterboro,US,KELM - Elmira Corning Regional Airport,KELM,ELM,Elmira/Corning Regional Airport,Elmira/Corning,US,21 August 2026,2026-08-21,12:00,12:49,49m,"$8,600",8600,USD,$,10,https://villiers.ai/empty-legs/kteb-kelm-bombardier-challenger-300-2026-08-21-736d4b84?id=ADHUHR,https://villiers.ai/empty-legs/kteb-kelm-bombardier-challenger-300-2026-08-21-736d4b84?id=ADHUHR,https://villiers.ai/empty-legs/kteb-kelm-bombardier-challenger-300-2026-08-21-736d4b84?id=ADHUHR,"Thu, 20 Aug 2026 20:32:01 GMT",2026-08-22T00:17:02+00:00
https://villiers.ai/empty-legs/lemg-lkpr-cessna-citation-560xls-2026-08-21-637d47ac?id=ADHUHR,inactive,inactive,2026-08-20T20:17:02+00:00,2026-08-21T23:47:01+00:00,2026-08-22T00:17:02+00:00,"Cessna Citation 560XLS+ | Málaga-Costa del Sol Airport → Václav Havel Airport Prague | €6,450",,Cessna Citation 560XLS+,LEMG - Málaga-Costa del Sol Airport,LEMG,AGP,Malaga Airport,Malaga,ES,LKPR - Václav Havel Airport Prague,LKPR,PRG,Václav Havel Airport,Prague,CZ,21 August 2026,2026-08-21,12:00,14:55,2h 56m,"€6,450",6450,EUR,€,7,https://villiers.ai/empty-legs/lemg-lkpr-cessna-citation-560xls-2026-08-21-637d47ac?id=ADHUHR,https://villiers.ai/empty-legs/lemg-lkpr-cessna-citation-560xls-2026-08-21-637d47ac?id=ADHUHR,https://villiers.ai/empty-legs/lemg-lkpr-cessna-citation-560xls-2026-08-21-637d47ac?id=ADHUHR,"Thu, 20 Aug 2026 20:01:18 GMT",2026-08-22T00:17:02+00:00
https://villiers.ai/empty-legs/mynn-kopf-bombardier-challenger-300-2026-08-21-3f38faac?id=ADHUHR,inactive,inactive,2026-08-20T20:47:01+00:00,2026-08-21T23:47:01+00:00,2026-08-22T00:17:02+00:00,"Bombardier Challenger 300 | Lynden Pindling International Airport → Miami-Opa Locka Executive Airport | $9,675",,Bombardier Challenger 300,MYNN - Lynden Pindling International Airport,MYNN,NAS,Lynden Pindling International Airport,Nassau,BS,KOPF - Miami-Opa Locka Executive Airport,KOPF,OPF,Miami-Opa Locka Executive Airport,Miami,US,21 August 2026,2026-08-21,12:00,12:50,51m,"$9,675",9675,USD,$,10,https://villiers.ai/empty-legs/mynn-kopf-bombardier-challenger-300-2026-08-21-3f38faac?id=ADHUHR,https://villiers.ai/empty-legs/mynn-kopf-bombardier-challenger-300-2026-08-21-3f38faac?id=ADHUHR,https://villiers.ai/empty-legs/mynn-kopf-bombardier-challenger-300-2026-08-21-3f38faac?id=ADHUHR,"Thu, 20 Aug 2026 20:32:01 GMT",2026-08-22T00:17:02+00:00
https://villiers.ai/empty-legs/lkpr-lgmk-cessna-citation-sovereign-2026-08-22-af0ca64a?id=ADHUHR,inactive,inactive,2026-08-19T12:47:02+00:00,2026-08-22T23:47:02+00:00,2026-08-23T00:17:02+00:00,"Cessna Citation Sovereign | Václav Havel Airport Prague → Mykonos Island National Airport | €8,600",,Cessna Citation Sovereign,LKPR - Václav Havel Airport Prague,LKPR,PRG,Václav Havel Airport,Prague,CZ,LGMK - Mykonos Island National Airport,LGMK,JMK,Mikonos Airport,Mykonos Island,GR,22 August 2026,2026-08-22,09:10,11:34,2h 25m,"€8,600",8600,EUR,€,12,https://villiers.ai/empty-legs/lkpr-lgmk-cessna-citation-sovereign-2026-08-22-af0ca64a?id=ADHUHR,https://villiers.ai/empty-legs/lkpr-lgmk-cessna-citation-sovereign-2026-08-22-af0ca64a?id=ADHUHR,https://villiers.ai/empty-legs/lkpr-lgmk-cessna-citation-sovereign-2026-08-22-af0ca64a?id=ADHUHR,"Wed, 19 Aug 2026 12:19:42 GMT",2026-08-23T00:17:02+00:00
https://villiers.ai/empty-legs/kapc-kvny-cessna-citation-x-2026-08-22-27ad9366?id=ADHUHR,inactive,inactive,2026-08-20T20:47:01+00:00,2026-08-22T23:47:02+00:00,2026-08-23T00:17:02+00:00,"Cessna Citation X | Napa County Airport → Van Nuys Airport | $8,600",,Cessna Citation X,KAPC - Napa County Airport,KAPC,APC,Napa County Airport,Napa,US,KVNY - Van Nuys Airport,KVNY,VNY,Van Nuys Airport,Van Nuys,US,22 August 2026,2026-08-22,12:00,13:08,1h 9m,"$8,600",8600,USD,$,12,https://villiers.ai/empty-legs/kapc-kvny-cessna-citation-x-2026-08-22-27ad9366?id=ADHUHR,https://villiers.ai/empty-legs/kapc-kvny-cessna-citation-x-2026-08-22-27ad9366?id=ADHUHR,https://villiers.ai/empty-legs/kapc-kvny-cessna-citation-x-2026-08-22-27ad9366?id=ADHUHR,"Thu, 20 Aug 2026 20:32:06 GMT",2026-08-23T00:17:02+00:00
https://villiers.ai/empty-legs/kaus-khou-aircraft-2026-08-22-047bb634?id=ADHUHR,inactive,inactive,2026-08-14T14:17:02+00:00,2026-08-22T23:47:02+00:00,2026-08-23T00:17:02+00:00,"Private Jet | Austin Bergstrom International Airport → William P. Hobby Airport | $2,150",,Private Jet,KAUS - Austin Bergstrom International Airport,KAUS,AUS,Austin-Bergstrom International Airport,Austin,US,KHOU - William P. Hobby Airport,KHOU,HOU,William P Hobby Airport,Houston,US,22 August 2026,2026-08-22,12:00,12:46,46m,"$2,150",2150,USD,$,7,https://villiers.ai/empty-legs/kaus-khou-aircraft-2026-08-22-047bb634?id=ADHUHR,https://villiers.ai/empty-legs/kaus-khou-aircraft-2026-08-22-047bb634?id=ADHUHR,https://villiers.ai/empty-legs/kaus-khou-aircraft-2026-08-22-047bb634?id=ADHUHR,"Fri, 14 Aug 2026 14:01:13 GMT",2026-08-23T00:17:02+00:00
https://villiers.ai/empty-legs/kaus-kteb-cessna-citation-x-2026-08-22-696722c8?id=ADHUHR,inactive,inactive,2026-08-20T20:47:01+00:00,2026-08-22T23:47:02+00:00,2026-08-23T00:17:02+00:00,"Cessna Citation X | Austin Bergstrom International Airport → Teterboro Airport | $15,050",,Cessna Citation X,KAUS - Austin Bergstrom International Airport,KAUS,AUS,Austin-Bergstrom International Airport,Austin,US,KTEB - Teterboro Airport,KTEB,TEB,Teterboro Airport,Teterboro,US,22 August 2026,2026-08-22,12:00,15:17,3h 18m,"$15,050",15050,USD,$,12,https://villiers.ai/empty-legs/kaus-kteb-cessna-citation-x-2026-08-22-696722c8?id=ADHUHR,https://villiers.ai/empty-legs/kaus-kteb-cessna-citation-x-2026-08-22-696722c8?id=ADHUHR,https://villiers.ai/empty-legs/kaus-kteb-cessna-citation-x-2026-08-22-696722c8?id=ADHUHR,"Thu, 20 Aug 2026 20:32:06 GMT",2026-08-23T00:17:02+00:00
https://villiers.ai/empty-legs/kcrq-kslc-beechjet-400a-2026-08-22-fd4acbef?id=ADHUHR,inactive,inactive,2026-08-18T22:17:01+00:00,2026-08-22T23:47:02+00:00,2026-08-23T00:17:02+00:00,"Beechjet 400A | McClellan-Palomar Airport → Salt Lake City International Airport | $9,675",,Beechjet 400A,KCRQ - McClellan-Palomar Airport,KCRQ,CLD,Mc Clellan-Palomar Airport,Carlsbad,US,KSLC - Salt Lake City International Airport,KSLC,SLC,Salt Lake City International Airport,Salt Lake City,US,22 August 2026,2026-08-22,12:00,13:37,1h 37m,"$9,675",9675,USD,$,8,https://villiers.ai/empty-legs/kcrq-kslc-beechjet-400a-2026-08-22-fd4acbef?id=ADHUHR,https://villiers.ai/empty-legs/kcrq-kslc-beechjet-400a-2026-08-22-fd4acbef?id=ADHUHR,https://villiers.ai/empty-legs/kcrq-kslc-beechjet-400a-2026-08-22-fd4acbef?id=ADHUHR,"Tue, 18 Aug 2026 21:56:47 GMT",2026-08-23T00:17:02+00:00
https://villiers.ai/empty-legs/kcxo-kdal-cessna-citation-x-2026-08-22-77f6e8a2?id=ADHUHR,inactive,inactive,2026-08-20T20:47:01+00:00,2026-08-22T23:47:02+00:00,2026-08-23T00:17:02+00:00,"Cessna Citation X | Conroe-North Houston Regional Airport → Dallas Love Field | $8,600",,Cessna Citation X,KCXO - Conroe-North Houston Regional Airport,KCXO,CXO,Conroe/North Houston Regional Airport,Houston,US,KDAL - Dallas Love Field,KDAL,DAL,Dallas Love Field,Dallas,US,22 August 2026,2026-08-22,12:00,12:51,51m,"$8,600",8600,USD,$,12,https://villiers.ai/empty-legs/kcxo-kdal-cessna-citation-x-2026-08-22-77f6e8a2?id=ADHUHR,https://villiers.ai/empty-legs/kcxo-kdal-cessna-citation-x-2026-08-22-77f6e8a2?id=ADHUHR,https://villiers.ai/empty-legs/kcxo-kdal-cessna-citation-x-2026-08-22-77f6e8a2?id=ADHUHR,"Thu, 20 Aug 2026 20:32:07 GMT",2026-08-23T00:17:02+00:00
https://villiers.ai/empty-legs/kdab-kopf-bombardier-challenger-300-2026-08-22-a2d66eaf?id=ADHUHR,inactive,inactive,2026-08-20T20:47:01+00:00,2026-08-22T23:47:02+00:00,2026-08-23T00:17:02+00:00,"Bombardier Challenger 300 | Daytona Beach International Airport → Miami-Opa Locka Executive Airport | $8,600",,Bombardier Challenger 300,KDAB - Daytona Beach International Airport,KDAB,DAB,Daytona Beach International Airport,Daytona Beach,US,KOPF - Miami-Opa Locka Executive Airport,KOPF,OPF,Miami-Opa Locka Executive Airport,Miami,US,22 August 2026,2026-08-22,12:00,12:55,56m,"$8,600",8600,USD,$,10,https://villiers.ai/empty-legs/kdab-kopf-bombardier-challenger-300-2026-08-22-a2d66eaf?id=ADHUHR,https://villiers.ai/empty-legs/kdab-kopf-bombardier-challenger-300-2026-08-22-a2d66eaf?id=ADHUHR,https://villiers.ai/empty-legs/kdab-kopf-bombardier-challenger-300-2026-08-22-a2d66eaf?id=ADHUHR,"Thu, 20 Aug 2026 20:32:02 GMT",2026-08-23T00:17:02+00:00
https://villiers.ai/empty-legs/kdal-kbct-cessna-citation-x-2026-08-22-e6a6e1d8?id=ADHUHR,inactive,inactive,2026-08-20T20:47:01+00:00,2026-08-22T23:47:02+00:00,2026-08-23T00:17:02+00:00,"Cessna Citation X | Dallas Love Field → Boca Raton Airport | $15,050",,Cessna Citation X,KDAL - Dallas Love Field,KDAL,DAL,Dallas Love Field,Dallas,US,KBCT - Boca Raton Airport,KBCT,BCT,Boca Raton Airport,Boca Raton,US,22 August 2026,2026-08-22,12:00,14:31,2h 32m,"$15,050",15050,USD,$,12,https://villiers.ai/empty-legs/kdal-kbct-cessna-citation-x-2026-08-22-e6a6e1d8?id=ADHUHR,https://villiers.ai/empty-legs/kdal-kbct-cessna-citation-x-2026-08-22-e6a6e1d8?id=ADHUHR,https://villiers.ai/empty-legs/kdal-kbct-cessna-citation-x-2026-08-22-e6a6e1d8?id=ADHUHR,"Thu, 20 Aug 2026 20:32:07 GMT",2026-08-23T00:17:02+00:00
https://villiers.ai/empty-legs/kfok-ksan-cessna-citation-x-2026-08-22-2485c198?id=ADHUHR,inactive,inactive,2026-08-20T20:47:01+00:00,2026-08-22T23:47:02+00:00,2026-08-23T00:17:02+00:00,"Cessna Citation X | Francis S Gabreski Airport → San Diego International Airport | $25,800",,Cessna Citation X,KFOK - Francis S Gabreski Airport,KFOK,FOK,Francis S Gabreski Airport,Westhampton Beach,US,KSAN - San Diego International Airport,KSAN,SAN,San Diego International Airport,San Diego,US,22 August 2026,2026-08-22,12:00,17:07,5h 7m,"$25,800",25800,USD,$,12,https://villiers.ai/empty-legs/kfok-ksan-cessna-citation-x-2026-08-22-2485c198?id=ADHUHR,https://villiers.ai/empty-legs/kfok-ksan-cessna-citation-x-2026-08-22-2485c198?id=ADHUHR,https://villiers.ai/empty-legs/kfok-ksan-cessna-citation-x-2026-08-22-2485c198?id=ADHUHR,"Thu, 20 Aug 2026 20:32:07 GMT",2026-08-23T00:17:02+00:00
https://villiers.ai/empty-legs/kfok-kteb-bombardier-challenger-300-2026-08-22-7dd17009?id=ADHUHR,inactive,inactive,2026-08-20T20:47:01+00:00,2026-08-22T23:47:02+00:00,2026-08-23T00:17:02+00:00,"Bombardier Challenger 300 | Francis S Gabreski Airport → Teterboro Airport | $8,600",,Bombardier Challenger 300,KFOK - Francis S Gabreski Airport,KFOK,FOK,Francis S Gabreski Airport,Westhampton Beach,US,KTEB - Teterboro Airport,KTEB,TEB,Teterboro Airport,Teterboro,US,22 August 2026,2026-08-22,12:00,12:38,38m,"$8,600",8600,USD,$,10,https://villiers.ai/empty-legs/kfok-kteb-bombardier-challenger-300-2026-08-22-7dd17009?id=ADHUHR,https://villiers.ai/empty-legs/kfok-kteb-bombardier-challenger-300-2026-08-22-7dd17009?id=ADHUHR,https://villiers.ai/empty-legs/kfok-kteb-bombardier-challenger-300-2026-08-22-7dd17009?id=ADHUHR,"Thu, 20 Aug 2026 20:32:02 GMT",2026-08-23T00:17:02+00:00
https://villiers.ai/empty-legs/kftw-ksaf-cessna-citation-x-2026-08-22-af83d719?id=ADHUHR,inactive,inactive,2026-08-20T20:47:01+00:00,2026-08-22T23:47:02+00:00,2026-08-23T00:17:02+00:00,"Cessna Citation X | Fort Worth Meacham International Airport → Santa Fe Municipal Airport | $8,600",,Cessna Citation X,KFTW - Fort Worth Meacham International Airport,KFTW,FTW,Fort Worth Meacham International Airport,Fort Worth,US,KSAF - Santa Fe Municipal Airport,KSAF,SAF,Santa Fe Regional Airport,Santa Fe,US,22 August 2026,2026-08-22,12:00,13:29,1h 29m,"$8,600",8600,USD,$,12,https://villiers.ai/empty-legs/kftw-ksaf-cessna-citation-x-2026-08-22-af83d719?id=ADHUHR,https://villiers.ai/empty-legs/kftw-ksaf-cessna-citation-x-2026-08-22-af83d719?id=ADHUHR,https://villiers.ai/empty-legs/kftw-ksaf-cessna-citation-x-2026-08-22-af83d719?id=ADHUHR,"Thu, 20 Aug 2026 20:32:07 GMT",2026-08-23T00:17:02+00:00
https://villiers.ai/empty-legs/khou-kaus-cessna-citation-ultra-2026-08-22-dd3a2cde?id=ADHUHR,inactive,inactive,2026-08-19T23:17:01+00:00,2026-08-22T23:47:02+00:00,2026-08-23T00:17:02+00:00,"Cessna Citation Ultra | William P. Hobby Airport → Austin Bergstrom International Airport | $2,473",,Cessna Citation Ultra,KHOU - William P. Hobby Airport,KHOU,HOU,William P Hobby Airport,Houston,US,KAUS - Austin Bergstrom International Airport,KAUS,AUS,Austin-Bergstrom International Airport,Austin,US,22 August 2026,2026-08-22,12:00,12:46,46m,"$2,473",2473,USD,$,7,https://villiers.ai/empty-legs/khou-kaus-cessna-citation-ultra-2026-08-22-dd3a2cde?id=ADHUHR,https://villiers.ai/empty-legs/khou-kaus-cessna-citation-ultra-2026-08-22-dd3a2cde?id=ADHUHR,https://villiers.ai/empty-legs/khou-kaus-cessna-citation-ultra-2026-08-22-dd3a2cde?id=ADHUHR,"Wed, 19 Aug 2026 22:51:09 GMT",2026-08-23T00:17:02+00:00
https://villiers.ai/empty-legs/khou-kftw-cessna-citation-v-2026-08-22-ebfdf499?id=ADHUHR,inactive,inactive,2026-08-20T21:47:01+00:00,2026-08-22T23:47:02+00:00,2026-08-23T00:17:02+00:00,"Cessna Citation V | William P. Hobby Airport → Fort Worth Meacham International Airport | $3,440",,Cessna Citation V,KHOU - William P. Hobby Airport,KHOU,HOU,William P Hobby Airport,Houston,US,KFTW - Fort Worth Meacham International Airport,KFTW,FTW,Fort Worth Meacham International Airport,Fort Worth,US,22 August 2026,2026-08-22,12:00,12:57,58m,"$3,440",3440,USD,$,7,https://villiers.ai/empty-legs/khou-kftw-cessna-citation-v-2026-08-22-ebfdf499?id=ADHUHR,https://villiers.ai/empty-legs/khou-kftw-cessna-citation-v-2026-08-22-ebfdf499?id=ADHUHR,https://villiers.ai/empty-legs/khou-kftw-cessna-citation-v-2026-08-22-ebfdf499?id=ADHUHR,"Thu, 20 Aug 2026 21:34:19 GMT",2026-08-23T00:17:02+00:00
https://villiers.ai/empty-legs/kilg-kfok-cessna-citation-x-2026-08-22-aba11469?id=ADHUHR,inactive,inactive,2026-08-20T20:47:01+00:00,2026-08-22T23:47:02+00:00,2026-08-23T00:17:02+00:00,"Cessna Citation X | Wilmington Airport → Francis S Gabreski Airport | $8,600",,Cessna Citation X,KILG - Wilmington Airport,KILG,ILG,New Castle Airport,Wilmington,US,KFOK - Francis S Gabreski Airport,KFOK,FOK,Francis S Gabreski Airport,Westhampton Beach,US,22 August 2026,2026-08-22,12:00,12:49,50m,"$8,600",8600,USD,$,12,https://villiers.ai/empty-legs/kilg-kfok-cessna-citation-x-2026-08-22-aba11469?id=ADHUHR,https://villiers.ai/empty-legs/kilg-kfok-cessna-citation-x-2026-08-22-aba11469?id=ADHUHR,https://villiers.ai/empty-legs/kilg-kfok-cessna-citation-x-2026-08-22-aba11469?id=ADHUHR,"Thu, 20 Aug 2026 20:32:07 GMT",2026-08-23T00:17:02+00:00
https://villiers.ai/empty-legs/klas-kbur-cessna-citation-x-2026-08-22-c13d2ee3?id=ADHUHR,inactive,inactive,2026-08-20T20:47:01+00:00,2026-08-22T23:47:02+00:00,2026-08-23T00:17:02+00:00,"Cessna Citation X | Harry Reid International Airport → Hollywood Burbank Airport | $8,600",,Cessna Citation X,KLAS - Harry Reid International Airport,KLAS,LAS,Harry Reid International Airport,Las Vegas,US,KBUR - Hollywood Burbank Airport,KBUR,BUR,Bob Hope Airport,Burbank,US,22 August 2026,2026-08-22,12:00,12:54,55m,"$8,600",8600,USD,$,12,https://villiers.ai/empty-legs/klas-kbur-cessna-citation-x-2026-08-22-c13d2ee3?id=ADHUHR,https://villiers.ai/empty-legs/klas-kbur-cessna-citation-x-2026-08-22-c13d2ee3?id=ADHUHR,https://villiers.ai/empty-legs/klas-kbur-cessna-citation-x-2026-08-22-c13d2ee3?id=ADHUHR,"Thu, 20 Aug 2026 20:32:08 GMT",2026-08-23T00:17:02+00:00
https://villiers.ai/empty-legs/kopf-kmjx-bombardier-challenger-300-2026-08-22-f5fa6719?id=ADHUHR,inactive,inactive,2026-08-20T20:47:01+00:00,2026-08-22T23:47:02+00:00,2026-08-23T00:17:02+00:00,"Bombardier Challenger 300 | Miami-Opa Locka Executive Airport → Ocean County Airport | $15,050",,Bombardier Challenger 300,KOPF - Miami-Opa Locka Executive Airport,KOPF,OPF,Miami-Opa Locka Executive Airport,Miami,US,KMJX - Ocean County Airport,KMJX,MJX,Ocean County Airport,Toms River,US,22 August 2026,2026-08-22,12:00,14:24,2h 24m,"$15,050",15050,USD,$,10,https://villiers.ai/empty-legs/kopf-kmjx-bombardier-challenger-300-2026-08-22-f5fa6719?id=ADHUHR,https://villiers.ai/empty-legs/kopf-kmjx-bombardier-challenger-300-2026-08-22-f5fa6719?id=ADHUHR,https://villiers.ai/empty-legs/kopf-kmjx-bombardier-challenger-300-2026-08-22-f5fa6719?id=ADHUHR,"Thu, 20 Aug 2026 20:32:02 GMT",2026-08-23T00:17:02+00:00
https://villiers.ai/empty-legs/ksjc-sf_all-cessna-citation-x-2026-08-22-90f75897?id=ADHUHR,inactive,inactive,2026-08-20T20:47:01+00:00,2026-08-22T23:47:02+00:00,2026-08-23T00:17:02+00:00,"Cessna Citation X | San Jose International Airport → All San Francisco, United States Airports | $8,600",,Cessna Citation X,KSJC - San Jose International Airport,KSJC,SJC,Norman Y Mineta San Jose International Airport,San Jose,US,"SF_ALL - All San Francisco, United States Airports",,,"All San Francisco, United States Airports",,,22 August 2026,2026-08-22,12:00,12:34,34m,"$8,600",8600,USD,$,12,https://villiers.ai/empty-legs/ksjc-sf_all-cessna-citation-x-2026-08-22-90f75897?id=ADHUHR,https://villiers.ai/empty-legs/ksjc-sf_all-cessna-citation-x-2026-08-22-90f75897?id=ADHUHR,https://villiers.ai/empty-legs/ksjc-sf_all-cessna-citation-x-2026-08-22-90f75897?id=ADHUHR,"Thu, 20 Aug 2026 20:32:08 GMT",2026-08-23T00:17:02+00:00
https://villiers.ai/empty-legs/ksrq-kopf-bombardier-challenger-300-2026-08-22-57af95a8?id=ADHUHR,inactive,inactive,2026-08-20T20:47:01+00:00,2026-08-22T23:47:02+00:00,2026-08-23T00:17:02+00:00,"Bombardier Challenger 300 | Sarasota Bradenton International Airport → Miami-Opa Locka Executive Airport | $8,600",,Bombardier Challenger 300,KSRQ - Sarasota Bradenton International Airport,KSRQ,SRQ,Sarasota/Bradenton International Airport,Sarasota/Bradenton,US,KOPF - Miami-Opa Locka Executive Airport,KOPF,OPF,Miami-Opa Locka Executive Airport,Miami,US,22 August 2026,2026-08-22,12:00,12:49,49m,"$8,600",8600,USD,$,10,https://villiers.ai/empty-legs/ksrq-kopf-bombardier-challenger-300-2026-08-22-57af95a8?id=ADHUHR,https://villiers.ai/empty-legs/ksrq-kopf-bombardier-challenger-300-2026-08-22-57af95a8?id=ADHUHR,https://villiers.ai/empty-legs/ksrq-kopf-bombardier-challenger-300-2026-08-22-57af95a8?id=ADHUHR,"Thu, 20 Aug 2026 20:32:02 GMT",2026-08-23T00:17:02+00:00
https://villiers.ai/empty-legs/kteb-ksba-cessna-citation-x-2026-08-22-c42eeb79?id=ADHUHR,inactive,inactive,2026-08-20T20:47:01+00:00,2026-08-22T23:47:02+00:00,2026-08-23T00:17:02+00:00,"Cessna Citation X | Teterboro Airport → Santa Barbara Municipal Airport | $25,800",,Cessna Citation X,KTEB - Teterboro Airport,KTEB,TEB,Teterboro Airport,Teterboro,US,KSBA - Santa Barbara Municipal Airport,KSBA,SBA,Santa Barbara Municipal Airport,Santa Barbara,US,22 August 2026,2026-08-22,12:00,17:08,5h 9m,"$25,800",25800,USD,$,12,https://villiers.ai/empty-legs/kteb-ksba-cessna-citation-x-2026-08-22-c42eeb79?id=ADHUHR,https://villiers.ai/empty-legs/kteb-ksba-cessna-citation-x-2026-08-22-c42eeb79?id=ADHUHR,https://villiers.ai/empty-legs/kteb-ksba-cessna-citation-x-2026-08-22-c42eeb79?id=ADHUHR,"Thu, 20 Aug 2026 20:32:05 GMT",2026-08-23T00:17:02+00:00
https://villiers.ai/empty-legs/kteb-kvny-cessna-citation-x-2026-08-22-438151f6?id=ADHUHR,inactive,inactive,2026-08-20T20:47:01+00:00,2026-08-22T23:47:02+00:00,2026-08-23T00:17:02+00:00,"Cessna Citation X | Teterboro Airport → Van Nuys Airport | $27,950",,Cessna Citation X,KTEB - Teterboro Airport,KTEB,TEB,Teterboro Airport,Teterboro,US,KVNY - Van Nuys Airport,KVNY,VNY,Van Nuys Airport,Van Nuys,US,22 August 2026,2026-08-22,12:00,17:01,5h 2m,"$27,950",27950,USD,$,12,https://villiers.ai/empty-legs/kteb-kvny-cessna-citation-x-2026-08-22-438151f6?id=ADHUHR,https://villiers.ai/empty-legs/kteb-kvny-cessna-citation-x-2026-08-22-438151f6?id=ADHUHR,https://villiers.ai/empty-legs/kteb-kvny-cessna-citation-x-2026-08-22-438151f6?id=ADHUHR,"Thu, 20 Aug 2026 20:32:05 GMT",2026-08-23T00:17:02+00:00
https://villiers.ai/empty-legs/tjsj-mbpv-bombardier-challenger-300-2026-08-22-a16c18ca?id=ADHUHR,inactive,inactive,2026-08-20T20:47:01+00:00,2026-08-22T23:47:02+00:00,2026-08-23T00:17:02+00:00,"Bombardier Challenger 300 | Luis Munoz Marin International Airport → Providenciales International Airport | $12,900",,Bombardier Challenger 300,TJSJ - Luis Munoz Marin International Airport,TJSJ,SJU,Luis Munoz Marin International Airport,San Juan,US,MBPV - Providenciales International Airport,MBPV,PLS,Providenciales Airport,Providenciales Island,TC,22 August 2026,2026-08-22,12:00,13:21,1h 22m,"$12,900",12900,USD,$,10,https://villiers.ai/empty-legs/tjsj-mbpv-bombardier-challenger-300-2026-08-22-a16c18ca?id=ADHUHR,https://villiers.ai/empty-legs/tjsj-mbpv-bombardier-challenger-300-2026-08-22-a16c18ca?id=ADHUHR,https://villiers.ai/empty-legs/tjsj-mbpv-bombardier-challenger-300-2026-08-22-a16c18ca?id=ADHUHR,"Thu, 20 Aug 2026 20:32:02 GMT",2026-08-23T00:17:02+00:00
https://villiers.ai/empty-legs/kapc-kmhr-citation-x-2026-08-23-445015f7?id=ADHUHR,inactive,inactive,2026-08-23T18:47:02+00:00,2026-08-23T23:47:01+00:00,2026-08-24T00:17:02+00:00,"Citation X | Napa County Airport → Sacramento Mather Airport | $8,600",,Citation X,KAPC - Napa County Airport,KAPC,APC,Napa County Airport,Napa,US,KMHR - Sacramento Mather Airport,KMHR,MHR,Sacramento Mather Airport,Sacramento,US,23 August 2026,2026-08-23,12:00,12:36,36m,"$8,600",8600,USD,$,12,https://villiers.ai/empty-legs/kapc-kmhr-citation-x-2026-08-23-445015f7?id=ADHUHR,https://villiers.ai/empty-legs/kapc-kmhr-citation-x-2026-08-23-445015f7?id=ADHUHR,https://villiers.ai/empty-legs/kapc-kmhr-citation-x-2026-08-23-445015f7?id=ADHUHR,"Sun, 23 Aug 2026 18:22:00 GMT",2026-08-24T00:17:02+00:00
https://villiers.ai/empty-legs/kaus-kads-challenger-300-2026-08-23-76a5ff69?id=ADHUHR,inactive,inactive,2026-08-23T18:47:02+00:00,2026-08-23T23:47:01+00:00,2026-08-24T00:17:02+00:00,"Challenger 300 | Austin Bergstrom International Airport → Addison Airport | $8,600",,Challenger 300,KAUS - Austin Bergstrom International Airport,KAUS,AUS,Austin-Bergstrom International Airport,Austin,US,KADS - Addison Airport,KADS,ADS,Addison Airport,Dallas,US,23 August 2026,2026-08-23,12:00,12:51,52m,"$8,600",8600,USD,$,10,https://villiers.ai/empty-legs/kaus-kads-challenger-300-2026-08-23-76a5ff69?id=ADHUHR,https://villiers.ai/empty-legs/kaus-kads-challenger-300-2026-08-23-76a5ff69?id=ADHUHR,https://villiers.ai/empty-legs/kaus-kads-challenger-300-2026-08-23-76a5ff69?id=ADHUHR,"Sun, 23 Aug 2026 18:21:58 GMT",2026-08-24T00:17:02+00:00
https://villiers.ai/empty-legs/kaus-khou-cessna-citation-ultra-2026-08-23-0c327913?id=ADHUHR,inactive,inactive,2026-08-19T23:17:01+00:00,2026-08-23T23:47:01+00:00,2026-08-24T00:17:02+00:00,"Cessna Citation Ultra | Austin Bergstrom International Airport → William P. Hobby Airport | $2,150",,Cessna Citation Ultra,KAUS - Austin Bergstrom International Airport,KAUS,AUS,Austin-Bergstrom International Airport,Austin,US,KHOU - William P. Hobby Airport,KHOU,HOU,William P Hobby Airport,Houston,US,23 August 2026,2026-08-23,12:00,12:46,46m,"$2,150",2150,USD,$,7,https://villiers.ai/empty-legs/kaus-khou-cessna-citation-ultra-2026-08-23-0c327913?id=ADHUHR,https://villiers.ai/empty-legs/kaus-khou-cessna-citation-ultra-2026-08-23-0c327913?id=ADHUHR,https://villiers.ai/empty-legs/kaus-khou-cessna-citation-ultra-2026-08-23-0c327913?id=ADHUHR,"Wed, 19 Aug 2026 22:51:09 GMT",2026-08-24T00:17:02+00:00
https://villiers.ai/empty-legs/kaus-ksaf-citation-x-2026-08-23-0b3c5de4?id=ADHUHR,inactive,inactive,2026-08-23T18:47:02+00:00,2026-08-23T23:47:01+00:00,2026-08-24T00:17:02+00:00,"Citation X | Austin Bergstrom International Airport → Santa Fe Municipal Airport | $8,600",,Citation X,KAUS - Austin Bergstrom International Airport,KAUS,AUS,Austin-Bergstrom International Airport,Austin,US,KSAF - Santa Fe Municipal Airport,KSAF,SAF,Santa Fe Regional Airport,Santa Fe,US,23 August 2026,2026-08-23,12:00,13:38,1h 38m,"$8,600",8600,USD,$,12,https://villiers.ai/empty-legs/kaus-ksaf-citation-x-2026-08-23-0b3c5de4?id=ADHUHR,https://villiers.ai/empty-legs/kaus-ksaf-citation-x-2026-08-23-0b3c5de4?id=ADHUHR,https://villiers.ai/empty-legs/kaus-ksaf-citation-x-2026-08-23-0b3c5de4?id=ADHUHR,"Sun, 23 Aug 2026 18:22:01 GMT",2026-08-24T00:17:02+00:00
https://villiers.ai/empty-legs/kbed-kmvy-citation-x-2026-08-23-fd2fb445?id=ADHUHR,inactive,inactive,2026-08-23T18:47:02+00:00,2026-08-23T23:47:01+00:00,2026-08-24T00:17:02+00:00,"Citation X | Laurence G Hanscom Field → Martha's Vineyard Airport | $8,600",,Citation X,KBED - Laurence G Hanscom Field,KBED,BED,Laurence G Hanscom Field,Bedford,US,KMVY - Martha's Vineyard Airport,KMVY,MVY,Martha's Vineyard Airport,Vineyard Haven,US,23 August 2026,2026-08-23,12:00,12:39,39m,"$8,600",8600,USD,$,12,https://villiers.ai/empty-legs/kbed-kmvy-citation-x-2026-08-23-fd2fb445?id=ADHUHR,https://villiers.ai/empty-legs/kbed-kmvy-citation-x-2026-08-23-fd2fb445?id=ADHUHR,https://villiers.ai/empty-legs/kbed-kmvy-citation-x-2026-08-23-fd2fb445?id=ADHUHR,"Sun, 23 Aug 2026 18:22:01 GMT",2026-08-24T00:17:02+00:00
https://villiers.ai/empty-legs/kbtv-kpwm-challenger-300-2026-08-23-917f6d34?id=ADHUHR,inactive,inactive,2026-08-23T18:47:02+00:00,2026-08-23T23:47:01+00:00,2026-08-24T00:17:02+00:00,"Challenger 300 | Burlington International Airport → Portland International Jetport | $8,600",,Challenger 300,KBTV - Burlington International Airport,KBTV,BTV,Patrick Leahy Burlington International Airport,Burlington,US,KPWM - Portland International Jetport,KPWM,PWM,Portland International Jetport Airport,Portland,US,23 August 2026,2026-08-23,12:00,12:46,47m,"$8,600",8600,USD,$,10,https://villiers.ai/empty-legs/kbtv-kpwm-challenger-300-2026-08-23-917f6d34?id=ADHUHR,https://villiers.ai/empty-legs/kbtv-kpwm-challenger-300-2026-08-23-917f6d34?id=ADHUHR,https://villiers.ai/empty-legs/kbtv-kpwm-challenger-300-2026-08-23-917f6d34?id=ADHUHR,"Sun, 23 Aug 2026 18:21:58 GMT",2026-08-24T00:17:02+00:00
https://villiers.ai/empty-legs/kbzn-kjac-challenger-300-2026-08-23-ab2d4b98?id=ADHUHR,inactive,inactive,2026-08-23T18:47:02+00:00,2026-08-23T23:47:01+00:00,2026-08-24T00:17:02+00:00,"Challenger 300 | Bozeman Yellowstone International Airport → Jackson Hole Airport | $8,600",,Challenger 300,KBZN - Bozeman Yellowstone International Airport,KBZN,BZN,Bozeman Yellowstone International Airport,Bozeman,US,KJAC - Jackson Hole Airport,KJAC,JAC,Jackson Hole Airport,Jackson,US,23 August 2026,2026-08-23,12:00,12:46,47m,"$8,600",8600,USD,$,10,https://villiers.ai/empty-legs/kbzn-kjac-challenger-300-2026-08-23-ab2d4b98?id=ADHUHR,https://villiers.ai/empty-legs/kbzn-kjac-challenger-300-2026-08-23-ab2d4b98?id=ADHUHR,https://villiers.ai/empty-legs/kbzn-kjac-challenger-300-2026-08-23-ab2d4b98?id=ADHUHR,"Sun, 23 Aug 2026 18:21:58 GMT",2026-08-24T00:17:02+00:00
https://villiers.ai/empty-legs/kcrq-kapc-beechjet-400a-2026-08-23-e2401b5b?id=ADHUHR,inactive,inactive,2026-08-18T22:17:01+00:00,2026-08-23T23:47:01+00:00,2026-08-24T00:17:02+00:00,"Beechjet 400A | McClellan-Palomar Airport → Napa County Airport | $8,600",,Beechjet 400A,KCRQ - McClellan-Palomar Airport,KCRQ,CLD,Mc Clellan-Palomar Airport,Carlsbad,US,KAPC - Napa County Airport,KAPC,APC,Napa County Airport,Napa,US,23 August 2026,2026-08-23,12:00,13:19,1h 20m,"$8,600",8600,USD,$,8,https://villiers.ai/empty-legs/kcrq-kapc-beechjet-400a-2026-08-23-e2401b5b?id=ADHUHR,https://villiers.ai/empty-legs/kcrq-kapc-beechjet-400a-2026-08-23-e2401b5b?id=ADHUHR,https://villiers.ai/empty-legs/kcrq-kapc-beechjet-400a-2026-08-23-e2401b5b?id=ADHUHR,"Tue, 18 Aug 2026 21:56:47 GMT",2026-08-24T00:17:02+00:00
https://villiers.ai/empty-legs/kcrq-kboi-xls-2026-08-23-4819fa82?id=ADHUHR,inactive,inactive,2026-08-18T22:17:01+00:00,2026-08-23T23:47:01+00:00,2026-08-24T00:17:02+00:00,"XLS | McClellan-Palomar Airport → Boise Air Terminal/Gowen Field | $14,996",,XLS,KCRQ - McClellan-Palomar Airport,KCRQ,CLD,Mc Clellan-Palomar Airport,Carlsbad,US,KBOI - Boise Air Terminal/Gowen Field,KBOI,BOI,Boise Air Trml/Gowen Field,Boise,US,23 August 2026,2026-08-23,12:00,13:50,1h 50m,"$14,996",14996,USD,$,8,https://villiers.ai/empty-legs/kcrq-kboi-xls-2026-08-23-4819fa82?id=ADHUHR,https://villiers.ai/empty-legs/kcrq-kboi-xls-2026-08-23-4819fa82?id=ADHUHR,https://villiers.ai/empty-legs/kcrq-kboi-xls-2026-08-23-4819fa82?id=ADHUHR,"Tue, 18 Aug 2026 21:56:48 GMT",2026-08-24T00:17:02+00:00
https://villiers.ai/empty-legs/kelm-ksyr-citation-x-2026-08-23-bb38ceb6?id=ADHUHR,inactive,inactive,2026-08-23T18:47:02+00:00,2026-08-23T23:47:01+00:00,2026-08-24T00:17:02+00:00,"Citation X | Elmira Corning Regional Airport → Syracuse Hancock International Airport | $8,600",,Citation X,KELM - Elmira Corning Regional Airport,KELM,ELM,Elmira/Corning Regional Airport,Elmira/Corning,US,KSYR - Syracuse Hancock International Airport,KSYR,SYR,Syracuse Hancock International Airport,Syracuse,US,23 August 2026,2026-08-23,12:00,12:38,39m,"$8,600",8600,USD,$,12,https://villiers.ai/empty-legs/kelm-ksyr-citation-x-2026-08-23-bb38ceb6?id=ADHUHR,https://villiers.ai/empty-legs/kelm-ksyr-citation-x-2026-08-23-bb38ceb6?id=ADHUHR,https://villiers.ai/empty-legs/kelm-ksyr-citation-x-2026-08-23-bb38ceb6?id=ADHUHR,"Sun, 23 Aug 2026 18:22:01 GMT",2026-08-24T00:17:02+00:00
https://villiers.ai/empty-legs/kelp-ksan-citation-x-2026-08-23-81fe2c11?id=ADHUHR,inactive,inactive,2026-08-23T18:47:02+00:00,2026-08-23T23:47:01+00:00,2026-08-24T00:17:02+00:00,"Citation X | El Paso International Airport → San Diego International Airport | $8,600",,Citation X,KELP - El Paso International Airport,KELP,ELP,El Paso International Airport,El Paso,US,KSAN - San Diego International Airport,KSAN,SAN,San Diego International Airport,San Diego,US,23 August 2026,2026-08-23,12:00,13:40,1h 40m,"$8,600",8600,USD,$,12,https://villiers.ai/empty-legs/kelp-ksan-citation-x-2026-08-23-81fe2c11?id=ADHUHR,https://villiers.ai/empty-legs/kelp-ksan-citation-x-2026-08-23-81fe2c11?id=ADHUHR,https://villiers.ai/empty-legs/kelp-ksan-citation-x-2026-08-23-81fe2c11?id=ADHUHR,"Sun, 23 Aug 2026 18:22:01 GMT",2026-08-24T00:17:02+00:00
https://villiers.ai/empty-legs/kfok-kfrg-citation-x-2026-08-23-8ea7f802?id=ADHUHR,inactive,inactive,2026-08-23T18:47:02+00:00,2026-08-23T23:47:01+00:00,2026-08-24T00:17:02+00:00,"Citation X | Francis S Gabreski Airport → Republic Airport | $8,600",,Citation X,KFOK - Francis S Gabreski Airport,KFOK,FOK,Francis S Gabreski Airport,Westhampton Beach,US,KFRG - Republic Airport,KFRG,FRG,Republic Airport,Farmingdale,US,23 August 2026,2026-08-23,12:00,12:34,35m,"$8,600",8600,USD,$,12,https://villiers.ai/empty-legs/kfok-kfrg-citation-x-2026-08-23-8ea7f802?id=ADHUHR,https://villiers.ai/empty-legs/kfok-kfrg-citation-x-2026-08-23-8ea7f802?id=ADHUHR,https://villiers.ai/empty-legs/kfok-kfrg-citation-x-2026-08-23-8ea7f802?id=ADHUHR,"Sun, 23 Aug 2026 18:22:02 GMT",2026-08-24T00:17:02+00:00
https://villiers.ai/empty-legs/kfok-kteb-citation-x-2026-08-23-478c114d?id=ADHUHR,inactive,inactive,2026-08-23T18:47:02+00:00,2026-08-23T23:47:01+00:00,2026-08-24T00:17:02+00:00,"Citation X | Francis S Gabreski Airport → Teterboro Airport | $8,600",,Citation X,KFOK - Francis S Gabreski Airport,KFOK,FOK,Francis S Gabreski Airport,Westhampton Beach,US,KTEB - Teterboro Airport,KTEB,TEB,Teterboro Airport,Teterboro,US,23 August 2026,2026-08-23,12:00,12:38,38m,"$8,600",8600,USD,$,12,https://villiers.ai/empty-legs/kfok-kteb-citation-x-2026-08-23-478c114d?id=ADHUHR,https://villiers.ai/empty-legs/kfok-kteb-citation-x-2026-08-23-478c114d?id=ADHUHR,https://villiers.ai/empty-legs/kfok-kteb-citation-x-2026-08-23-478c114d?id=ADHUHR,"Sun, 23 Aug 2026 18:22:02 GMT",2026-08-24T00:17:02+00:00
https://villiers.ai/empty-legs/kfrg-khpn-citation-x-2026-08-23-e8afd48e?id=ADHUHR,inactive,inactive,2026-08-23T18:47:02+00:00,2026-08-23T23:47:01+00:00,2026-08-24T00:17:02+00:00,"Citation X | Republic Airport → Westchester County Airport | $8,600",,Citation X,KFRG - Republic Airport,KFRG,FRG,Republic Airport,Farmingdale,US,KHPN - Westchester County Airport,KHPN,HPN,Westchester County Airport,White Plains,US,23 August 2026,2026-08-23,12:00,12:33,33m,"$8,600",8600,USD,$,12,https://villiers.ai/empty-legs/kfrg-khpn-citation-x-2026-08-23-e8afd48e?id=ADHUHR,https://villiers.ai/empty-legs/kfrg-khpn-citation-x-2026-08-23-e8afd48e?id=ADHUHR,https://villiers.ai/empty-legs/kfrg-khpn-citation-x-2026-08-23-e8afd48e?id=ADHUHR,"Sun, 23 Aug 2026 18:22:02 GMT",2026-08-24T00:17:02+00:00
https://villiers.ai/empty-legs/kftw-kege-pilatus-pc-12-ng-2026-08-23-4d4daeda?id=ADHUHR,inactive,inactive,2026-08-18T17:47:01+00:00,2026-08-23T23:47:01+00:00,2026-08-24T00:17:02+00:00,"Pilatus PC 12 NG | Fort Worth Meacham International Airport → Eagle County Regional Airport | $8,600",,Pilatus PC 12 NG,KFTW - Fort Worth Meacham International Airport,KFTW,FTW,Fort Worth Meacham International Airport,Fort Worth,US,KEGE - Eagle County Regional Airport,KEGE,EGE,Eagle County Regional Airport,Eagle,US,23 August 2026,2026-08-23,12:00,13:48,1h 49m,"$8,600",8600,USD,$,7,https://villiers.ai/empty-legs/kftw-kege-pilatus-pc-12-ng-2026-08-23-4d4daeda?id=ADHUHR,https://villiers.ai/empty-legs/kftw-kege-pilatus-pc-12-ng-2026-08-23-4d4daeda?id=ADHUHR,https://villiers.ai/empty-legs/kftw-kege-pilatus-pc-12-ng-2026-08-23-4d4daeda?id=ADHUHR,"Tue, 18 Aug 2026 17:30:03 GMT",2026-08-24T00:17:02+00:00
https://villiers.ai/empty-legs/kftw-khou-pilatus-pc-12-ng-2026-08-23-b4c2b97e?id=ADHUHR,inactive,inactive,2026-08-15T14:17:02+00:00,2026-08-23T23:47:01+00:00,2026-08-24T00:17:02+00:00,"Pilatus PC 12 NG | Fort Worth Meacham International Airport → William P. Hobby Airport | $2,795",,Pilatus PC 12 NG,KFTW - Fort Worth Meacham International Airport,KFTW,FTW,Fort Worth Meacham International Airport,Fort Worth,US,KHOU - William P. Hobby Airport,KHOU,HOU,William P Hobby Airport,Houston,US,23 August 2026,2026-08-23,12:00,12:57,58m,"$2,795",2795,USD,$,7,https://villiers.ai/empty-legs/kftw-khou-pilatus-pc-12-ng-2026-08-23-b4c2b97e?id=ADHUHR,https://villiers.ai/empty-legs/kftw-khou-pilatus-pc-12-ng-2026-08-23-b4c2b97e?id=ADHUHR,https://villiers.ai/empty-legs/kftw-khou-pilatus-pc-12-ng-2026-08-23-b4c2b97e?id=ADHUHR,"Sat, 15 Aug 2026 14:13:14 GMT",2026-08-24T00:17:02+00:00
https://villiers.ai/empty-legs/kgjt-kafo-challenger-300-2026-08-23-0a87fc71?id=ADHUHR,inactive,inactive,2026-08-23T18:47:02+00:00,2026-08-23T23:47:01+00:00,2026-08-24T00:17:02+00:00,"Challenger 300 | Grand Junction Regional Airport → Afton Municipal Airport | $9,675",,Challenger 300,KGJT - Grand Junction Regional Airport,KGJT,GJT,Grand Junction Regional Airport,Grand Junction,US,KAFO - Afton Municipal Airport,KAFO,AFO,Afton Lincoln County/General Boyd L Eddins Field,Afton,US,23 August 2026,2026-08-23,12:00,13:00,1h 1m,"$9,675",9675,USD,$,10,https://villiers.ai/empty-legs/kgjt-kafo-challenger-300-2026-08-23-0a87fc71?id=ADHUHR,https://villiers.ai/empty-legs/kgjt-kafo-challenger-300-2026-08-23-0a87fc71?id=ADHUHR,https://villiers.ai/empty-legs/kgjt-kafo-challenger-300-2026-08-23-0a87fc71?id=ADHUHR,"Sun, 23 Aug 2026 18:21:58 GMT",2026-08-24T00:17:02+00:00
https://villiers.ai/empty-legs/khef-khpn-challenger-300-2026-08-23-a3181cf6?id=ADHUHR,inactive,inactive,2026-08-23T18:47:02+00:00,2026-08-23T23:47:01+00:00,2026-08-24T00:17:02+00:00,"Challenger 300 | Manassas Regional Airport/Harry P. Davis Field → Westchester County Airport | $8,600",,Challenger 300,KHEF - Manassas Regional Airport/Harry P. Davis Field,KHEF,MNZ,Washington Manassas/Harry P Davis Field,Washington,US,KHPN - Westchester County Airport,KHPN,HPN,Westchester County Airport,White Plains,US,23 August 2026,2026-08-23,12:00,12:58,59m,"$8,600",8600,USD,$,10,https://villiers.ai/empty-legs/khef-khpn-challenger-300-2026-08-23-a3181cf6?id=ADHUHR,https://villiers.ai/empty-legs/khef-khpn-challenger-300-2026-08-23-a3181cf6?id=ADHUHR,https://villiers.ai/empty-legs/khef-khpn-challenger-300-2026-08-23-a3181cf6?id=ADHUHR,"Sun, 23 Aug 2026 18:21:58 GMT",2026-08-24T00:17:02+00:00
https://villiers.ai/empty-legs/khou-kege-2026-08-23?id=ADHUHR,inactive,inactive,2026-08-05T22:38:36+00:00,2026-08-23T23:47:01+00:00,2026-08-24T00:17:02+00:00,"Pilatus PC 12 NG | William P. Hobby Airport → Eagle County Regional Airport | $10,535",,Pilatus PC 12 NG,KHOU - William P. Hobby Airport,KHOU,HOU,William P Hobby Airport,Houston,US,KEGE - Eagle County Regional Airport,KEGE,EGE,Eagle County Regional Airport,Eagle,US,23 August 2026,2026-08-23,12:00,14:15,2h 16m,"$10,535",10535,USD,$,7,https://villiers.ai/empty-legs/khou-kege-2026-08-23?id=ADHUHR,https://villiers.ai/empty-legs/khou-kege-2026-08-23?id=ADHUHR,https://villiers.ai/empty-legs/khou-kege-2026-08-23?id=ADHUHR,"Thu, 30 Jul 2026 02:41:56 GMT",2026-08-24T00:17:02+00:00
https://villiers.ai/empty-legs/khrf-mmtl-citation-x-2026-08-23-ef3d16c7?id=ADHUHR,inactive,inactive,2026-08-23T18:47:02+00:00,2026-08-23T23:47:01+00:00,2026-08-24T00:17:02+00:00,"Citation X | Ravalli County Airport → Felipe Carrillo Puerto International Airport | $10,750",,Citation X,KHRF - Ravalli County Airport,KHRF,,Ravalli County Airport,Hamilton,US,MMTL - Felipe Carrillo Puerto International Airport,MMTL,TQO,Felipe Carrillo Puerto International Airport,Tulum,MX,23 August 2026,2026-08-23,12:00,16:49,4h 50m,"$10,750",10750,USD,$,12,https://villiers.ai/empty-legs/khrf-mmtl-citation-x-2026-08-23-ef3d16c7?id=ADHUHR,https://villiers.ai/empty-legs/khrf-mmtl-citation-x-2026-08-23-ef3d16c7?id=ADHUHR,https://villiers.ai/empty-legs/khrf-mmtl-citation-x-2026-08-23-ef3d16c7?id=ADHUHR,"Sun, 23 Aug 2026 18:22:01 GMT",2026-08-24T00:17:02+00:00
https://villiers.ai/empty-legs/kiad-ksyr-citation-x-2026-08-23-571d0f73?id=ADHUHR,inactive,inactive,2026-08-23T18:47:02+00:00,2026-08-23T23:47:01+00:00,2026-08-24T00:17:02+00:00,"Citation X | Washington Dulles International Airport → Syracuse Hancock International Airport | $8,600",,Citation X,KIAD - Washington Dulles International Airport,KIAD,IAD,Washington Dulles International Airport,Washington,US,KSYR - Syracuse Hancock International Airport,KSYR,SYR,Syracuse Hancock International Airport,Syracuse,US,23 August 2026,2026-08-23,12:00,13:02,1h 3m,"$8,600",8600,USD,$,12,https://villiers.ai/empty-legs/kiad-ksyr-citation-x-2026-08-23-571d0f73?id=ADHUHR,https://villiers.ai/empty-legs/kiad-ksyr-citation-x-2026-08-23-571d0f73?id=ADHUHR,https://villiers.ai/empty-legs/kiad-ksyr-citation-x-2026-08-23-571d0f73?id=ADHUHR,"Sun, 23 Aug 2026 18:22:02 GMT",2026-08-24T00:17:02+00:00
https://villiers.ai/empty-legs/kmdd-khou-cessna-citation-v-2026-08-23-187a34d5?id=ADHUHR,inactive,inactive,2026-08-20T21:47:01+00:00,2026-08-23T23:47:01+00:00,2026-08-24T00:17:02+00:00,"Cessna Citation V | Midland Airpark → William P. Hobby Airport | $4,515",,Cessna Citation V,KMDD - Midland Airpark,KMDD,MDD,Midland Airpark,Midland,US,KHOU - William P. Hobby Airport,KHOU,HOU,William P Hobby Airport,Houston,US,23 August 2026,2026-08-23,12:00,13:18,1h 18m,"$4,515",4515,USD,$,7,https://villiers.ai/empty-legs/kmdd-khou-cessna-citation-v-2026-08-23-187a34d5?id=ADHUHR,https://villiers.ai/empty-legs/kmdd-khou-cessna-citation-v-2026-08-23-187a34d5?id=ADHUHR,https://villiers.ai/empty-legs/kmdd-khou-cessna-citation-v-2026-08-23-187a34d5?id=ADHUHR,"Thu, 20 Aug 2026 21:34:20 GMT",2026-08-24T00:17:02+00:00
https://villiers.ai/empty-legs/kmry-sf_all-citation-x-2026-08-23-f713a2e6?id=ADHUHR,inactive,inactive,2026-08-23T18:47:02+00:00,2026-08-23T23:47:01+00:00,2026-08-24T00:17:02+00:00,"Citation X | Monterey Peninsula Airport → All San Francisco, United States Airports | $8,600",,Citation X,KMRY - Monterey Peninsula Airport,KMRY,MRY,Monterey Regional Airport,Monterey,US,"SF_ALL - All San Francisco, United States Airports",,,"All San Francisco, United States Airports",,,23 August 2026,2026-08-23,12:00,12:39,40m,"$8,600",8600,USD,$,12,https://villiers.ai/empty-legs/kmry-sf_all-citation-x-2026-08-23-f713a2e6?id=ADHUHR,https://villiers.ai/empty-legs/kmry-sf_all-citation-x-2026-08-23-f713a2e6?id=ADHUHR,https://villiers.ai/empty-legs/kmry-sf_all-citation-x-2026-08-23-f713a2e6?id=ADHUHR,"Sun, 23 Aug 2026 18:22:02 GMT",2026-08-24T00:17:02+00:00
https://villiers.ai/empty-legs/kopf-kmjx-challenger-300-2026-08-23-c44b98f9?id=ADHUHR,inactive,inactive,2026-08-23T18:47:02+00:00,2026-08-23T23:47:01+00:00,2026-08-24T00:17:02+00:00,"Challenger 300 | Miami-Opa Locka Executive Airport → Ocean County Airport | $12,900",,Challenger 300,KOPF - Miami-Opa Locka Executive Airport,KOPF,OPF,Miami-Opa Locka Executive Airport,Miami,US,KMJX - Ocean County Airport,KMJX,MJX,Ocean County Airport,Toms River,US,23 August 2026,2026-08-23,12:00,14:24,2h 24m,"$12,900",12900,USD,$,10,https://villiers.ai/empty-legs/kopf-kmjx-challenger-300-2026-08-23-c44b98f9?id=ADHUHR,https://villiers.ai/empty-legs/kopf-kmjx-challenger-300-2026-08-23-c44b98f9?id=ADHUHR,https://villiers.ai/empty-legs/kopf-kmjx-challenger-300-2026-08-23-c44b98f9?id=ADHUHR,"Sun, 23 Aug 2026 18:21:57 GMT",2026-08-24T00:17:02+00:00
https://villiers.ai/empty-legs/kpdk-ktpa-citation-x-2026-08-23-1d29030f?id=ADHUHR,inactive,inactive,2026-08-23T18:47:02+00:00,2026-08-23T23:47:01+00:00,2026-08-24T00:17:02+00:00,"Citation X | DeKalb Peachtree Airport → Tampa International Airport | $9,675",,Citation X,KPDK - DeKalb Peachtree Airport,KPDK,PDK,Dekalb-Peachtree Airport,Atlanta,US,KTPA - Tampa International Airport,KTPA,TPA,Tampa International Airport,Tampa,US,23 August 2026,2026-08-23,12:00,13:16,1h 17m,"$9,675",9675,USD,$,12,https://villiers.ai/empty-legs/kpdk-ktpa-citation-x-2026-08-23-1d29030f?id=ADHUHR,https://villiers.ai/empty-legs/kpdk-ktpa-citation-x-2026-08-23-1d29030f?id=ADHUHR,https://villiers.ai/empty-legs/kpdk-ktpa-citation-x-2026-08-23-1d29030f?id=ADHUHR,"Sun, 23 Aug 2026 18:22:02 GMT",2026-08-24T00:17:02+00:00
https://villiers.ai/empty-legs/kpie-khrf-challenger-300-2026-08-23-53445c92?id=ADHUHR,inactive,inactive,2026-08-23T18:47:02+00:00,2026-08-23T23:47:01+00:00,2026-08-24T00:17:02+00:00,"Challenger 300 | St. Petersburg Clearwater International Airport → Ravalli County Airport | $8,600",,Challenger 300,KPIE - St. Petersburg Clearwater International Airport,KPIE,PIE,St Pete-Clearwater International Airport,St Petersburg-Clearwater,US,KHRF - Ravalli County Airport,KHRF,,Ravalli County Airport,Hamilton,US,23 August 2026,2026-08-23,12:00,16:25,4h 26m,"$8,600",8600,USD,$,10,https://villiers.ai/empty-legs/kpie-khrf-challenger-300-2026-08-23-53445c92?id=ADHUHR,https://villiers.ai/empty-legs/kpie-khrf-challenger-300-2026-08-23-53445c92?id=ADHUHR,https://villiers.ai/empty-legs/kpie-khrf-challenger-300-2026-08-23-53445c92?id=ADHUHR,"Sun, 23 Aug 2026 18:21:59 GMT",2026-08-24T00:17:02+00:00
https://villiers.ai/empty-legs/kpne-kmmu-citation-x-2026-08-23-c75388cd?id=ADHUHR,inactive,inactive,2026-08-23T18:47:02+00:00,2026-08-23T23:47:01+00:00,2026-08-24T00:17:02+00:00,"Citation X | Northeast Philadelphia Airport → Morristown Municipal Airport | $8,600",,Citation X,KPNE - Northeast Philadelphia Airport,KPNE,PNE,Northeast Philadelphia Airport,Philadelphia,US,KMMU - Morristown Municipal Airport,KMMU,MMU,Morristown Municipal Airport,Morristown,US,23 August 2026,2026-08-23,12:00,12:36,36m,"$8,600",8600,USD,$,12,https://villiers.ai/empty-legs/kpne-kmmu-citation-x-2026-08-23-c75388cd?id=ADHUHR,https://villiers.ai/empty-legs/kpne-kmmu-citation-x-2026-08-23-c75388cd?id=ADHUHR,https://villiers.ai/empty-legs/kpne-kmmu-citation-x-2026-08-23-c75388cd?id=ADHUHR,"Sun, 23 Aug 2026 18:22:03 GMT",2026-08-24T00:17:02+00:00
https://villiers.ai/empty-legs/krno-kpga-citation-x-2026-08-23-54db8ec2?id=ADHUHR,inactive,inactive,2026-08-23T18:47:02+00:00,2026-08-23T23:47:01+00:00,2026-08-24T00:17:02+00:00,"Citation X | Reno Tahoe International Airport → Page Municipal Airport | $8,600",,Citation X,KRNO - Reno Tahoe International Airport,KRNO,RNO,Reno/Tahoe International Airport,Reno,US,KPGA - Page Municipal Airport,KPGA,PGA,Page Municipal Airport,Page,US,23 August 2026,2026-08-23,12:00,13:23,1h 24m,"$8,600",8600,USD,$,12,https://villiers.ai/empty-legs/krno-kpga-citation-x-2026-08-23-54db8ec2?id=ADHUHR,https://villiers.ai/empty-legs/krno-kpga-citation-x-2026-08-23-54db8ec2?id=ADHUHR,https://villiers.ai/empty-legs/krno-kpga-citation-x-2026-08-23-54db8ec2?id=ADHUHR,"Sun, 23 Aug 2026 18:22:03 GMT",2026-08-24T00:17:02+00:00
https://villiers.ai/empty-legs/ksdf-kcrq-hawker-850xp-2026-08-23-7b1122b0?id=ADHUHR,inactive,inactive,2026-08-18T22:17:01+00:00,2026-08-23T23:47:01+00:00,2026-08-24T00:17:02+00:00,"Hawker 850XP | Louisville Muhammad Ali International Airport → McClellan-Palomar Airport | $26,875",,Hawker 850XP,KSDF - Louisville Muhammad Ali International Airport,KSDF,SDF,Louisville Muhammad Ali International Airport,Louisville,US,KCRQ - McClellan-Palomar Airport,KCRQ,CLD,Mc Clellan-Palomar Airport,Carlsbad,US,23 August 2026,2026-08-23,12:00,15:49,3h 49m,"$26,875",26875,USD,$,9,https://villiers.ai/empty-legs/ksdf-kcrq-hawker-850xp-2026-08-23-7b1122b0?id=ADHUHR,https://villiers.ai/empty-legs/ksdf-kcrq-hawker-850xp-2026-08-23-7b1122b0?id=ADHUHR,https://villiers.ai/empty-legs/ksdf-kcrq-hawker-850xp-2026-08-23-7b1122b0?id=ADHUHR,"Tue, 18 Aug 2026 21:56:48 GMT",2026-08-24T00:17:02+00:00
https://villiers.ai/empty-legs/ksgu-kapa-challenger-300-2026-08-23-c2e2a786?id=ADHUHR,inactive,inactive,2026-08-23T18:47:02+00:00,2026-08-23T23:47:01+00:00,2026-08-24T00:17:02+00:00,"Challenger 300 | St George Regional Airport → Centennial Airport | $9,675",,Challenger 300,KSGU - St George Regional Airport,KSGU,SGU,St George Regional Airport,St George,US,KAPA - Centennial Airport,KAPA,APA,Centennial Airport,Denver,US,23 August 2026,2026-08-23,12:00,13:25,1h 26m,"$9,675",9675,USD,$,10,https://villiers.ai/empty-legs/ksgu-kapa-challenger-300-2026-08-23-c2e2a786?id=ADHUHR,https://villiers.ai/empty-legs/ksgu-kapa-challenger-300-2026-08-23-c2e2a786?id=ADHUHR,https://villiers.ai/empty-legs/ksgu-kapa-challenger-300-2026-08-23-c2e2a786?id=ADHUHR,"Sun, 23 Aug 2026 18:21:59 GMT",2026-08-24T00:17:02+00:00
https://villiers.ai/empty-legs/kshv-kgpt-cessna-citation-excel-2026-08-23-ee322ee0?id=ADHUHR,inactive,inactive,2026-08-23T04:47:02+00:00,2026-08-23T23:47:01+00:00,2026-08-24T00:17:02+00:00,"Cessna Citation Excel | Shreveport Regional Airport → Gulfport Biloxi International Airport | $4,408",,Cessna Citation Excel,KSHV - Shreveport Regional Airport,KSHV,SHV,Shreveport Regional Airport,Shreveport,US,KGPT - Gulfport Biloxi International Airport,KGPT,GPT,Gulfport-Biloxi International Airport,Gulfport,US,23 August 2026,2026-08-23,12:00,13:04,1h 5m,"$4,408",4408,USD,$,9,https://villiers.ai/empty-legs/kshv-kgpt-cessna-citation-excel-2026-08-23-ee322ee0?id=ADHUHR,https://villiers.ai/empty-legs/kshv-kgpt-cessna-citation-excel-2026-08-23-ee322ee0?id=ADHUHR,https://villiers.ai/empty-legs/kshv-kgpt-cessna-citation-excel-2026-08-23-ee322ee0?id=ADHUHR,"Sun, 23 Aug 2026 04:28:20 GMT",2026-08-24T00:17:02+00:00
https://villiers.ai/empty-legs/ksjc-kvny-citation-x-2026-08-23-2ceefe86?id=ADHUHR,inactive,inactive,2026-08-23T18:47:02+00:00,2026-08-23T23:47:01+00:00,2026-08-24T00:17:02+00:00,"Citation X | San Jose International Airport → Van Nuys Airport | $8,600",,Citation X,KSJC - San Jose International Airport,KSJC,SJC,Norman Y Mineta San Jose International Airport,San Jose,US,KVNY - Van Nuys Airport,KVNY,VNY,Van Nuys Airport,Van Nuys,US,23 August 2026,2026-08-23,12:00,13:02,1h 2m,"$8,600",8600,USD,$,12,https://villiers.ai/empty-legs/ksjc-kvny-citation-x-2026-08-23-2ceefe86?id=ADHUHR,https://villiers.ai/empty-legs/ksjc-kvny-citation-x-2026-08-23-2ceefe86?id=ADHUHR,https://villiers.ai/empty-legs/ksjc-kvny-citation-x-2026-08-23-2ceefe86?id=ADHUHR,"Sun, 23 Aug 2026 18:22:03 GMT",2026-08-24T00:17:02+00:00
https://villiers.ai/empty-legs/ksjc-sf_all-citation-x-2026-08-23-3e500a47?id=ADHUHR,inactive,inactive,2026-08-23T18:47:02+00:00,2026-08-23T23:47:01+00:00,2026-08-24T00:17:02+00:00,"Citation X | San Jose International Airport → All San Francisco, United States Airports | $8,600",,Citation X,KSJC - San Jose International Airport,KSJC,SJC,Norman Y Mineta San Jose International Airport,San Jose,US,"SF_ALL - All San Francisco, United States Airports",,,"All San Francisco, United States Airports",,,23 August 2026,2026-08-23,12:00,12:34,34m,"$8,600",8600,USD,$,12,https://villiers.ai/empty-legs/ksjc-sf_all-citation-x-2026-08-23-3e500a47?id=ADHUHR,https://villiers.ai/empty-legs/ksjc-sf_all-citation-x-2026-08-23-3e500a47?id=ADHUHR,https://villiers.ai/empty-legs/ksjc-sf_all-citation-x-2026-08-23-3e500a47?id=ADHUHR,"Sun, 23 Aug 2026 18:22:03 GMT",2026-08-24T00:17:02+00:00
https://villiers.ai/empty-legs/mynn-kteb-challenger-300-2026-08-23-491dbf2a?id=ADHUHR,inactive,inactive,2026-08-23T18:47:02+00:00,2026-08-23T23:47:01+00:00,2026-08-24T00:17:02+00:00,"Challenger 300 | Lynden Pindling International Airport → Teterboro Airport | $12,900",,Challenger 300,MYNN - Lynden Pindling International Airport,MYNN,NAS,Lynden Pindling International Airport,Nassau,BS,KTEB - Teterboro Airport,KTEB,TEB,Teterboro Airport,Teterboro,US,23 August 2026,2026-08-23,12:00,14:33,2h 33m,"$12,900",12900,USD,$,10,https://villiers.ai/empty-legs/mynn-kteb-challenger-300-2026-08-23-491dbf2a?id=ADHUHR,https://villiers.ai/empty-legs/mynn-kteb-challenger-300-2026-08-23-491dbf2a?id=ADHUHR,https://villiers.ai/empty-legs/mynn-kteb-challenger-300-2026-08-23-491dbf2a?id=ADHUHR,"Sun, 23 Aug 2026 18:21:58 GMT",2026-08-24T00:17:02+00:00
https://villiers.ai/empty-legs/cyyz-kiad-challenger-300-2026-08-24-dba8909a?id=ADHUHR,active,unchanged,2026-08-23T18:47:02+00:00,2026-08-24T22:17:01+00:00,,"Challenger 300 | Toronto Lester B. Pearson International Airport → Washington Dulles International Airport | $9,675",,Challenger 300,CYYZ - Toronto Lester B. Pearson International Airport,CYYZ,YYZ,Toronto Pearson International Airport,Mississauga,CA,KIAD - Washington Dulles International Airport,KIAD,IAD,Washington Dulles International Airport,Washington,US,24 August 2026,2026-08-24,12:00,13:08,1h 8m,"$9,675",9675,USD,$,10,https://villiers.ai/empty-legs/cyyz-kiad-challenger-300-2026-08-24-dba8909a?id=ADHUHR,https://villiers.ai/empty-legs/cyyz-kiad-challenger-300-2026-08-24-dba8909a?id=ADHUHR,https://villiers.ai/empty-legs/cyyz-kiad-challenger-300-2026-08-24-dba8909a?id=ADHUHR,"Sun, 23 Aug 2026 18:22:00 GMT",2026-08-24T22:17:01+00:00
https://villiers.ai/empty-legs/kaus-kbct-citation-x-2026-08-24-3e0b6639?id=ADHUHR,active,unchanged,2026-08-23T18:47:02+00:00,2026-08-24T22:17:01+00:00,,"Citation X | Austin Bergstrom International Airport → Boca Raton Airport | $15,050",,Citation X,KAUS - Austin Bergstrom International Airport,KAUS,AUS,Austin-Bergstrom International Airport,Austin,US,KBCT - Boca Raton Airport,KBCT,BCT,Boca Raton Airport,Boca Raton,US,24 August 2026,2026-08-24,12:00,14:31,2h 32m,"$15,050",15050,USD,$,12,https://villiers.ai/empty-legs/kaus-kbct-citation-x-2026-08-24-3e0b6639?id=ADHUHR,https://villiers.ai/empty-legs/kaus-kbct-citation-x-2026-08-24-3e0b6639?id=ADHUHR,https://villiers.ai/empty-legs/kaus-kbct-citation-x-2026-08-24-3e0b6639?id=ADHUHR,"Sun, 23 Aug 2026 18:22:04 GMT",2026-08-24T22:17:01+00:00
https://villiers.ai/empty-legs/kaus-kbna-bombardier-challenger-300-2026-08-24-e860e8a3?id=ADHUHR,active,unchanged,2026-08-08T00:17:02+00:00,2026-08-24T22:17:01+00:00,,"Bombardier Challenger 300 | Austin Bergstrom International Airport → Nashville International Airport | $11,825",,Bombardier Challenger 300,KAUS - Austin Bergstrom International Airport,KAUS,AUS,Austin-Bergstrom International Airport,Austin,US,KBNA - Nashville International Airport,KBNA,BNA,Nashville International Airport,Nashville,US,24 August 2026,2026-08-24,12:00,13:53,1h 54m,"$11,825",11825,USD,$,9,https://villiers.ai/empty-legs/kaus-kbna-bombardier-challenger-300-2026-08-24-e860e8a3?id=ADHUHR,https://villiers.ai/empty-legs/kaus-kbna-bombardier-challenger-300-2026-08-24-e860e8a3?id=ADHUHR,https://villiers.ai/empty-legs/kaus-kbna-bombardier-challenger-300-2026-08-24-e860e8a3?id=ADHUHR,"Fri, 07 Aug 2026 14:24:20 GMT",2026-08-24T22:17:01+00:00
https://villiers.ai/empty-legs/kaus-khou-2026-08-24?id=ADHUHR,active,unchanged,2026-08-05T22:38:36+00:00,2026-08-24T22:17:01+00:00,,"Bombardier Challenger 300 | Austin Bergstrom International Airport → William P. Hobby Airport | $6,450",,Bombardier Challenger 300,KAUS - Austin Bergstrom International Airport,KAUS,AUS,Austin-Bergstrom International Airport,Austin,US,KHOU - William P. Hobby Airport,KHOU,HOU,William P Hobby Airport,Houston,US,24 August 2026,2026-08-24,12:00,12:46,46m,"$6,450",6450,USD,$,9,https://villiers.ai/empty-legs/kaus-khou-2026-08-24?id=ADHUHR,https://villiers.ai/empty-legs/kaus-khou-2026-08-24?id=ADHUHR,https://villiers.ai/empty-legs/kaus-khou-2026-08-24?id=ADHUHR,"Wed, 05 Aug 2026 15:25:58 GMT",2026-08-24T22:17:01+00:00
https://villiers.ai/empty-legs/kbna-kmdw-citation-x-2026-08-24-0c1b5c3d?id=ADHUHR,active,unchanged,2026-08-23T18:47:02+00:00,2026-08-24T22:17:01+00:00,,"Citation X | Nashville International Airport → Chicago Midway International Airport | $9,675",,Citation X,KBNA - Nashville International Airport,KBNA,BNA,Nashville International Airport,Nashville,US,KMDW - Chicago Midway International Airport,KMDW,MDW,Chicago Midway International Airport,Chicago,US,24 August 2026,2026-08-24,12:00,13:13,1h 14m,"$9,675",9675,USD,$,12,https://villiers.ai/empty-legs/kbna-kmdw-citation-x-2026-08-24-0c1b5c3d?id=ADHUHR,https://villiers.ai/empty-legs/kbna-kmdw-citation-x-2026-08-24-0c1b5c3d?id=ADHUHR,https://villiers.ai/empty-legs/kbna-kmdw-citation-x-2026-08-24-0c1b5c3d?id=ADHUHR,"Sun, 23 Aug 2026 18:22:05 GMT",2026-08-24T22:17:01+00:00
https://villiers.ai/empty-legs/kcrq-kase-citation-cj3-2026-08-24-7a0541bb?id=ADHUHR,active,unchanged,2026-08-21T18:47:01+00:00,2026-08-24T22:17:01+00:00,,"Citation CJ3 | McClellan-Palomar Airport → Aspen-Pitkin County Airport (Sardy Field) | $4,838",,Citation CJ3,KCRQ - McClellan-Palomar Airport,KCRQ,CLD,Mc Clellan-Palomar Airport,Carlsbad,US,KASE - Aspen-Pitkin County Airport (Sardy Field),KASE,ASE,Aspen-Pitkin County/Sardy Field,Aspen,US,24 August 2026,2026-08-24,12:00,13:49,1h 49m,"$4,838",4838,USD,$,7,https://villiers.ai/empty-legs/kcrq-kase-citation-cj3-2026-08-24-7a0541bb?id=ADHUHR,https://villiers.ai/empty-legs/kcrq-kase-citation-cj3-2026-08-24-7a0541bb?id=ADHUHR,https://villiers.ai/empty-legs/kcrq-kase-citation-cj3-2026-08-24-7a0541bb?id=ADHUHR,"Fri, 21 Aug 2026 18:38:36 GMT",2026-08-24T22:17:01+00:00
https://villiers.ai/empty-legs/kdal-kmco-citation-x-2026-08-24-dee83dec?id=ADHUHR,active,unchanged,2026-08-23T18:47:02+00:00,2026-08-24T22:17:01+00:00,,"Citation X | Dallas Love Field → Orlando International Airport | $15,050",,Citation X,KDAL - Dallas Love Field,KDAL,DAL,Dallas Love Field,Dallas,US,KMCO - Orlando International Airport,KMCO,MCO,Orlando International Airport,Orlando,US,24 August 2026,2026-08-24,12:00,14:17,2h 18m,"$15,050",15050,USD,$,12,https://villiers.ai/empty-legs/kdal-kmco-citation-x-2026-08-24-dee83dec?id=ADHUHR,https://villiers.ai/empty-legs/kdal-kmco-citation-x-2026-08-24-dee83dec?id=ADHUHR,https://villiers.ai/empty-legs/kdal-kmco-citation-x-2026-08-24-dee83dec?id=ADHUHR,"Sun, 23 Aug 2026 18:22:05 GMT",2026-08-24T22:17:01+00:00
https://villiers.ai/empty-legs/kdal-kxna-challenger-300-2026-08-24-5914d497?id=ADHUHR,active,unchanged,2026-08-23T18:47:02+00:00,2026-08-24T22:17:01+00:00,,"Challenger 300 | Dallas Love Field → Northwest Arkansas National Airport | $9,675",,Challenger 300,KDAL - Dallas Love Field,KDAL,DAL,Dallas Love Field,Dallas,US,KXNA - Northwest Arkansas National Airport,KXNA,XNA,Northwest Arkansas Ntl Airport,Fayetteville/Springdale/Rogers,US,24 August 2026,2026-08-24,12:00,13:00,1h 1m,"$9,675",9675,USD,$,10,https://villiers.ai/empty-legs/kdal-kxna-challenger-300-2026-08-24-5914d497?id=ADHUHR,https://villiers.ai/empty-legs/kdal-kxna-challenger-300-2026-08-24-5914d497?id=ADHUHR,https://villiers.ai/empty-legs/kdal-kxna-challenger-300-2026-08-24-5914d497?id=ADHUHR,"Sun, 23 Aug 2026 18:21:59 GMT",2026-08-24T22:17:01+00:00
https://villiers.ai/empty-legs/kguc-kase-citation-x-2026-08-24-5e1721ec?id=ADHUHR,active,unchanged,2026-08-23T18:47:02+00:00,2026-08-24T22:17:01+00:00,,"Citation X | Gunnison Crested Butte Regional Airport → Aspen-Pitkin County Airport (Sardy Field) | $8,600",,Citation X,KGUC - Gunnison Crested Butte Regional Airport,KGUC,GUC,Gunnison-Crested Butte Regional Airport,Gunnison,US,KASE - Aspen-Pitkin County Airport (Sardy Field),KASE,ASE,Aspen-Pitkin County/Sardy Field,Aspen,US,24 August 2026,2026-08-24,12:00,12:35,35m,"$8,600",8600,USD,$,12,https://villiers.ai/empty-legs/kguc-kase-citation-x-2026-08-24-5e1721ec?id=ADHUHR,https://villiers.ai/empty-legs/kguc-kase-citation-x-2026-08-24-5e1721ec?id=ADHUHR,https://villiers.ai/empty-legs/kguc-kase-citation-x-2026-08-24-5e1721ec?id=ADHUHR,"Sun, 23 Aug 2026 18:22:05 GMT",2026-08-24T22:17:01+00:00
https://villiers.ai/empty-legs/khou-kbna-2026-08-24?id=ADHUHR,active,unchanged,2026-08-05T22:38:36+00:00,2026-08-24T22:17:01+00:00,,"Gulfstream G280 | William P. Hobby Airport → Nashville International Airport | $11,073",,Gulfstream G280,KHOU - William P. Hobby Airport,KHOU,HOU,William P Hobby Airport,Houston,US,KBNA - Nashville International Airport,KBNA,BNA,Nashville International Airport,Nashville,US,24 August 2026,2026-08-24,12:00,13:44,1h 44m,"$11,073",11073,USD,$,10,https://villiers.ai/empty-legs/khou-kbna-2026-08-24?id=ADHUHR,https://villiers.ai/empty-legs/khou-kbna-2026-08-24?id=ADHUHR,https://villiers.ai/empty-legs/khou-kbna-2026-08-24?id=ADHUHR,"Thu, 30 Jul 2026 02:41:56 GMT",2026-08-24T22:17:01+00:00
https://villiers.ai/empty-legs/khou-kege-pilatus-pc-12-ng-2026-08-24-f79c43de?id=ADHUHR,active,unchanged,2026-08-11T15:17:01+00:00,2026-08-24T22:17:01+00:00,,"Pilatus PC-12 NG | William P. Hobby Airport → Eagle County Regional Airport | $10,535",,Pilatus PC-12 NG,KHOU - William P. Hobby Airport,KHOU,HOU,William P Hobby Airport,Houston,US,KEGE - Eagle County Regional Airport,KEGE,EGE,Eagle County Regional Airport,Eagle,US,24 August 2026,2026-08-24,12:00,14:15,2h 16m,"$10,535",10535,USD,$,7,https://villiers.ai/empty-legs/khou-kege-pilatus-pc-12-ng-2026-08-24-f79c43de?id=ADHUHR,https://villiers.ai/empty-legs/khou-kege-pilatus-pc-12-ng-2026-08-24-f79c43de?id=ADHUHR,https://villiers.ai/empty-legs/khou-kege-pilatus-pc-12-ng-2026-08-24-f79c43de?id=ADHUHR,"Tue, 11 Aug 2026 14:47:21 GMT",2026-08-24T22:17:01+00:00
https://villiers.ai/empty-legs/khpn-kmmu-challenger-300-2026-08-24-fde3bb33?id=ADHUHR,active,unchanged,2026-08-23T18:47:02+00:00,2026-08-24T22:17:01+00:00,,"Challenger 300 | Westchester County Airport → Morristown Municipal Airport | $8,600",,Challenger 300,KHPN - Westchester County Airport,KHPN,HPN,Westchester County Airport,White Plains,US,KMMU - Morristown Municipal Airport,KMMU,MMU,Morristown Municipal Airport,Morristown,US,24 August 2026,2026-08-24,12:00,12:34,35m,"$8,600",8600,USD,$,10,https://villiers.ai/empty-legs/khpn-kmmu-challenger-300-2026-08-24-fde3bb33?id=ADHUHR,https://villiers.ai/empty-legs/khpn-kmmu-challenger-300-2026-08-24-fde3bb33?id=ADHUHR,https://villiers.ai/empty-legs/khpn-kmmu-challenger-300-2026-08-24-fde3bb33?id=ADHUHR,"Sun, 23 Aug 2026 18:21:59 GMT",2026-08-24T22:17:01+00:00
https://villiers.ai/empty-legs/klgb-ksjc-challenger-300-2026-08-24-c4a171da?id=ADHUHR,active,unchanged,2026-08-23T18:47:02+00:00,2026-08-24T22:17:01+00:00,,"Challenger 300 | Long Beach Airport (Daugherty Field) → San Jose International Airport | $8,600",,Challenger 300,KLGB - Long Beach Airport (Daugherty Field),KLGB,LGB,Long Beach (Daugherty Field) Airport,Long Beach,US,KSJC - San Jose International Airport,KSJC,SJC,Norman Y Mineta San Jose International Airport,San Jose,US,24 August 2026,2026-08-24,12:00,13:05,1h 6m,"$8,600",8600,USD,$,10,https://villiers.ai/empty-legs/klgb-ksjc-challenger-300-2026-08-24-c4a171da?id=ADHUHR,https://villiers.ai/empty-legs/klgb-ksjc-challenger-300-2026-08-24-c4a171da?id=ADHUHR,https://villiers.ai/empty-legs/klgb-ksjc-challenger-300-2026-08-24-c4a171da?id=ADHUHR,"Sun, 23 Aug 2026 18:21:59 GMT",2026-08-24T22:17:01+00:00
https://villiers.ai/empty-legs/kmdd-kbpt-cessna-citation-ultra-2026-08-24-b82b8e62?id=ADHUHR,active,unchanged,2026-08-23T18:47:02+00:00,2026-08-24T22:17:01+00:00,,"Cessna Citation Ultra | Midland Airpark → Jack Brooks Regional Airport | $4,515",,Cessna Citation Ultra,KMDD - Midland Airpark,KMDD,MDD,Midland Airpark,Midland,US,KBPT - Jack Brooks Regional Airport,KBPT,BPT,Jack Brooks Regional Airport,Beaumont/Port Arthur,US,24 August 2026,2026-08-24,12:00,13:25,1h 25m,"$4,515",4515,USD,$,7,https://villiers.ai/empty-legs/kmdd-kbpt-cessna-citation-ultra-2026-08-24-b82b8e62?id=ADHUHR,https://villiers.ai/empty-legs/kmdd-kbpt-cessna-citation-ultra-2026-08-24-b82b8e62?id=ADHUHR,https://villiers.ai/empty-legs/kmdd-kbpt-cessna-citation-ultra-2026-08-24-b82b8e62?id=ADHUHR,"Sun, 23 Aug 2026 18:23:21 GMT",2026-08-24T22:17:01+00:00
https://villiers.ai/empty-legs/kphx-kvny-challenger-300-2026-08-24-7ca4613f?id=ADHUHR,active,unchanged,2026-08-23T18:47:02+00:00,2026-08-24T22:17:01+00:00,,"Challenger 300 | Phoenix Sky Harbor International Airport → Van Nuys Airport | $9,675",,Challenger 300,KPHX - Phoenix Sky Harbor International Airport,KPHX,PHX,Phoenix Sky Harbor International Airport,Phoenix,US,KVNY - Van Nuys Airport,KVNY,VNY,Van Nuys Airport,Van Nuys,US,24 August 2026,2026-08-24,12:00,13:11,1h 12m,"$9,675",9675,USD,$,10,https://villiers.ai/empty-legs/kphx-kvny-challenger-300-2026-08-24-7ca4613f?id=ADHUHR,https://villiers.ai/empty-legs/kphx-kvny-challenger-300-2026-08-24-7ca4613f?id=ADHUHR,https://villiers.ai/empty-legs/kphx-kvny-challenger-300-2026-08-24-7ca4613f?id=ADHUHR,"Sun, 23 Aug 2026 18:21:59 GMT",2026-08-24T22:17:01+00:00
https://villiers.ai/empty-legs/kteb-kfok-challenger-300-2026-08-24-c3439cd2?id=ADHUHR,active,unchanged,2026-08-23T18:47:02+00:00,2026-08-24T22:17:01+00:00,,"Challenger 300 | Teterboro Airport → Francis S Gabreski Airport | $8,600",,Challenger 300,KTEB - Teterboro Airport,KTEB,TEB,Teterboro Airport,Teterboro,US,KFOK - Francis S Gabreski Airport,KFOK,FOK,Francis S Gabreski Airport,Westhampton Beach,US,24 August 2026,2026-08-24,12:00,12:38,38m,"$8,600",8600,USD,$,10,https://villiers.ai/empty-legs/kteb-kfok-challenger-300-2026-08-24-c3439cd2?id=ADHUHR,https://villiers.ai/empty-legs/kteb-kfok-challenger-300-2026-08-24-c3439cd2?id=ADHUHR,https://villiers.ai/empty-legs/kteb-kfok-challenger-300-2026-08-24-c3439cd2?id=ADHUHR,"Sun, 23 Aug 2026 18:21:59 GMT",2026-08-24T22:17:01+00:00
https://villiers.ai/empty-legs/kteb-kpdk-citation-x-2026-08-24-06ae064d?id=ADHUHR,active,unchanged,2026-08-23T18:47:02+00:00,2026-08-24T22:17:01+00:00,,"Citation X | Teterboro Airport → DeKalb Peachtree Airport | $9,675",,Citation X,KTEB - Teterboro Airport,KTEB,TEB,Teterboro Airport,Teterboro,US,KPDK - DeKalb Peachtree Airport,KPDK,PDK,Dekalb-Peachtree Airport,Atlanta,US,24 August 2026,2026-08-24,12:00,13:52,1h 52m,"$9,675",9675,USD,$,12,https://villiers.ai/empty-legs/kteb-kpdk-citation-x-2026-08-24-06ae064d?id=ADHUHR,https://villiers.ai/empty-legs/kteb-kpdk-citation-x-2026-08-24-06ae064d?id=ADHUHR,https://villiers.ai/empty-legs/kteb-kpdk-citation-x-2026-08-24-06ae064d?id=ADHUHR,"Sun, 23 Aug 2026 18:22:04 GMT",2026-08-24T22:17:01+00:00
https://villiers.ai/empty-legs/kvny-kapc-citation-x-2026-08-24-8012c57b?id=ADHUHR,active,unchanged,2026-08-23T18:47:02+00:00,2026-08-24T22:17:01+00:00,,"Citation X | Van Nuys Airport → Napa County Airport | $8,600",,Citation X,KVNY - Van Nuys Airport,KVNY,VNY,Van Nuys Airport,Van Nuys,US,KAPC - Napa County Airport,KAPC,APC,Napa County Airport,Napa,US,24 August 2026,2026-08-24,12:00,13:08,1h 9m,"$8,600",8600,USD,$,12,https://villiers.ai/empty-legs/kvny-kapc-citation-x-2026-08-24-8012c57b?id=ADHUHR,https://villiers.ai/empty-legs/kvny-kapc-citation-x-2026-08-24-8012c57b?id=ADHUHR,https://villiers.ai/empty-legs/kvny-kapc-citation-x-2026-08-24-8012c57b?id=ADHUHR,"Sun, 23 Aug 2026 18:22:03 GMT",2026-08-24T22:17:01+00:00
https://villiers.ai/empty-legs/kvny-ksrq-citation-x-2026-08-24-685d4604?id=ADHUHR,active,unchanged,2026-08-23T18:47:02+00:00,2026-08-24T22:17:01+00:00,,"Citation X | Van Nuys Airport → Sarasota Bradenton International Airport | $25,800",,Citation X,KVNY - Van Nuys Airport,KVNY,VNY,Van Nuys Airport,Van Nuys,US,KSRQ - Sarasota Bradenton International Airport,KSRQ,SRQ,Sarasota/Bradenton International Airport,Sarasota/Bradenton,US,24 August 2026,2026-08-24,12:00,16:30,4h 31m,"$25,800",25800,USD,$,12,https://villiers.ai/empty-legs/kvny-ksrq-citation-x-2026-08-24-685d4604?id=ADHUHR,https://villiers.ai/empty-legs/kvny-ksrq-citation-x-2026-08-24-685d4604?id=ADHUHR,https://villiers.ai/empty-legs/kvny-ksrq-citation-x-2026-08-24-685d4604?id=ADHUHR,"Sun, 23 Aug 2026 18:22:04 GMT",2026-08-24T22:17:01+00:00
https://villiers.ai/empty-legs/sf_all-koak-citation-x-2026-08-24-3213890a?id=ADHUHR,active,unchanged,2026-08-23T18:47:02+00:00,2026-08-24T22:17:01+00:00,,"Citation X | All San Francisco, United States Airports → San Francisco Bay Oakland International Airport | $8,600",,Citation X,"SF_ALL - All San Francisco, United States Airports",,,"All San Francisco, United States Airports",,,KOAK - San Francisco Bay Oakland International Airport,KOAK,OAK,Oakland San Francisco Bay Airport,Oakland,US,24 August 2026,2026-08-24,12:00,12:31,31m,"$8,600",8600,USD,$,12,https://villiers.ai/empty-legs/sf_all-koak-citation-x-2026-08-24-3213890a?id=ADHUHR,https://villiers.ai/empty-legs/sf_all-koak-citation-x-2026-08-24-3213890a?id=ADHUHR,https://villiers.ai/empty-legs/sf_all-koak-citation-x-2026-08-24-3213890a?id=ADHUHR,"Sun, 23 Aug 2026 18:22:05 GMT",2026-08-24T22:17:01+00:00
https://villiers.ai/empty-legs/swbc-ktpl-citation-x-2026-08-24-52c642d1?id=ADHUHR,active,unchanged,2026-08-23T18:47:02+00:00,2026-08-24T22:17:01+00:00,,"Citation X | Barcelos Airport → Draughon Miller Central Texas Regional Airport | $8,600",,Citation X,SWBC - Barcelos Airport,SWBC,BAZ,Barcelos Airport,Barcelos,BR,KTPL - Draughon Miller Central Texas Regional Airport,KTPL,TPL,Draughon-Miller Central Texas Regional Airport,Temple,US,24 August 2026,2026-08-24,12:00,18:21,6h 22m,"$8,600",8600,USD,$,12,https://villiers.ai/empty-legs/swbc-ktpl-citation-x-2026-08-24-52c642d1?id=ADHUHR,https://villiers.ai/empty-legs/swbc-ktpl-citation-x-2026-08-24-52c642d1?id=ADHUHR,https://villiers.ai/empty-legs/swbc-ktpl-citation-x-2026-08-24-52c642d1?id=ADHUHR,"Sun, 23 Aug 2026 18:22:04 GMT",2026-08-24T22:17:01+00:00
https://villiers.ai/empty-legs/kapa-kflg-challenger-300-2026-08-25-e370b039?id=ADHUHR,active,unchanged,2026-08-23T18:47:02+00:00,2026-08-24T22:17:01+00:00,,"Challenger 300 | Centennial Airport → Flagstaff Pulliam International Airport | $10,750",,Challenger 300,KAPA - Centennial Airport,KAPA,APA,Centennial Airport,Denver,US,KFLG - Flagstaff Pulliam International Airport,KFLG,FLG,Flagstaff Pulliam Airport,Flagstaff,US,25 August 2026,2026-08-25,12:00,13:23,1h 24m,"$10,750",10750,USD,$,10,https://villiers.ai/empty-legs/kapa-kflg-challenger-300-2026-08-25-e370b039?id=ADHUHR,https://villiers.ai/empty-legs/kapa-kflg-challenger-300-2026-08-25-e370b039?id=ADHUHR,https://villiers.ai/empty-legs/kapa-kflg-challenger-300-2026-08-25-e370b039?id=ADHUHR,"Sun, 23 Aug 2026 18:22:00 GMT",2026-08-24T22:17:01+00:00
https://villiers.ai/empty-legs/kaus-kbpt-cessna-citation-v-2026-08-25-ca291c93?id=ADHUHR,active,unchanged,2026-08-23T18:47:02+00:00,2026-08-24T22:17:01+00:00,,"Cessna Citation V | Austin Bergstrom International Airport → Jack Brooks Regional Airport | $2,795",,Cessna Citation V,KAUS - Austin Bergstrom International Airport,KAUS,AUS,Austin-Bergstrom International Airport,Austin,US,KBPT - Jack Brooks Regional Airport,KBPT,BPT,Jack Brooks Regional Airport,Beaumont/Port Arthur,US,25 August 2026,2026-08-25,12:00,12:54,54m,"$2,795",2795,USD,$,7,https://villiers.ai/empty-legs/kaus-kbpt-cessna-citation-v-2026-08-25-ca291c93?id=ADHUHR,https://villiers.ai/empty-legs/kaus-kbpt-cessna-citation-v-2026-08-25-ca291c93?id=ADHUHR,https://villiers.ai/empty-legs/kaus-kbpt-cessna-citation-v-2026-08-25-ca291c93?id=ADHUHR,"Sun, 23 Aug 2026 18:23:21 GMT",2026-08-24T22:17:01+00:00
https://villiers.ai/empty-legs/kbur-sf_all-citation-x-2026-08-25-019e66f6?id=ADHUHR,active,unchanged,2026-08-23T18:47:02+00:00,2026-08-24T22:17:01+00:00,,"Citation X | Hollywood Burbank Airport → All San Francisco, United States Airports | $8,600",,Citation X,KBUR - Hollywood Burbank Airport,KBUR,BUR,Bob Hope Airport,Burbank,US,"SF_ALL - All San Francisco, United States Airports",,,"All San Francisco, United States Airports",,,25 August 2026,2026-08-25,12:00,13:07,1h 7m,"$8,600",8600,USD,$,12,https://villiers.ai/empty-legs/kbur-sf_all-citation-x-2026-08-25-019e66f6?id=ADHUHR,https://villiers.ai/empty-legs/kbur-sf_all-citation-x-2026-08-25-019e66f6?id=ADHUHR,https://villiers.ai/empty-legs/kbur-sf_all-citation-x-2026-08-25-019e66f6?id=ADHUHR,"Sun, 23 Aug 2026 18:22:05 GMT",2026-08-24T22:17:01+00:00
https://villiers.ai/empty-legs/kdal-kbpt-cessna-citation-ultra-2026-08-25-2567ccfd?id=ADHUHR,active,unchanged,2026-08-23T04:47:02+00:00,2026-08-24T22:17:01+00:00,,"Cessna Citation Ultra | Dallas Love Field → Jack Brooks Regional Airport | $2,795",,Cessna Citation Ultra,KDAL - Dallas Love Field,KDAL,DAL,Dallas Love Field,Dallas,US,KBPT - Jack Brooks Regional Airport,KBPT,BPT,Jack Brooks Regional Airport,Beaumont/Port Arthur,US,25 August 2026,2026-08-25,12:00,12:58,59m,"$2,795",2795,USD,$,7,https://villiers.ai/empty-legs/kdal-kbpt-cessna-citation-ultra-2026-08-25-2567ccfd?id=ADHUHR,https://villiers.ai/empty-legs/kdal-kbpt-cessna-citation-ultra-2026-08-25-2567ccfd?id=ADHUHR,https://villiers.ai/empty-legs/kdal-kbpt-cessna-citation-ultra-2026-08-25-2567ccfd?id=ADHUHR,"Sun, 23 Aug 2026 04:28:21 GMT",2026-08-24T22:17:01+00:00
https://villiers.ai/empty-legs/kdal-khou-aircraft-2026-08-25-e1796a85?id=ADHUHR,active,unchanged,2026-08-14T14:17:02+00:00,2026-08-24T22:17:01+00:00,,"Private Jet | Dallas Love Field → William P. Hobby Airport | $2,795",,Private Jet,KDAL - Dallas Love Field,KDAL,DAL,Dallas Love Field,Dallas,US,KHOU - William P. Hobby Airport,KHOU,HOU,William P Hobby Airport,Houston,US,25 August 2026,2026-08-25,12:00,12:56,57m,"$2,795",2795,USD,$,7,https://villiers.ai/empty-legs/kdal-khou-aircraft-2026-08-25-e1796a85?id=ADHUHR,https://villiers.ai/empty-legs/kdal-khou-aircraft-2026-08-25-e1796a85?id=ADHUHR,https://villiers.ai/empty-legs/kdal-khou-aircraft-2026-08-25-e1796a85?id=ADHUHR,"Fri, 14 Aug 2026 14:01:13 GMT",2026-08-24T22:17:01+00:00
https://villiers.ai/empty-legs/kdal-mrlb-2026-08-25?id=ADHUHR,active,unchanged,2026-08-05T22:38:36+00:00,2026-08-24T22:17:01+00:00,,"Bombardier Challenger 604 | Dallas Love Field → Guanacaste Airport | $23,220",,Bombardier Challenger 604,KDAL - Dallas Love Field,KDAL,DAL,Dallas Love Field,Dallas,US,MRLB - Guanacaste Airport,MRLB,LIR,Daniel Oduber Quiros International Airport,Liberia,CR,25 August 2026,2026-08-25,12:00,15:38,3h 38m,"$23,220",23220,USD,$,10,https://villiers.ai/empty-legs/kdal-mrlb-2026-08-25?id=ADHUHR,https://villiers.ai/empty-legs/kdal-mrlb-2026-08-25?id=ADHUHR,https://villiers.ai/empty-legs/kdal-mrlb-2026-08-25?id=ADHUHR,"Tue, 07 Jul 2026 13:58:53 GMT",2026-08-24T22:17:01+00:00
https://villiers.ai/empty-legs/kfok-kmaf-citation-x-2026-08-25-32b214e1?id=ADHUHR,active,unchanged,2026-08-23T18:47:02+00:00,2026-08-24T22:17:01+00:00,,"Citation X | Francis S Gabreski Airport → Midland International Air and Space Port | $15,050",,Citation X,KFOK - Francis S Gabreski Airport,KFOK,FOK,Francis S Gabreski Airport,Westhampton Beach,US,KMAF - Midland International Air and Space Port,KMAF,MAF,Midland International Air And Space Port Airport,Midland,US,25 August 2026,2026-08-25,12:00,15:43,3h 44m,"$15,050",15050,USD,$,12,https://villiers.ai/empty-legs/kfok-kmaf-citation-x-2026-08-25-32b214e1?id=ADHUHR,https://villiers.ai/empty-legs/kfok-kmaf-citation-x-2026-08-25-32b214e1?id=ADHUHR,https://villiers.ai/empty-legs/kfok-kmaf-citation-x-2026-08-25-32b214e1?id=ADHUHR,"Sun, 23 Aug 2026 18:22:06 GMT",2026-08-24T22:17:01+00:00
https://villiers.ai/empty-legs/khdn-knuq-challenger-300-2026-08-25-3bf57811?id=ADHUHR,active,unchanged,2026-08-23T18:47:02+00:00,2026-08-24T22:17:01+00:00,,"Challenger 300 | Yampa Valley Airport → Moffett Federal Airfield | $12,900",,Challenger 300,KHDN - Yampa Valley Airport,KHDN,HDN,Yampa Valley Airport,Hayden,US,KNUQ - Moffett Federal Airfield,KNUQ,NUQ,Moffett Federal Airfield,Mountain View,US,25 August 2026,2026-08-25,12:00,14:01,2h 1m,"$12,900",12900,USD,$,10,https://villiers.ai/empty-legs/khdn-knuq-challenger-300-2026-08-25-3bf57811?id=ADHUHR,https://villiers.ai/empty-legs/khdn-knuq-challenger-300-2026-08-25-3bf57811?id=ADHUHR,https://villiers.ai/empty-legs/khdn-knuq-challenger-300-2026-08-25-3bf57811?id=ADHUHR,"Sun, 23 Aug 2026 18:22:00 GMT",2026-08-24T22:17:01+00:00
https://villiers.ai/empty-legs/khpn-kfok-citation-x-2026-08-25-c630752b?id=ADHUHR,active,unchanged,2026-08-23T18:47:02+00:00,2026-08-24T22:17:01+00:00,,"Citation X | Westchester County Airport → Francis S Gabreski Airport | $8,600",,Citation X,KHPN - Westchester County Airport,KHPN,HPN,Westchester County Airport,White Plains,US,KFOK - Francis S Gabreski Airport,KFOK,FOK,Francis S Gabreski Airport,Westhampton Beach,US,25 August 2026,2026-08-25,12:00,12:36,36m,"$8,600",8600,USD,$,12,https://villiers.ai/empty-legs/khpn-kfok-citation-x-2026-08-25-c630752b?id=ADHUHR,https://villiers.ai/empty-legs/khpn-kfok-citation-x-2026-08-25-c630752b?id=ADHUHR,https://villiers.ai/empty-legs/khpn-kfok-citation-x-2026-08-25-c630752b?id=ADHUHR,"Sun, 23 Aug 2026 18:22:06 GMT",2026-08-24T22:17:01+00:00
https://villiers.ai/empty-legs/kjac-ksba-challenger-300-2026-08-25-f6a784fb?id=ADHUHR,active,unchanged,2026-08-23T18:47:02+00:00,2026-08-24T22:17:01+00:00,,"Challenger 300 | Jackson Hole Airport → Santa Barbara Municipal Airport | $15,050",,Challenger 300,KJAC - Jackson Hole Airport,KJAC,JAC,Jackson Hole Airport,Jackson,US,KSBA - Santa Barbara Municipal Airport,KSBA,SBA,Santa Barbara Municipal Airport,Santa Barbara,US,25 August 2026,2026-08-25,12:00,13:58,1h 59m,"$15,050",15050,USD,$,10,https://villiers.ai/empty-legs/kjac-ksba-challenger-300-2026-08-25-f6a784fb?id=ADHUHR,https://villiers.ai/empty-legs/kjac-ksba-challenger-300-2026-08-25-f6a784fb?id=ADHUHR,https://villiers.ai/empty-legs/kjac-ksba-challenger-300-2026-08-25-f6a784fb?id=ADHUHR,"Sun, 23 Aug 2026 18:22:00 GMT",2026-08-24T22:17:01+00:00
https://villiers.ai/empty-legs/kmaf-kdal-cessna-citation-ultra-2026-08-25-2897d6fc?id=ADHUHR,active,unchanged,2026-08-17T14:47:01+00:00,2026-08-24T22:17:01+00:00,,"Cessna Citation Ultra | Midland International Air and Space Port → Dallas Love Field | $3,118",,Cessna Citation Ultra,KMAF - Midland International Air and Space Port,KMAF,MAF,Midland International Air And Space Port Airport,Midland,US,KDAL - Dallas Love Field,KDAL,DAL,Dallas Love Field,Dallas,US,25 August 2026,2026-08-25,12:00,13:05,1h 5m,"$3,118",3118,USD,$,7,https://villiers.ai/empty-legs/kmaf-kdal-cessna-citation-ultra-2026-08-25-2897d6fc?id=ADHUHR,https://villiers.ai/empty-legs/kmaf-kdal-cessna-citation-ultra-2026-08-25-2897d6fc?id=ADHUHR,https://villiers.ai/empty-legs/kmaf-kdal-cessna-citation-ultra-2026-08-25-2897d6fc?id=ADHUHR,"Mon, 17 Aug 2026 14:28:55 GMT",2026-08-24T22:17:01+00:00
https://villiers.ai/empty-legs/kmaf-khou-cessna-citation-ultra-2026-08-25-aa52ec7a?id=ADHUHR,active,unchanged,2026-08-18T17:47:01+00:00,2026-08-24T22:17:01+00:00,,"Cessna Citation Ultra | Midland International Air and Space Port → William P. Hobby Airport | $4,193",,Cessna Citation Ultra,KMAF - Midland International Air and Space Port,KMAF,MAF,Midland International Air And Space Port Airport,Midland,US,KHOU - William P. Hobby Airport,KHOU,HOU,William P Hobby Airport,Houston,US,25 August 2026,2026-08-25,12:00,13:18,1h 19m,"$4,193",4193,USD,$,7,https://villiers.ai/empty-legs/kmaf-khou-cessna-citation-ultra-2026-08-25-aa52ec7a?id=ADHUHR,https://villiers.ai/empty-legs/kmaf-khou-cessna-citation-ultra-2026-08-25-aa52ec7a?id=ADHUHR,https://villiers.ai/empty-legs/kmaf-khou-cessna-citation-ultra-2026-08-25-aa52ec7a?id=ADHUHR,"Tue, 18 Aug 2026 17:30:04 GMT",2026-08-24T22:17:01+00:00
https://villiers.ai/empty-legs/kmia-kphx-challenger-300-2026-08-25-582464f9?id=ADHUHR,active,unchanged,2026-08-23T18:47:02+00:00,2026-08-24T22:17:01+00:00,,"Challenger 300 | Miami International Airport → Phoenix Sky Harbor International Airport | $32,250",,Challenger 300,KMIA - Miami International Airport,KMIA,MIA,Miami International Airport,Miami,US,KPHX - Phoenix Sky Harbor International Airport,KPHX,PHX,Phoenix Sky Harbor International Airport,Phoenix,US,25 August 2026,2026-08-25,12:00,16:08,4h 8m,"$32,250",32250,USD,$,10,https://villiers.ai/empty-legs/kmia-kphx-challenger-300-2026-08-25-582464f9?id=ADHUHR,https://villiers.ai/empty-legs/kmia-kphx-challenger-300-2026-08-25-582464f9?id=ADHUHR,https://villiers.ai/empty-legs/kmia-kphx-challenger-300-2026-08-25-582464f9?id=ADHUHR,"Sun, 23 Aug 2026 18:22:00 GMT",2026-08-24T22:17:01+00:00
https://villiers.ai/empty-legs/ksna-kjhw-citation-x-2026-08-25-a4d228e7?id=ADHUHR,active,unchanged,2026-08-23T18:47:02+00:00,2026-08-24T22:17:01+00:00,,"Citation X | John Wayne Orange County International Airport → Chautauqua County-Jamestown Airport | $25,800",,Citation X,KSNA - John Wayne Orange County International Airport,KSNA,SNA,John Wayne/Orange County Airport,Santa Ana,US,KJHW - Chautauqua County-Jamestown Airport,KJHW,JHW,Chautauqua County/Jamestown Airport,Jamestown,US,25 August 2026,2026-08-25,12:00,16:30,4h 30m,"$25,800",25800,USD,$,12,https://villiers.ai/empty-legs/ksna-kjhw-citation-x-2026-08-25-a4d228e7?id=ADHUHR,https://villiers.ai/empty-legs/ksna-kjhw-citation-x-2026-08-25-a4d228e7?id=ADHUHR,https://villiers.ai/empty-legs/ksna-kjhw-citation-x-2026-08-25-a4d228e7?id=ADHUHR,"Sun, 23 Aug 2026 18:22:06 GMT",2026-08-24T22:17:01+00:00
https://villiers.ai/empty-legs/ksyr-kfwa-citation-x-2026-08-25-8cd1decc?id=ADHUHR,active,unchanged,2026-08-23T18:47:02+00:00,2026-08-24T22:17:01+00:00,,"Citation X | Syracuse Hancock International Airport → Fort Wayne International Airport | $9,675",,Citation X,KSYR - Syracuse Hancock International Airport,KSYR,SYR,Syracuse Hancock International Airport,Syracuse,US,KFWA - Fort Wayne International Airport,KFWA,FWA,Fort Wayne International Airport,Fort Wayne,US,25 August 2026,2026-08-25,12:00,13:24,1h 24m,"$9,675",9675,USD,$,12,https://villiers.ai/empty-legs/ksyr-kfwa-citation-x-2026-08-25-8cd1decc?id=ADHUHR,https://villiers.ai/empty-legs/ksyr-kfwa-citation-x-2026-08-25-8cd1decc?id=ADHUHR,https://villiers.ai/empty-legs/ksyr-kfwa-citation-x-2026-08-25-8cd1decc?id=ADHUHR,"Sun, 23 Aug 2026 18:22:06 GMT",2026-08-24T22:17:01+00:00
https://villiers.ai/empty-legs/ktpa-kfll-citation-x-2026-08-25-6e1de733?id=ADHUHR,active,unchanged,2026-08-23T18:47:02+00:00,2026-08-24T22:17:01+00:00,,"Citation X | Tampa International Airport → Fort Lauderdale Hollywood International Airport | $8,600",,Citation X,KTPA - Tampa International Airport,KTPA,TPA,Tampa International Airport,Tampa,US,KFLL - Fort Lauderdale Hollywood International Airport,KFLL,FLL,Fort Lauderdale/Hollywood International Airport,Fort Lauderdale,US,25 August 2026,2026-08-25,12:00,12:51,52m,"$8,600",8600,USD,$,12,https://villiers.ai/empty-legs/ktpa-kfll-citation-x-2026-08-25-6e1de733?id=ADHUHR,https://villiers.ai/empty-legs/ktpa-kfll-citation-x-2026-08-25-6e1de733?id=ADHUHR,https://villiers.ai/empty-legs/ktpa-kfll-citation-x-2026-08-25-6e1de733?id=ADHUHR,"Sun, 23 Aug 2026 18:22:06 GMT",2026-08-24T22:17:01+00:00
https://villiers.ai/empty-legs/ktvl-kflg-citation-x-2026-08-25-0468c96c?id=ADHUHR,active,unchanged,2026-08-23T18:47:02+00:00,2026-08-24T22:17:01+00:00,,"Citation X | Lake Tahoe Airport → Flagstaff Pulliam International Airport | $8,600",,Citation X,KTVL - Lake Tahoe Airport,KTVL,TVL,Lake Tahoe Airport,South Lake Tahoe,US,KFLG - Flagstaff Pulliam International Airport,KFLG,FLG,Flagstaff Pulliam Airport,Flagstaff,US,25 August 2026,2026-08-25,12:00,13:28,1h 28m,"$8,600",8600,USD,$,12,https://villiers.ai/empty-legs/ktvl-kflg-citation-x-2026-08-25-0468c96c?id=ADHUHR,https://villiers.ai/empty-legs/ktvl-kflg-citation-x-2026-08-25-0468c96c?id=ADHUHR,https://villiers.ai/empty-legs/ktvl-kflg-citation-x-2026-08-25-0468c96c?id=ADHUHR,"Sun, 23 Aug 2026 18:22:06 GMT",2026-08-24T22:17:01+00:00
https://villiers.ai/empty-legs/kvny-cyvr-challenger-300-2026-08-25-88216ab0?id=ADHUHR,active,unchanged,2026-08-23T18:47:02+00:00,2026-08-24T22:17:01+00:00,,"Challenger 300 | Van Nuys Airport → Vancouver International Airport | $12,900",,Challenger 300,KVNY - Van Nuys Airport,KVNY,VNY,Van Nuys Airport,Van Nuys,US,CYVR - Vancouver International Airport,CYVR,YVR,Vancouver International Airport,Richmond,CA,25 August 2026,2026-08-25,12:00,14:27,2h 28m,"$12,900",12900,USD,$,10,https://villiers.ai/empty-legs/kvny-cyvr-challenger-300-2026-08-25-88216ab0?id=ADHUHR,https://villiers.ai/empty-legs/kvny-cyvr-challenger-300-2026-08-25-88216ab0?id=ADHUHR,https://villiers.ai/empty-legs/kvny-cyvr-challenger-300-2026-08-25-88216ab0?id=ADHUHR,"Sun, 23 Aug 2026 18:22:00 GMT",2026-08-24T22:17:01+00:00
https://villiers.ai/empty-legs/kvny-kabq-citation-x-2026-08-25-fe40ab44?id=ADHUHR,active,unchanged,2026-08-23T18:47:02+00:00,2026-08-24T22:17:01+00:00,,"Citation X | Van Nuys Airport → Albuquerque International Sunport | $9,675",,Citation X,KVNY - Van Nuys Airport,KVNY,VNY,Van Nuys Airport,Van Nuys,US,KABQ - Albuquerque International Sunport,KABQ,ABQ,Albuquerque International Sunport Airport,Albuquerque,US,25 August 2026,2026-08-25,12:00,13:45,1h 45m,"$9,675",9675,USD,$,12,https://villiers.ai/empty-legs/kvny-kabq-citation-x-2026-08-25-fe40ab44?id=ADHUHR,https://villiers.ai/empty-legs/kvny-kabq-citation-x-2026-08-25-fe40ab44?id=ADHUHR,https://villiers.ai/empty-legs/kvny-kabq-citation-x-2026-08-25-fe40ab44?id=ADHUHR,"Sun, 23 Aug 2026 18:22:05 GMT",2026-08-24T22:17:01+00:00
https://villiers.ai/empty-legs/tjig-khrf-citation-x-2026-08-25-181a485f?id=ADHUHR,active,unchanged,2026-08-23T18:47:02+00:00,2026-08-24T22:17:01+00:00,,"Citation X | Fernando Luis Ribas Dominicci Airport → Ravalli County Airport | $12,900",,Citation X,TJIG - Fernando Luis Ribas Dominicci Airport,TJIG,SIG,Fernando Luis Ribas Dominicci Airport,San Juan,US,KHRF - Ravalli County Airport,KHRF,,Ravalli County Airport,Hamilton,US,25 August 2026,2026-08-25,12:00,18:39,6h 39m,"$12,900",12900,USD,$,12,https://villiers.ai/empty-legs/tjig-khrf-citation-x-2026-08-25-181a485f?id=ADHUHR,https://villiers.ai/empty-legs/tjig-khrf-citation-x-2026-08-25-181a485f?id=ADHUHR,https://villiers.ai/empty-legs/tjig-khrf-citation-x-2026-08-25-181a485f?id=ADHUHR,"Sun, 23 Aug 2026 18:22:06 GMT",2026-08-24T22:17:01+00:00
https://villiers.ai/empty-legs/kbpt-kbfl-cessna-citation-ultra-2026-08-27-86b5923d?id=ADHUHR,active,unchanged,2026-08-23T04:47:02+00:00,2026-08-24T22:17:01+00:00,,"Cessna Citation Ultra | Jack Brooks Regional Airport → Meadows Field | $14,835",,Cessna Citation Ultra,KBPT - Jack Brooks Regional Airport,KBPT,BPT,Jack Brooks Regional Airport,Beaumont/Port Arthur,US,KBFL - Meadows Field,KBFL,BFL,Meadows Field,Bakersfield,US,27 August 2026,2026-08-27,12:00,15:16,3h 16m,"$14,835",14835,USD,$,7,https://villiers.ai/empty-legs/kbpt-kbfl-cessna-citation-ultra-2026-08-27-86b5923d?id=ADHUHR,https://villiers.ai/empty-legs/kbpt-kbfl-cessna-citation-ultra-2026-08-27-86b5923d?id=ADHUHR,https://villiers.ai/empty-legs/kbpt-kbfl-cessna-citation-ultra-2026-08-27-86b5923d?id=ADHUHR,"Sun, 23 Aug 2026 04:28:21 GMT",2026-08-24T22:17:01+00:00
https://villiers.ai/empty-legs/kbpt-kpne-cessna-citation-ultra-2026-08-27-7513bfe2?id=ADHUHR,active,unchanged,2026-08-23T04:47:02+00:00,2026-08-24T22:17:01+00:00,,"Cessna Citation Ultra | Jack Brooks Regional Airport → Northeast Philadelphia Airport | $9,998",,Cessna Citation Ultra,KBPT - Jack Brooks Regional Airport,KBPT,BPT,Jack Brooks Regional Airport,Beaumont/Port Arthur,US,KPNE - Northeast Philadelphia Airport,KPNE,PNE,Northeast Philadelphia Airport,Philadelphia,US,27 August 2026,2026-08-27,12:00,14:51,2h 52m,"$9,998",9998,USD,$,7,https://villiers.ai/empty-legs/kbpt-kpne-cessna-citation-ultra-2026-08-27-7513bfe2?id=ADHUHR,https://villiers.ai/empty-legs/kbpt-kpne-cessna-citation-ultra-2026-08-27-7513bfe2?id=ADHUHR,https://villiers.ai/empty-legs/kbpt-kpne-cessna-citation-ultra-2026-08-27-7513bfe2?id=ADHUHR,"Sun, 23 Aug 2026 04:28:21 GMT",2026-08-24T22:17:01+00:00
https://villiers.ai/empty-legs/kdal-kpne-cessna-citation-ultra-2026-08-27-ddc0da74?id=ADHUHR,active,unchanged,2026-08-19T23:17:01+00:00,2026-08-24T22:17:01+00:00,,"Cessna Citation Ultra | Dallas Love Field → Northeast Philadelphia Airport | $9,998",,Cessna Citation Ultra,KDAL - Dallas Love Field,KDAL,DAL,Dallas Love Field,Dallas,US,KPNE - Northeast Philadelphia Airport,KPNE,PNE,Northeast Philadelphia Airport,Philadelphia,US,27 August 2026,2026-08-27,12:00,14:55,2h 55m,"$9,998",9998,USD,$,7,https://villiers.ai/empty-legs/kdal-kpne-cessna-citation-ultra-2026-08-27-ddc0da74?id=ADHUHR,https://villiers.ai/empty-legs/kdal-kpne-cessna-citation-ultra-2026-08-27-ddc0da74?id=ADHUHR,https://villiers.ai/empty-legs/kdal-kpne-cessna-citation-ultra-2026-08-27-ddc0da74?id=ADHUHR,"Wed, 19 Aug 2026 22:51:09 GMT",2026-08-24T22:17:01+00:00
https://villiers.ai/empty-legs/khou-kbfl-cessna-citation-ultra-2026-08-27-dbfec96a?id=ADHUHR,active,unchanged,2026-08-19T23:17:01+00:00,2026-08-24T22:17:01+00:00,,"Cessna Citation Ultra | William P. Hobby Airport → Meadows Field | $14,190",,Cessna Citation Ultra,KHOU - William P. Hobby Airport,KHOU,HOU,William P Hobby Airport,Houston,US,KBFL - Meadows Field,KBFL,BFL,Meadows Field,Bakersfield,US,27 August 2026,2026-08-27,12:00,15:09,3h 9m,"$14,190",14190,USD,$,7,https://villiers.ai/empty-legs/khou-kbfl-cessna-citation-ultra-2026-08-27-dbfec96a?id=ADHUHR,https://villiers.ai/empty-legs/khou-kbfl-cessna-citation-ultra-2026-08-27-dbfec96a?id=ADHUHR,https://villiers.ai/empty-legs/khou-kbfl-cessna-citation-ultra-2026-08-27-dbfec96a?id=ADHUHR,"Wed, 19 Aug 2026 22:51:09 GMT",2026-08-24T22:17:01+00:00
https://villiers.ai/empty-legs/khou-kftw-2026-08-27?id=ADHUHR,active,unchanged,2026-08-05T22:38:36+00:00,2026-08-24T22:17:01+00:00,,"Bombardier Challenger 604 | William P. Hobby Airport → Fort Worth Meacham International Airport | $7,095",,Bombardier Challenger 604,KHOU - William P. Hobby Airport,KHOU,HOU,William P Hobby Airport,Houston,US,KFTW - Fort Worth Meacham International Airport,KFTW,FTW,Fort Worth Meacham International Airport,Fort Worth,US,27 August 2026,2026-08-27,12:00,12:57,58m,"$7,095",7095,USD,$,10,https://villiers.ai/empty-legs/khou-kftw-2026-08-27?id=ADHUHR,https://villiers.ai/empty-legs/khou-kftw-2026-08-27?id=ADHUHR,https://villiers.ai/empty-legs/khou-kftw-2026-08-27?id=ADHUHR,"Wed, 15 Jul 2026 14:20:14 GMT",2026-08-24T22:17:01+00:00
https://villiers.ai/empty-legs/khou-kpne-cessna-citation-ultra-2026-08-27-d7cf87e0?id=ADHUHR,active,unchanged,2026-08-23T18:47:02+00:00,2026-08-24T22:17:01+00:00,,"Cessna Citation Ultra | William P. Hobby Airport → Northeast Philadelphia Airport | $10,320",,Cessna Citation Ultra,KHOU - William P. Hobby Airport,KHOU,HOU,William P Hobby Airport,Houston,US,KPNE - Northeast Philadelphia Airport,KPNE,PNE,Northeast Philadelphia Airport,Philadelphia,US,27 August 2026,2026-08-27,12:00,14:59,2h 60m,"$10,320",10320,USD,$,7,https://villiers.ai/empty-legs/khou-kpne-cessna-citation-ultra-2026-08-27-d7cf87e0?id=ADHUHR,https://villiers.ai/empty-legs/khou-kpne-cessna-citation-ultra-2026-08-27-d7cf87e0?id=ADHUHR,https://villiers.ai/empty-legs/khou-kpne-cessna-citation-ultra-2026-08-27-d7cf87e0?id=ADHUHR,"Sun, 23 Aug 2026 18:23:22 GMT",2026-08-24T22:17:01+00:00
https://villiers.ai/empty-legs/kcrq-ksdf-cj3-2026-08-28-4c1f626b?id=ADHUHR,active,unchanged,2026-08-18T22:17:01+00:00,2026-08-24T22:17:01+00:00,,"CJ3 | McClellan-Palomar Airport → Louisville Muhammad Ali International Airport | $21,500",,CJ3,KCRQ - McClellan-Palomar Airport,KCRQ,CLD,Mc Clellan-Palomar Airport,Carlsbad,US,KSDF - Louisville Muhammad Ali International Airport,KSDF,SDF,Louisville Muhammad Ali International Airport,Louisville,US,28 August 2026,2026-08-28,12:00,15:49,3h 49m,"$21,500",21500,USD,$,8,https://villiers.ai/empty-legs/kcrq-ksdf-cj3-2026-08-28-4c1f626b?id=ADHUHR,https://villiers.ai/empty-legs/kcrq-ksdf-cj3-2026-08-28-4c1f626b?id=ADHUHR,https://villiers.ai/empty-legs/kcrq-ksdf-cj3-2026-08-28-4c1f626b?id=ADHUHR,"Tue, 18 Aug 2026 21:56:49 GMT",2026-08-24T22:17:01+00:00
https://villiers.ai/empty-legs/kfok-khou-bombardier-challenger-300-2026-08-28-c73a70b8?id=ADHUHR,active,unchanged,2026-08-23T04:47:02+00:00,2026-08-24T22:17:01+00:00,,"Bombardier Challenger 300 | Francis S Gabreski Airport → William P. Hobby Airport | $26,768",,Bombardier Challenger 300,KFOK - Francis S Gabreski Airport,KFOK,FOK,Francis S Gabreski Airport,Westhampton Beach,US,KHOU - William P. Hobby Airport,KHOU,HOU,William P Hobby Airport,Houston,US,28 August 2026,2026-08-28,12:00,15:14,3h 15m,"$26,768",26768,USD,$,9,https://villiers.ai/empty-legs/kfok-khou-bombardier-challenger-300-2026-08-28-c73a70b8?id=ADHUHR,https://villiers.ai/empty-legs/kfok-khou-bombardier-challenger-300-2026-08-28-c73a70b8?id=ADHUHR,https://villiers.ai/empty-legs/kfok-khou-bombardier-challenger-300-2026-08-28-c73a70b8?id=ADHUHR,"Sun, 23 Aug 2026 04:28:21 GMT",2026-08-24T22:17:01+00:00
https://villiers.ai/empty-legs/kftw-khou-2026-08-28?id=ADHUHR,active,unchanged,2026-08-05T22:38:36+00:00,2026-08-24T22:17:01+00:00,,"Bombardier Challenger 604 | Fort Worth Meacham International Airport → William P. Hobby Airport | $6,343",,Bombardier Challenger 604,KFTW - Fort Worth Meacham International Airport,KFTW,FTW,Fort Worth Meacham International Airport,Fort Worth,US,KHOU - William P. Hobby Airport,KHOU,HOU,William P Hobby Airport,Houston,US,28 August 2026,2026-08-28,12:00,12:57,58m,"$6,343",6343,USD,$,10,https://villiers.ai/empty-legs/kftw-khou-2026-08-28?id=ADHUHR,https://villiers.ai/empty-legs/kftw-khou-2026-08-28?id=ADHUHR,https://villiers.ai/empty-legs/kftw-khou-2026-08-28?id=ADHUHR,"Thu, 30 Jul 2026 14:21:38 GMT",2026-08-24T22:17:01+00:00
https://villiers.ai/empty-legs/khml-kcrq-hawker-900xp-2026-08-28-622e6c5d?id=ADHUHR,active,unchanged,2026-08-18T22:17:01+00:00,2026-08-24T22:17:01+00:00,,"Hawker 900XP | Hamilton Municipal Airport → McClellan-Palomar Airport | $16,125",,Hawker 900XP,KHML - Hamilton Municipal Airport,KHML,,Hamilton Municipal Airport,,,KCRQ - McClellan-Palomar Airport,KCRQ,CLD,Mc Clellan-Palomar Airport,Carlsbad,US,28 August 2026,2026-08-28,12:00,14:12,2h 12m,"$16,125",16125,USD,$,9,https://villiers.ai/empty-legs/khml-kcrq-hawker-900xp-2026-08-28-622e6c5d?id=ADHUHR,https://villiers.ai/empty-legs/khml-kcrq-hawker-900xp-2026-08-28-622e6c5d?id=ADHUHR,https://villiers.ai/empty-legs/khml-kcrq-hawker-900xp-2026-08-28-622e6c5d?id=ADHUHR,"Tue, 18 Aug 2026 21:56:49 GMT",2026-08-24T22:17:01+00:00
https://villiers.ai/empty-legs/khou-kdal-cessna-citation-ultra-2026-08-28-0ab68992?id=ADHUHR,active,unchanged,2026-08-18T17:47:01+00:00,2026-08-24T22:17:01+00:00,,"Cessna Citation Ultra | William P. Hobby Airport → Dallas Love Field | $3,118",,Cessna Citation Ultra,KHOU - William P. Hobby Airport,KHOU,HOU,William P Hobby Airport,Houston,US,KDAL - Dallas Love Field,KDAL,DAL,Dallas Love Field,Dallas,US,28 August 2026,2026-08-28,12:00,12:56,57m,"$3,118",3118,USD,$,7,https://villiers.ai/empty-legs/khou-kdal-cessna-citation-ultra-2026-08-28-0ab68992?id=ADHUHR,https://villiers.ai/empty-legs/khou-kdal-cessna-citation-ultra-2026-08-28-0ab68992?id=ADHUHR,https://villiers.ai/empty-legs/khou-kdal-cessna-citation-ultra-2026-08-28-0ab68992?id=ADHUHR,"Tue, 18 Aug 2026 17:30:04 GMT",2026-08-24T22:17:01+00:00
https://villiers.ai/empty-legs/kpne-kfok-cessna-citation-ultra-2026-08-28-257926c1?id=ADHUHR,active,unchanged,2026-08-08T00:17:02+00:00,2026-08-24T22:17:01+00:00,,"Cessna Citation Ultra | Northeast Philadelphia Airport → Francis S Gabreski Airport | $1,720",,Cessna Citation Ultra,KPNE - Northeast Philadelphia Airport,KPNE,PNE,Northeast Philadelphia Airport,Philadelphia,US,KFOK - Francis S Gabreski Airport,KFOK,FOK,Francis S Gabreski Airport,Westhampton Beach,US,28 August 2026,2026-08-28,12:00,12:45,45m,"$1,720",1720,USD,$,7,https://villiers.ai/empty-legs/kpne-kfok-cessna-citation-ultra-2026-08-28-257926c1?id=ADHUHR,https://villiers.ai/empty-legs/kpne-kfok-cessna-citation-ultra-2026-08-28-257926c1?id=ADHUHR,https://villiers.ai/empty-legs/kpne-kfok-cessna-citation-ultra-2026-08-28-257926c1?id=ADHUHR,"Fri, 07 Aug 2026 14:24:20 GMT",2026-08-24T22:17:01+00:00
https://villiers.ai/empty-legs/kprb-kcrq-beechjet-400a-2026-08-28-a8fc1956?id=ADHUHR,active,unchanged,2026-08-18T22:17:01+00:00,2026-08-24T22:17:01+00:00,,"Beechjet 400A | Paso Robles Municipal Airport → McClellan-Palomar Airport | $5,375",,Beechjet 400A,KPRB - Paso Robles Municipal Airport,KPRB,PRB,Paso Robles Municipal Airport,Paso Robles,US,KCRQ - McClellan-Palomar Airport,KCRQ,CLD,Mc Clellan-Palomar Airport,Carlsbad,US,28 August 2026,2026-08-28,12:00,12:58,59m,"$5,375",5375,USD,$,8,https://villiers.ai/empty-legs/kprb-kcrq-beechjet-400a-2026-08-28-a8fc1956?id=ADHUHR,https://villiers.ai/empty-legs/kprb-kcrq-beechjet-400a-2026-08-28-a8fc1956?id=ADHUHR,https://villiers.ai/empty-legs/kprb-kcrq-beechjet-400a-2026-08-28-a8fc1956?id=ADHUHR,"Tue, 18 Aug 2026 21:56:48 GMT",2026-08-24T22:17:01+00:00
https://villiers.ai/empty-legs/eggw-lepa-aircraft-2026-08-29-ae88811f?id=ADHUHR,active,unchanged,2026-08-14T18:47:02+00:00,2026-08-24T22:17:01+00:00,,"Private Jet | London Luton Airport → Palma de Mallorca Airport | £10,213",,Private Jet,EGGW - London Luton Airport,EGGW,LTN,London Luton Airport,London,GB,LEPA - Palma de Mallorca Airport,LEPA,PMI,Palma De Mallorca Airport,Palma De Mallorca,ES,29 August 2026,2026-08-29,12:00,14:05,2h 6m,"£10,213",10213,GBP,£,6,https://villiers.ai/empty-legs/eggw-lepa-aircraft-2026-08-29-ae88811f?id=ADHUHR,https://villiers.ai/empty-legs/eggw-lepa-aircraft-2026-08-29-ae88811f?id=ADHUHR,https://villiers.ai/empty-legs/eggw-lepa-aircraft-2026-08-29-ae88811f?id=ADHUHR,"Fri, 14 Aug 2026 18:19:45 GMT",2026-08-24T22:17:01+00:00
https://villiers.ai/empty-legs/eglf-leib-aircraft-2026-08-29-1f2e01e6?id=ADHUHR,active,unchanged,2026-08-14T18:47:02+00:00,2026-08-24T22:17:01+00:00,,"Private Jet | Farnborough Airport → Ibiza Airport | £15,910",,Private Jet,EGLF - Farnborough Airport,EGLF,FAB,Farnborough Airport,Farnborough,GB,LEIB - Ibiza Airport,LEIB,IBZ,Ibiza Airport,Ibiza,ES,29 August 2026,2026-08-29,12:00,14:05,2h 6m,"£15,910",15910,GBP,£,9,https://villiers.ai/empty-legs/eglf-leib-aircraft-2026-08-29-1f2e01e6?id=ADHUHR,https://villiers.ai/empty-legs/eglf-leib-aircraft-2026-08-29-1f2e01e6?id=ADHUHR,https://villiers.ai/empty-legs/eglf-leib-aircraft-2026-08-29-1f2e01e6?id=ADHUHR,"Fri, 14 Aug 2026 18:19:45 GMT",2026-08-24T22:17:01+00:00
https://villiers.ai/empty-legs/ktrk-kcrq-beechjet-400a-2026-08-29-a372e5c1?id=ADHUHR,active,unchanged,2026-08-18T22:17:01+00:00,2026-08-24T22:17:01+00:00,,"Beechjet 400A | Truckee Tahoe Airport → McClellan-Palomar Airport | $8,600",,Beechjet 400A,KTRK - Truckee Tahoe Airport,KTRK,TKF,Truckee-Tahoe Airport,Truckee,US,KCRQ - McClellan-Palomar Airport,KCRQ,CLD,Mc Clellan-Palomar Airport,Carlsbad,US,29 August 2026,2026-08-29,12:00,13:20,1h 21m,"$8,600",8600,USD,$,8,https://villiers.ai/empty-legs/ktrk-kcrq-beechjet-400a-2026-08-29-a372e5c1?id=ADHUHR,https://villiers.ai/empty-legs/ktrk-kcrq-beechjet-400a-2026-08-29-a372e5c1?id=ADHUHR,https://villiers.ai/empty-legs/ktrk-kcrq-beechjet-400a-2026-08-29-a372e5c1?id=ADHUHR,"Tue, 18 Aug 2026 21:56:49 GMT",2026-08-24T22:17:01+00:00
https://villiers.ai/empty-legs/eglf-lfpb-2026-08-30?id=ADHUHR,active,unchanged,2026-08-05T22:38:36+00:00,2026-08-24T22:17:01+00:00,,"Citation XLS+ | Farnborough Airport → Paris Le Bourget Airport | £10,213",,Citation XLS+,EGLF - Farnborough Airport,EGLF,FAB,Farnborough Airport,Farnborough,GB,LFPB - Paris Le Bourget Airport,LFPB,LBG,Paris-Le Bourget Airport,Paris,FR,30 August 2026,2026-08-30,12:00,12:53,54m,"£10,213",10213,GBP,£,7,https://villiers.ai/empty-legs/eglf-lfpb-2026-08-30?id=ADHUHR,https://villiers.ai/empty-legs/eglf-lfpb-2026-08-30?id=ADHUHR,https://villiers.ai/empty-legs/eglf-lfpb-2026-08-30?id=ADHUHR,"Fri, 17 Jul 2026 22:25:16 GMT",2026-08-24T22:17:01+00:00
https://villiers.ai/empty-legs/kamw-khou-cessna-citation-ultra-2026-08-30-ef0296f0?id=ADHUHR,active,unchanged,2026-08-23T18:47:02+00:00,2026-08-24T22:17:01+00:00,,"Cessna Citation Ultra | Ames Municipal Airport → William P. Hobby Airport | $8,600",,Cessna Citation Ultra,KAMW - Ames Municipal Airport,KAMW,AMW,Ames Municipal Airport,Ames,US,KHOU - William P. Hobby Airport,KHOU,HOU,William P Hobby Airport,Houston,US,30 August 2026,2026-08-30,12:00,14:05,2h 5m,"$8,600",8600,USD,$,7,https://villiers.ai/empty-legs/kamw-khou-cessna-citation-ultra-2026-08-30-ef0296f0?id=ADHUHR,https://villiers.ai/empty-legs/kamw-khou-cessna-citation-ultra-2026-08-30-ef0296f0?id=ADHUHR,https://villiers.ai/empty-legs/kamw-khou-cessna-citation-ultra-2026-08-30-ef0296f0?id=ADHUHR,"Sun, 23 Aug 2026 18:23:23 GMT",2026-08-24T22:17:01+00:00
https://villiers.ai/empty-legs/kdal-kamw-cessna-citation-v-2026-08-30-b55c5238?id=ADHUHR,active,unchanged,2026-08-23T18:47:02+00:00,2026-08-24T22:17:01+00:00,,"Cessna Citation V | Dallas Love Field → Ames Municipal Airport | $6,235",,Cessna Citation V,KDAL - Dallas Love Field,KDAL,DAL,Dallas Love Field,Dallas,US,KAMW - Ames Municipal Airport,KAMW,AMW,Ames Municipal Airport,Ames,US,30 August 2026,2026-08-30,12:00,13:42,1h 43m,"$6,235",6235,USD,$,7,https://villiers.ai/empty-legs/kdal-kamw-cessna-citation-v-2026-08-30-b55c5238?id=ADHUHR,https://villiers.ai/empty-legs/kdal-kamw-cessna-citation-v-2026-08-30-b55c5238?id=ADHUHR,https://villiers.ai/empty-legs/kdal-kamw-cessna-citation-v-2026-08-30-b55c5238?id=ADHUHR,"Sun, 23 Aug 2026 18:23:23 GMT",2026-08-24T22:17:01+00:00
https://villiers.ai/empty-legs/kdal-khou-cessna-citation-ultra-2026-08-30-f3713b95?id=ADHUHR,active,unchanged,2026-08-18T17:47:01+00:00,2026-08-24T22:17:01+00:00,,"Cessna Citation Ultra | Dallas Love Field → William P. Hobby Airport | $2,795",,Cessna Citation Ultra,KDAL - Dallas Love Field,KDAL,DAL,Dallas Love Field,Dallas,US,KHOU - William P. Hobby Airport,KHOU,HOU,William P Hobby Airport,Houston,US,30 August 2026,2026-08-30,12:00,12:56,57m,"$2,795",2795,USD,$,7,https://villiers.ai/empty-legs/kdal-khou-cessna-citation-ultra-2026-08-30-f3713b95?id=ADHUHR,https://villiers.ai/empty-legs/kdal-khou-cessna-citation-ultra-2026-08-30-f3713b95?id=ADHUHR,https://villiers.ai/empty-legs/kdal-khou-cessna-citation-ultra-2026-08-30-f3713b95?id=ADHUHR,"Tue, 18 Aug 2026 17:30:04 GMT",2026-08-24T22:17:01+00:00
https://villiers.ai/empty-legs/kfok-kdal-cessna-citation-ultra-2026-08-30-20f8967f?id=ADHUHR,active,unchanged,2026-08-23T04:47:02+00:00,2026-08-24T22:17:01+00:00,,"Cessna Citation Ultra | Francis S Gabreski Airport → Dallas Love Field | $15,158",,Cessna Citation Ultra,KFOK - Francis S Gabreski Airport,KFOK,FOK,Francis S Gabreski Airport,Westhampton Beach,US,KDAL - Dallas Love Field,KDAL,DAL,Dallas Love Field,Dallas,US,30 August 2026,2026-08-30,12:00,15:10,3h 10m,"$15,158",15158,USD,$,7,https://villiers.ai/empty-legs/kfok-kdal-cessna-citation-ultra-2026-08-30-20f8967f?id=ADHUHR,https://villiers.ai/empty-legs/kfok-kdal-cessna-citation-ultra-2026-08-30-20f8967f?id=ADHUHR,https://villiers.ai/empty-legs/kfok-kdal-cessna-citation-ultra-2026-08-30-20f8967f?id=ADHUHR,"Sun, 23 Aug 2026 04:28:22 GMT",2026-08-24T22:17:01+00:00
https://villiers.ai/empty-legs/kfok-khou-cessna-citation-ultra-2026-08-30-4e380b26?id=ADHUHR,active,unchanged,2026-08-19T23:17:01+00:00,2026-08-24T22:17:01+00:00,,"Cessna Citation Ultra | Francis S Gabreski Airport → William P. Hobby Airport | $15,158",,Cessna Citation Ultra,KFOK - Francis S Gabreski Airport,KFOK,FOK,Francis S Gabreski Airport,Westhampton Beach,US,KHOU - William P. Hobby Airport,KHOU,HOU,William P Hobby Airport,Houston,US,30 August 2026,2026-08-30,12:00,15:14,3h 15m,"$15,158",15158,USD,$,7,https://villiers.ai/empty-legs/kfok-khou-cessna-citation-ultra-2026-08-30-4e380b26?id=ADHUHR,https://villiers.ai/empty-legs/kfok-khou-cessna-citation-ultra-2026-08-30-4e380b26?id=ADHUHR,https://villiers.ai/empty-legs/kfok-khou-cessna-citation-ultra-2026-08-30-4e380b26?id=ADHUHR,"Wed, 19 Aug 2026 22:51:09 GMT",2026-08-24T22:17:01+00:00
https://villiers.ai/empty-legs/kfok-kpne-cessna-citation-ultra-2026-08-30-c0176eaf?id=ADHUHR,active,unchanged,2026-08-08T00:17:02+00:00,2026-08-24T22:17:01+00:00,,"Cessna Citation Ultra | Francis S Gabreski Airport → Northeast Philadelphia Airport | $2,473",,Cessna Citation Ultra,KFOK - Francis S Gabreski Airport,KFOK,FOK,Francis S Gabreski Airport,Westhampton Beach,US,KPNE - Northeast Philadelphia Airport,KPNE,PNE,Northeast Philadelphia Airport,Philadelphia,US,30 August 2026,2026-08-30,12:00,12:45,45m,"$2,473",2473,USD,$,7,https://villiers.ai/empty-legs/kfok-kpne-cessna-citation-ultra-2026-08-30-c0176eaf?id=ADHUHR,https://villiers.ai/empty-legs/kfok-kpne-cessna-citation-ultra-2026-08-30-c0176eaf?id=ADHUHR,https://villiers.ai/empty-legs/kfok-kpne-cessna-citation-ultra-2026-08-30-c0176eaf?id=ADHUHR,"Fri, 07 Aug 2026 14:24:21 GMT",2026-08-24T22:17:01+00:00
https://villiers.ai/empty-legs/ksbm-kmyj-pilatus-pc-12-ng-2026-08-30-d6ddd487?id=ADHUHR,active,unchanged,2026-08-15T14:17:02+00:00,2026-08-24T22:17:01+00:00,,"Pilatus PC 12 NG | Sheboygan County Memorial Airport → Mexico Memorial Airport | $5,375",,Pilatus PC 12 NG,KSBM - Sheboygan County Memorial Airport,KSBM,SBM,Sheboygan County Memorial International Airport,Sheboygan,US,KMYJ - Mexico Memorial Airport,KMYJ,,Mexico Memorial Airport,Mexico,US,30 August 2026,2026-08-30,12:00,13:12,1h 12m,"$5,375",5375,USD,$,7,https://villiers.ai/empty-legs/ksbm-kmyj-pilatus-pc-12-ng-2026-08-30-d6ddd487?id=ADHUHR,https://villiers.ai/empty-legs/ksbm-kmyj-pilatus-pc-12-ng-2026-08-30-d6ddd487?id=ADHUHR,https://villiers.ai/empty-legs/ksbm-kmyj-pilatus-pc-12-ng-2026-08-30-d6ddd487?id=ADHUHR,"Sat, 15 Aug 2026 14:13:15 GMT",2026-08-24T22:17:01+00:00
https://villiers.ai/empty-legs/ktvc-ksbm-pilatus-pc-12-ng-2026-08-30-d21f52ff?id=ADHUHR,active,unchanged,2026-08-15T14:17:02+00:00,2026-08-24T22:17:01+00:00,,"Pilatus PC 12 NG | Cherry Capital Airport → Sheboygan County Memorial Airport | $3,010",,Pilatus PC 12 NG,KTVC - Cherry Capital Airport,KTVC,TVC,Cherry Capital Airport,Traverse City,US,KSBM - Sheboygan County Memorial Airport,KSBM,SBM,Sheboygan County Memorial International Airport,Sheboygan,US,30 August 2026,2026-08-30,12:00,12:44,45m,"$3,010",3010,USD,$,7,https://villiers.ai/empty-legs/ktvc-ksbm-pilatus-pc-12-ng-2026-08-30-d21f52ff?id=ADHUHR,https://villiers.ai/empty-legs/ktvc-ksbm-pilatus-pc-12-ng-2026-08-30-d21f52ff?id=ADHUHR,https://villiers.ai/empty-legs/ktvc-ksbm-pilatus-pc-12-ng-2026-08-30-d21f52ff?id=ADHUHR,"Sat, 15 Aug 2026 14:13:15 GMT",2026-08-24T22:17:01+00:00
https://villiers.ai/empty-legs/eggw-lszh-aircraft-2026-09-02-a3efb61d?id=ADHUHR,active,unchanged,2026-08-14T18:47:02+00:00,2026-08-24T22:17:01+00:00,,"Private Jet | London Luton Airport → Zürich Airport | £7,418",,Private Jet,EGGW - London Luton Airport,EGGW,LTN,London Luton Airport,London,GB,LSZH - Zürich Airport,LSZH,ZRH,Zurich Airport,Zurich,CH,02 September 2026,2026-09-02,12:00,13:25,1h 26m,"£7,418",7418,GBP,£,6,https://villiers.ai/empty-legs/eggw-lszh-aircraft-2026-09-02-a3efb61d?id=ADHUHR,https://villiers.ai/empty-legs/eggw-lszh-aircraft-2026-09-02-a3efb61d?id=ADHUHR,https://villiers.ai/empty-legs/eggw-lszh-aircraft-2026-09-02-a3efb61d?id=ADHUHR,"Fri, 14 Aug 2026 18:19:45 GMT",2026-08-24T22:17:01+00:00
https://villiers.ai/empty-legs/kaus-khou-pilatus-pc-12-ng-2026-09-02-441f07d4?id=ADHUHR,active,unchanged,2026-08-08T00:17:02+00:00,2026-08-24T22:17:01+00:00,,"Pilatus PC-12 NG | Austin Bergstrom International Airport → William P. Hobby Airport | $1,720",,Pilatus PC-12 NG,KAUS - Austin Bergstrom International Airport,KAUS,AUS,Austin-Bergstrom International Airport,Austin,US,KHOU - William P. Hobby Airport,KHOU,HOU,William P Hobby Airport,Houston,US,02 September 2026,2026-09-02,12:00,12:46,46m,"$1,720",1720,USD,$,7,https://villiers.ai/empty-legs/kaus-khou-pilatus-pc-12-ng-2026-09-02-441f07d4?id=ADHUHR,https://villiers.ai/empty-legs/kaus-khou-pilatus-pc-12-ng-2026-09-02-441f07d4?id=ADHUHR,https://villiers.ai/empty-legs/kaus-khou-pilatus-pc-12-ng-2026-09-02-441f07d4?id=ADHUHR,"Fri, 07 Aug 2026 14:24:21 GMT",2026-08-24T22:17:01+00:00
https://villiers.ai/empty-legs/eggw-lfbo-aircraft-2026-09-03-41ddde01?id=ADHUHR,active,unchanged,2026-08-14T18:47:02+00:00,2026-08-24T22:17:01+00:00,,"Private Jet | London Luton Airport → Toulouse-Blagnac Airport | £12,578",,Private Jet,EGGW - London Luton Airport,EGGW,LTN,London Luton Airport,London,GB,LFBO - Toulouse-Blagnac Airport,LFBO,TLS,Toulouse-Blagnac Airport,Toulouse/Blagnac,FR,03 September 2026,2026-09-03,12:00,13:33,1h 34m,"£12,578",12578,GBP,£,6,https://villiers.ai/empty-legs/eggw-lfbo-aircraft-2026-09-03-41ddde01?id=ADHUHR,https://villiers.ai/empty-legs/eggw-lfbo-aircraft-2026-09-03-41ddde01?id=ADHUHR,https://villiers.ai/empty-legs/eggw-lfbo-aircraft-2026-09-03-41ddde01?id=ADHUHR,"Fri, 14 Aug 2026 18:19:45 GMT",2026-08-24T22:17:01+00:00
https://villiers.ai/empty-legs/khou-khqz-cessna-citation-v-2026-09-03-56c8f80f?id=ADHUHR,active,unchanged,2026-08-20T21:47:01+00:00,2026-08-24T22:17:01+00:00,,"Cessna Citation V | William P. Hobby Airport → Mesquite Metro Airport | $3,118",,Cessna Citation V,KHOU - William P. Hobby Airport,KHOU,HOU,William P Hobby Airport,Houston,US,KHQZ - Mesquite Metro Airport,KHQZ,,Mesquite Metro Airport,Mesquite,US,03 September 2026,2026-09-03,12:00,12:55,55m,"$3,118",3118,USD,$,7,https://villiers.ai/empty-legs/khou-khqz-cessna-citation-v-2026-09-03-56c8f80f?id=ADHUHR,https://villiers.ai/empty-legs/khou-khqz-cessna-citation-v-2026-09-03-56c8f80f?id=ADHUHR,https://villiers.ai/empty-legs/khou-khqz-cessna-citation-v-2026-09-03-56c8f80f?id=ADHUHR,"Thu, 20 Aug 2026 21:34:20 GMT",2026-08-24T22:17:01+00:00
https://villiers.ai/empty-legs/khou-kgtu-aircraft-2026-09-04-8b9a3416?id=ADHUHR,active,unchanged,2026-08-14T14:17:02+00:00,2026-08-24T22:17:01+00:00,,"Private Jet | William P. Hobby Airport → Georgetown Executive Airport at Johnny Gantt Field | $2,795",,Private Jet,KHOU - William P. Hobby Airport,KHOU,HOU,William P Hobby Airport,Houston,US,KGTU - Georgetown Executive Airport at Johnny Gantt Field,KGTU,,Georgetown Executive Airport,Georgetown,US,04 September 2026,2026-09-04,12:00,12:47,48m,"$2,795",2795,USD,$,7,https://villiers.ai/empty-legs/khou-kgtu-aircraft-2026-09-04-8b9a3416?id=ADHUHR,https://villiers.ai/empty-legs/khou-kgtu-aircraft-2026-09-04-8b9a3416?id=ADHUHR,https://villiers.ai/empty-legs/khou-kgtu-aircraft-2026-09-04-8b9a3416?id=ADHUHR,"Fri, 14 Aug 2026 14:01:13 GMT",2026-08-24T22:17:01+00:00
https://villiers.ai/empty-legs/khqz-kgtu-cessna-citation-v-2026-09-04-1f649e83?id=ADHUHR,active,unchanged,2026-08-21T00:17:02+00:00,2026-08-24T22:17:01+00:00,,"Cessna Citation V | Mesquite Metro Airport → Georgetown Executive Airport at Johnny Gantt Field | $2,795",,Cessna Citation V,KHQZ - Mesquite Metro Airport,KHQZ,,Mesquite Metro Airport,Mesquite,US,KGTU - Georgetown Executive Airport at Johnny Gantt Field,KGTU,,Georgetown Executive Airport,Georgetown,US,04 September 2026,2026-09-04,12:00,12:47,48m,"$2,795",2795,USD,$,7,https://villiers.ai/empty-legs/khqz-kgtu-cessna-citation-v-2026-09-04-1f649e83?id=ADHUHR,https://villiers.ai/empty-legs/khqz-kgtu-cessna-citation-v-2026-09-04-1f649e83?id=ADHUHR,https://villiers.ai/empty-legs/khqz-kgtu-cessna-citation-v-2026-09-04-1f649e83?id=ADHUHR,"Thu, 20 Aug 2026 21:34:20 GMT",2026-08-24T22:17:01+00:00
https://villiers.ai/empty-legs/kmdw-kopf-2026-09-04?id=ADHUHR,active,unchanged,2026-08-05T22:38:36+00:00,2026-08-24T22:17:01+00:00,,"Bombardier Challenger 300 | Chicago Midway International Airport → Miami-Opa Locka Executive Airport | $15,840",,Bombardier Challenger 300,KMDW - Chicago Midway International Airport,KMDW,MDW,Chicago Midway International Airport,Chicago,US,KOPF - Miami-Opa Locka Executive Airport,KOPF,OPF,Miami-Opa Locka Executive Airport,Miami,US,04 September 2026,2026-09-04,12:00,14:40,2h 41m,"$15,840",15840,USD,$,9,https://villiers.ai/empty-legs/kmdw-kopf-2026-09-04?id=ADHUHR,https://villiers.ai/empty-legs/kmdw-kopf-2026-09-04?id=ADHUHR,https://villiers.ai/empty-legs/kmdw-kopf-2026-09-04?id=ADHUHR,"Sat, 06 Jun 2026 23:56:41 GMT",2026-08-24T22:17:01+00:00
https://villiers.ai/empty-legs/knew-khou-cessna-citation-ultra-2026-09-04-ce279168?id=ADHUHR,active,unchanged,2026-08-21T18:47:01+00:00,2026-08-24T22:17:01+00:00,,"Cessna Citation Ultra | Lakefront Airport → William P. Hobby Airport | $3,870",,Cessna Citation Ultra,KNEW - Lakefront Airport,KNEW,NEW,Lakefront Airport,New Orleans,US,KHOU - William P. Hobby Airport,KHOU,HOU,William P Hobby Airport,Houston,US,04 September 2026,2026-09-04,12:00,13:05,1h 5m,"$3,870",3870,USD,$,7,https://villiers.ai/empty-legs/knew-khou-cessna-citation-ultra-2026-09-04-ce279168?id=ADHUHR,https://villiers.ai/empty-legs/knew-khou-cessna-citation-ultra-2026-09-04-ce279168?id=ADHUHR,https://villiers.ai/empty-legs/knew-khou-cessna-citation-ultra-2026-09-04-ce279168?id=ADHUHR,"Fri, 21 Aug 2026 18:42:16 GMT",2026-08-24T22:17:01+00:00
https://villiers.ai/empty-legs/kpil-khou-2026-09-04?id=ADHUHR,active,unchanged,2026-08-05T22:38:36+00:00,2026-08-24T22:17:01+00:00,,"Pilatus PC-12 NG | Port Isabel Cameron County Airport → William P. Hobby Airport | $2,860",,Pilatus PC-12 NG,KPIL - Port Isabel Cameron County Airport,KPIL,,Cameron County Airport,Port Isabel,US,KHOU - William P. Hobby Airport,KHOU,HOU,William P Hobby Airport,Houston,US,04 September 2026,2026-09-04,12:00,13:00,1h 0m,"$2,860",2860,USD,$,7,https://villiers.ai/empty-legs/kpil-khou-2026-09-04?id=ADHUHR,https://villiers.ai/empty-legs/kpil-khou-2026-09-04?id=ADHUHR,https://villiers.ai/empty-legs/kpil-khou-2026-09-04?id=ADHUHR,"Tue, 09 Jun 2026 06:25:29 GMT",2026-08-24T22:17:01+00:00
https://villiers.ai/empty-legs/kpil-kiws-2026-09-04?id=ADHUHR,active,unchanged,2026-08-05T22:38:36+00:00,2026-08-24T22:17:01+00:00,,"Pilatus PC 12 NG | Port Isabel Cameron County Airport → West Houston Airport | $2,860",,Pilatus PC 12 NG,KPIL - Port Isabel Cameron County Airport,KPIL,,Cameron County Airport,Port Isabel,US,KIWS - West Houston Airport,KIWS,IWS,West Houston Airport,Houston,US,04 September 2026,2026-09-04,12:00,13:00,1h 0m,"$2,860",2860,USD,$,7,https://villiers.ai/empty-legs/kpil-kiws-2026-09-04?id=ADHUHR,https://villiers.ai/empty-legs/kpil-kiws-2026-09-04?id=ADHUHR,https://villiers.ai/empty-legs/kpil-kiws-2026-09-04?id=ADHUHR,"Tue, 24 Mar 2026 12:35:16 GMT",2026-08-24T22:17:01+00:00
https://villiers.ai/empty-legs/khou-kaus-bombardier-challenger-604-2026-09-05-078d4627?id=ADHUHR,active,unchanged,2026-08-21T00:17:02+00:00,2026-08-24T22:17:01+00:00,,"Bombardier Challenger 604 | William P. Hobby Airport → Austin Bergstrom International Airport | $5,590",,Bombardier Challenger 604,KHOU - William P. Hobby Airport,KHOU,HOU,William P Hobby Airport,Houston,US,KAUS - Austin Bergstrom International Airport,KAUS,AUS,Austin-Bergstrom International Airport,Austin,US,05 September 2026,2026-09-05,12:00,12:46,46m,"$5,590",5590,USD,$,10,https://villiers.ai/empty-legs/khou-kaus-bombardier-challenger-604-2026-09-05-078d4627?id=ADHUHR,https://villiers.ai/empty-legs/khou-kaus-bombardier-challenger-604-2026-09-05-078d4627?id=ADHUHR,https://villiers.ai/empty-legs/khou-kaus-bombardier-challenger-604-2026-09-05-078d4627?id=ADHUHR,"Thu, 20 Aug 2026 21:34:21 GMT",2026-08-24T22:17:01+00:00
https://villiers.ai/empty-legs/kxna-khou-aircraft-2026-09-05-21018cde?id=ADHUHR,active,unchanged,2026-08-14T14:17:02+00:00,2026-08-24T22:17:01+00:00,,"Private Jet | Northwest Arkansas National Airport → William P. Hobby Airport | $5,590",,Private Jet,KXNA - Northwest Arkansas National Airport,KXNA,XNA,Northwest Arkansas Ntl Airport,Fayetteville/Springdale/Rogers,US,KHOU - William P. Hobby Airport,KHOU,HOU,William P Hobby Airport,Houston,US,05 September 2026,2026-09-05,12:00,13:21,1h 21m,"$5,590",5590,USD,$,7,https://villiers.ai/empty-legs/kxna-khou-aircraft-2026-09-05-21018cde?id=ADHUHR,https://villiers.ai/empty-legs/kxna-khou-aircraft-2026-09-05-21018cde?id=ADHUHR,https://villiers.ai/empty-legs/kxna-khou-aircraft-2026-09-05-21018cde?id=ADHUHR,"Fri, 14 Aug 2026 14:01:13 GMT",2026-08-24T22:17:01+00:00
https://villiers.ai/empty-legs/khou-kxna-cessna-citation-ultra-2026-09-07-37c8131e?id=ADHUHR,active,unchanged,2026-08-21T00:17:02+00:00,2026-08-24T22:17:01+00:00,,"Cessna Citation Ultra | William P. Hobby Airport → Northwest Arkansas National Airport | $4,515",,Cessna Citation Ultra,KHOU - William P. Hobby Airport,KHOU,HOU,William P Hobby Airport,Houston,US,KXNA - Northwest Arkansas National Airport,KXNA,XNA,Northwest Arkansas Ntl Airport,Fayetteville/Springdale/Rogers,US,07 September 2026,2026-09-07,12:00,13:21,1h 21m,"$4,515",4515,USD,$,7,https://villiers.ai/empty-legs/khou-kxna-cessna-citation-ultra-2026-09-07-37c8131e?id=ADHUHR,https://villiers.ai/empty-legs/khou-kxna-cessna-citation-ultra-2026-09-07-37c8131e?id=ADHUHR,https://villiers.ai/empty-legs/khou-kxna-cessna-citation-ultra-2026-09-07-37c8131e?id=ADHUHR,"Thu, 20 Aug 2026 21:34:21 GMT",2026-08-24T22:17:01+00:00
https://villiers.ai/empty-legs/kaus-khou-bombardier-challenger-604-2026-09-08-91a072c3?id=ADHUHR,active,unchanged,2026-08-21T18:47:01+00:00,2026-08-24T22:17:01+00:00,,"Bombardier Challenger 604 | Austin Bergstrom International Airport → William P. Hobby Airport | $6,450",,Bombardier Challenger 604,KAUS - Austin Bergstrom International Airport,KAUS,AUS,Austin-Bergstrom International Airport,Austin,US,KHOU - William P. Hobby Airport,KHOU,HOU,William P Hobby Airport,Houston,US,08 September 2026,2026-09-08,12:00,12:46,46m,"$6,450",6450,USD,$,10,https://villiers.ai/empty-legs/kaus-khou-bombardier-challenger-604-2026-09-08-91a072c3?id=ADHUHR,https://villiers.ai/empty-legs/kaus-khou-bombardier-challenger-604-2026-09-08-91a072c3?id=ADHUHR,https://villiers.ai/empty-legs/kaus-khou-bombardier-challenger-604-2026-09-08-91a072c3?id=ADHUHR,"Fri, 21 Aug 2026 18:42:16 GMT",2026-08-24T22:17:01+00:00
https://villiers.ai/empty-legs/kgtu-kftw-cessna-citation-ultra-2026-09-08-b2859fdc?id=ADHUHR,active,unchanged,2026-08-21T00:17:02+00:00,2026-08-24T22:17:01+00:00,,"Cessna Citation Ultra | Georgetown Executive Airport at Johnny Gantt Field → Fort Worth Meacham International Airport | $2,150",,Cessna Citation Ultra,KGTU - Georgetown Executive Airport at Johnny Gantt Field,KGTU,,Georgetown Executive Airport,Georgetown,US,KFTW - Fort Worth Meacham International Airport,KFTW,FTW,Fort Worth Meacham International Airport,Fort Worth,US,08 September 2026,2026-09-08,12:00,12:46,47m,"$2,150",2150,USD,$,7,https://villiers.ai/empty-legs/kgtu-kftw-cessna-citation-ultra-2026-09-08-b2859fdc?id=ADHUHR,https://villiers.ai/empty-legs/kgtu-kftw-cessna-citation-ultra-2026-09-08-b2859fdc?id=ADHUHR,https://villiers.ai/empty-legs/kgtu-kftw-cessna-citation-ultra-2026-09-08-b2859fdc?id=ADHUHR,"Thu, 20 Aug 2026 21:34:22 GMT",2026-08-24T22:17:01+00:00
https://villiers.ai/empty-legs/khou-kftw-2026-09-08?id=ADHUHR,active,unchanged,2026-08-05T22:38:36+00:00,2026-08-24T22:17:01+00:00,,"Cessna Citation V | William P. Hobby Airport → Fort Worth Meacham International Airport | $3,440",,Cessna Citation V,KHOU - William P. Hobby Airport,KHOU,HOU,William P Hobby Airport,Houston,US,KFTW - Fort Worth Meacham International Airport,KFTW,FTW,Fort Worth Meacham International Airport,Fort Worth,US,08 September 2026,2026-09-08,12:00,12:57,58m,"$3,440",3440,USD,$,7,https://villiers.ai/empty-legs/khou-kftw-2026-09-08?id=ADHUHR,https://villiers.ai/empty-legs/khou-kftw-2026-09-08?id=ADHUHR,https://villiers.ai/empty-legs/khou-kftw-2026-09-08?id=ADHUHR,"Thu, 30 Jul 2026 02:41:57 GMT",2026-08-24T22:17:01+00:00
https://villiers.ai/empty-legs/kopf-kmdw-2026-09-08?id=ADHUHR,active,unchanged,2026-08-05T22:38:36+00:00,2026-08-24T22:17:01+00:00,,"Bombardier Challenger 300 | Miami-Opa Locka Executive Airport → Chicago Midway International Airport | $16,500",,Bombardier Challenger 300,KOPF - Miami-Opa Locka Executive Airport,KOPF,OPF,Miami-Opa Locka Executive Airport,Miami,US,KMDW - Chicago Midway International Airport,KMDW,MDW,Chicago Midway International Airport,Chicago,US,08 September 2026,2026-09-08,12:00,14:40,2h 41m,"$16,500",16500,USD,$,9,https://villiers.ai/empty-legs/kopf-kmdw-2026-09-08?id=ADHUHR,https://villiers.ai/empty-legs/kopf-kmdw-2026-09-08?id=ADHUHR,https://villiers.ai/empty-legs/kopf-kmdw-2026-09-08?id=ADHUHR,"Sat, 06 Jun 2026 23:56:41 GMT",2026-08-24T22:17:01+00:00
https://villiers.ai/empty-legs/khou-kerv-cessna-citation-ultra-2026-09-09-100d1091?id=ADHUHR,active,unchanged,2026-08-19T23:17:01+00:00,2026-08-24T22:17:01+00:00,,"Cessna Citation Ultra | William P. Hobby Airport → Kerrville / Kerr County Airport at Louis Schreiner Field | $3,118",,Cessna Citation Ultra,KHOU - William P. Hobby Airport,KHOU,HOU,William P Hobby Airport,Houston,US,KERV - Kerrville / Kerr County Airport at Louis Schreiner Field,KERV,ERV,Kerrville Municipal/Louis Schreiner Field,Kerrville,US,09 September 2026,2026-09-09,12:00,12:55,55m,"$3,118",3118,USD,$,7,https://villiers.ai/empty-legs/khou-kerv-cessna-citation-ultra-2026-09-09-100d1091?id=ADHUHR,https://villiers.ai/empty-legs/khou-kerv-cessna-citation-ultra-2026-09-09-100d1091?id=ADHUHR,https://villiers.ai/empty-legs/khou-kerv-cessna-citation-ultra-2026-09-09-100d1091?id=ADHUHR,"Wed, 19 Aug 2026 22:51:09 GMT",2026-08-24T22:17:01+00:00
https://villiers.ai/empty-legs/kiws-kpil-2026-09-10?id=ADHUHR,active,unchanged,2026-08-05T22:38:36+00:00,2026-08-24T22:17:01+00:00,,"Pilatus PC 12 NG | West Houston Airport → Port Isabel Cameron County Airport | $3,520",,Pilatus PC 12 NG,KIWS - West Houston Airport,KIWS,IWS,West Houston Airport,Houston,US,KPIL - Port Isabel Cameron County Airport,KPIL,,Cameron County Airport,Port Isabel,US,10 September 2026,2026-09-10,12:00,13:00,1h 0m,"$3,520",3520,USD,$,7,https://villiers.ai/empty-legs/kiws-kpil-2026-09-10?id=ADHUHR,https://villiers.ai/empty-legs/kiws-kpil-2026-09-10?id=ADHUHR,https://villiers.ai/empty-legs/kiws-kpil-2026-09-10?id=ADHUHR,"Tue, 24 Mar 2026 12:35:16 GMT",2026-08-24T22:17:01+00:00
https://villiers.ai/empty-legs/kdal-khys-cessna-citation-ultra-2026-09-11-63128f98?id=ADHUHR,active,unchanged,2026-08-19T00:17:03+00:00,2026-08-24T22:17:01+00:00,,"Cessna Citation Ultra | Dallas Love Field → Hays Regional Airport | $4,838",,Cessna Citation Ultra,KDAL - Dallas Love Field,KDAL,DAL,Dallas Love Field,Dallas,US,KHYS - Hays Regional Airport,KHYS,HYS,Hays Regional Airport,Hays,US,11 September 2026,2026-09-11,12:00,13:18,1h 18m,"$4,838",4838,USD,$,7,https://villiers.ai/empty-legs/kdal-khys-cessna-citation-ultra-2026-09-11-63128f98?id=ADHUHR,https://villiers.ai/empty-legs/kdal-khys-cessna-citation-ultra-2026-09-11-63128f98?id=ADHUHR,https://villiers.ai/empty-legs/kdal-khys-cessna-citation-ultra-2026-09-11-63128f98?id=ADHUHR,"Tue, 18 Aug 2026 17:30:04 GMT",2026-08-24T22:17:01+00:00
https://villiers.ai/empty-legs/kftw-khou-2026-09-11?id=ADHUHR,active,unchanged,2026-08-05T22:38:36+00:00,2026-08-24T22:17:01+00:00,,"Cessna Citation V | Fort Worth Meacham International Airport → William P. Hobby Airport | $3,118",,Cessna Citation V,KFTW - Fort Worth Meacham International Airport,KFTW,FTW,Fort Worth Meacham International Airport,Fort Worth,US,KHOU - William P. Hobby Airport,KHOU,HOU,William P Hobby Airport,Houston,US,11 September 2026,2026-09-11,12:00,12:57,58m,"$3,118",3118,USD,$,7,https://villiers.ai/empty-legs/kftw-khou-2026-09-11?id=ADHUHR,https://villiers.ai/empty-legs/kftw-khou-2026-09-11?id=ADHUHR,https://villiers.ai/empty-legs/kftw-khou-2026-09-11?id=ADHUHR,"Thu, 30 Jul 2026 02:41:57 GMT",2026-08-24T22:17:01+00:00
https://villiers.ai/empty-legs/kftw-khys-cessna-citation-ultra-2026-09-11-26d261c5?id=ADHUHR,active,unchanged,2026-08-19T23:17:01+00:00,2026-08-24T22:17:01+00:00,,"Cessna Citation Ultra | Fort Worth Meacham International Airport → Hays Regional Airport | $4,838",,Cessna Citation Ultra,KFTW - Fort Worth Meacham International Airport,KFTW,FTW,Fort Worth Meacham International Airport,Fort Worth,US,KHYS - Hays Regional Airport,KHYS,HYS,Hays Regional Airport,Hays,US,11 September 2026,2026-09-11,12:00,13:17,1h 18m,"$4,838",4838,USD,$,7,https://villiers.ai/empty-legs/kftw-khys-cessna-citation-ultra-2026-09-11-26d261c5?id=ADHUHR,https://villiers.ai/empty-legs/kftw-khys-cessna-citation-ultra-2026-09-11-26d261c5?id=ADHUHR,https://villiers.ai/empty-legs/kftw-khys-cessna-citation-ultra-2026-09-11-26d261c5?id=ADHUHR,"Wed, 19 Aug 2026 22:51:09 GMT",2026-08-24T22:17:01+00:00
https://villiers.ai/empty-legs/kaus-khou-cessna-citation-v-2026-09-12-112f0f48?id=ADHUHR,active,unchanged,2026-08-10T14:17:01+00:00,2026-08-24T22:17:01+00:00,,"Cessna Citation V | Austin Bergstrom International Airport → William P. Hobby Airport | $2,150",,Cessna Citation V,KAUS - Austin Bergstrom International Airport,KAUS,AUS,Austin-Bergstrom International Airport,Austin,US,KHOU - William P. Hobby Airport,KHOU,HOU,William P Hobby Airport,Houston,US,12 September 2026,2026-09-12,12:00,12:46,46m,"$2,150",2150,USD,$,7,https://villiers.ai/empty-legs/kaus-khou-cessna-citation-v-2026-09-12-112f0f48?id=ADHUHR,https://villiers.ai/empty-legs/kaus-khou-cessna-citation-v-2026-09-12-112f0f48?id=ADHUHR,https://villiers.ai/empty-legs/kaus-khou-cessna-citation-v-2026-09-12-112f0f48?id=ADHUHR,"Mon, 10 Aug 2026 14:06:59 GMT",2026-08-24T22:17:01+00:00
https://villiers.ai/empty-legs/kerv-khou-cessna-citation-ultra-2026-09-12-63d72fa0?id=ADHUHR,active,unchanged,2026-08-19T23:17:01+00:00,2026-08-24T22:17:01+00:00,,"Cessna Citation Ultra | Kerrville / Kerr County Airport at Louis Schreiner Field → William P. Hobby Airport | $2,795",,Cessna Citation Ultra,KERV - Kerrville / Kerr County Airport at Louis Schreiner Field,KERV,ERV,Kerrville Municipal/Louis Schreiner Field,Kerrville,US,KHOU - William P. Hobby Airport,KHOU,HOU,William P Hobby Airport,Houston,US,12 September 2026,2026-09-12,12:00,12:55,55m,"$2,795",2795,USD,$,7,https://villiers.ai/empty-legs/kerv-khou-cessna-citation-ultra-2026-09-12-63d72fa0?id=ADHUHR,https://villiers.ai/empty-legs/kerv-khou-cessna-citation-ultra-2026-09-12-63d72fa0?id=ADHUHR,https://villiers.ai/empty-legs/kerv-khou-cessna-citation-ultra-2026-09-12-63d72fa0?id=ADHUHR,"Wed, 19 Aug 2026 22:51:09 GMT",2026-08-24T22:17:01+00:00
https://villiers.ai/empty-legs/khou-kdfw-cessna-citation-excel-2026-09-12-8263d4b0?id=ADHUHR,active,unchanged,2026-08-24T00:17:02+00:00,2026-08-24T22:17:01+00:00,,"Cessna Citation Excel | William P. Hobby Airport → Dallas Fort Worth International Airport | $4,408",,Cessna Citation Excel,KHOU - William P. Hobby Airport,KHOU,HOU,William P Hobby Airport,Houston,US,KDFW - Dallas Fort Worth International Airport,KDFW,DFW,Dallas-Fort Worth International Airport,Dallas-Fort Worth,US,12 September 2026,2026-09-12,12:00,12:57,57m,"$4,408",4408,USD,$,9,https://villiers.ai/empty-legs/khou-kdfw-cessna-citation-excel-2026-09-12-8263d4b0?id=ADHUHR,https://villiers.ai/empty-legs/khou-kdfw-cessna-citation-excel-2026-09-12-8263d4b0?id=ADHUHR,https://villiers.ai/empty-legs/khou-kdfw-cessna-citation-excel-2026-09-12-8263d4b0?id=ADHUHR,"Sun, 23 Aug 2026 18:23:23 GMT",2026-08-24T22:17:01+00:00
https://villiers.ai/empty-legs/eglf-lsgs-aircraft-2026-09-13-cbdbce82?id=ADHUHR,active,unchanged,2026-08-14T18:47:02+00:00,2026-08-24T22:17:01+00:00,,"Private Jet | Farnborough Airport → Sion Airport | £8,493",,Private Jet,EGLF - Farnborough Airport,EGLF,FAB,Farnborough Airport,Farnborough,GB,LSGS - Sion Airport,LSGS,SIR,Sion Airport,Sion,CH,13 September 2026,2026-09-13,12:00,13:26,1h 26m,"£8,493",8493,GBP,£,7,https://villiers.ai/empty-legs/eglf-lsgs-aircraft-2026-09-13-cbdbce82?id=ADHUHR,https://villiers.ai/empty-legs/eglf-lsgs-aircraft-2026-09-13-cbdbce82?id=ADHUHR,https://villiers.ai/empty-legs/eglf-lsgs-aircraft-2026-09-13-cbdbce82?id=ADHUHR,"Fri, 14 Aug 2026 18:19:46 GMT",2026-08-24T22:17:01+00:00
https://villiers.ai/empty-legs/khys-kapa-cessna-citation-ultra-2026-09-13-893ebe50?id=ADHUHR,active,unchanged,2026-08-19T00:17:03+00:00,2026-08-24T22:17:01+00:00,,"Cessna Citation Ultra | Hays Regional Airport → Centennial Airport | $4,193",,Cessna Citation Ultra,KHYS - Hays Regional Airport,KHYS,HYS,Hays Regional Airport,Hays,US,KAPA - Centennial Airport,KAPA,APA,Centennial Airport,Denver,US,13 September 2026,2026-09-13,12:00,13:03,1h 4m,"$4,193",4193,USD,$,7,https://villiers.ai/empty-legs/khys-kapa-cessna-citation-ultra-2026-09-13-893ebe50?id=ADHUHR,https://villiers.ai/empty-legs/khys-kapa-cessna-citation-ultra-2026-09-13-893ebe50?id=ADHUHR,https://villiers.ai/empty-legs/khys-kapa-cessna-citation-ultra-2026-09-13-893ebe50?id=ADHUHR,"Tue, 18 Aug 2026 17:30:04 GMT",2026-08-24T22:17:01+00:00
https://villiers.ai/empty-legs/khys-khou-cessna-citation-ultra-2026-09-13-1c1ae741?id=ADHUHR,active,unchanged,2026-08-19T23:17:01+00:00,2026-08-24T22:17:01+00:00,,"Cessna Citation Ultra | Hays Regional Airport → William P. Hobby Airport | $6,235",,Cessna Citation Ultra,KHYS - Hays Regional Airport,KHYS,HYS,Hays Regional Airport,Hays,US,KHOU - William P. Hobby Airport,KHOU,HOU,William P Hobby Airport,Houston,US,13 September 2026,2026-09-13,12:00,13:44,1h 45m,"$6,235",6235,USD,$,7,https://villiers.ai/empty-legs/khys-khou-cessna-citation-ultra-2026-09-13-1c1ae741?id=ADHUHR,https://villiers.ai/empty-legs/khys-khou-cessna-citation-ultra-2026-09-13-1c1ae741?id=ADHUHR,https://villiers.ai/empty-legs/khys-khou-cessna-citation-ultra-2026-09-13-1c1ae741?id=ADHUHR,"Wed, 19 Aug 2026 22:51:09 GMT",2026-08-24T22:17:01+00:00
https://villiers.ai/empty-legs/eggw-lepa-aircraft-2026-09-14-47a7f05f?id=ADHUHR,active,unchanged,2026-08-14T18:47:02+00:00,2026-08-24T22:17:01+00:00,,"Private Jet | London Luton Airport → Palma de Mallorca Airport | £10,965",,Private Jet,EGGW - London Luton Airport,EGGW,LTN,London Luton Airport,London,GB,LEPA - Palma de Mallorca Airport,LEPA,PMI,Palma De Mallorca Airport,Palma De Mallorca,ES,14 September 2026,2026-09-14,12:00,14:05,2h 6m,"£10,965",10965,GBP,£,7,https://villiers.ai/empty-legs/eggw-lepa-aircraft-2026-09-14-47a7f05f?id=ADHUHR,https://villiers.ai/empty-legs/eggw-lepa-aircraft-2026-09-14-47a7f05f?id=ADHUHR,https://villiers.ai/empty-legs/eggw-lepa-aircraft-2026-09-14-47a7f05f?id=ADHUHR,"Fri, 14 Aug 2026 18:19:46 GMT",2026-08-24T22:17:01+00:00
https://villiers.ai/empty-legs/egkb-lepa-hawker-400xp-2026-09-14-924d9f46?id=ADHUHR,active,unchanged,2026-08-09T00:17:02+00:00,2026-08-24T22:17:01+00:00,,"Hawker 400XP | Biggin Hill Airport → Palma de Mallorca Airport | £10,965",,Hawker 400XP,EGKB - Biggin Hill Airport,EGKB,BQH,London Biggin Hill Airport,London,GB,LEPA - Palma de Mallorca Airport,LEPA,PMI,Palma De Mallorca Airport,Palma De Mallorca,ES,14 September 2026,2026-09-14,12:00,14:01,2h 1m,"£10,965",10965,GBP,£,7,https://villiers.ai/empty-legs/egkb-lepa-hawker-400xp-2026-09-14-924d9f46?id=ADHUHR,https://villiers.ai/empty-legs/egkb-lepa-hawker-400xp-2026-09-14-924d9f46?id=ADHUHR,https://villiers.ai/empty-legs/egkb-lepa-hawker-400xp-2026-09-14-924d9f46?id=ADHUHR,"Fri, 07 Aug 2026 18:00:57 GMT",2026-08-24T22:17:01+00:00
https://villiers.ai/empty-legs/eggw-lfpb-aircraft-2026-09-22-64acf40b?id=ADHUHR,active,unchanged,2026-08-14T18:47:02+00:00,2026-08-24T22:17:01+00:00,,"Private Jet | London Luton Airport → Paris Le Bourget Airport | £10,213",,Private Jet,EGGW - London Luton Airport,EGGW,LTN,London Luton Airport,London,GB,LFPB - Paris Le Bourget Airport,LFPB,LBG,Paris-Le Bourget Airport,Paris,FR,22 September 2026,2026-09-22,12:00,12:56,56m,"£10,213",10213,GBP,£,10,https://villiers.ai/empty-legs/eggw-lfpb-aircraft-2026-09-22-64acf40b?id=ADHUHR,https://villiers.ai/empty-legs/eggw-lfpb-aircraft-2026-09-22-64acf40b?id=ADHUHR,https://villiers.ai/empty-legs/eggw-lfpb-aircraft-2026-09-22-64acf40b?id=ADHUHR,"Fri, 14 Aug 2026 18:19:46 GMT",2026-08-24T22:17:01+00:00
https://villiers.ai/empty-legs/kteb-kopf-cessna-citation-excel-2026-09-24-0dc88045?id=ADHUHR,active,unchanged,2026-08-24T00:17:02+00:00,2026-08-24T22:17:01+00:00,,"Cessna Citation Excel | Teterboro Airport → Miami-Opa Locka Executive Airport | $15,050",,Cessna Citation Excel,KTEB - Teterboro Airport,KTEB,TEB,Teterboro Airport,Teterboro,US,KOPF - Miami-Opa Locka Executive Airport,KOPF,OPF,Miami-Opa Locka Executive Airport,Miami,US,24 September 2026,2026-09-24,12:00,14:31,2h 31m,"$15,050",15050,USD,$,9,https://villiers.ai/empty-legs/kteb-kopf-cessna-citation-excel-2026-09-24-0dc88045?id=ADHUHR,https://villiers.ai/empty-legs/kteb-kopf-cessna-citation-excel-2026-09-24-0dc88045?id=ADHUHR,https://villiers.ai/empty-legs/kteb-kopf-cessna-citation-excel-2026-09-24-0dc88045?id=ADHUHR,"Sun, 23 Aug 2026 18:23:24 GMT",2026-08-24T22:17:01+00:00
https://villiers.ai/empty-legs/kfwa-khou-cessna-citation-ultra-2026-09-25-e87bee37?id=ADHUHR,inactive,inactive,2026-08-20T00:17:02+00:00,2026-08-23T18:17:02+00:00,2026-08-23T18:47:02+00:00,"Cessna Citation Ultra | Fort Wayne International Airport → William P. Hobby Airport | $9,998",,Cessna Citation Ultra,KFWA - Fort Wayne International Airport,KFWA,FWA,Fort Wayne International Airport,Fort Wayne,US,KHOU - William P. Hobby Airport,KHOU,HOU,William P Hobby Airport,Houston,US,25 September 2026,2026-09-25,12:00,14:17,2h 17m,"$9,998",9998,USD,$,7,https://villiers.ai/empty-legs/kfwa-khou-cessna-citation-ultra-2026-09-25-e87bee37?id=ADHUHR,https://villiers.ai/empty-legs/kfwa-khou-cessna-citation-ultra-2026-09-25-e87bee37?id=ADHUHR,https://villiers.ai/empty-legs/kfwa-khou-cessna-citation-ultra-2026-09-25-e87bee37?id=ADHUHR,"Wed, 19 Aug 2026 22:51:09 GMT",2026-08-23T18:47:02+00:00
https://villiers.ai/empty-legs/kfwa-ktys-cessna-citation-v-2026-09-25-ea8c1f15?id=ADHUHR,active,unchanged,2026-08-22T00:17:02+00:00,2026-08-24T22:17:01+00:00,,"Cessna Citation V | Fort Wayne International Airport → McGhee Tyson Airport | $3,870",,Cessna Citation V,KFWA - Fort Wayne International Airport,KFWA,FWA,Fort Wayne International Airport,Fort Wayne,US,KTYS - McGhee Tyson Airport,KTYS,TYS,Mc Ghee Tyson Airport,Knoxville,US,25 September 2026,2026-09-25,12:00,13:10,1h 10m,"$3,870",3870,USD,$,7,https://villiers.ai/empty-legs/kfwa-ktys-cessna-citation-v-2026-09-25-ea8c1f15?id=ADHUHR,https://villiers.ai/empty-legs/kfwa-ktys-cessna-citation-v-2026-09-25-ea8c1f15?id=ADHUHR,https://villiers.ai/empty-legs/kfwa-ktys-cessna-citation-v-2026-09-25-ea8c1f15?id=ADHUHR,"Fri, 21 Aug 2026 18:42:16 GMT",2026-08-24T22:17:01+00:00
https://villiers.ai/empty-legs/ktys-khou-cessna-citation-v-2026-09-25-e64dae99?id=ADHUHR,active,unchanged,2026-08-22T00:17:02+00:00,2026-08-24T22:17:01+00:00,,"Cessna Citation V | McGhee Tyson Airport → William P. Hobby Airport | $8,600",,Cessna Citation V,KTYS - McGhee Tyson Airport,KTYS,TYS,Mc Ghee Tyson Airport,Knoxville,US,KHOU - William P. Hobby Airport,KHOU,HOU,William P Hobby Airport,Houston,US,25 September 2026,2026-09-25,12:00,13:56,1h 57m,"$8,600",8600,USD,$,7,https://villiers.ai/empty-legs/ktys-khou-cessna-citation-v-2026-09-25-e64dae99?id=ADHUHR,https://villiers.ai/empty-legs/ktys-khou-cessna-citation-v-2026-09-25-e64dae99?id=ADHUHR,https://villiers.ai/empty-legs/ktys-khou-cessna-citation-v-2026-09-25-e64dae99?id=ADHUHR,"Fri, 21 Aug 2026 18:42:16 GMT",2026-08-24T22:17:01+00:00
https://villiers.ai/empty-legs/khou-kosu-pilatus-pc-12-ng-2026-09-29-f28d1d29?id=ADHUHR,inactive,inactive,2026-08-22T00:17:02+00:00,2026-08-23T18:17:02+00:00,2026-08-23T18:47:02+00:00,"Pilatus PC 12 NG | William P. Hobby Airport → The Ohio State University Airport - Don Scott Field | $7,740",,Pilatus PC 12 NG,KHOU - William P. Hobby Airport,KHOU,HOU,William P Hobby Airport,Houston,US,KOSU - The Ohio State University Airport - Don Scott Field,KOSU,OSU,Ohio State University Airport,Columbus,US,29 September 2026,2026-09-29,12:00,14:20,2h 21m,"$7,740",7740,USD,$,7,https://villiers.ai/empty-legs/khou-kosu-pilatus-pc-12-ng-2026-09-29-f28d1d29?id=ADHUHR,https://villiers.ai/empty-legs/khou-kosu-pilatus-pc-12-ng-2026-09-29-f28d1d29?id=ADHUHR,https://villiers.ai/empty-legs/khou-kosu-pilatus-pc-12-ng-2026-09-29-f28d1d29?id=ADHUHR,"Fri, 21 Aug 2026 18:42:16 GMT",2026-08-23T18:47:02+00:00
https://villiers.ai/empty-legs/khou-kfwa-cessna-citation-ultra-2026-10-04-cf212e44?id=ADHUHR,inactive,inactive,2026-08-20T00:17:02+00:00,2026-08-23T18:17:02+00:00,2026-08-23T18:47:02+00:00,"Cessna Citation Ultra | William P. Hobby Airport → Fort Wayne International Airport | $7,955",,Cessna Citation Ultra,KHOU - William P. Hobby Airport,KHOU,HOU,William P Hobby Airport,Houston,US,KFWA - Fort Wayne International Airport,KFWA,FWA,Fort Wayne International Airport,Fort Wayne,US,04 October 2026,2026-10-04,12:00,14:17,2h 17m,"$7,955",7955,USD,$,7,https://villiers.ai/empty-legs/khou-kfwa-cessna-citation-ultra-2026-10-04-cf212e44?id=ADHUHR,https://villiers.ai/empty-legs/khou-kfwa-cessna-citation-ultra-2026-10-04-cf212e44?id=ADHUHR,https://villiers.ai/empty-legs/khou-kfwa-cessna-citation-ultra-2026-10-04-cf212e44?id=ADHUHR,"Wed, 19 Aug 2026 22:51:09 GMT",2026-08-23T18:47:02+00:00
https://villiers.ai/empty-legs/kosu-kbna-pilatus-pc-12-ng-2026-10-05-cb075261?id=ADHUHR,inactive,inactive,2026-08-22T00:17:02+00:00,2026-08-23T18:17:02+00:00,2026-08-23T18:47:02+00:00,"Pilatus PC 12 NG | The Ohio State University Airport - Don Scott Field → Nashville International Airport | $4,730",,Pilatus PC 12 NG,KOSU - The Ohio State University Airport - Don Scott Field,KOSU,OSU,Ohio State University Airport,Columbus,US,KBNA - Nashville International Airport,KBNA,BNA,Nashville International Airport,Nashville,US,05 October 2026,2026-10-05,12:00,13:07,1h 7m,"$4,730",4730,USD,$,7,https://villiers.ai/empty-legs/kosu-kbna-pilatus-pc-12-ng-2026-10-05-cb075261?id=ADHUHR,https://villiers.ai/empty-legs/kosu-kbna-pilatus-pc-12-ng-2026-10-05-cb075261?id=ADHUHR,https://villiers.ai/empty-legs/kosu-kbna-pilatus-pc-12-ng-2026-10-05-cb075261?id=ADHUHR,"Fri, 21 Aug 2026 18:42:16 GMT",2026-08-23T18:47:02+00:00
https://villiers.ai/empty-legs/kiws-kaus-pilatus-pc-12-ng-2026-10-09-dc6b909f?id=ADHUHR,inactive,inactive,2026-08-20T00:17:02+00:00,2026-08-23T18:17:02+00:00,2026-08-23T18:47:02+00:00,"Pilatus PC-12 NG | West Houston Airport → Austin Bergstrom International Airport | $1,935",,Pilatus PC-12 NG,KIWS - West Houston Airport,KIWS,IWS,West Houston Airport,Houston,US,KAUS - Austin Bergstrom International Airport,KAUS,AUS,Austin-Bergstrom International Airport,Austin,US,09 October 2026,2026-10-09,12:00,12:43,44m,"$1,935",1935,USD,$,7,https://villiers.ai/empty-legs/kiws-kaus-pilatus-pc-12-ng-2026-10-09-dc6b909f?id=ADHUHR,https://villiers.ai/empty-legs/kiws-kaus-pilatus-pc-12-ng-2026-10-09-dc6b909f?id=ADHUHR,https://villiers.ai/empty-legs/kiws-kaus-pilatus-pc-12-ng-2026-10-09-dc6b909f?id=ADHUHR,"Wed, 19 Aug 2026 22:51:09 GMT",2026-08-23T18:47:02+00:00
https://villiers.ai/empty-legs/kaus-kiws-pilatus-pc-12-ng-2026-10-11-35d726b9?id=ADHUHR,inactive,inactive,2026-08-20T00:17:02+00:00,2026-08-23T18:17:02+00:00,2026-08-23T18:47:02+00:00,"Pilatus PC-12 NG | Austin Bergstrom International Airport → West Houston Airport | $1,505",,Pilatus PC-12 NG,KAUS - Austin Bergstrom International Airport,KAUS,AUS,Austin-Bergstrom International Airport,Austin,US,KIWS - West Houston Airport,KIWS,IWS,West Houston Airport,Houston,US,11 October 2026,2026-10-11,12:00,12:43,44m,"$1,505",1505,USD,$,7,https://villiers.ai/empty-legs/kaus-kiws-pilatus-pc-12-ng-2026-10-11-35d726b9?id=ADHUHR,https://villiers.ai/empty-legs/kaus-kiws-pilatus-pc-12-ng-2026-10-11-35d726b9?id=ADHUHR,https://villiers.ai/empty-legs/kaus-kiws-pilatus-pc-12-ng-2026-10-11-35d726b9?id=ADHUHR,"Wed, 19 Aug 2026 22:51:09 GMT",2026-08-23T18:47:02+00:00
https://villiers.ai/empty-legs/khou-kdal-bombardier-challenger-604-2026-10-11-30ae8b95?id=ADHUHR,inactive,inactive,2026-08-09T00:17:02+00:00,2026-08-23T18:17:02+00:00,2026-08-23T18:47:02+00:00,"Bombardier Challenger 604 | William P. Hobby Airport → Dallas Love Field | $6,343",,Bombardier Challenger 604,KHOU - William P. Hobby Airport,KHOU,HOU,William P Hobby Airport,Houston,US,KDAL - Dallas Love Field,KDAL,DAL,Dallas Love Field,Dallas,US,11 October 2026,2026-10-11,12:00,12:56,57m,"$6,343",6343,USD,$,10,https://villiers.ai/empty-legs/khou-kdal-bombardier-challenger-604-2026-10-11-30ae8b95?id=ADHUHR,https://villiers.ai/empty-legs/khou-kdal-bombardier-challenger-604-2026-10-11-30ae8b95?id=ADHUHR,https://villiers.ai/empty-legs/khou-kdal-bombardier-challenger-604-2026-10-11-30ae8b95?id=ADHUHR,"Fri, 07 Aug 2026 14:24:21 GMT",2026-08-23T18:47:02+00:00
https://villiers.ai/empty-legs/kuox-khou-2026-10-15?id=ADHUHR,inactive,inactive,2026-08-05T22:38:36+00:00,2026-08-23T18:17:02+00:00,2026-08-23T18:47:02+00:00,"Cessna Citation V | University Oxford Airport → William P. Hobby Airport | $5,590",,Cessna Citation V,KUOX - University Oxford Airport,KUOX,UOX,University-Oxford Airport,Oxford,US,KHOU - William P. Hobby Airport,KHOU,HOU,William P Hobby Airport,Houston,US,15 October 2026,2026-10-15,12:00,13:22,1h 22m,"$5,590",5590,USD,$,7,https://villiers.ai/empty-legs/kuox-khou-2026-10-15?id=ADHUHR,https://villiers.ai/empty-legs/kuox-khou-2026-10-15?id=ADHUHR,https://villiers.ai/empty-legs/kuox-khou-2026-10-15?id=ADHUHR,"Mon, 27 Jul 2026 17:11:47 GMT",2026-08-23T18:47:02+00:00
https://villiers.ai/empty-legs/khou-kuox-2026-10-18?id=ADHUHR,inactive,inactive,2026-08-05T22:38:36+00:00,2026-08-23T18:17:02+00:00,2026-08-23T18:47:02+00:00,"Cessna Citation V | William P. Hobby Airport → University Oxford Airport | $4,515",,Cessna Citation V,KHOU - William P. Hobby Airport,KHOU,HOU,William P Hobby Airport,Houston,US,KUOX - University Oxford Airport,KUOX,UOX,University-Oxford Airport,Oxford,US,18 October 2026,2026-10-18,12:00,13:22,1h 22m,"$4,515",4515,USD,$,7,https://villiers.ai/empty-legs/khou-kuox-2026-10-18?id=ADHUHR,https://villiers.ai/empty-legs/khou-kuox-2026-10-18?id=ADHUHR,https://villiers.ai/empty-legs/khou-kuox-2026-10-18?id=ADHUHR,"Mon, 27 Jul 2026 17:11:47 GMT",2026-08-23T18:47:02+00:00
https://villiers.ai/empty-legs/khpn-kesn-2026-10-18?id=ADHUHR,inactive,inactive,2026-08-05T22:38:36+00:00,2026-08-23T18:17:02+00:00,2026-08-23T18:47:02+00:00,"Cessna Citation Excel | Westchester County Airport → Easton Airport / Newnam Field | $4,408",,Cessna Citation Excel,KHPN - Westchester County Airport,KHPN,HPN,Westchester County Airport,White Plains,US,KESN - Easton Airport / Newnam Field,KESN,ESN,Easton/Newnam Field,Easton,US,18 October 2026,2026-10-18,12:00,12:52,52m,"$4,408",4408,USD,$,9,https://villiers.ai/empty-legs/khpn-kesn-2026-10-18?id=ADHUHR,https://villiers.ai/empty-legs/khpn-kesn-2026-10-18?id=ADHUHR,https://villiers.ai/empty-legs/khpn-kesn-2026-10-18?id=ADHUHR,"Thu, 16 Jul 2026 14:21:55 GMT",2026-08-23T18:47:02+00:00
https://villiers.ai/empty-legs/kuox-khou-2026-10-29?id=ADHUHR,inactive,inactive,2026-08-05T22:38:36+00:00,2026-08-23T18:17:02+00:00,2026-08-23T18:47:02+00:00,"Cessna Citation V | University Oxford Airport → William P. Hobby Airport | $5,590",,Cessna Citation V,KUOX - University Oxford Airport,KUOX,UOX,University-Oxford Airport,Oxford,US,KHOU - William P. Hobby Airport,KHOU,HOU,William P Hobby Airport,Houston,US,29 October 2026,2026-10-29,12:00,13:22,1h 22m,"$5,590",5590,USD,$,7,https://villiers.ai/empty-legs/kuox-khou-2026-10-29?id=ADHUHR,https://villiers.ai/empty-legs/kuox-khou-2026-10-29?id=ADHUHR,https://villiers.ai/empty-legs/kuox-khou-2026-10-29?id=ADHUHR,"Mon, 27 Jul 2026 17:11:47 GMT",2026-08-23T18:47:02+00:00
https://villiers.ai/empty-legs/khou-kuox-2026-11-01?id=ADHUHR,inactive,inactive,2026-08-05T22:38:36+00:00,2026-08-23T18:17:02+00:00,2026-08-23T18:47:02+00:00,"Cessna Citation V | William P. Hobby Airport → University Oxford Airport | $4,515",,Cessna Citation V,KHOU - William P. Hobby Airport,KHOU,HOU,William P Hobby Airport,Houston,US,KUOX - University Oxford Airport,KUOX,UOX,University-Oxford Airport,Oxford,US,01 November 2026,2026-11-01,12:00,13:22,1h 22m,"$4,515",4515,USD,$,7,https://villiers.ai/empty-legs/khou-kuox-2026-11-01?id=ADHUHR,https://villiers.ai/empty-legs/khou-kuox-2026-11-01?id=ADHUHR,https://villiers.ai/empty-legs/khou-kuox-2026-11-01?id=ADHUHR,"Tue, 28 Jul 2026 14:22:35 GMT",2026-08-23T18:47:02+00:00
https://villiers.ai/empty-legs/kuox-khou-2026-11-05?id=ADHUHR,inactive,inactive,2026-08-05T22:38:36+00:00,2026-08-23T18:17:02+00:00,2026-08-23T18:47:02+00:00,"Cessna Citation Ultra | University Oxford Airport → William P. Hobby Airport | $5,160",,Cessna Citation Ultra,KUOX - University Oxford Airport,KUOX,UOX,University-Oxford Airport,Oxford,US,KHOU - William P. Hobby Airport,KHOU,HOU,William P Hobby Airport,Houston,US,05 November 2026,2026-11-05,12:00,13:22,1h 22m,"$5,160",5160,USD,$,7,https://villiers.ai/empty-legs/kuox-khou-2026-11-05?id=ADHUHR,https://villiers.ai/empty-legs/kuox-khou-2026-11-05?id=ADHUHR,https://villiers.ai/empty-legs/kuox-khou-2026-11-05?id=ADHUHR,"Sat, 01 Aug 2026 14:40:08 GMT",2026-08-23T18:47:02+00:00
https://villiers.ai/empty-legs/kiws-kdal-2026-11-07?id=ADHUHR,inactive,inactive,2026-08-05T22:38:36+00:00,2026-08-23T18:17:02+00:00,2026-08-23T18:47:02+00:00,"Pilatus PC 12 NG | West Houston Airport → Dallas Love Field | $2,580",,Pilatus PC 12 NG,KIWS - West Houston Airport,KIWS,IWS,West Houston Airport,Houston,US,KDAL - Dallas Love Field,KDAL,DAL,Dallas Love Field,Dallas,US,07 November 2026,2026-11-07,12:00,12:54,54m,"$2,580",2580,USD,$,7,https://villiers.ai/empty-legs/kiws-kdal-2026-11-07?id=ADHUHR,https://villiers.ai/empty-legs/kiws-kdal-2026-11-07?id=ADHUHR,https://villiers.ai/empty-legs/kiws-kdal-2026-11-07?id=ADHUHR,"Tue, 14 Jul 2026 14:09:12 GMT",2026-08-23T18:47:02+00:00
https://villiers.ai/empty-legs/kdal-kiws-2026-11-08?id=ADHUHR,inactive,inactive,2026-08-05T22:38:36+00:00,2026-08-23T18:17:02+00:00,2026-08-23T18:47:02+00:00,"Pilatus PC 12 NG | Dallas Love Field → West Houston Airport | $2,580",,Pilatus PC 12 NG,KDAL - Dallas Love Field,KDAL,DAL,Dallas Love Field,Dallas,US,KIWS - West Houston Airport,KIWS,IWS,West Houston Airport,Houston,US,08 November 2026,2026-11-08,12:00,12:54,54m,"$2,580",2580,USD,$,7,https://villiers.ai/empty-legs/kdal-kiws-2026-11-08?id=ADHUHR,https://villiers.ai/empty-legs/kdal-kiws-2026-11-08?id=ADHUHR,https://villiers.ai/empty-legs/kdal-kiws-2026-11-08?id=ADHUHR,"Tue, 14 Jul 2026 14:09:12 GMT",2026-08-23T18:47:02+00:00
https://villiers.ai/empty-legs/khou-kbyh-cessna-citation-ultra-2026-11-08-fc6703b8?id=ADHUHR,inactive,inactive,2026-08-23T04:47:02+00:00,2026-08-23T18:17:02+00:00,2026-08-23T18:47:02+00:00,"Cessna Citation Ultra | William P. Hobby Airport → Arkansas International Airport | $4,838",,Cessna Citation Ultra,KHOU - William P. Hobby Airport,KHOU,HOU,William P Hobby Airport,Houston,US,KBYH - Arkansas International Airport,KBYH,BYH,Arkansas International Airport,Blytheville,US,08 November 2026,2026-11-08,12:00,13:29,1h 29m,"$4,838",4838,USD,$,7,https://villiers.ai/empty-legs/khou-kbyh-cessna-citation-ultra-2026-11-08-fc6703b8?id=ADHUHR,https://villiers.ai/empty-legs/khou-kbyh-cessna-citation-ultra-2026-11-08-fc6703b8?id=ADHUHR,https://villiers.ai/empty-legs/khou-kbyh-cessna-citation-ultra-2026-11-08-fc6703b8?id=ADHUHR,"Sun, 23 Aug 2026 04:28:22 GMT",2026-08-23T18:47:02+00:00
https://villiers.ai/empty-legs/khou-kuox-2026-11-08?id=ADHUHR,inactive,inactive,2026-08-05T22:38:36+00:00,2026-08-23T18:17:02+00:00,2026-08-23T18:47:02+00:00,"Cessna Citation Ultra | William P. Hobby Airport → University Oxford Airport | $4,515",,Cessna Citation Ultra,KHOU - William P. Hobby Airport,KHOU,HOU,William P Hobby Airport,Houston,US,KUOX - University Oxford Airport,KUOX,UOX,University-Oxford Airport,Oxford,US,08 November 2026,2026-11-08,12:00,13:22,1h 22m,"$4,515",4515,USD,$,7,https://villiers.ai/empty-legs/khou-kuox-2026-11-08?id=ADHUHR,https://villiers.ai/empty-legs/khou-kuox-2026-11-08?id=ADHUHR,https://villiers.ai/empty-legs/khou-kuox-2026-11-08?id=ADHUHR,"Mon, 27 Jul 2026 17:11:47 GMT",2026-08-23T18:47:02+00:00
https://villiers.ai/empty-legs/khou-kdfw-cessna-citation-ultra-2026-11-12-482a4a4b?id=ADHUHR,inactive,inactive,2026-08-23T00:17:02+00:00,2026-08-23T18:17:02+00:00,2026-08-23T18:47:02+00:00,"Cessna Citation Ultra | William P. Hobby Airport → Dallas Fort Worth International Airport | $3,118",,Cessna Citation Ultra,KHOU - William P. Hobby Airport,KHOU,HOU,William P Hobby Airport,Houston,US,KDFW - Dallas Fort Worth International Airport,KDFW,DFW,Dallas-Fort Worth International Airport,Dallas-Fort Worth,US,12 November 2026,2026-11-12,12:00,12:57,57m,"$3,118",3118,USD,$,7,https://villiers.ai/empty-legs/khou-kdfw-cessna-citation-ultra-2026-11-12-482a4a4b?id=ADHUHR,https://villiers.ai/empty-legs/khou-kdfw-cessna-citation-ultra-2026-11-12-482a4a4b?id=ADHUHR,https://villiers.ai/empty-legs/khou-kdfw-cessna-citation-ultra-2026-11-12-482a4a4b?id=ADHUHR,"Tue, 18 Aug 2026 17:30:04 GMT",2026-08-23T18:47:02+00:00
https://villiers.ai/empty-legs/kdal-khou-2026-11-13?id=ADHUHR,inactive,inactive,2026-08-05T22:38:36+00:00,2026-08-23T18:17:02+00:00,2026-08-23T18:47:02+00:00,"Cessna Citation Ultra | Dallas Love Field → William P. Hobby Airport | $2,860",,Cessna Citation Ultra,KDAL - Dallas Love Field,KDAL,DAL,Dallas Love Field,Dallas,US,KHOU - William P. Hobby Airport,KHOU,HOU,William P Hobby Airport,Houston,US,13 November 2026,2026-11-13,12:00,12:56,57m,"$2,860",2860,USD,$,7,https://villiers.ai/empty-legs/kdal-khou-2026-11-13?id=ADHUHR,https://villiers.ai/empty-legs/kdal-khou-2026-11-13?id=ADHUHR,https://villiers.ai/empty-legs/kdal-khou-2026-11-13?id=ADHUHR,"Mon, 01 Jun 2026 18:31:08 GMT",2026-08-23T18:47:02+00:00
https://villiers.ai/empty-legs/kiws-kaus-2026-11-13?id=ADHUHR,inactive,inactive,2026-08-05T22:38:36+00:00,2026-08-23T18:17:02+00:00,2026-08-23T18:47:02+00:00,"Pilatus PC-12 NG | West Houston Airport → Austin Bergstrom International Airport | $1,980",,Pilatus PC-12 NG,KIWS - West Houston Airport,KIWS,IWS,West Houston Airport,Houston,US,KAUS - Austin Bergstrom International Airport,KAUS,AUS,Austin-Bergstrom International Airport,Austin,US,13 November 2026,2026-11-13,12:00,12:43,44m,"$1,980",1980,USD,$,7,https://villiers.ai/empty-legs/kiws-kaus-2026-11-13?id=ADHUHR,https://villiers.ai/empty-legs/kiws-kaus-2026-11-13?id=ADHUHR,https://villiers.ai/empty-legs/kiws-kaus-2026-11-13?id=ADHUHR,"Tue, 09 Jun 2026 06:25:30 GMT",2026-08-23T18:47:02+00:00
https://villiers.ai/empty-legs/kiws-kdal-2026-11-13?id=ADHUHR,inactive,inactive,2026-08-05T22:38:36+00:00,2026-08-23T18:17:02+00:00,2026-08-23T18:47:02+00:00,"Pilatus PC-12 NG | West Houston Airport → Dallas Love Field | $2,640",,Pilatus PC-12 NG,KIWS - West Houston Airport,KIWS,IWS,West Houston Airport,Houston,US,KDAL - Dallas Love Field,KDAL,DAL,Dallas Love Field,Dallas,US,13 November 2026,2026-11-13,12:00,12:54,54m,"$2,640",2640,USD,$,7,https://villiers.ai/empty-legs/kiws-kdal-2026-11-13?id=ADHUHR,https://villiers.ai/empty-legs/kiws-kdal-2026-11-13?id=ADHUHR,https://villiers.ai/empty-legs/kiws-kdal-2026-11-13?id=ADHUHR,"Tue, 19 May 2026 09:06:09 GMT",2026-08-23T18:47:02+00:00
https://villiers.ai/empty-legs/kdal-khou-cessna-citation-ultra-2026-11-14-23e437e8?id=ADHUHR,inactive,inactive,2026-08-23T00:17:02+00:00,2026-08-23T18:17:02+00:00,2026-08-23T18:47:02+00:00,"Cessna Citation Ultra | Dallas Love Field → William P. Hobby Airport | $2,795",,Cessna Citation Ultra,KDAL - Dallas Love Field,KDAL,DAL,Dallas Love Field,Dallas,US,KHOU - William P. Hobby Airport,KHOU,HOU,William P Hobby Airport,Houston,US,14 November 2026,2026-11-14,12:00,12:56,57m,"$2,795",2795,USD,$,7,https://villiers.ai/empty-legs/kdal-khou-cessna-citation-ultra-2026-11-14-23e437e8?id=ADHUHR,https://villiers.ai/empty-legs/kdal-khou-cessna-citation-ultra-2026-11-14-23e437e8?id=ADHUHR,https://villiers.ai/empty-legs/kdal-khou-cessna-citation-ultra-2026-11-14-23e437e8?id=ADHUHR,"Tue, 18 Aug 2026 17:30:04 GMT",2026-08-23T18:47:02+00:00
https://villiers.ai/empty-legs/kaus-kiws-2026-11-15?id=ADHUHR,inactive,inactive,2026-08-05T22:38:36+00:00,2026-08-23T18:17:02+00:00,2026-08-23T18:47:02+00:00,"Pilatus PC-12 NG | Austin Bergstrom International Airport → West Houston Airport | $1,540",,Pilatus PC-12 NG,KAUS - Austin Bergstrom International Airport,KAUS,AUS,Austin-Bergstrom International Airport,Austin,US,KIWS - West Houston Airport,KIWS,IWS,West Houston Airport,Houston,US,15 November 2026,2026-11-15,12:00,12:43,44m,"$1,540",1540,USD,$,7,https://villiers.ai/empty-legs/kaus-kiws-2026-11-15?id=ADHUHR,https://villiers.ai/empty-legs/kaus-kiws-2026-11-15?id=ADHUHR,https://villiers.ai/empty-legs/kaus-kiws-2026-11-15?id=ADHUHR,"Tue, 09 Jun 2026 06:25:30 GMT",2026-08-23T18:47:02+00:00
https://villiers.ai/empty-legs/kdal-kiws-2026-11-15?id=ADHUHR,inactive,inactive,2026-08-05T22:38:36+00:00,2026-08-23T18:17:02+00:00,2026-08-23T18:47:02+00:00,"Pilatus PC-12 NG | Dallas Love Field → West Houston Airport | $2,640",,Pilatus PC-12 NG,KDAL - Dallas Love Field,KDAL,DAL,Dallas Love Field,Dallas,US,KIWS - West Houston Airport,KIWS,IWS,West Houston Airport,Houston,US,15 November 2026,2026-11-15,12:00,12:54,54m,"$2,640",2640,USD,$,7,https://villiers.ai/empty-legs/kdal-kiws-2026-11-15?id=ADHUHR,https://villiers.ai/empty-legs/kdal-kiws-2026-11-15?id=ADHUHR,https://villiers.ai/empty-legs/kdal-kiws-2026-11-15?id=ADHUHR,"Tue, 19 May 2026 09:06:10 GMT",2026-08-23T18:47:02+00:00
https://villiers.ai/empty-legs/khou-kdal-2026-11-16?id=ADHUHR,inactive,inactive,2026-08-05T22:38:36+00:00,2026-08-23T18:17:02+00:00,2026-08-23T18:47:02+00:00,"Cessna Citation Ultra | William P. Hobby Airport → Dallas Love Field | $3,190",,Cessna Citation Ultra,KHOU - William P. Hobby Airport,KHOU,HOU,William P Hobby Airport,Houston,US,KDAL - Dallas Love Field,KDAL,DAL,Dallas Love Field,Dallas,US,16 November 2026,2026-11-16,12:00,12:56,57m,"$3,190",3190,USD,$,7,https://villiers.ai/empty-legs/khou-kdal-2026-11-16?id=ADHUHR,https://villiers.ai/empty-legs/khou-kdal-2026-11-16?id=ADHUHR,https://villiers.ai/empty-legs/khou-kdal-2026-11-16?id=ADHUHR,"Mon, 01 Jun 2026 18:31:08 GMT",2026-08-23T18:47:02+00:00
https://villiers.ai/empty-legs/kdal-khou-2026-11-18?id=ADHUHR,inactive,inactive,2026-08-05T22:38:36+00:00,2026-08-23T18:17:02+00:00,2026-08-23T18:47:02+00:00,"Bombardier Challenger 300 | Dallas Love Field → William P. Hobby Airport | $4,620",,Bombardier Challenger 300,KDAL - Dallas Love Field,KDAL,DAL,Dallas Love Field,Dallas,US,KHOU - William P. Hobby Airport,KHOU,HOU,William P Hobby Airport,Houston,US,18 November 2026,2026-11-18,12:00,12:56,57m,"$4,620",4620,USD,$,9,https://villiers.ai/empty-legs/kdal-khou-2026-11-18?id=ADHUHR,https://villiers.ai/empty-legs/kdal-khou-2026-11-18?id=ADHUHR,https://villiers.ai/empty-legs/kdal-khou-2026-11-18?id=ADHUHR,"Mon, 23 Mar 2026 12:11:29 GMT",2026-08-23T18:47:02+00:00
https://villiers.ai/empty-legs/ksba-klas-2026-11-18?id=ADHUHR,inactive,inactive,2026-08-05T22:38:36+00:00,2026-08-23T18:17:02+00:00,2026-08-23T18:47:02+00:00,"Bombardier Challenger 300 | Santa Barbara Municipal Airport → Harry Reid International Airport | $5,280",,Bombardier Challenger 300,KSBA - Santa Barbara Municipal Airport,KSBA,SBA,Santa Barbara Municipal Airport,Santa Barbara,US,KLAS - Harry Reid International Airport,KLAS,LAS,Harry Reid International Airport,Las Vegas,US,18 November 2026,2026-11-18,12:00,13:01,1h 2m,"$5,280",5280,USD,$,9,https://villiers.ai/empty-legs/ksba-klas-2026-11-18?id=ADHUHR,https://villiers.ai/empty-legs/ksba-klas-2026-11-18?id=ADHUHR,https://villiers.ai/empty-legs/ksba-klas-2026-11-18?id=ADHUHR,"Wed, 25 Mar 2026 13:10:39 GMT",2026-08-23T18:47:02+00:00
https://villiers.ai/empty-legs/klas-ksba-2026-11-27?id=ADHUHR,inactive,inactive,2026-08-05T22:38:36+00:00,2026-08-23T04:17:02+00:00,2026-08-23T04:47:02+00:00,"Bombardier Challenger 300 | Harry Reid International Airport → Santa Barbara Municipal Airport | $5,940",,Bombardier Challenger 300,KLAS - Harry Reid International Airport,KLAS,LAS,Harry Reid International Airport,Las Vegas,US,KSBA - Santa Barbara Municipal Airport,KSBA,SBA,Santa Barbara Municipal Airport,Santa Barbara,US,27 November 2026,2026-11-27,12:00,13:01,1h 2m,"$5,940",5940,USD,$,9,https://villiers.ai/empty-legs/klas-ksba-2026-11-27?id=ADHUHR,https://villiers.ai/empty-legs/klas-ksba-2026-11-27?id=ADHUHR,https://villiers.ai/empty-legs/klas-ksba-2026-11-27?id=ADHUHR,"Wed, 25 Mar 2026 13:10:39 GMT",2026-08-23T04:47:02+00:00
https://villiers.ai/empty-legs/mmsd-kbro-bombardier-challenger-300-2026-12-27-d6f86f50?id=ADHUHR,inactive,inactive,2026-08-23T00:17:02+00:00,2026-08-23T04:17:02+00:00,2026-08-23T04:47:02+00:00,"Bombardier Challenger 300 | Los Cabos International Airport → Brownsville South Padre Island International Airport | $13,438",,Bombardier Challenger 300,MMSD - Los Cabos International Airport,MMSD,SJD,Los Cabos International Airport,San Jose del Cabo,MX,KBRO - Brownsville South Padre Island International Airport,KBRO,BRO,Brownsville/South Padre Island International Airport,Brownsville,US,27 December 2026,2026-12-27,12:00,13:58,1h 58m,"$13,438",13438,USD,$,9,https://villiers.ai/empty-legs/mmsd-kbro-bombardier-challenger-300-2026-12-27-d6f86f50?id=ADHUHR,https://villiers.ai/empty-legs/mmsd-kbro-bombardier-challenger-300-2026-12-27-d6f86f50?id=ADHUHR,https://villiers.ai/empty-legs/mmsd-kbro-bombardier-challenger-300-2026-12-27-d6f86f50?id=ADHUHR,"Tue, 18 Aug 2026 17:30:04 GMT",2026-08-23T04:47:02+00:00
https://villiers.ai/empty-legs/kbro-mmsd-bombardier-challenger-300-2027-01-02-2867ef02?id=ADHUHR,inactive,inactive,2026-08-23T00:17:02+00:00,2026-08-23T04:17:02+00:00,2026-08-23T04:47:02+00:00,"Bombardier Challenger 300 | Brownsville South Padre Island International Airport → Los Cabos International Airport | $14,190",,Bombardier Challenger 300,KBRO - Brownsville South Padre Island International Airport,KBRO,BRO,Brownsville/South Padre Island International Airport,Brownsville,US,MMSD - Los Cabos International Airport,MMSD,SJD,Los Cabos International Airport,San Jose del Cabo,MX,02 January 2027,2027-01-02,12:00,13:58,1h 58m,"$14,190",14190,USD,$,9,https://villiers.ai/empty-legs/kbro-mmsd-bombardier-challenger-300-2027-01-02-2867ef02?id=ADHUHR,https://villiers.ai/empty-legs/kbro-mmsd-bombardier-challenger-300-2027-01-02-2867ef02?id=ADHUHR,https://villiers.ai/empty-legs/kbro-mmsd-bombardier-challenger-300-2027-01-02-2867ef02?id=ADHUHR,"Tue, 18 Aug 2026 17:30:04 GMT",2026-08-23T04:47:02+00:00
