source_id,status,change_type,first_seen_at,last_seen_at,inactive_since,title,description,aircraft_type,origin_airport_raw,origin_icao,origin_iata,origin_airport_name,origin_city,origin_country,destination_airport_raw,destination_icao,destination_iata,destination_airport_name,destination_city,destination_country,departure_date_raw,departure_date_iso,departure_time,arrival_time,flight_duration,price_raw,price_amount,price_currency,price_currency_symbol,seats_available,tracking_link,rss_link,booking_link,published,fetched_at
https://villiers.ai/empty-legs/ka20-kcrq-cessna-citation-cj3-2026-09-08-df27b2c4?id=ADHUHR,inactive,removed,2026-09-02T23:17:02+00:00,2026-09-08T19:17:02+00:00,2026-09-19T17:49:50+00:00,"Cessna Citation CJ3 | Sun Valley Airport → McClellan-Palomar Airport | $8,063",,Cessna Citation CJ3,KA20 - Sun Valley Airport,KA20,,Sun Valley Airport,Bullhead City,US,KCRQ - McClellan-Palomar Airport,KCRQ,CLD,Mc Clellan-Palomar Airport,Carlsbad,US,08 September 2026,2026-09-08,12:00,12:52,52m,"$8,063",8063,USD,$,6,https://villiers.ai/empty-legs/ka20-kcrq-cessna-citation-cj3-2026-09-08-df27b2c4?id=ADHUHR,https://villiers.ai/empty-legs/ka20-kcrq-cessna-citation-cj3-2026-09-08-df27b2c4?id=ADHUHR,https://villiers.ai/empty-legs/ka20-kcrq-cessna-citation-cj3-2026-09-08-df27b2c4?id=ADHUHR,"Wed, 02 Sep 2026 22:54:42 GMT",2026-09-19T17:49:50+00:00
https://villiers.ai/empty-legs/kack-kteb-challenger-300-2026-09-08-16eb773d?id=ADHUHR,inactive,removed,2026-09-07T16:17:02+00:00,2026-09-08T19:17:02+00:00,2026-09-19T17:49:50+00:00,"CHALLENGER 300 | Nantucket Memorial Airport → Teterboro Airport | $8,600",,CHALLENGER 300,KACK - Nantucket Memorial Airport,KACK,ACK,Nantucket Memorial Airport,Nantucket,US,KTEB - Teterboro Airport,KTEB,TEB,Teterboro Airport,Teterboro,US,08 September 2026,2026-09-08,12:00,12:53,53m,"$8,600",8600,USD,$,10,https://villiers.ai/empty-legs/kack-kteb-challenger-300-2026-09-08-16eb773d?id=ADHUHR,https://villiers.ai/empty-legs/kack-kteb-challenger-300-2026-09-08-16eb773d?id=ADHUHR,https://villiers.ai/empty-legs/kack-kteb-challenger-300-2026-09-08-16eb773d?id=ADHUHR,"Mon, 07 Sep 2026 16:12:39 GMT",2026-09-19T17:49:50+00:00
https://villiers.ai/empty-legs/kaus-khou-bombardier-challenger-604-2026-09-08-91a072c3?id=ADHUHR,inactive,removed,2026-08-21T18:47:01+00:00,2026-09-08T19:17:02+00:00,2026-09-19T17:49:50+00:00,"Bombardier Challenger 604 | Austin Bergstrom International Airport → William P. Hobby Airport | $6,450",,Bombardier Challenger 604,KAUS - Austin Bergstrom International Airport,KAUS,AUS,Austin-Bergstrom International Airport,Austin,US,KHOU - William P. Hobby Airport,KHOU,HOU,William P Hobby Airport,Houston,US,08 September 2026,2026-09-08,12:00,12:46,46m,"$6,450",6450,USD,$,10,https://villiers.ai/empty-legs/kaus-khou-bombardier-challenger-604-2026-09-08-91a072c3?id=ADHUHR,https://villiers.ai/empty-legs/kaus-khou-bombardier-challenger-604-2026-09-08-91a072c3?id=ADHUHR,https://villiers.ai/empty-legs/kaus-khou-bombardier-challenger-604-2026-09-08-91a072c3?id=ADHUHR,"Fri, 21 Aug 2026 18:42:16 GMT",2026-09-19T17:49:50+00:00
https://villiers.ai/empty-legs/kaus-ksjt-cessna-citation-ultra-2026-09-08-538e160e?id=ADHUHR,inactive,removed,2026-09-06T22:47:01+00:00,2026-09-08T19:17:02+00:00,2026-09-19T17:49:50+00:00,"Cessna Citation Ultra | Austin Bergstrom International Airport → San Angelo Regional Mathis Field | $2,795",,Cessna Citation Ultra,KAUS - Austin Bergstrom International Airport,KAUS,AUS,Austin-Bergstrom International Airport,Austin,US,KSJT - San Angelo Regional Mathis Field,KSJT,SJT,San Angelo Regional/Mathis Field,San Angelo,US,08 September 2026,2026-09-08,12:00,12:50,51m,"$2,795",2795,USD,$,7,https://villiers.ai/empty-legs/kaus-ksjt-cessna-citation-ultra-2026-09-08-538e160e?id=ADHUHR,https://villiers.ai/empty-legs/kaus-ksjt-cessna-citation-ultra-2026-09-08-538e160e?id=ADHUHR,https://villiers.ai/empty-legs/kaus-ksjt-cessna-citation-ultra-2026-09-08-538e160e?id=ADHUHR,"Sun, 06 Sep 2026 22:31:22 GMT",2026-09-19T17:49:50+00:00
https://villiers.ai/empty-legs/kbfi-kcrq-pilatus-pc-12-ngx-2026-09-08-2c06b956?id=ADHUHR,inactive,removed,2026-08-27T00:47:02+00:00,2026-09-08T19:17:02+00:00,2026-09-19T17:49:50+00:00,"Pilatus PC-12 NGX | Boeing Field King County International Airport → McClellan-Palomar Airport | $9,138",,Pilatus PC-12 NGX,KBFI - Boeing Field King County International Airport,KBFI,BFI,Boeing Field/King County International Airport,Seattle,US,KCRQ - McClellan-Palomar Airport,KCRQ,CLD,Mc Clellan-Palomar Airport,Carlsbad,US,08 September 2026,2026-09-08,12:00,14:24,2h 24m,"$9,138",9138,USD,$,8,https://villiers.ai/empty-legs/kbfi-kcrq-pilatus-pc-12-ngx-2026-09-08-2c06b956?id=ADHUHR,https://villiers.ai/empty-legs/kbfi-kcrq-pilatus-pc-12-ngx-2026-09-08-2c06b956?id=ADHUHR,https://villiers.ai/empty-legs/kbfi-kcrq-pilatus-pc-12-ngx-2026-09-08-2c06b956?id=ADHUHR,"Thu, 27 Aug 2026 00:21:41 GMT",2026-09-19T17:49:50+00:00
https://villiers.ai/empty-legs/kbzn-klbb-global-express-2026-09-08-b2a14644?id=ADHUHR,inactive,removed,2026-09-07T16:17:02+00:00,2026-09-08T19:17:02+00:00,2026-09-19T17:49:50+00:00,"GLOBAL EXPRESS | Bozeman Yellowstone International Airport → Lubbock Preston Smith International Airport | $16,125",,GLOBAL EXPRESS,KBZN - Bozeman Yellowstone International Airport,KBZN,BZN,Bozeman Yellowstone International Airport,Bozeman,US,KLBB - Lubbock Preston Smith International Airport,KLBB,LBB,Lubbock Preston Smith International Airport,Lubbock,US,08 September 2026,2026-09-08,12:00,14:17,2h 18m,"$16,125",16125,USD,$,19,https://villiers.ai/empty-legs/kbzn-klbb-global-express-2026-09-08-b2a14644?id=ADHUHR,https://villiers.ai/empty-legs/kbzn-klbb-global-express-2026-09-08-b2a14644?id=ADHUHR,https://villiers.ai/empty-legs/kbzn-klbb-global-express-2026-09-08-b2a14644?id=ADHUHR,"Mon, 07 Sep 2026 16:12:31 GMT",2026-09-19T17:49:50+00:00
https://villiers.ai/empty-legs/kcew-ksba-challenger-300-2026-09-08-937a9a07?id=ADHUHR,inactive,removed,2026-09-07T16:17:02+00:00,2026-09-08T19:17:02+00:00,2026-09-19T17:49:50+00:00,"CHALLENGER 300 | Bob Sikes Airport → Santa Barbara Municipal Airport | $32,250",,CHALLENGER 300,KCEW - Bob Sikes Airport,KCEW,CEW,Bob Sikes Airport,Crestview,US,KSBA - Santa Barbara Municipal Airport,KSBA,SBA,Santa Barbara Municipal Airport,Santa Barbara,US,08 September 2026,2026-09-08,12:00,16:05,4h 6m,"$32,250",32250,USD,$,10,https://villiers.ai/empty-legs/kcew-ksba-challenger-300-2026-09-08-937a9a07?id=ADHUHR,https://villiers.ai/empty-legs/kcew-ksba-challenger-300-2026-09-08-937a9a07?id=ADHUHR,https://villiers.ai/empty-legs/kcew-ksba-challenger-300-2026-09-08-937a9a07?id=ADHUHR,"Mon, 07 Sep 2026 16:12:39 GMT",2026-09-19T17:49:50+00:00
https://villiers.ai/empty-legs/kcho-kbed-citation-x-2026-09-08-0272c97d?id=ADHUHR,inactive,removed,2026-09-07T16:17:02+00:00,2026-09-08T19:17:02+00:00,2026-09-19T17:49:50+00:00,"CITATION X | Charlottesville Albemarle Airport → Laurence G Hanscom Field | $9,675",,CITATION X,KCHO - Charlottesville Albemarle Airport,KCHO,CHO,Charlottesville-Albemarle Airport,Charlottesville,US,KBED - Laurence G Hanscom Field,KBED,BED,Laurence G Hanscom Field,Bedford,US,08 September 2026,2026-09-08,12:00,13:23,1h 23m,"$9,675",9675,USD,$,12,https://villiers.ai/empty-legs/kcho-kbed-citation-x-2026-09-08-0272c97d?id=ADHUHR,https://villiers.ai/empty-legs/kcho-kbed-citation-x-2026-09-08-0272c97d?id=ADHUHR,https://villiers.ai/empty-legs/kcho-kbed-citation-x-2026-09-08-0272c97d?id=ADHUHR,"Mon, 07 Sep 2026 16:12:52 GMT",2026-09-19T17:49:50+00:00
https://villiers.ai/empty-legs/kdal-ksba-cessna-citation-ultra-2026-09-08-a33e2910?id=ADHUHR,inactive,removed,2026-09-02T15:47:02+00:00,2026-09-08T19:17:02+00:00,2026-09-19T17:49:50+00:00,"Cessna Citation Ultra | Dallas Love Field → Santa Barbara Municipal Airport | $13,438",,Cessna Citation Ultra,KDAL - Dallas Love Field,KDAL,DAL,Dallas Love Field,Dallas,US,KSBA - Santa Barbara Municipal Airport,KSBA,SBA,Santa Barbara Municipal Airport,Santa Barbara,US,08 September 2026,2026-09-08,12:00,14:56,2h 57m,"$13,438",13438,USD,$,7,https://villiers.ai/empty-legs/kdal-ksba-cessna-citation-ultra-2026-09-08-a33e2910?id=ADHUHR,https://villiers.ai/empty-legs/kdal-ksba-cessna-citation-ultra-2026-09-08-a33e2910?id=ADHUHR,https://villiers.ai/empty-legs/kdal-ksba-cessna-citation-ultra-2026-09-08-a33e2910?id=ADHUHR,"Wed, 02 Sep 2026 15:34:27 GMT",2026-09-19T17:49:50+00:00
https://villiers.ai/empty-legs/kdjt-keyw-citation-x-2026-09-08-f9daf016?id=ADHUHR,inactive,removed,2026-09-07T16:17:02+00:00,2026-09-08T19:17:02+00:00,2026-09-19T17:49:50+00:00,"CITATION X | President Donald J. Trump International Airport → Key West International Airport | $8,600",,CITATION X,KDJT - President Donald J. Trump International Airport,KDJT,PBI,President Donald J Trump International Airport,West Palm Beach,US,KEYW - Key West International Airport,KEYW,EYW,Key West International Airport,Key West,US,08 September 2026,2026-09-08,12:00,12:49,50m,"$8,600",8600,USD,$,12,https://villiers.ai/empty-legs/kdjt-keyw-citation-x-2026-09-08-f9daf016?id=ADHUHR,https://villiers.ai/empty-legs/kdjt-keyw-citation-x-2026-09-08-f9daf016?id=ADHUHR,https://villiers.ai/empty-legs/kdjt-keyw-citation-x-2026-09-08-f9daf016?id=ADHUHR,"Mon, 07 Sep 2026 16:12:53 GMT",2026-09-19T17:49:50+00:00
https://villiers.ai/empty-legs/kftg-kbhb-citation-x-2026-09-08-246a5170?id=ADHUHR,inactive,removed,2026-09-07T16:17:02+00:00,2026-09-08T19:17:02+00:00,2026-09-19T17:49:50+00:00,"CITATION X | Colorado Air and Space Port → Hancock County-Bar Harbor Airport | $8,600",,CITATION X,KFTG - Colorado Air and Space Port,KFTG,,Colorado Air and Space Port,,,KBHB - Hancock County-Bar Harbor Airport,KBHB,BHB,Hancock County/Bar Harbor Airport,Bar Harbor,US,08 September 2026,2026-09-08,12:00,15:57,3h 57m,"$8,600",8600,USD,$,12,https://villiers.ai/empty-legs/kftg-kbhb-citation-x-2026-09-08-246a5170?id=ADHUHR,https://villiers.ai/empty-legs/kftg-kbhb-citation-x-2026-09-08-246a5170?id=ADHUHR,https://villiers.ai/empty-legs/kftg-kbhb-citation-x-2026-09-08-246a5170?id=ADHUHR,"Mon, 07 Sep 2026 16:12:54 GMT",2026-09-19T17:49:50+00:00
https://villiers.ai/empty-legs/kgtu-kftw-cessna-citation-ultra-2026-09-08-b2859fdc?id=ADHUHR,inactive,removed,2026-08-21T00:17:02+00:00,2026-09-08T19:17:02+00:00,2026-09-19T17:49:50+00:00,"Cessna Citation Ultra | Georgetown Executive Airport at Johnny Gantt Field → Fort Worth Meacham International Airport | $2,150",,Cessna Citation Ultra,KGTU - Georgetown Executive Airport at Johnny Gantt Field,KGTU,,Georgetown Executive Airport,Georgetown,US,KFTW - Fort Worth Meacham International Airport,KFTW,FTW,Fort Worth Meacham International Airport,Fort Worth,US,08 September 2026,2026-09-08,12:00,12:46,47m,"$2,150",2150,USD,$,7,https://villiers.ai/empty-legs/kgtu-kftw-cessna-citation-ultra-2026-09-08-b2859fdc?id=ADHUHR,https://villiers.ai/empty-legs/kgtu-kftw-cessna-citation-ultra-2026-09-08-b2859fdc?id=ADHUHR,https://villiers.ai/empty-legs/kgtu-kftw-cessna-citation-ultra-2026-09-08-b2859fdc?id=ADHUHR,"Thu, 20 Aug 2026 21:34:22 GMT",2026-09-19T17:49:50+00:00
https://villiers.ai/empty-legs/khou-kftw-2026-09-08?id=ADHUHR,inactive,removed,2026-08-05T22:38:36+00:00,2026-09-08T19:17:02+00:00,2026-09-19T17:49:50+00:00,"Cessna Citation V | William P. Hobby Airport → Fort Worth Meacham International Airport | $3,440",,Cessna Citation V,KHOU - William P. Hobby Airport,KHOU,HOU,William P Hobby Airport,Houston,US,KFTW - Fort Worth Meacham International Airport,KFTW,FTW,Fort Worth Meacham International Airport,Fort Worth,US,08 September 2026,2026-09-08,12:00,12:57,58m,"$3,440",3440,USD,$,7,https://villiers.ai/empty-legs/khou-kftw-2026-09-08?id=ADHUHR,https://villiers.ai/empty-legs/khou-kftw-2026-09-08?id=ADHUHR,https://villiers.ai/empty-legs/khou-kftw-2026-09-08?id=ADHUHR,"Thu, 30 Jul 2026 02:41:57 GMT",2026-09-19T17:49:50+00:00
https://villiers.ai/empty-legs/khou-ksjt-cessna-citation-ultra-2026-09-08-7fb11875?id=ADHUHR,inactive,removed,2026-09-05T15:17:02+00:00,2026-09-08T19:17:02+00:00,2026-09-19T17:49:50+00:00,"Cessna Citation Ultra | William P. Hobby Airport → San Angelo Regional Mathis Field | $4,193",,Cessna Citation Ultra,KHOU - William P. Hobby Airport,KHOU,HOU,William P Hobby Airport,Houston,US,KSJT - San Angelo Regional Mathis Field,KSJT,SJT,San Angelo Regional/Mathis Field,San Angelo,US,08 September 2026,2026-09-08,12:00,13:06,1h 7m,"$4,193",4193,USD,$,7,https://villiers.ai/empty-legs/khou-ksjt-cessna-citation-ultra-2026-09-08-7fb11875?id=ADHUHR,https://villiers.ai/empty-legs/khou-ksjt-cessna-citation-ultra-2026-09-08-7fb11875?id=ADHUHR,https://villiers.ai/empty-legs/khou-ksjt-cessna-citation-ultra-2026-09-08-7fb11875?id=ADHUHR,"Sat, 05 Sep 2026 15:03:06 GMT",2026-09-19T17:49:50+00:00
https://villiers.ai/empty-legs/kiad-kteb-citation-x-2026-09-08-66da94eb?id=ADHUHR,inactive,removed,2026-09-07T16:17:02+00:00,2026-09-08T19:17:02+00:00,2026-09-19T17:49:50+00:00,"CITATION X | Washington Dulles International Airport → Teterboro Airport | $8,600",,CITATION X,KIAD - Washington Dulles International Airport,KIAD,IAD,Washington Dulles International Airport,Washington,US,KTEB - Teterboro Airport,KTEB,TEB,Teterboro Airport,Teterboro,US,08 September 2026,2026-09-08,12:00,12:54,55m,"$8,600",8600,USD,$,12,https://villiers.ai/empty-legs/kiad-kteb-citation-x-2026-09-08-66da94eb?id=ADHUHR,https://villiers.ai/empty-legs/kiad-kteb-citation-x-2026-09-08-66da94eb?id=ADHUHR,https://villiers.ai/empty-legs/kiad-kteb-citation-x-2026-09-08-66da94eb?id=ADHUHR,"Mon, 07 Sep 2026 16:12:54 GMT",2026-09-19T17:49:50+00:00
https://villiers.ai/empty-legs/kmco-kptv-challenger-300-2026-09-08-6c0d96cd?id=ADHUHR,inactive,removed,2026-09-07T16:17:02+00:00,2026-09-08T19:17:02+00:00,2026-09-19T17:49:50+00:00,"CHALLENGER 300 | Orlando International Airport → Porterville Municipal Airport | $34,400",,CHALLENGER 300,KMCO - Orlando International Airport,KMCO,MCO,Orlando International Airport,Orlando,US,KPTV - Porterville Municipal Airport,KPTV,PTV,Porterville Municipal Airport,Porterville,US,08 September 2026,2026-09-08,12:00,16:39,4h 40m,"$34,400",34400,USD,$,10,https://villiers.ai/empty-legs/kmco-kptv-challenger-300-2026-09-08-6c0d96cd?id=ADHUHR,https://villiers.ai/empty-legs/kmco-kptv-challenger-300-2026-09-08-6c0d96cd?id=ADHUHR,https://villiers.ai/empty-legs/kmco-kptv-challenger-300-2026-09-08-6c0d96cd?id=ADHUHR,"Mon, 07 Sep 2026 16:12:40 GMT",2026-09-19T17:49:50+00:00
https://villiers.ai/empty-legs/kopf-kmdw-2026-09-08?id=ADHUHR,inactive,removed,2026-08-05T22:38:36+00:00,2026-09-08T19:17:02+00:00,2026-09-19T17:49:50+00:00,"Bombardier Challenger 300 | Miami-Opa Locka Executive Airport → Chicago Midway International Airport | $16,500",,Bombardier Challenger 300,KOPF - Miami-Opa Locka Executive Airport,KOPF,OPF,Miami-Opa Locka Executive Airport,Miami,US,KMDW - Chicago Midway International Airport,KMDW,MDW,Chicago Midway International Airport,Chicago,US,08 September 2026,2026-09-08,12:00,14:40,2h 41m,"$16,500",16500,USD,$,9,https://villiers.ai/empty-legs/kopf-kmdw-2026-09-08?id=ADHUHR,https://villiers.ai/empty-legs/kopf-kmdw-2026-09-08?id=ADHUHR,https://villiers.ai/empty-legs/kopf-kmdw-2026-09-08?id=ADHUHR,"Sat, 06 Jun 2026 23:56:41 GMT",2026-09-19T17:49:50+00:00
https://villiers.ai/empty-legs/kphl-kteb-citation-x-2026-09-08-de011239?id=ADHUHR,inactive,removed,2026-09-07T16:17:02+00:00,2026-09-08T19:17:02+00:00,2026-09-19T17:49:50+00:00,"CITATION X | Philadelphia International Airport → Teterboro Airport | $8,600",,CITATION X,KPHL - Philadelphia International Airport,KPHL,PHL,Philadelphia International Airport,Philadelphia,US,KTEB - Teterboro Airport,KTEB,TEB,Teterboro Airport,Teterboro,US,08 September 2026,2026-09-08,12:00,12:40,40m,"$8,600",8600,USD,$,12,https://villiers.ai/empty-legs/kphl-kteb-citation-x-2026-09-08-de011239?id=ADHUHR,https://villiers.ai/empty-legs/kphl-kteb-citation-x-2026-09-08-de011239?id=ADHUHR,https://villiers.ai/empty-legs/kphl-kteb-citation-x-2026-09-08-de011239?id=ADHUHR,"Mon, 07 Sep 2026 16:12:55 GMT",2026-09-19T17:49:50+00:00
https://villiers.ai/empty-legs/kpwm-krkd-challenger-300-2026-09-08-c2c487be?id=ADHUHR,inactive,removed,2026-09-07T16:17:02+00:00,2026-09-08T19:17:02+00:00,2026-09-19T17:49:50+00:00,"CHALLENGER 300 | Portland International Jetport → Knox County Regional Airport | $8,600",,CHALLENGER 300,KPWM - Portland International Jetport,KPWM,PWM,Portland International Jetport Airport,Portland,US,KRKD - Knox County Regional Airport,KRKD,RKD,Knox County Regional Airport,Rockland,US,08 September 2026,2026-09-08,12:00,12:37,37m,"$8,600",8600,USD,$,10,https://villiers.ai/empty-legs/kpwm-krkd-challenger-300-2026-09-08-c2c487be?id=ADHUHR,https://villiers.ai/empty-legs/kpwm-krkd-challenger-300-2026-09-08-c2c487be?id=ADHUHR,https://villiers.ai/empty-legs/kpwm-krkd-challenger-300-2026-09-08-c2c487be?id=ADHUHR,"Mon, 07 Sep 2026 16:12:41 GMT",2026-09-19T17:49:50+00:00
https://villiers.ai/empty-legs/krdk-kboi-challenger-300-2026-09-08-294d5b35?id=ADHUHR,inactive,removed,2026-09-07T16:17:02+00:00,2026-09-08T19:17:02+00:00,2026-09-19T17:49:50+00:00,"CHALLENGER 300 | Red Oak Municipal Airport → Boise Air Terminal/Gowen Field | $9,675",,CHALLENGER 300,KRDK - Red Oak Municipal Airport,KRDK,,Red Oak Municipal Airport,Red Oak,US,KBOI - Boise Air Terminal/Gowen Field,KBOI,BOI,Boise Air Trml/Gowen Field,Boise,US,08 September 2026,2026-09-08,12:00,14:30,2h 30m,"$9,675",9675,USD,$,10,https://villiers.ai/empty-legs/krdk-kboi-challenger-300-2026-09-08-294d5b35?id=ADHUHR,https://villiers.ai/empty-legs/krdk-kboi-challenger-300-2026-09-08-294d5b35?id=ADHUHR,https://villiers.ai/empty-legs/krdk-kboi-challenger-300-2026-09-08-294d5b35?id=ADHUHR,"Mon, 07 Sep 2026 16:12:40 GMT",2026-09-19T17:49:50+00:00
https://villiers.ai/empty-legs/krdk-krno-citation-x-2026-09-08-f8bdeff2?id=ADHUHR,inactive,removed,2026-09-07T16:17:02+00:00,2026-09-08T19:17:02+00:00,2026-09-19T17:49:50+00:00,"CITATION X | Red Oak Municipal Airport → Reno Tahoe International Airport | $8,600",,CITATION X,KRDK - Red Oak Municipal Airport,KRDK,,Red Oak Municipal Airport,Red Oak,US,KRNO - Reno Tahoe International Airport,KRNO,RNO,Reno/Tahoe International Airport,Reno,US,08 September 2026,2026-09-08,12:00,14:53,2h 53m,"$8,600",8600,USD,$,12,https://villiers.ai/empty-legs/krdk-krno-citation-x-2026-09-08-f8bdeff2?id=ADHUHR,https://villiers.ai/empty-legs/krdk-krno-citation-x-2026-09-08-f8bdeff2?id=ADHUHR,https://villiers.ai/empty-legs/krdk-krno-citation-x-2026-09-08-f8bdeff2?id=ADHUHR,"Mon, 07 Sep 2026 16:12:55 GMT",2026-09-19T17:49:50+00:00
https://villiers.ai/empty-legs/krdk-ktex-challenger-300-2026-09-08-5aeb3354?id=ADHUHR,inactive,removed,2026-09-07T16:17:02+00:00,2026-09-08T19:17:02+00:00,2026-09-19T17:49:50+00:00,"CHALLENGER 300 | Red Oak Municipal Airport → Telluride Regional Airport | $12,900",,CHALLENGER 300,KRDK - Red Oak Municipal Airport,KRDK,,Red Oak Municipal Airport,Red Oak,US,KTEX - Telluride Regional Airport,KTEX,TEX,Telluride Regional Airport,Telluride,US,08 September 2026,2026-09-08,12:00,13:48,1h 48m,"$12,900",12900,USD,$,10,https://villiers.ai/empty-legs/krdk-ktex-challenger-300-2026-09-08-5aeb3354?id=ADHUHR,https://villiers.ai/empty-legs/krdk-ktex-challenger-300-2026-09-08-5aeb3354?id=ADHUHR,https://villiers.ai/empty-legs/krdk-ktex-challenger-300-2026-09-08-5aeb3354?id=ADHUHR,"Mon, 07 Sep 2026 16:12:40 GMT",2026-09-19T17:49:50+00:00
https://villiers.ai/empty-legs/ksba-ksjc-citation-x-2026-09-08-62b90d5a?id=ADHUHR,inactive,removed,2026-09-07T16:17:02+00:00,2026-09-08T19:17:02+00:00,2026-09-19T17:49:50+00:00,"CITATION X | Santa Barbara Municipal Airport → San Jose International Airport | $8,600",,CITATION X,KSBA - Santa Barbara Municipal Airport,KSBA,SBA,Santa Barbara Municipal Airport,Santa Barbara,US,KSJC - San Jose International Airport,KSJC,SJC,Norman Y Mineta San Jose International Airport,San Jose,US,08 September 2026,2026-09-08,12:00,12:55,56m,"$8,600",8600,USD,$,12,https://villiers.ai/empty-legs/ksba-ksjc-citation-x-2026-09-08-62b90d5a?id=ADHUHR,https://villiers.ai/empty-legs/ksba-ksjc-citation-x-2026-09-08-62b90d5a?id=ADHUHR,https://villiers.ai/empty-legs/ksba-ksjc-citation-x-2026-09-08-62b90d5a?id=ADHUHR,"Mon, 07 Sep 2026 16:12:56 GMT",2026-09-19T17:49:50+00:00
https://villiers.ai/empty-legs/ksfo-kvny-citation-x-2026-09-08-e273780a?id=ADHUHR,inactive,removed,2026-09-07T16:17:02+00:00,2026-09-08T19:17:02+00:00,2026-09-19T17:49:50+00:00,"CITATION X | San Francisco International Airport → Van Nuys Airport | $8,600",,CITATION X,KSFO - San Francisco International Airport,KSFO,SFO,San Francisco International Airport,San Francisco,US,KVNY - Van Nuys Airport,KVNY,VNY,Van Nuys Airport,Van Nuys,US,08 September 2026,2026-09-08,12:00,13:05,1h 6m,"$8,600",8600,USD,$,12,https://villiers.ai/empty-legs/ksfo-kvny-citation-x-2026-09-08-e273780a?id=ADHUHR,https://villiers.ai/empty-legs/ksfo-kvny-citation-x-2026-09-08-e273780a?id=ADHUHR,https://villiers.ai/empty-legs/ksfo-kvny-citation-x-2026-09-08-e273780a?id=ADHUHR,"Mon, 07 Sep 2026 16:12:57 GMT",2026-09-19T17:49:50+00:00
https://villiers.ai/empty-legs/ksjc-kpga-citation-x-2026-09-08-013f16ba?id=ADHUHR,inactive,removed,2026-09-07T16:17:02+00:00,2026-09-08T19:17:02+00:00,2026-09-19T17:49:50+00:00,"CITATION X | San Jose International Airport → Page Municipal Airport | $8,600",,CITATION X,KSJC - San Jose International Airport,KSJC,SJC,Norman Y Mineta San Jose International Airport,San Jose,US,KPGA - Page Municipal Airport,KPGA,PGA,Page Municipal Airport,Page,US,08 September 2026,2026-09-08,12:00,13:34,1h 34m,"$8,600",8600,USD,$,12,https://villiers.ai/empty-legs/ksjc-kpga-citation-x-2026-09-08-013f16ba?id=ADHUHR,https://villiers.ai/empty-legs/ksjc-kpga-citation-x-2026-09-08-013f16ba?id=ADHUHR,https://villiers.ai/empty-legs/ksjc-kpga-citation-x-2026-09-08-013f16ba?id=ADHUHR,"Mon, 07 Sep 2026 16:12:57 GMT",2026-09-19T17:49:50+00:00
https://villiers.ai/empty-legs/kteb-kack-citation-x-2026-09-08-0b3eb5d7?id=ADHUHR,inactive,removed,2026-09-07T16:17:02+00:00,2026-09-08T19:17:02+00:00,2026-09-19T17:49:50+00:00,"CITATION X | Teterboro Airport → Nantucket Memorial Airport | $8,600",,CITATION X,KTEB - Teterboro Airport,KTEB,TEB,Teterboro Airport,Teterboro,US,KACK - Nantucket Memorial Airport,KACK,ACK,Nantucket Memorial Airport,Nantucket,US,08 September 2026,2026-09-08,12:00,12:53,53m,"$8,600",8600,USD,$,12,https://villiers.ai/empty-legs/kteb-kack-citation-x-2026-09-08-0b3eb5d7?id=ADHUHR,https://villiers.ai/empty-legs/kteb-kack-citation-x-2026-09-08-0b3eb5d7?id=ADHUHR,https://villiers.ai/empty-legs/kteb-kack-citation-x-2026-09-08-0b3eb5d7?id=ADHUHR,"Mon, 07 Sep 2026 16:12:51 GMT",2026-09-19T17:49:50+00:00
https://villiers.ai/empty-legs/kteb-kfok-citation-x-2026-09-08-dc9f023f?id=ADHUHR,inactive,removed,2026-09-07T16:17:02+00:00,2026-09-08T19:17:02+00:00,2026-09-19T17:49:50+00:00,"CITATION X | Teterboro Airport → Francis S Gabreski Airport | $8,600",,CITATION X,KTEB - Teterboro Airport,KTEB,TEB,Teterboro Airport,Teterboro,US,KFOK - Francis S Gabreski Airport,KFOK,FOK,Francis S Gabreski Airport,Westhampton Beach,US,08 September 2026,2026-09-08,12:00,12:38,38m,"$8,600",8600,USD,$,12,https://villiers.ai/empty-legs/kteb-kfok-citation-x-2026-09-08-dc9f023f?id=ADHUHR,https://villiers.ai/empty-legs/kteb-kfok-citation-x-2026-09-08-dc9f023f?id=ADHUHR,https://villiers.ai/empty-legs/kteb-kfok-citation-x-2026-09-08-dc9f023f?id=ADHUHR,"Mon, 07 Sep 2026 16:12:52 GMT",2026-09-19T17:49:50+00:00
https://villiers.ai/empty-legs/kteb-kmvy-challenger-300-2026-09-08-06721a37?id=ADHUHR,inactive,removed,2026-09-07T16:17:02+00:00,2026-09-08T19:17:02+00:00,2026-09-19T17:49:50+00:00,"CHALLENGER 300 | Teterboro Airport → Martha's Vineyard Airport | $8,600",,CHALLENGER 300,KTEB - Teterboro Airport,KTEB,TEB,Teterboro Airport,Teterboro,US,KMVY - Martha's Vineyard Airport,KMVY,MVY,Martha's Vineyard Airport,Vineyard Haven,US,08 September 2026,2026-09-08,12:00,12:50,50m,"$8,600",8600,USD,$,10,https://villiers.ai/empty-legs/kteb-kmvy-challenger-300-2026-09-08-06721a37?id=ADHUHR,https://villiers.ai/empty-legs/kteb-kmvy-challenger-300-2026-09-08-06721a37?id=ADHUHR,https://villiers.ai/empty-legs/kteb-kmvy-challenger-300-2026-09-08-06721a37?id=ADHUHR,"Mon, 07 Sep 2026 16:12:38 GMT",2026-09-19T17:49:50+00:00
https://villiers.ai/empty-legs/ktki-khum-challenger-300-2026-09-08-a5423b37?id=ADHUHR,inactive,removed,2026-09-07T16:17:02+00:00,2026-09-08T19:17:02+00:00,2026-09-19T17:49:50+00:00,"CHALLENGER 300 | McKinney National Airport → Houma Terrebonne Airport | $8,600",,CHALLENGER 300,KTKI - McKinney National Airport,KTKI,,Mckinney Ntl Airport,Dallas,US,KHUM - Houma Terrebonne Airport,KHUM,HUM,Houma-Terrebonne Airport,Houma,US,08 September 2026,2026-09-08,12:00,13:17,1h 18m,"$8,600",8600,USD,$,10,https://villiers.ai/empty-legs/ktki-khum-challenger-300-2026-09-08-a5423b37?id=ADHUHR,https://villiers.ai/empty-legs/ktki-khum-challenger-300-2026-09-08-a5423b37?id=ADHUHR,https://villiers.ai/empty-legs/ktki-khum-challenger-300-2026-09-08-a5423b37?id=ADHUHR,"Mon, 07 Sep 2026 16:12:42 GMT",2026-09-19T17:49:50+00:00
https://villiers.ai/empty-legs/kvny-kfhu-citation-x-2026-09-08-231ed2b7?id=ADHUHR,inactive,removed,2026-09-07T16:17:02+00:00,2026-09-08T19:17:02+00:00,2026-09-19T17:49:50+00:00,"CITATION X | Van Nuys Airport → Sierra Vista Municipal Airport / Libby Army Air Field | $8,600",,CITATION X,KVNY - Van Nuys Airport,KVNY,VNY,Van Nuys Airport,Van Nuys,US,KFHU - Sierra Vista Municipal Airport / Libby Army Air Field,KFHU,FHU,Sierra Vista Municipal-Libby Army Air Field,Fort Huachuca Sierra Vista,US,08 September 2026,2026-09-08,12:00,13:26,1h 26m,"$8,600",8600,USD,$,12,https://villiers.ai/empty-legs/kvny-kfhu-citation-x-2026-09-08-231ed2b7?id=ADHUHR,https://villiers.ai/empty-legs/kvny-kfhu-citation-x-2026-09-08-231ed2b7?id=ADHUHR,https://villiers.ai/empty-legs/kvny-kfhu-citation-x-2026-09-08-231ed2b7?id=ADHUHR,"Mon, 07 Sep 2026 16:12:50 GMT",2026-09-19T17:49:50+00:00
https://villiers.ai/empty-legs/kack-kbed-challenger-300-2026-09-09-029f3da3?id=ADHUHR,inactive,removed,2026-09-07T16:17:02+00:00,2026-09-08T19:17:02+00:00,2026-09-19T17:49:50+00:00,"CHALLENGER 300 | Nantucket Memorial Airport → Laurence G Hanscom Field | $8,600",,CHALLENGER 300,KACK - Nantucket Memorial Airport,KACK,ACK,Nantucket Memorial Airport,Nantucket,US,KBED - Laurence G Hanscom Field,KBED,BED,Laurence G Hanscom Field,Bedford,US,09 September 2026,2026-09-09,12:00,12:41,42m,"$8,600",8600,USD,$,10,https://villiers.ai/empty-legs/kack-kbed-challenger-300-2026-09-09-029f3da3?id=ADHUHR,https://villiers.ai/empty-legs/kack-kbed-challenger-300-2026-09-09-029f3da3?id=ADHUHR,https://villiers.ai/empty-legs/kack-kbed-challenger-300-2026-09-09-029f3da3?id=ADHUHR,"Mon, 07 Sep 2026 16:12:43 GMT",2026-09-19T17:49:50+00:00
https://villiers.ai/empty-legs/kals-khou-pilatus-pc-12-ng-2026-09-09-9df62e52?id=ADHUHR,inactive,removed,2026-09-03T17:47:01+00:00,2026-09-08T19:17:02+00:00,2026-09-19T17:49:50+00:00,"Pilatus PC-12 NG | San Luis Valley Regional Airport/Bergman Field → William P. Hobby Airport | $6,665",,Pilatus PC-12 NG,KALS - San Luis Valley Regional Airport/Bergman Field,KALS,ALS,San Luis Valley Regional/Bergman Field,Alamosa,US,KHOU - William P. Hobby Airport,KHOU,HOU,William P Hobby Airport,Houston,US,09 September 2026,2026-09-09,12:00,14:00,2h 0m,"$6,665",6665,USD,$,7,https://villiers.ai/empty-legs/kals-khou-pilatus-pc-12-ng-2026-09-09-9df62e52?id=ADHUHR,https://villiers.ai/empty-legs/kals-khou-pilatus-pc-12-ng-2026-09-09-9df62e52?id=ADHUHR,https://villiers.ai/empty-legs/kals-khou-pilatus-pc-12-ng-2026-09-09-9df62e52?id=ADHUHR,"Thu, 03 Sep 2026 17:43:55 GMT",2026-09-19T17:49:50+00:00
https://villiers.ai/empty-legs/kboi-ksfo-citation-x-2026-09-09-38a79b58?id=ADHUHR,inactive,removed,2026-09-07T16:17:02+00:00,2026-09-08T19:17:02+00:00,2026-09-19T17:49:50+00:00,"CITATION X | Boise Air Terminal/Gowen Field → San Francisco International Airport | $9,675",,CITATION X,KBOI - Boise Air Terminal/Gowen Field,KBOI,BOI,Boise Air Trml/Gowen Field,Boise,US,KSFO - San Francisco International Airport,KSFO,SFO,San Francisco International Airport,San Francisco,US,09 September 2026,2026-09-09,12:00,13:27,1h 28m,"$9,675",9675,USD,$,12,https://villiers.ai/empty-legs/kboi-ksfo-citation-x-2026-09-09-38a79b58?id=ADHUHR,https://villiers.ai/empty-legs/kboi-ksfo-citation-x-2026-09-09-38a79b58?id=ADHUHR,https://villiers.ai/empty-legs/kboi-ksfo-citation-x-2026-09-09-38a79b58?id=ADHUHR,"Mon, 07 Sep 2026 16:12:58 GMT",2026-09-19T17:49:50+00:00
https://villiers.ai/empty-legs/kdal-kaus-challenger-300-2026-09-09-7862d2ae?id=ADHUHR,inactive,removed,2026-09-07T16:17:02+00:00,2026-09-08T19:17:02+00:00,2026-09-19T17:49:50+00:00,"CHALLENGER 300 | Dallas Love Field → Austin Bergstrom International Airport | $8,600",,CHALLENGER 300,KDAL - Dallas Love Field,KDAL,DAL,Dallas Love Field,Dallas,US,KAUS - Austin Bergstrom International Airport,KAUS,AUS,Austin-Bergstrom International Airport,Austin,US,09 September 2026,2026-09-09,12:00,12:50,51m,"$8,600",8600,USD,$,10,https://villiers.ai/empty-legs/kdal-kaus-challenger-300-2026-09-09-7862d2ae?id=ADHUHR,https://villiers.ai/empty-legs/kdal-kaus-challenger-300-2026-09-09-7862d2ae?id=ADHUHR,https://villiers.ai/empty-legs/kdal-kaus-challenger-300-2026-09-09-7862d2ae?id=ADHUHR,"Mon, 07 Sep 2026 16:12:43 GMT",2026-09-19T17:49:50+00:00
https://villiers.ai/empty-legs/kewr-kvny-challenger-300-2026-09-09-64102622?id=ADHUHR,inactive,removed,2026-09-07T16:17:02+00:00,2026-09-08T19:17:02+00:00,2026-09-19T17:49:50+00:00,"CHALLENGER 300 | Newark Liberty International Airport → Van Nuys Airport | $32,250",,CHALLENGER 300,KEWR - Newark Liberty International Airport,KEWR,EWR,Newark Liberty International Airport,Newark,US,KVNY - Van Nuys Airport,KVNY,VNY,Van Nuys Airport,Van Nuys,US,09 September 2026,2026-09-09,12:00,17:01,5h 1m,"$32,250",32250,USD,$,10,https://villiers.ai/empty-legs/kewr-kvny-challenger-300-2026-09-09-64102622?id=ADHUHR,https://villiers.ai/empty-legs/kewr-kvny-challenger-300-2026-09-09-64102622?id=ADHUHR,https://villiers.ai/empty-legs/kewr-kvny-challenger-300-2026-09-09-64102622?id=ADHUHR,"Mon, 07 Sep 2026 16:12:44 GMT",2026-09-19T17:49:50+00:00
https://villiers.ai/empty-legs/kfll-kfok-citation-x-2026-09-09-51ce4aa4?id=ADHUHR,inactive,removed,2026-09-07T16:17:02+00:00,2026-09-08T19:17:02+00:00,2026-09-19T17:49:50+00:00,"CITATION X | Fort Lauderdale Hollywood International Airport → Francis S Gabreski Airport | $12,900",,CITATION X,KFLL - Fort Lauderdale Hollywood International Airport,KFLL,FLL,Fort Lauderdale/Hollywood International Airport,Fort Lauderdale,US,KFOK - Francis S Gabreski Airport,KFOK,FOK,Francis S Gabreski Airport,Westhampton Beach,US,09 September 2026,2026-09-09,12:00,14:32,2h 33m,"$12,900",12900,USD,$,12,https://villiers.ai/empty-legs/kfll-kfok-citation-x-2026-09-09-51ce4aa4?id=ADHUHR,https://villiers.ai/empty-legs/kfll-kfok-citation-x-2026-09-09-51ce4aa4?id=ADHUHR,https://villiers.ai/empty-legs/kfll-kfok-citation-x-2026-09-09-51ce4aa4?id=ADHUHR,"Mon, 07 Sep 2026 16:12:59 GMT",2026-09-19T17:49:50+00:00
https://villiers.ai/empty-legs/kfok-ktpa-challenger-300-2026-09-09-4191694b?id=ADHUHR,inactive,removed,2026-09-07T16:17:02+00:00,2026-09-08T19:17:02+00:00,2026-09-19T17:49:50+00:00,"CHALLENGER 300 | Francis S Gabreski Airport → Tampa International Airport | $12,900",,CHALLENGER 300,KFOK - Francis S Gabreski Airport,KFOK,FOK,Francis S Gabreski Airport,Westhampton Beach,US,KTPA - Tampa International Airport,KTPA,TPA,Tampa International Airport,Tampa,US,09 September 2026,2026-09-09,12:00,14:26,2h 27m,"$12,900",12900,USD,$,10,https://villiers.ai/empty-legs/kfok-ktpa-challenger-300-2026-09-09-4191694b?id=ADHUHR,https://villiers.ai/empty-legs/kfok-ktpa-challenger-300-2026-09-09-4191694b?id=ADHUHR,https://villiers.ai/empty-legs/kfok-ktpa-challenger-300-2026-09-09-4191694b?id=ADHUHR,"Mon, 07 Sep 2026 16:12:44 GMT",2026-09-19T17:49:50+00:00
https://villiers.ai/empty-legs/khou-kerv-cessna-citation-ultra-2026-09-09-100d1091?id=ADHUHR,inactive,removed,2026-08-19T23:17:01+00:00,2026-09-08T19:17:02+00:00,2026-09-19T17:49:50+00:00,"Cessna Citation Ultra | William P. Hobby Airport → Kerrville / Kerr County Airport at Louis Schreiner Field | $3,118",,Cessna Citation Ultra,KHOU - William P. Hobby Airport,KHOU,HOU,William P Hobby Airport,Houston,US,KERV - Kerrville / Kerr County Airport at Louis Schreiner Field,KERV,ERV,Kerrville Municipal/Louis Schreiner Field,Kerrville,US,09 September 2026,2026-09-09,12:00,12:55,55m,"$3,118",3118,USD,$,7,https://villiers.ai/empty-legs/khou-kerv-cessna-citation-ultra-2026-09-09-100d1091?id=ADHUHR,https://villiers.ai/empty-legs/khou-kerv-cessna-citation-ultra-2026-09-09-100d1091?id=ADHUHR,https://villiers.ai/empty-legs/khou-kerv-cessna-citation-ultra-2026-09-09-100d1091?id=ADHUHR,"Wed, 19 Aug 2026 22:51:09 GMT",2026-09-19T17:49:50+00:00
https://villiers.ai/empty-legs/khpn-kapf-citation-x-2026-09-09-09eabab0?id=ADHUHR,inactive,removed,2026-09-07T16:17:02+00:00,2026-09-08T19:17:02+00:00,2026-09-19T17:49:50+00:00,"CITATION X | Westchester County Airport → Naples Municipal Airport | $12,900",,CITATION X,KHPN - Westchester County Airport,KHPN,HPN,Westchester County Airport,White Plains,US,KAPF - Naples Municipal Airport,KAPF,APF,Naples Municipal Airport,Naples,US,09 September 2026,2026-09-09,12:00,14:35,2h 35m,"$12,900",12900,USD,$,12,https://villiers.ai/empty-legs/khpn-kapf-citation-x-2026-09-09-09eabab0?id=ADHUHR,https://villiers.ai/empty-legs/khpn-kapf-citation-x-2026-09-09-09eabab0?id=ADHUHR,https://villiers.ai/empty-legs/khpn-kapf-citation-x-2026-09-09-09eabab0?id=ADHUHR,"Mon, 07 Sep 2026 16:13:00 GMT",2026-09-19T17:49:50+00:00
https://villiers.ai/empty-legs/kiad-kbhb-citation-x-2026-09-09-98eb0d98?id=ADHUHR,inactive,removed,2026-09-07T16:17:02+00:00,2026-09-08T19:17:02+00:00,2026-09-19T17:49:50+00:00,"CITATION X | Washington Dulles International Airport → Hancock County-Bar Harbor Airport | $8,600",,CITATION X,KIAD - Washington Dulles International Airport,KIAD,IAD,Washington Dulles International Airport,Washington,US,KBHB - Hancock County-Bar Harbor Airport,KBHB,BHB,Hancock County/Bar Harbor Airport,Bar Harbor,US,09 September 2026,2026-09-09,12:00,13:36,1h 37m,"$8,600",8600,USD,$,12,https://villiers.ai/empty-legs/kiad-kbhb-citation-x-2026-09-09-98eb0d98?id=ADHUHR,https://villiers.ai/empty-legs/kiad-kbhb-citation-x-2026-09-09-98eb0d98?id=ADHUHR,https://villiers.ai/empty-legs/kiad-kbhb-citation-x-2026-09-09-98eb0d98?id=ADHUHR,"Mon, 07 Sep 2026 16:13:01 GMT",2026-09-19T17:49:50+00:00
https://villiers.ai/empty-legs/kopf-kapf-citation-x-2026-09-09-a8bced77?id=ADHUHR,inactive,removed,2026-09-07T16:17:02+00:00,2026-09-08T19:17:02+00:00,2026-09-19T17:49:50+00:00,"CITATION X | Miami-Opa Locka Executive Airport → Naples Municipal Airport | $8,600",,CITATION X,KOPF - Miami-Opa Locka Executive Airport,KOPF,OPF,Miami-Opa Locka Executive Airport,Miami,US,KAPF - Naples Municipal Airport,KAPF,APF,Naples Municipal Airport,Naples,US,09 September 2026,2026-09-09,12:00,12:40,40m,"$8,600",8600,USD,$,12,https://villiers.ai/empty-legs/kopf-kapf-citation-x-2026-09-09-a8bced77?id=ADHUHR,https://villiers.ai/empty-legs/kopf-kapf-citation-x-2026-09-09-a8bced77?id=ADHUHR,https://villiers.ai/empty-legs/kopf-kapf-citation-x-2026-09-09-a8bced77?id=ADHUHR,"Mon, 07 Sep 2026 16:12:58 GMT",2026-09-19T17:49:50+00:00
https://villiers.ai/empty-legs/kpdk-kiad-challenger-300-2026-09-09-658bcbf4?id=ADHUHR,inactive,removed,2026-09-07T16:17:02+00:00,2026-09-08T19:17:02+00:00,2026-09-19T17:49:50+00:00,"CHALLENGER 300 | DeKalb Peachtree Airport → Washington Dulles International Airport | $8,600",,CHALLENGER 300,KPDK - DeKalb Peachtree Airport,KPDK,PDK,Dekalb-Peachtree Airport,Atlanta,US,KIAD - Washington Dulles International Airport,KIAD,IAD,Washington Dulles International Airport,Washington,US,09 September 2026,2026-09-09,12:00,13:27,1h 27m,"$8,600",8600,USD,$,10,https://villiers.ai/empty-legs/kpdk-kiad-challenger-300-2026-09-09-658bcbf4?id=ADHUHR,https://villiers.ai/empty-legs/kpdk-kiad-challenger-300-2026-09-09-658bcbf4?id=ADHUHR,https://villiers.ai/empty-legs/kpdk-kiad-challenger-300-2026-09-09-658bcbf4?id=ADHUHR,"Mon, 07 Sep 2026 16:12:45 GMT",2026-09-19T17:49:50+00:00
https://villiers.ai/empty-legs/krdk-kacy-citation-x-2026-09-09-1ef0de84?id=ADHUHR,inactive,removed,2026-09-07T16:17:02+00:00,2026-09-08T19:17:02+00:00,2026-09-19T17:49:50+00:00,"CITATION X | Red Oak Municipal Airport → Atlantic City International Airport | $27,950",,CITATION X,KRDK - Red Oak Municipal Airport,KRDK,,Red Oak Municipal Airport,Red Oak,US,KACY - Atlantic City International Airport,KACY,ACY,Atlantic City International Airport,Atlantic City,US,09 September 2026,2026-09-09,12:00,14:31,2h 31m,"$27,950",27950,USD,$,12,https://villiers.ai/empty-legs/krdk-kacy-citation-x-2026-09-09-1ef0de84?id=ADHUHR,https://villiers.ai/empty-legs/krdk-kacy-citation-x-2026-09-09-1ef0de84?id=ADHUHR,https://villiers.ai/empty-legs/krdk-kacy-citation-x-2026-09-09-1ef0de84?id=ADHUHR,"Mon, 07 Sep 2026 16:13:01 GMT",2026-09-19T17:49:50+00:00
https://villiers.ai/empty-legs/ksat-klit-citation-x-2026-09-09-1633d4e9?id=ADHUHR,inactive,removed,2026-09-07T16:17:02+00:00,2026-09-08T19:17:02+00:00,2026-09-19T17:49:50+00:00,"CITATION X | San Antonio International Airport → Bill & Hillary Clinton National Airport/Adams Field | $9,675",,CITATION X,KSAT - San Antonio International Airport,KSAT,SAT,San Antonio International Airport,San Antonio,US,KLIT - Bill & Hillary Clinton National Airport/Adams Field,KLIT,LIT,Bill And Hillary Clinton Ntl/Adams Field,Little Rock,US,09 September 2026,2026-09-09,12:00,13:26,1h 27m,"$9,675",9675,USD,$,12,https://villiers.ai/empty-legs/ksat-klit-citation-x-2026-09-09-1633d4e9?id=ADHUHR,https://villiers.ai/empty-legs/ksat-klit-citation-x-2026-09-09-1633d4e9?id=ADHUHR,https://villiers.ai/empty-legs/ksat-klit-citation-x-2026-09-09-1633d4e9?id=ADHUHR,"Mon, 07 Sep 2026 16:13:02 GMT",2026-09-19T17:49:50+00:00
https://villiers.ai/empty-legs/ksez-kcrq-cessna-citation-cj3-2026-09-09-ff69ad30?id=ADHUHR,inactive,removed,2026-09-02T06:47:02+00:00,2026-09-08T19:17:02+00:00,2026-09-19T17:49:50+00:00,"Cessna Citation CJ3 | Sedona Airport → McClellan-Palomar Airport | $6,396",,Cessna Citation CJ3,KSEZ - Sedona Airport,KSEZ,SDX,Sedona Airport,Sedona,US,KCRQ - McClellan-Palomar Airport,KCRQ,CLD,Mc Clellan-Palomar Airport,Carlsbad,US,09 September 2026,2026-09-09,12:00,13:07,1h 7m,"$6,396",6396,USD,$,8,https://villiers.ai/empty-legs/ksez-kcrq-cessna-citation-cj3-2026-09-09-ff69ad30?id=ADHUHR,https://villiers.ai/empty-legs/ksez-kcrq-cessna-citation-cj3-2026-09-09-ff69ad30?id=ADHUHR,https://villiers.ai/empty-legs/ksez-kcrq-cessna-citation-cj3-2026-09-09-ff69ad30?id=ADHUHR,"Wed, 02 Sep 2026 06:27:03 GMT",2026-09-19T17:49:50+00:00
https://villiers.ai/empty-legs/kteb-kisp-citation-x-2026-09-09-b88906e6?id=ADHUHR,inactive,removed,2026-09-07T16:17:02+00:00,2026-09-08T19:17:02+00:00,2026-09-19T17:49:50+00:00,"CITATION X | Teterboro Airport → Long Island Mac Arthur Airport | $8,600",,CITATION X,KTEB - Teterboro Airport,KTEB,TEB,Teterboro Airport,Teterboro,US,KISP - Long Island Mac Arthur Airport,KISP,ISP,Long Island Mac Arthur Airport,New York,US,09 September 2026,2026-09-09,12:00,12:35,36m,"$8,600",8600,USD,$,12,https://villiers.ai/empty-legs/kteb-kisp-citation-x-2026-09-09-b88906e6?id=ADHUHR,https://villiers.ai/empty-legs/kteb-kisp-citation-x-2026-09-09-b88906e6?id=ADHUHR,https://villiers.ai/empty-legs/kteb-kisp-citation-x-2026-09-09-b88906e6?id=ADHUHR,"Mon, 07 Sep 2026 16:12:58 GMT",2026-09-19T17:49:50+00:00
https://villiers.ai/empty-legs/kaus-khys-cessna-citation-ultra-2026-09-10-002552da?id=ADHUHR,inactive,removed,2026-08-29T05:17:02+00:00,2026-09-08T19:17:02+00:00,2026-09-19T17:49:50+00:00,"Cessna Citation Ultra | Austin Bergstrom International Airport → Hays Regional Airport | $5,913",,Cessna Citation Ultra,KAUS - Austin Bergstrom International Airport,KAUS,AUS,Austin-Bergstrom International Airport,Austin,US,KHYS - Hays Regional Airport,KHYS,HYS,Hays Regional Airport,Hays,US,10 September 2026,2026-09-10,12:00,13:37,1h 37m,"$5,913",5913,USD,$,7,https://villiers.ai/empty-legs/kaus-khys-cessna-citation-ultra-2026-09-10-002552da?id=ADHUHR,https://villiers.ai/empty-legs/kaus-khys-cessna-citation-ultra-2026-09-10-002552da?id=ADHUHR,https://villiers.ai/empty-legs/kaus-khys-cessna-citation-ultra-2026-09-10-002552da?id=ADHUHR,"Sat, 29 Aug 2026 05:00:41 GMT",2026-09-19T17:49:50+00:00
https://villiers.ai/empty-legs/kdal-ksba-cessna-citation-ultra-2026-09-10-e8cdacb8?id=ADHUHR,inactive,removed,2026-08-29T05:17:02+00:00,2026-09-08T19:17:02+00:00,2026-09-19T17:49:50+00:00,"Cessna Citation Ultra | Dallas Love Field → Santa Barbara Municipal Airport | $13,438",,Cessna Citation Ultra,KDAL - Dallas Love Field,KDAL,DAL,Dallas Love Field,Dallas,US,KSBA - Santa Barbara Municipal Airport,KSBA,SBA,Santa Barbara Municipal Airport,Santa Barbara,US,10 September 2026,2026-09-10,12:00,14:56,2h 57m,"$13,438",13438,USD,$,7,https://villiers.ai/empty-legs/kdal-ksba-cessna-citation-ultra-2026-09-10-e8cdacb8?id=ADHUHR,https://villiers.ai/empty-legs/kdal-ksba-cessna-citation-ultra-2026-09-10-e8cdacb8?id=ADHUHR,https://villiers.ai/empty-legs/kdal-ksba-cessna-citation-ultra-2026-09-10-e8cdacb8?id=ADHUHR,"Sat, 29 Aug 2026 05:00:41 GMT",2026-09-19T17:49:50+00:00
https://villiers.ai/empty-legs/kgtu-kdwh-cessna-citation-ultra-2026-09-10-f4658c4c?id=ADHUHR,inactive,removed,2026-09-08T13:47:01+00:00,2026-09-08T19:17:02+00:00,2026-09-19T17:49:50+00:00,"Cessna Citation Ultra | Georgetown Executive Airport at Johnny Gantt Field → David Wayne Hooks Memorial Airport | $1,720",,Cessna Citation Ultra,KGTU - Georgetown Executive Airport at Johnny Gantt Field,KGTU,,Georgetown Executive Airport,Georgetown,US,KDWH - David Wayne Hooks Memorial Airport,KDWH,DWH,David Wayne Hooks Memorial Airport,Houston,US,10 September 2026,2026-09-10,12:00,12:44,45m,"$1,720",1720,USD,$,7,https://villiers.ai/empty-legs/kgtu-kdwh-cessna-citation-ultra-2026-09-10-f4658c4c?id=ADHUHR,https://villiers.ai/empty-legs/kgtu-kdwh-cessna-citation-ultra-2026-09-10-f4658c4c?id=ADHUHR,https://villiers.ai/empty-legs/kgtu-kdwh-cessna-citation-ultra-2026-09-10-f4658c4c?id=ADHUHR,"Tue, 08 Sep 2026 13:36:35 GMT",2026-09-19T17:49:50+00:00
https://villiers.ai/empty-legs/khou-kdal-cessna-citation-ultra-2026-09-10-db499a15?id=ADHUHR,inactive,removed,2026-09-05T15:17:02+00:00,2026-09-08T19:17:02+00:00,2026-09-19T17:49:50+00:00,"Cessna Citation Ultra | William P. Hobby Airport → Dallas Love Field | $3,118",,Cessna Citation Ultra,KHOU - William P. Hobby Airport,KHOU,HOU,William P Hobby Airport,Houston,US,KDAL - Dallas Love Field,KDAL,DAL,Dallas Love Field,Dallas,US,10 September 2026,2026-09-10,12:00,12:56,57m,"$3,118",3118,USD,$,7,https://villiers.ai/empty-legs/khou-kdal-cessna-citation-ultra-2026-09-10-db499a15?id=ADHUHR,https://villiers.ai/empty-legs/khou-kdal-cessna-citation-ultra-2026-09-10-db499a15?id=ADHUHR,https://villiers.ai/empty-legs/khou-kdal-cessna-citation-ultra-2026-09-10-db499a15?id=ADHUHR,"Sat, 05 Sep 2026 15:03:06 GMT",2026-09-19T17:49:50+00:00
https://villiers.ai/empty-legs/khou-ksba-cessna-citation-v-2026-09-10-f2af0be7?id=ADHUHR,inactive,removed,2026-08-25T17:47:01+00:00,2026-09-08T19:17:02+00:00,2026-09-19T17:49:50+00:00,"Cessna Citation V | William P. Hobby Airport → Santa Barbara Municipal Airport | $15,480",,Cessna Citation V,KHOU - William P. Hobby Airport,KHOU,HOU,William P Hobby Airport,Houston,US,KSBA - Santa Barbara Municipal Airport,KSBA,SBA,Santa Barbara Municipal Airport,Santa Barbara,US,10 September 2026,2026-09-10,12:00,15:13,3h 13m,"$15,480",15480,USD,$,7,https://villiers.ai/empty-legs/khou-ksba-cessna-citation-v-2026-09-10-f2af0be7?id=ADHUHR,https://villiers.ai/empty-legs/khou-ksba-cessna-citation-v-2026-09-10-f2af0be7?id=ADHUHR,https://villiers.ai/empty-legs/khou-ksba-cessna-citation-v-2026-09-10-f2af0be7?id=ADHUHR,"Tue, 25 Aug 2026 17:17:16 GMT",2026-09-19T17:49:50+00:00
https://villiers.ai/empty-legs/kiws-kpil-2026-09-10?id=ADHUHR,inactive,removed,2026-08-05T22:38:36+00:00,2026-09-08T19:17:02+00:00,2026-09-19T17:49:50+00:00,"Pilatus PC 12 NG | West Houston Airport → Port Isabel Cameron County Airport | $3,520",,Pilatus PC 12 NG,KIWS - West Houston Airport,KIWS,IWS,West Houston Airport,Houston,US,KPIL - Port Isabel Cameron County Airport,KPIL,,Cameron County Airport,Port Isabel,US,10 September 2026,2026-09-10,12:00,13:00,1h 0m,"$3,520",3520,USD,$,7,https://villiers.ai/empty-legs/kiws-kpil-2026-09-10?id=ADHUHR,https://villiers.ai/empty-legs/kiws-kpil-2026-09-10?id=ADHUHR,https://villiers.ai/empty-legs/kiws-kpil-2026-09-10?id=ADHUHR,"Tue, 24 Mar 2026 12:35:16 GMT",2026-09-19T17:49:50+00:00
https://villiers.ai/empty-legs/kmsl-kdwh-cessna-citation-ultra-2026-09-10-0eee0891?id=ADHUHR,inactive,removed,2026-08-26T17:17:02+00:00,2026-09-08T19:17:02+00:00,2026-09-19T17:49:50+00:00,"Cessna Citation Ultra | Northwest Alabama Regional Airport → David Wayne Hooks Memorial Airport | $6,235",,Cessna Citation Ultra,KMSL - Northwest Alabama Regional Airport,KMSL,MSL,Northwest Alabama Regional Airport,Muscle Shoals,US,KDWH - David Wayne Hooks Memorial Airport,KDWH,DWH,David Wayne Hooks Memorial Airport,Houston,US,10 September 2026,2026-09-10,12:00,13:32,1h 33m,"$6,235",6235,USD,$,7,https://villiers.ai/empty-legs/kmsl-kdwh-cessna-citation-ultra-2026-09-10-0eee0891?id=ADHUHR,https://villiers.ai/empty-legs/kmsl-kdwh-cessna-citation-ultra-2026-09-10-0eee0891?id=ADHUHR,https://villiers.ai/empty-legs/kmsl-kdwh-cessna-citation-ultra-2026-09-10-0eee0891?id=ADHUHR,"Wed, 26 Aug 2026 16:50:01 GMT",2026-09-19T17:49:50+00:00
https://villiers.ai/empty-legs/ksaf-ksba-cessna-citation-ultra-2026-09-10-c91f6309?id=ADHUHR,inactive,removed,2026-09-05T15:17:02+00:00,2026-09-08T19:17:02+00:00,2026-09-19T17:49:50+00:00,"Cessna Citation Ultra | Santa Fe Municipal Airport → Santa Barbara Municipal Airport | $8,278",,Cessna Citation Ultra,KSAF - Santa Fe Municipal Airport,KSAF,SAF,Santa Fe Regional Airport,Santa Fe,US,KSBA - Santa Barbara Municipal Airport,KSBA,SBA,Santa Barbara Municipal Airport,Santa Barbara,US,10 September 2026,2026-09-10,12:00,13:56,1h 57m,"$8,278",8278,USD,$,7,https://villiers.ai/empty-legs/ksaf-ksba-cessna-citation-ultra-2026-09-10-c91f6309?id=ADHUHR,https://villiers.ai/empty-legs/ksaf-ksba-cessna-citation-ultra-2026-09-10-c91f6309?id=ADHUHR,https://villiers.ai/empty-legs/ksaf-ksba-cessna-citation-ultra-2026-09-10-c91f6309?id=ADHUHR,"Sat, 05 Sep 2026 15:03:06 GMT",2026-09-19T17:49:50+00:00
https://villiers.ai/empty-legs/ksts-kcrq-cessna-citation-xls-2026-09-10-0e0fd2b2?id=ADHUHR,inactive,removed,2026-09-02T06:47:02+00:00,2026-09-08T19:17:02+00:00,2026-09-19T17:49:50+00:00,"Cessna Citation XLS | Charles M. Schulz Sonoma County Airport → McClellan-Palomar Airport | $11,771",,Cessna Citation XLS,KSTS - Charles M. Schulz Sonoma County Airport,KSTS,STS,Charles M Schulz/Sonoma County Airport,Santa Rosa,US,KCRQ - McClellan-Palomar Airport,KCRQ,CLD,Mc Clellan-Palomar Airport,Carlsbad,US,10 September 2026,2026-09-10,12:00,13:23,1h 24m,"$11,771",11771,USD,$,8,https://villiers.ai/empty-legs/ksts-kcrq-cessna-citation-xls-2026-09-10-0e0fd2b2?id=ADHUHR,https://villiers.ai/empty-legs/ksts-kcrq-cessna-citation-xls-2026-09-10-0e0fd2b2?id=ADHUHR,https://villiers.ai/empty-legs/ksts-kcrq-cessna-citation-xls-2026-09-10-0e0fd2b2?id=ADHUHR,"Wed, 02 Sep 2026 06:27:03 GMT",2026-09-19T17:49:50+00:00
https://villiers.ai/empty-legs/kuox-khou-cessna-citation-ultra-2026-09-10-8a64246a?id=ADHUHR,inactive,removed,2026-08-25T17:47:01+00:00,2026-09-08T19:17:02+00:00,2026-09-19T17:49:50+00:00,"Cessna Citation Ultra | University Oxford Airport → William P. Hobby Airport | $5,160",,Cessna Citation Ultra,KUOX - University Oxford Airport,KUOX,UOX,University-Oxford Airport,Oxford,US,KHOU - William P. Hobby Airport,KHOU,HOU,William P Hobby Airport,Houston,US,10 September 2026,2026-09-10,12:00,13:22,1h 22m,"$5,160",5160,USD,$,7,https://villiers.ai/empty-legs/kuox-khou-cessna-citation-ultra-2026-09-10-8a64246a?id=ADHUHR,https://villiers.ai/empty-legs/kuox-khou-cessna-citation-ultra-2026-09-10-8a64246a?id=ADHUHR,https://villiers.ai/empty-legs/kuox-khou-cessna-citation-ultra-2026-09-10-8a64246a?id=ADHUHR,"Tue, 25 Aug 2026 17:17:16 GMT",2026-09-19T17:49:50+00:00
https://villiers.ai/empty-legs/lecu-lkpr-cessna-citation-sovereign-2026-09-10-49207600?id=ADHUHR,inactive,removed,2026-09-05T13:17:01+00:00,2026-09-08T19:17:02+00:00,2026-09-19T17:49:50+00:00,"Cessna Citation Sovereign | Madrid-Cuatro Vientos Airport → Václav Havel Airport Prague | €3,225",,Cessna Citation Sovereign,LECU - Madrid-Cuatro Vientos Airport,LECU,,Cuatro Vientos Airport,Madrid,ES,LKPR - Václav Havel Airport Prague,LKPR,PRG,Václav Havel Airport,Prague,CZ,10 September 2026,2026-09-10,16:50,19:22,2h 32m,"€3,225",3225,EUR,€,8,https://villiers.ai/empty-legs/lecu-lkpr-cessna-citation-sovereign-2026-09-10-49207600?id=ADHUHR,https://villiers.ai/empty-legs/lecu-lkpr-cessna-citation-sovereign-2026-09-10-49207600?id=ADHUHR,https://villiers.ai/empty-legs/lecu-lkpr-cessna-citation-sovereign-2026-09-10-49207600?id=ADHUHR,"Sat, 05 Sep 2026 12:50:50 GMT",2026-09-19T17:49:50+00:00
https://villiers.ai/empty-legs/kaus-khou-cessna-citation-ultra-2026-09-11-a67c74c7?id=ADHUHR,inactive,removed,2026-09-05T15:17:02+00:00,2026-09-08T19:17:02+00:00,2026-09-19T17:49:50+00:00,"Cessna Citation Ultra | Austin Bergstrom International Airport → William P. Hobby Airport | $2,150",,Cessna Citation Ultra,KAUS - Austin Bergstrom International Airport,KAUS,AUS,Austin-Bergstrom International Airport,Austin,US,KHOU - William P. Hobby Airport,KHOU,HOU,William P Hobby Airport,Houston,US,11 September 2026,2026-09-11,12:00,12:46,46m,"$2,150",2150,USD,$,7,https://villiers.ai/empty-legs/kaus-khou-cessna-citation-ultra-2026-09-11-a67c74c7?id=ADHUHR,https://villiers.ai/empty-legs/kaus-khou-cessna-citation-ultra-2026-09-11-a67c74c7?id=ADHUHR,https://villiers.ai/empty-legs/kaus-khou-cessna-citation-ultra-2026-09-11-a67c74c7?id=ADHUHR,"Sat, 05 Sep 2026 15:03:07 GMT",2026-09-19T17:49:50+00:00
https://villiers.ai/empty-legs/kdal-khys-cessna-citation-ultra-2026-09-11-63128f98?id=ADHUHR,inactive,removed,2026-08-19T00:17:03+00:00,2026-09-08T19:17:02+00:00,2026-09-19T17:49:50+00:00,"Cessna Citation Ultra | Dallas Love Field → Hays Regional Airport | $4,838",,Cessna Citation Ultra,KDAL - Dallas Love Field,KDAL,DAL,Dallas Love Field,Dallas,US,KHYS - Hays Regional Airport,KHYS,HYS,Hays Regional Airport,Hays,US,11 September 2026,2026-09-11,12:00,13:18,1h 18m,"$4,838",4838,USD,$,7,https://villiers.ai/empty-legs/kdal-khys-cessna-citation-ultra-2026-09-11-63128f98?id=ADHUHR,https://villiers.ai/empty-legs/kdal-khys-cessna-citation-ultra-2026-09-11-63128f98?id=ADHUHR,https://villiers.ai/empty-legs/kdal-khys-cessna-citation-ultra-2026-09-11-63128f98?id=ADHUHR,"Tue, 18 Aug 2026 17:30:04 GMT",2026-09-19T17:49:50+00:00
https://villiers.ai/empty-legs/kedc-khou-cessna-citation-ultra-2026-09-11-ca0963cf?id=ADHUHR,inactive,removed,2026-09-08T13:47:01+00:00,2026-09-08T19:17:02+00:00,2026-09-19T17:49:50+00:00,"Cessna Citation Ultra | Austin Executive Airport → William P. Hobby Airport | $2,150",,Cessna Citation Ultra,KEDC - Austin Executive Airport,KEDC,EDC,Austin Executive Airport,Austin,US,KHOU - William P. Hobby Airport,KHOU,HOU,William P Hobby Airport,Houston,US,11 September 2026,2026-09-11,12:00,12:46,46m,"$2,150",2150,USD,$,7,https://villiers.ai/empty-legs/kedc-khou-cessna-citation-ultra-2026-09-11-ca0963cf?id=ADHUHR,https://villiers.ai/empty-legs/kedc-khou-cessna-citation-ultra-2026-09-11-ca0963cf?id=ADHUHR,https://villiers.ai/empty-legs/kedc-khou-cessna-citation-ultra-2026-09-11-ca0963cf?id=ADHUHR,"Tue, 08 Sep 2026 13:36:35 GMT",2026-09-19T17:49:50+00:00
https://villiers.ai/empty-legs/kftw-khou-2026-09-11?id=ADHUHR,inactive,removed,2026-08-05T22:38:36+00:00,2026-09-08T19:17:02+00:00,2026-09-19T17:49:50+00:00,"Cessna Citation V | Fort Worth Meacham International Airport → William P. Hobby Airport | $3,118",,Cessna Citation V,KFTW - Fort Worth Meacham International Airport,KFTW,FTW,Fort Worth Meacham International Airport,Fort Worth,US,KHOU - William P. Hobby Airport,KHOU,HOU,William P Hobby Airport,Houston,US,11 September 2026,2026-09-11,12:00,12:57,58m,"$3,118",3118,USD,$,7,https://villiers.ai/empty-legs/kftw-khou-2026-09-11?id=ADHUHR,https://villiers.ai/empty-legs/kftw-khou-2026-09-11?id=ADHUHR,https://villiers.ai/empty-legs/kftw-khou-2026-09-11?id=ADHUHR,"Thu, 30 Jul 2026 02:41:57 GMT",2026-09-19T17:49:50+00:00
https://villiers.ai/empty-legs/kftw-khys-cessna-citation-ultra-2026-09-11-26d261c5?id=ADHUHR,inactive,removed,2026-08-19T23:17:01+00:00,2026-09-08T19:17:02+00:00,2026-09-19T17:49:50+00:00,"Cessna Citation Ultra | Fort Worth Meacham International Airport → Hays Regional Airport | $4,838",,Cessna Citation Ultra,KFTW - Fort Worth Meacham International Airport,KFTW,FTW,Fort Worth Meacham International Airport,Fort Worth,US,KHYS - Hays Regional Airport,KHYS,HYS,Hays Regional Airport,Hays,US,11 September 2026,2026-09-11,12:00,13:17,1h 18m,"$4,838",4838,USD,$,7,https://villiers.ai/empty-legs/kftw-khys-cessna-citation-ultra-2026-09-11-26d261c5?id=ADHUHR,https://villiers.ai/empty-legs/kftw-khys-cessna-citation-ultra-2026-09-11-26d261c5?id=ADHUHR,https://villiers.ai/empty-legs/kftw-khys-cessna-citation-ultra-2026-09-11-26d261c5?id=ADHUHR,"Wed, 19 Aug 2026 22:51:09 GMT",2026-09-19T17:49:50+00:00
https://villiers.ai/empty-legs/kt30-kdal-cessna-citation-ultra-2026-09-11-81306a86?id=ADHUHR,inactive,removed,2026-09-08T13:47:01+00:00,2026-09-08T19:17:02+00:00,2026-09-19T17:49:50+00:00,"Cessna Citation Ultra | Mc Kinley Field → Dallas Love Field | $3,118",,Cessna Citation Ultra,KT30 - Mc Kinley Field,KT30,,Mc Kinley Field,Pearsall,US,KDAL - Dallas Love Field,KDAL,DAL,Dallas Love Field,Dallas,US,11 September 2026,2026-09-11,12:00,13:04,1h 4m,"$3,118",3118,USD,$,7,https://villiers.ai/empty-legs/kt30-kdal-cessna-citation-ultra-2026-09-11-81306a86?id=ADHUHR,https://villiers.ai/empty-legs/kt30-kdal-cessna-citation-ultra-2026-09-11-81306a86?id=ADHUHR,https://villiers.ai/empty-legs/kt30-kdal-cessna-citation-ultra-2026-09-11-81306a86?id=ADHUHR,"Tue, 08 Sep 2026 13:36:35 GMT",2026-09-19T17:49:50+00:00
https://villiers.ai/empty-legs/kaus-khou-cessna-citation-v-2026-09-12-112f0f48?id=ADHUHR,inactive,removed,2026-08-10T14:17:01+00:00,2026-09-08T19:17:02+00:00,2026-09-19T17:49:50+00:00,"Cessna Citation V | Austin Bergstrom International Airport → William P. Hobby Airport | $2,150",,Cessna Citation V,KAUS - Austin Bergstrom International Airport,KAUS,AUS,Austin-Bergstrom International Airport,Austin,US,KHOU - William P. Hobby Airport,KHOU,HOU,William P Hobby Airport,Houston,US,12 September 2026,2026-09-12,12:00,12:46,46m,"$2,150",2150,USD,$,7,https://villiers.ai/empty-legs/kaus-khou-cessna-citation-v-2026-09-12-112f0f48?id=ADHUHR,https://villiers.ai/empty-legs/kaus-khou-cessna-citation-v-2026-09-12-112f0f48?id=ADHUHR,https://villiers.ai/empty-legs/kaus-khou-cessna-citation-v-2026-09-12-112f0f48?id=ADHUHR,"Mon, 10 Aug 2026 14:06:59 GMT",2026-09-19T17:49:50+00:00
https://villiers.ai/empty-legs/kaus-klbb-cessna-citation-ultra-2026-09-12-08f41c73?id=ADHUHR,inactive,removed,2026-09-06T22:47:01+00:00,2026-09-08T19:17:02+00:00,2026-09-19T17:49:50+00:00,"Cessna Citation Ultra | Austin Bergstrom International Airport → Lubbock Preston Smith International Airport | $4,193",,Cessna Citation Ultra,KAUS - Austin Bergstrom International Airport,KAUS,AUS,Austin-Bergstrom International Airport,Austin,US,KLBB - Lubbock Preston Smith International Airport,KLBB,LBB,Lubbock Preston Smith International Airport,Lubbock,US,12 September 2026,2026-09-12,12:00,13:07,1h 8m,"$4,193",4193,USD,$,7,https://villiers.ai/empty-legs/kaus-klbb-cessna-citation-ultra-2026-09-12-08f41c73?id=ADHUHR,https://villiers.ai/empty-legs/kaus-klbb-cessna-citation-ultra-2026-09-12-08f41c73?id=ADHUHR,https://villiers.ai/empty-legs/kaus-klbb-cessna-citation-ultra-2026-09-12-08f41c73?id=ADHUHR,"Sun, 06 Sep 2026 22:31:22 GMT",2026-09-19T17:49:50+00:00
https://villiers.ai/empty-legs/kaus-kuox-cessna-citation-v-2026-09-12-1562e01b?id=ADHUHR,inactive,removed,2026-08-25T17:47:01+00:00,2026-09-08T19:17:02+00:00,2026-09-19T17:49:50+00:00,"Cessna Citation V | Austin Bergstrom International Airport → University Oxford Airport | $5,160",,Cessna Citation V,KAUS - Austin Bergstrom International Airport,KAUS,AUS,Austin-Bergstrom International Airport,Austin,US,KUOX - University Oxford Airport,KUOX,UOX,University-Oxford Airport,Oxford,US,12 September 2026,2026-09-12,12:00,13:31,1h 32m,"$5,160",5160,USD,$,7,https://villiers.ai/empty-legs/kaus-kuox-cessna-citation-v-2026-09-12-1562e01b?id=ADHUHR,https://villiers.ai/empty-legs/kaus-kuox-cessna-citation-v-2026-09-12-1562e01b?id=ADHUHR,https://villiers.ai/empty-legs/kaus-kuox-cessna-citation-v-2026-09-12-1562e01b?id=ADHUHR,"Tue, 25 Aug 2026 17:17:16 GMT",2026-09-19T17:49:50+00:00
https://villiers.ai/empty-legs/kdts-kmsl-cessna-citation-ultra-2026-09-12-becedf17?id=ADHUHR,inactive,removed,2026-08-26T17:17:02+00:00,2026-09-08T19:17:02+00:00,2026-09-19T17:49:50+00:00,"Cessna Citation Ultra | Destin Executive Airport → Northwest Alabama Regional Airport | $3,440",,Cessna Citation Ultra,KDTS - Destin Executive Airport,KDTS,DSI,Destin Executive Airport,Destin,US,KMSL - Northwest Alabama Regional Airport,KMSL,MSL,Northwest Alabama Regional Airport,Muscle Shoals,US,12 September 2026,2026-09-12,12:00,13:04,1h 4m,"$3,440",3440,USD,$,7,https://villiers.ai/empty-legs/kdts-kmsl-cessna-citation-ultra-2026-09-12-becedf17?id=ADHUHR,https://villiers.ai/empty-legs/kdts-kmsl-cessna-citation-ultra-2026-09-12-becedf17?id=ADHUHR,https://villiers.ai/empty-legs/kdts-kmsl-cessna-citation-ultra-2026-09-12-becedf17?id=ADHUHR,"Wed, 26 Aug 2026 16:50:01 GMT",2026-09-19T17:49:50+00:00
https://villiers.ai/empty-legs/kdts-ksgr-cessna-citation-ultra-2026-09-12-ea94d862?id=ADHUHR,inactive,removed,2026-09-08T13:47:01+00:00,2026-09-08T19:17:02+00:00,2026-09-19T17:49:50+00:00,"Cessna Citation Ultra | Destin Executive Airport → Sugar Land Regional Airport | $5,913",,Cessna Citation Ultra,KDTS - Destin Executive Airport,KDTS,DSI,Destin Executive Airport,Destin,US,KSGR - Sugar Land Regional Airport,KSGR,SGR,Sugar Land Regional Airport,Houston,US,12 September 2026,2026-09-12,12:00,13:31,1h 31m,"$5,913",5913,USD,$,7,https://villiers.ai/empty-legs/kdts-ksgr-cessna-citation-ultra-2026-09-12-ea94d862?id=ADHUHR,https://villiers.ai/empty-legs/kdts-ksgr-cessna-citation-ultra-2026-09-12-ea94d862?id=ADHUHR,https://villiers.ai/empty-legs/kdts-ksgr-cessna-citation-ultra-2026-09-12-ea94d862?id=ADHUHR,"Tue, 08 Sep 2026 13:36:35 GMT",2026-09-19T17:49:50+00:00
https://villiers.ai/empty-legs/kerv-khou-cessna-citation-ultra-2026-09-12-63d72fa0?id=ADHUHR,inactive,removed,2026-08-19T23:17:01+00:00,2026-09-08T19:17:02+00:00,2026-09-19T17:49:50+00:00,"Cessna Citation Ultra | Kerrville / Kerr County Airport at Louis Schreiner Field → William P. Hobby Airport | $2,795",,Cessna Citation Ultra,KERV - Kerrville / Kerr County Airport at Louis Schreiner Field,KERV,ERV,Kerrville Municipal/Louis Schreiner Field,Kerrville,US,KHOU - William P. Hobby Airport,KHOU,HOU,William P Hobby Airport,Houston,US,12 September 2026,2026-09-12,12:00,12:55,55m,"$2,795",2795,USD,$,7,https://villiers.ai/empty-legs/kerv-khou-cessna-citation-ultra-2026-09-12-63d72fa0?id=ADHUHR,https://villiers.ai/empty-legs/kerv-khou-cessna-citation-ultra-2026-09-12-63d72fa0?id=ADHUHR,https://villiers.ai/empty-legs/kerv-khou-cessna-citation-ultra-2026-09-12-63d72fa0?id=ADHUHR,"Wed, 19 Aug 2026 22:51:09 GMT",2026-09-19T17:49:50+00:00
https://villiers.ai/empty-legs/kerv-ksgr-cessna-citation-ultra-2026-09-12-73268db1?id=ADHUHR,inactive,removed,2026-09-05T15:17:02+00:00,2026-09-08T19:17:02+00:00,2026-09-19T17:49:50+00:00,"Cessna Citation Ultra | Kerrville / Kerr County Airport at Louis Schreiner Field → Sugar Land Regional Airport | $2,473",,Cessna Citation Ultra,KERV - Kerrville / Kerr County Airport at Louis Schreiner Field,KERV,ERV,Kerrville Municipal/Louis Schreiner Field,Kerrville,US,KSGR - Sugar Land Regional Airport,KSGR,SGR,Sugar Land Regional Airport,Houston,US,12 September 2026,2026-09-12,12:00,12:52,53m,"$2,473",2473,USD,$,7,https://villiers.ai/empty-legs/kerv-ksgr-cessna-citation-ultra-2026-09-12-73268db1?id=ADHUHR,https://villiers.ai/empty-legs/kerv-ksgr-cessna-citation-ultra-2026-09-12-73268db1?id=ADHUHR,https://villiers.ai/empty-legs/kerv-ksgr-cessna-citation-ultra-2026-09-12-73268db1?id=ADHUHR,"Sat, 05 Sep 2026 15:03:07 GMT",2026-09-19T17:49:50+00:00
https://villiers.ai/empty-legs/kftw-kuox-cessna-citation-v-2026-09-12-5b5e9ab5?id=ADHUHR,inactive,removed,2026-08-29T05:17:02+00:00,2026-09-08T19:17:02+00:00,2026-09-19T17:49:50+00:00,"Cessna Citation V | Fort Worth Meacham International Airport → University Oxford Airport | $4,515",,Cessna Citation V,KFTW - Fort Worth Meacham International Airport,KFTW,FTW,Fort Worth Meacham International Airport,Fort Worth,US,KUOX - University Oxford Airport,KUOX,UOX,University-Oxford Airport,Oxford,US,12 September 2026,2026-09-12,12:00,13:21,1h 21m,"$4,515",4515,USD,$,7,https://villiers.ai/empty-legs/kftw-kuox-cessna-citation-v-2026-09-12-5b5e9ab5?id=ADHUHR,https://villiers.ai/empty-legs/kftw-kuox-cessna-citation-v-2026-09-12-5b5e9ab5?id=ADHUHR,https://villiers.ai/empty-legs/kftw-kuox-cessna-citation-v-2026-09-12-5b5e9ab5?id=ADHUHR,"Sat, 29 Aug 2026 05:00:41 GMT",2026-09-19T17:49:50+00:00
https://villiers.ai/empty-legs/khou-kals-pilatus-pc-12-ng-2026-09-12-0c9e4d28?id=ADHUHR,inactive,removed,2026-09-03T17:47:01+00:00,2026-09-08T19:17:02+00:00,2026-09-19T17:49:50+00:00,"Pilatus PC-12 NG | William P. Hobby Airport → San Luis Valley Regional Airport/Bergman Field | $9,030",,Pilatus PC-12 NG,KHOU - William P. Hobby Airport,KHOU,HOU,William P Hobby Airport,Houston,US,KALS - San Luis Valley Regional Airport/Bergman Field,KALS,ALS,San Luis Valley Regional/Bergman Field,Alamosa,US,12 September 2026,2026-09-12,12:00,14:00,2h 0m,"$9,030",9030,USD,$,7,https://villiers.ai/empty-legs/khou-kals-pilatus-pc-12-ng-2026-09-12-0c9e4d28?id=ADHUHR,https://villiers.ai/empty-legs/khou-kals-pilatus-pc-12-ng-2026-09-12-0c9e4d28?id=ADHUHR,https://villiers.ai/empty-legs/khou-kals-pilatus-pc-12-ng-2026-09-12-0c9e4d28?id=ADHUHR,"Thu, 03 Sep 2026 17:43:57 GMT",2026-09-19T17:49:50+00:00
https://villiers.ai/empty-legs/khou-kdfw-cessna-citation-excel-2026-09-12-8263d4b0?id=ADHUHR,inactive,removed,2026-08-24T00:17:02+00:00,2026-09-08T19:17:02+00:00,2026-09-19T17:49:50+00:00,"Cessna Citation Excel | William P. Hobby Airport → Dallas Fort Worth International Airport | $4,408",,Cessna Citation Excel,KHOU - William P. Hobby Airport,KHOU,HOU,William P Hobby Airport,Houston,US,KDFW - Dallas Fort Worth International Airport,KDFW,DFW,Dallas-Fort Worth International Airport,Dallas-Fort Worth,US,12 September 2026,2026-09-12,12:00,12:57,57m,"$4,408",4408,USD,$,9,https://villiers.ai/empty-legs/khou-kdfw-cessna-citation-excel-2026-09-12-8263d4b0?id=ADHUHR,https://villiers.ai/empty-legs/khou-kdfw-cessna-citation-excel-2026-09-12-8263d4b0?id=ADHUHR,https://villiers.ai/empty-legs/khou-kdfw-cessna-citation-excel-2026-09-12-8263d4b0?id=ADHUHR,"Sun, 23 Aug 2026 18:23:23 GMT",2026-09-19T17:49:50+00:00
https://villiers.ai/empty-legs/khou-klbb-cessna-citation-ultra-2026-09-12-b81c0a25?id=ADHUHR,inactive,removed,2026-09-03T17:47:01+00:00,2026-09-08T19:17:02+00:00,2026-09-19T17:49:50+00:00,"Cessna Citation Ultra | William P. Hobby Airport → Lubbock Preston Smith International Airport | $5,160",,Cessna Citation Ultra,KHOU - William P. Hobby Airport,KHOU,HOU,William P Hobby Airport,Houston,US,KLBB - Lubbock Preston Smith International Airport,KLBB,LBB,Lubbock Preston Smith International Airport,Lubbock,US,12 September 2026,2026-09-12,12:00,13:22,1h 23m,"$5,160",5160,USD,$,7,https://villiers.ai/empty-legs/khou-klbb-cessna-citation-ultra-2026-09-12-b81c0a25?id=ADHUHR,https://villiers.ai/empty-legs/khou-klbb-cessna-citation-ultra-2026-09-12-b81c0a25?id=ADHUHR,https://villiers.ai/empty-legs/khou-klbb-cessna-citation-ultra-2026-09-12-b81c0a25?id=ADHUHR,"Thu, 03 Sep 2026 17:43:56 GMT",2026-09-19T17:49:50+00:00
https://villiers.ai/empty-legs/eglf-lsgs-aircraft-2026-09-13-cbdbce82?id=ADHUHR,inactive,removed,2026-08-14T18:47:02+00:00,2026-09-08T19:17:02+00:00,2026-09-19T17:49:50+00:00,"Private Jet | Farnborough Airport → Sion Airport | £8,493",,Private Jet,EGLF - Farnborough Airport,EGLF,FAB,Farnborough Airport,Farnborough,GB,LSGS - Sion Airport,LSGS,SIR,Sion Airport,Sion,CH,13 September 2026,2026-09-13,12:00,13:26,1h 26m,"£8,493",8493,GBP,£,7,https://villiers.ai/empty-legs/eglf-lsgs-aircraft-2026-09-13-cbdbce82?id=ADHUHR,https://villiers.ai/empty-legs/eglf-lsgs-aircraft-2026-09-13-cbdbce82?id=ADHUHR,https://villiers.ai/empty-legs/eglf-lsgs-aircraft-2026-09-13-cbdbce82?id=ADHUHR,"Fri, 14 Aug 2026 18:19:46 GMT",2026-09-19T17:49:50+00:00
https://villiers.ai/empty-legs/kdal-kt30-cessna-citation-ultra-2026-09-13-f3ca7ca5?id=ADHUHR,inactive,removed,2026-09-08T13:47:01+00:00,2026-09-08T19:17:02+00:00,2026-09-19T17:49:50+00:00,"Cessna Citation Ultra | Dallas Love Field → Mc Kinley Field | $3,870",,Cessna Citation Ultra,KDAL - Dallas Love Field,KDAL,DAL,Dallas Love Field,Dallas,US,KT30 - Mc Kinley Field,KT30,,Mc Kinley Field,Pearsall,US,13 September 2026,2026-09-13,12:00,13:04,1h 4m,"$3,870",3870,USD,$,7,https://villiers.ai/empty-legs/kdal-kt30-cessna-citation-ultra-2026-09-13-f3ca7ca5?id=ADHUHR,https://villiers.ai/empty-legs/kdal-kt30-cessna-citation-ultra-2026-09-13-f3ca7ca5?id=ADHUHR,https://villiers.ai/empty-legs/kdal-kt30-cessna-citation-ultra-2026-09-13-f3ca7ca5?id=ADHUHR,"Tue, 08 Sep 2026 13:36:35 GMT",2026-09-19T17:49:50+00:00
https://villiers.ai/empty-legs/kdfw-khou-cessna-citation-excel-2026-09-13-b210a8d1?id=ADHUHR,inactive,removed,2026-08-25T17:47:01+00:00,2026-09-08T19:17:02+00:00,2026-09-19T17:49:50+00:00,"Cessna Citation Excel | Dallas Fort Worth International Airport → William P. Hobby Airport | $3,870",,Cessna Citation Excel,KDFW - Dallas Fort Worth International Airport,KDFW,DFW,Dallas-Fort Worth International Airport,Dallas-Fort Worth,US,KHOU - William P. Hobby Airport,KHOU,HOU,William P Hobby Airport,Houston,US,13 September 2026,2026-09-13,12:00,12:57,57m,"$3,870",3870,USD,$,9,https://villiers.ai/empty-legs/kdfw-khou-cessna-citation-excel-2026-09-13-b210a8d1?id=ADHUHR,https://villiers.ai/empty-legs/kdfw-khou-cessna-citation-excel-2026-09-13-b210a8d1?id=ADHUHR,https://villiers.ai/empty-legs/kdfw-khou-cessna-citation-excel-2026-09-13-b210a8d1?id=ADHUHR,"Tue, 25 Aug 2026 17:17:17 GMT",2026-09-19T17:49:50+00:00
https://villiers.ai/empty-legs/khou-kdts-pilatus-pc-12-ng-2026-09-13-00e9bcf8?id=ADHUHR,inactive,removed,2026-08-26T17:17:02+00:00,2026-09-08T19:17:02+00:00,2026-09-19T17:49:50+00:00,"Pilatus PC-12 NG | William P. Hobby Airport → Destin Executive Airport | $4,730",,Pilatus PC-12 NG,KHOU - William P. Hobby Airport,KHOU,HOU,William P Hobby Airport,Houston,US,KDTS - Destin Executive Airport,KDTS,DSI,Destin Executive Airport,Destin,US,13 September 2026,2026-09-13,12:00,13:28,1h 29m,"$4,730",4730,USD,$,7,https://villiers.ai/empty-legs/khou-kdts-pilatus-pc-12-ng-2026-09-13-00e9bcf8?id=ADHUHR,https://villiers.ai/empty-legs/khou-kdts-pilatus-pc-12-ng-2026-09-13-00e9bcf8?id=ADHUHR,https://villiers.ai/empty-legs/khou-kdts-pilatus-pc-12-ng-2026-09-13-00e9bcf8?id=ADHUHR,"Wed, 26 Aug 2026 16:50:01 GMT",2026-09-19T17:49:50+00:00
https://villiers.ai/empty-legs/khou-kedc-cessna-citation-ultra-2026-09-13-d9185920?id=ADHUHR,inactive,removed,2026-09-08T13:47:01+00:00,2026-09-08T19:17:02+00:00,2026-09-19T17:49:50+00:00,"Cessna Citation Ultra | William P. Hobby Airport → Austin Executive Airport | $2,473",,Cessna Citation Ultra,KHOU - William P. Hobby Airport,KHOU,HOU,William P Hobby Airport,Houston,US,KEDC - Austin Executive Airport,KEDC,EDC,Austin Executive Airport,Austin,US,13 September 2026,2026-09-13,12:00,12:46,46m,"$2,473",2473,USD,$,7,https://villiers.ai/empty-legs/khou-kedc-cessna-citation-ultra-2026-09-13-d9185920?id=ADHUHR,https://villiers.ai/empty-legs/khou-kedc-cessna-citation-ultra-2026-09-13-d9185920?id=ADHUHR,https://villiers.ai/empty-legs/khou-kedc-cessna-citation-ultra-2026-09-13-d9185920?id=ADHUHR,"Tue, 08 Sep 2026 13:36:35 GMT",2026-09-19T17:49:50+00:00
https://villiers.ai/empty-legs/khys-kapa-cessna-citation-ultra-2026-09-13-893ebe50?id=ADHUHR,inactive,removed,2026-08-19T00:17:03+00:00,2026-09-08T19:17:02+00:00,2026-09-19T17:49:50+00:00,"Cessna Citation Ultra | Hays Regional Airport → Centennial Airport | $4,193",,Cessna Citation Ultra,KHYS - Hays Regional Airport,KHYS,HYS,Hays Regional Airport,Hays,US,KAPA - Centennial Airport,KAPA,APA,Centennial Airport,Denver,US,13 September 2026,2026-09-13,12:00,13:03,1h 4m,"$4,193",4193,USD,$,7,https://villiers.ai/empty-legs/khys-kapa-cessna-citation-ultra-2026-09-13-893ebe50?id=ADHUHR,https://villiers.ai/empty-legs/khys-kapa-cessna-citation-ultra-2026-09-13-893ebe50?id=ADHUHR,https://villiers.ai/empty-legs/khys-kapa-cessna-citation-ultra-2026-09-13-893ebe50?id=ADHUHR,"Tue, 18 Aug 2026 17:30:04 GMT",2026-09-19T17:49:50+00:00
https://villiers.ai/empty-legs/khys-khou-cessna-citation-ultra-2026-09-13-1c1ae741?id=ADHUHR,inactive,removed,2026-08-19T23:17:01+00:00,2026-09-08T19:17:02+00:00,2026-09-19T17:49:50+00:00,"Cessna Citation Ultra | Hays Regional Airport → William P. Hobby Airport | $6,235",,Cessna Citation Ultra,KHYS - Hays Regional Airport,KHYS,HYS,Hays Regional Airport,Hays,US,KHOU - William P. Hobby Airport,KHOU,HOU,William P Hobby Airport,Houston,US,13 September 2026,2026-09-13,12:00,13:44,1h 45m,"$6,235",6235,USD,$,7,https://villiers.ai/empty-legs/khys-khou-cessna-citation-ultra-2026-09-13-1c1ae741?id=ADHUHR,https://villiers.ai/empty-legs/khys-khou-cessna-citation-ultra-2026-09-13-1c1ae741?id=ADHUHR,https://villiers.ai/empty-legs/khys-khou-cessna-citation-ultra-2026-09-13-1c1ae741?id=ADHUHR,"Wed, 19 Aug 2026 22:51:09 GMT",2026-09-19T17:49:50+00:00
https://villiers.ai/empty-legs/eggw-lepa-aircraft-2026-09-14-47a7f05f?id=ADHUHR,inactive,removed,2026-08-14T18:47:02+00:00,2026-09-08T19:17:02+00:00,2026-09-19T17:49:50+00:00,"Private Jet | London Luton Airport → Palma de Mallorca Airport | £10,965",,Private Jet,EGGW - London Luton Airport,EGGW,LTN,London Luton Airport,London,GB,LEPA - Palma de Mallorca Airport,LEPA,PMI,Palma De Mallorca Airport,Palma De Mallorca,ES,14 September 2026,2026-09-14,12:00,14:05,2h 6m,"£10,965",10965,GBP,£,7,https://villiers.ai/empty-legs/eggw-lepa-aircraft-2026-09-14-47a7f05f?id=ADHUHR,https://villiers.ai/empty-legs/eggw-lepa-aircraft-2026-09-14-47a7f05f?id=ADHUHR,https://villiers.ai/empty-legs/eggw-lepa-aircraft-2026-09-14-47a7f05f?id=ADHUHR,"Fri, 14 Aug 2026 18:19:46 GMT",2026-09-19T17:49:50+00:00
https://villiers.ai/empty-legs/egkb-lepa-hawker-400xp-2026-09-14-924d9f46?id=ADHUHR,inactive,removed,2026-08-09T00:17:02+00:00,2026-09-08T19:17:02+00:00,2026-09-19T17:49:50+00:00,"Hawker 400XP | Biggin Hill Airport → Palma de Mallorca Airport | £10,965",,Hawker 400XP,EGKB - Biggin Hill Airport,EGKB,BQH,London Biggin Hill Airport,London,GB,LEPA - Palma de Mallorca Airport,LEPA,PMI,Palma De Mallorca Airport,Palma De Mallorca,ES,14 September 2026,2026-09-14,12:00,14:01,2h 1m,"£10,965",10965,GBP,£,7,https://villiers.ai/empty-legs/egkb-lepa-hawker-400xp-2026-09-14-924d9f46?id=ADHUHR,https://villiers.ai/empty-legs/egkb-lepa-hawker-400xp-2026-09-14-924d9f46?id=ADHUHR,https://villiers.ai/empty-legs/egkb-lepa-hawker-400xp-2026-09-14-924d9f46?id=ADHUHR,"Fri, 07 Aug 2026 18:00:57 GMT",2026-09-19T17:49:50+00:00
https://villiers.ai/empty-legs/sadf-sgas-learjet-60-2026-09-15-52a98eb0?id=ADHUHR,inactive,removed,2026-09-08T00:17:03+00:00,2026-09-08T19:17:02+00:00,2026-09-19T17:49:50+00:00,"Learjet 60 | San Fernando Airport → Aeropuerto Internacional Silvio Pettirossi | $6,665",,Learjet 60,SADF - San Fernando Airport,SADF,FDO,San Fernando Airport,San Fernando,AR,SGAS - Aeropuerto Internacional Silvio Pettirossi,SGAS,ASU,Silvio Pettirossi International Airport,Asuncion,PY,15 September 2026,2026-09-15,09:00,10:40,1h 41m,"$6,665",6665,USD,$,8,https://villiers.ai/empty-legs/sadf-sgas-learjet-60-2026-09-15-52a98eb0?id=ADHUHR,https://villiers.ai/empty-legs/sadf-sgas-learjet-60-2026-09-15-52a98eb0?id=ADHUHR,https://villiers.ai/empty-legs/sadf-sgas-learjet-60-2026-09-15-52a98eb0?id=ADHUHR,"Mon, 07 Sep 2026 18:02:09 GMT",2026-09-19T17:49:50+00:00
https://villiers.ai/empty-legs/eggw-lfpb-pilatus-pc12-2026-09-15-5d6c9309?id=ADHUHR,inactive,removed,2026-09-05T00:17:02+00:00,2026-09-08T19:17:02+00:00,2026-09-19T17:49:50+00:00,"Pilatus PC12 | London Luton Airport → Paris Le Bourget Airport | £6,988",,Pilatus PC12,EGGW - London Luton Airport,EGGW,LTN,London Luton Airport,London,GB,LFPB - Paris Le Bourget Airport,LFPB,LBG,Paris-Le Bourget Airport,Paris,FR,15 September 2026,2026-09-15,12:00,12:56,56m,"£6,988",6988,GBP,£,6,https://villiers.ai/empty-legs/eggw-lfpb-pilatus-pc12-2026-09-15-5d6c9309?id=ADHUHR,https://villiers.ai/empty-legs/eggw-lfpb-pilatus-pc12-2026-09-15-5d6c9309?id=ADHUHR,https://villiers.ai/empty-legs/eggw-lfpb-pilatus-pc12-2026-09-15-5d6c9309?id=ADHUHR,"Sat, 05 Sep 2026 00:13:18 GMT",2026-09-19T17:49:50+00:00
https://villiers.ai/empty-legs/klbb-khou-cessna-citation-ultra-2026-09-15-950a4969?id=ADHUHR,inactive,removed,2026-09-03T17:47:01+00:00,2026-09-08T19:17:02+00:00,2026-09-19T17:49:50+00:00,"Cessna Citation Ultra | Lubbock Preston Smith International Airport → William P. Hobby Airport | $4,515",,Cessna Citation Ultra,KLBB - Lubbock Preston Smith International Airport,KLBB,LBB,Lubbock Preston Smith International Airport,Lubbock,US,KHOU - William P. Hobby Airport,KHOU,HOU,William P Hobby Airport,Houston,US,15 September 2026,2026-09-15,12:00,13:22,1h 23m,"$4,515",4515,USD,$,7,https://villiers.ai/empty-legs/klbb-khou-cessna-citation-ultra-2026-09-15-950a4969?id=ADHUHR,https://villiers.ai/empty-legs/klbb-khou-cessna-citation-ultra-2026-09-15-950a4969?id=ADHUHR,https://villiers.ai/empty-legs/klbb-khou-cessna-citation-ultra-2026-09-15-950a4969?id=ADHUHR,"Thu, 03 Sep 2026 17:43:57 GMT",2026-09-19T17:49:50+00:00
https://villiers.ai/empty-legs/sllp-sadf-learjet-60-2026-09-16-aa3fb845?id=ADHUHR,inactive,removed,2026-09-08T00:17:03+00:00,2026-09-08T19:17:02+00:00,2026-09-19T17:49:50+00:00,"Learjet 60 | El Alto International Airport → San Fernando Airport | $14,298",,Learjet 60,SLLP - El Alto International Airport,SLLP,LPB,El Alto International Airport,La Paz / El Alto,BO,SADF - San Fernando Airport,SADF,FDO,San Fernando Airport,San Fernando,AR,16 September 2026,2026-09-16,07:44,10:46,3h 3m,"$14,298",14298,USD,$,8,https://villiers.ai/empty-legs/sllp-sadf-learjet-60-2026-09-16-aa3fb845?id=ADHUHR,https://villiers.ai/empty-legs/sllp-sadf-learjet-60-2026-09-16-aa3fb845?id=ADHUHR,https://villiers.ai/empty-legs/sllp-sadf-learjet-60-2026-09-16-aa3fb845?id=ADHUHR,"Mon, 07 Sep 2026 18:02:09 GMT",2026-09-19T17:49:50+00:00
https://villiers.ai/empty-legs/khou-khdc-cessna-citation-v-2026-09-16-fef10dd2?id=ADHUHR,inactive,removed,2026-09-05T15:17:02+00:00,2026-09-08T19:17:02+00:00,2026-09-19T17:49:50+00:00,"Cessna Citation V | William P. Hobby Airport → Hammond Northshore Regional Airport | $3,118",,Cessna Citation V,KHOU - William P. Hobby Airport,KHOU,HOU,William P Hobby Airport,Houston,US,KHDC - Hammond Northshore Regional Airport,KHDC,,Hammond Northshore Regional Airport,Hammond,US,16 September 2026,2026-09-16,12:00,13:02,1h 3m,"$3,118",3118,USD,$,7,https://villiers.ai/empty-legs/khou-khdc-cessna-citation-v-2026-09-16-fef10dd2?id=ADHUHR,https://villiers.ai/empty-legs/khou-khdc-cessna-citation-v-2026-09-16-fef10dd2?id=ADHUHR,https://villiers.ai/empty-legs/khou-khdc-cessna-citation-v-2026-09-16-fef10dd2?id=ADHUHR,"Sat, 05 Sep 2026 15:03:07 GMT",2026-09-19T17:49:50+00:00
https://villiers.ai/empty-legs/kiws-klft-pilatus-pc-12-ng-2026-09-16-1b109130?id=ADHUHR,inactive,removed,2026-08-27T16:47:01+00:00,2026-09-08T19:17:02+00:00,2026-09-19T17:49:50+00:00,"Pilatus PC-12 NG | West Houston Airport → Lafayette Regional Airport | $2,365",,Pilatus PC-12 NG,KIWS - West Houston Airport,KIWS,IWS,West Houston Airport,Houston,US,KLFT - Lafayette Regional Airport,KLFT,LFT,Lafayette Regional/Paul Fournet Field,Lafayette,US,16 September 2026,2026-09-16,12:00,12:54,55m,"$2,365",2365,USD,$,7,https://villiers.ai/empty-legs/kiws-klft-pilatus-pc-12-ng-2026-09-16-1b109130?id=ADHUHR,https://villiers.ai/empty-legs/kiws-klft-pilatus-pc-12-ng-2026-09-16-1b109130?id=ADHUHR,https://villiers.ai/empty-legs/kiws-klft-pilatus-pc-12-ng-2026-09-16-1b109130?id=ADHUHR,"Thu, 27 Aug 2026 16:34:23 GMT",2026-09-19T17:49:50+00:00
https://villiers.ai/empty-legs/klbb-kftw-cessna-citation-ultra-2026-09-16-bb5a64b4?id=ADHUHR,inactive,removed,2026-09-07T15:47:01+00:00,2026-09-08T19:17:02+00:00,2026-09-19T17:49:50+00:00,"Cessna Citation Ultra | Lubbock Preston Smith International Airport → Fort Worth Meacham International Airport | $2,795",,Cessna Citation Ultra,KLBB - Lubbock Preston Smith International Airport,KLBB,LBB,Lubbock Preston Smith International Airport,Lubbock,US,KFTW - Fort Worth Meacham International Airport,KFTW,FTW,Fort Worth Meacham International Airport,Fort Worth,US,16 September 2026,2026-09-16,12:00,12:59,59m,"$2,795",2795,USD,$,7,https://villiers.ai/empty-legs/klbb-kftw-cessna-citation-ultra-2026-09-16-bb5a64b4?id=ADHUHR,https://villiers.ai/empty-legs/klbb-kftw-cessna-citation-ultra-2026-09-16-bb5a64b4?id=ADHUHR,https://villiers.ai/empty-legs/klbb-kftw-cessna-citation-ultra-2026-09-16-bb5a64b4?id=ADHUHR,"Mon, 07 Sep 2026 15:22:46 GMT",2026-09-19T17:49:50+00:00
https://villiers.ai/empty-legs/klft-khou-pilatus-pc-12-ng-2026-09-16-60e30ed1?id=ADHUHR,inactive,removed,2026-08-27T16:47:01+00:00,2026-09-08T19:17:02+00:00,2026-09-19T17:49:50+00:00,"Pilatus PC-12 NG | Lafayette Regional Airport → William P. Hobby Airport | $2,795",,Pilatus PC-12 NG,KLFT - Lafayette Regional Airport,KLFT,LFT,Lafayette Regional/Paul Fournet Field,Lafayette,US,KHOU - William P. Hobby Airport,KHOU,HOU,William P Hobby Airport,Houston,US,16 September 2026,2026-09-16,12:00,12:52,52m,"$2,795",2795,USD,$,7,https://villiers.ai/empty-legs/klft-khou-pilatus-pc-12-ng-2026-09-16-60e30ed1?id=ADHUHR,https://villiers.ai/empty-legs/klft-khou-pilatus-pc-12-ng-2026-09-16-60e30ed1?id=ADHUHR,https://villiers.ai/empty-legs/klft-khou-pilatus-pc-12-ng-2026-09-16-60e30ed1?id=ADHUHR,"Thu, 27 Aug 2026 16:34:24 GMT",2026-09-19T17:49:50+00:00
https://villiers.ai/empty-legs/eglf-lfmn-pilatus-pc-24-2026-09-17-80288b21?id=ADHUHR,inactive,removed,2026-09-05T00:17:02+00:00,2026-09-08T19:17:02+00:00,2026-09-19T17:49:50+00:00,"Pilatus PC-24 | Farnborough Airport → Nice-Côte d'Azur Airport | £18,114",,Pilatus PC-24,EGLF - Farnborough Airport,EGLF,FAB,Farnborough Airport,Farnborough,GB,LFMN - Nice-Côte d'Azur Airport,LFMN,NCE,Nice-Cote d'Azur Airport,Nice,FR,17 September 2026,2026-09-17,12:00,13:41,1h 41m,"£18,114",18114,GBP,£,8,https://villiers.ai/empty-legs/eglf-lfmn-pilatus-pc-24-2026-09-17-80288b21?id=ADHUHR,https://villiers.ai/empty-legs/eglf-lfmn-pilatus-pc-24-2026-09-17-80288b21?id=ADHUHR,https://villiers.ai/empty-legs/eglf-lfmn-pilatus-pc-24-2026-09-17-80288b21?id=ADHUHR,"Sat, 05 Sep 2026 00:13:18 GMT",2026-09-19T17:49:50+00:00
https://villiers.ai/empty-legs/kege-kdal-cessna-citation-ultra-2026-09-17-5c12f3dc?id=ADHUHR,inactive,removed,2026-08-27T16:47:01+00:00,2026-09-08T19:17:02+00:00,2026-09-19T17:49:50+00:00,"Cessna Citation Ultra | Eagle County Regional Airport → Dallas Love Field | $6,235",,Cessna Citation Ultra,KEGE - Eagle County Regional Airport,KEGE,EGE,Eagle County Regional Airport,Eagle,US,KDAL - Dallas Love Field,KDAL,DAL,Dallas Love Field,Dallas,US,17 September 2026,2026-09-17,12:00,13:51,1h 51m,"$6,235",6235,USD,$,7,https://villiers.ai/empty-legs/kege-kdal-cessna-citation-ultra-2026-09-17-5c12f3dc?id=ADHUHR,https://villiers.ai/empty-legs/kege-kdal-cessna-citation-ultra-2026-09-17-5c12f3dc?id=ADHUHR,https://villiers.ai/empty-legs/kege-kdal-cessna-citation-ultra-2026-09-17-5c12f3dc?id=ADHUHR,"Thu, 27 Aug 2026 16:34:24 GMT",2026-09-19T17:49:50+00:00
https://villiers.ai/empty-legs/kege-khou-cessna-citation-ultra-2026-09-17-e04dcbb9?id=ADHUHR,inactive,removed,2026-08-29T05:17:02+00:00,2026-09-08T19:17:02+00:00,2026-09-19T17:49:50+00:00,"Cessna Citation Ultra | Eagle County Regional Airport → William P. Hobby Airport | $7,955",,Cessna Citation Ultra,KEGE - Eagle County Regional Airport,KEGE,EGE,Eagle County Regional Airport,Eagle,US,KHOU - William P. Hobby Airport,KHOU,HOU,William P Hobby Airport,Houston,US,17 September 2026,2026-09-17,12:00,14:15,2h 16m,"$7,955",7955,USD,$,7,https://villiers.ai/empty-legs/kege-khou-cessna-citation-ultra-2026-09-17-e04dcbb9?id=ADHUHR,https://villiers.ai/empty-legs/kege-khou-cessna-citation-ultra-2026-09-17-e04dcbb9?id=ADHUHR,https://villiers.ai/empty-legs/kege-khou-cessna-citation-ultra-2026-09-17-e04dcbb9?id=ADHUHR,"Sat, 29 Aug 2026 05:00:41 GMT",2026-09-19T17:49:50+00:00
https://villiers.ai/empty-legs/khdn-kama-cessna-citation-ultra-2026-09-17-67421c1b?id=ADHUHR,inactive,removed,2026-09-07T15:47:01+00:00,2026-09-08T19:17:02+00:00,2026-09-19T17:49:50+00:00,"Cessna Citation Ultra | Yampa Valley Airport → Rick Husband Amarillo International Airport | $4,193",,Cessna Citation Ultra,KHDN - Yampa Valley Airport,KHDN,HDN,Yampa Valley Airport,Hayden,US,KAMA - Rick Husband Amarillo International Airport,KAMA,AMA,Rick Husband Amarillo International Airport,Amarillo,US,17 September 2026,2026-09-17,12:00,13:22,1h 22m,"$4,193",4193,USD,$,7,https://villiers.ai/empty-legs/khdn-kama-cessna-citation-ultra-2026-09-17-67421c1b?id=ADHUHR,https://villiers.ai/empty-legs/khdn-kama-cessna-citation-ultra-2026-09-17-67421c1b?id=ADHUHR,https://villiers.ai/empty-legs/khdn-kama-cessna-citation-ultra-2026-09-17-67421c1b?id=ADHUHR,"Mon, 07 Sep 2026 15:22:46 GMT",2026-09-19T17:49:50+00:00
https://villiers.ai/empty-legs/khou-kdal-cessna-citation-ultra-2026-09-17-8f846cac?id=ADHUHR,inactive,removed,2026-08-29T05:17:02+00:00,2026-09-08T19:17:02+00:00,2026-09-19T17:49:50+00:00,"Cessna Citation Ultra | William P. Hobby Airport → Dallas Love Field | $3,118",,Cessna Citation Ultra,KHOU - William P. Hobby Airport,KHOU,HOU,William P Hobby Airport,Houston,US,KDAL - Dallas Love Field,KDAL,DAL,Dallas Love Field,Dallas,US,17 September 2026,2026-09-17,12:00,12:56,57m,"$3,118",3118,USD,$,7,https://villiers.ai/empty-legs/khou-kdal-cessna-citation-ultra-2026-09-17-8f846cac?id=ADHUHR,https://villiers.ai/empty-legs/khou-kdal-cessna-citation-ultra-2026-09-17-8f846cac?id=ADHUHR,https://villiers.ai/empty-legs/khou-kdal-cessna-citation-ultra-2026-09-17-8f846cac?id=ADHUHR,"Sat, 29 Aug 2026 05:00:41 GMT",2026-09-19T17:49:50+00:00
https://villiers.ai/empty-legs/egcc-lipx-hawker-400xp-2026-09-18-78e86911?id=ADHUHR,inactive,removed,2026-09-05T00:17:02+00:00,2026-09-08T19:17:02+00:00,2026-09-19T17:49:50+00:00,"Hawker 400XP | Manchester Airport → Verona Villafranca Valerio Catullo Airport | £11,610",,Hawker 400XP,EGCC - Manchester Airport,EGCC,MAN,Manchester Airport,Manchester,GB,LIPX - Verona Villafranca Valerio Catullo Airport,LIPX,VRN,Verona / Villafranca Airport,Verona,IT,18 September 2026,2026-09-18,12:00,13:59,1h 59m,"£11,610",11610,GBP,£,7,https://villiers.ai/empty-legs/egcc-lipx-hawker-400xp-2026-09-18-78e86911?id=ADHUHR,https://villiers.ai/empty-legs/egcc-lipx-hawker-400xp-2026-09-18-78e86911?id=ADHUHR,https://villiers.ai/empty-legs/egcc-lipx-hawker-400xp-2026-09-18-78e86911?id=ADHUHR,"Sat, 05 Sep 2026 00:13:18 GMT",2026-09-19T17:49:50+00:00
https://villiers.ai/empty-legs/khdc-khou-cessna-citation-v-2026-09-18-fbe4e16b?id=ADHUHR,inactive,removed,2026-09-05T15:17:02+00:00,2026-09-08T19:17:02+00:00,2026-09-19T17:49:50+00:00,"Cessna Citation V | Hammond Northshore Regional Airport → William P. Hobby Airport | $4,193",,Cessna Citation V,KHDC - Hammond Northshore Regional Airport,KHDC,,Hammond Northshore Regional Airport,Hammond,US,KHOU - William P. Hobby Airport,KHOU,HOU,William P Hobby Airport,Houston,US,18 September 2026,2026-09-18,12:00,13:02,1h 3m,"$4,193",4193,USD,$,7,https://villiers.ai/empty-legs/khdc-khou-cessna-citation-v-2026-09-18-fbe4e16b?id=ADHUHR,https://villiers.ai/empty-legs/khdc-khou-cessna-citation-v-2026-09-18-fbe4e16b?id=ADHUHR,https://villiers.ai/empty-legs/khdc-khou-cessna-citation-v-2026-09-18-fbe4e16b?id=ADHUHR,"Sat, 05 Sep 2026 15:03:07 GMT",2026-09-19T17:49:50+00:00
https://villiers.ai/empty-legs/khou-kama-cessna-citation-ultra-2026-09-18-6d680a4b?id=ADHUHR,inactive,removed,2026-09-03T18:17:03+00:00,2026-09-08T19:17:02+00:00,2026-09-19T17:49:50+00:00,"Cessna Citation Ultra | William P. Hobby Airport → Rick Husband Amarillo International Airport | $5,913",,Cessna Citation Ultra,KHOU - William P. Hobby Airport,KHOU,HOU,William P Hobby Airport,Houston,US,KAMA - Rick Husband Amarillo International Airport,KAMA,AMA,Rick Husband Amarillo International Airport,Amarillo,US,18 September 2026,2026-09-18,12:00,13:29,1h 30m,"$5,913",5913,USD,$,7,https://villiers.ai/empty-legs/khou-kama-cessna-citation-ultra-2026-09-18-6d680a4b?id=ADHUHR,https://villiers.ai/empty-legs/khou-kama-cessna-citation-ultra-2026-09-18-6d680a4b?id=ADHUHR,https://villiers.ai/empty-legs/khou-kama-cessna-citation-ultra-2026-09-18-6d680a4b?id=ADHUHR,"Thu, 03 Sep 2026 17:43:58 GMT",2026-09-19T17:49:50+00:00
https://villiers.ai/empty-legs/koun-khou-cessna-citation-ultra-2026-09-18-17e39759?id=ADHUHR,inactive,removed,2026-09-03T17:47:01+00:00,2026-09-08T19:17:02+00:00,2026-09-19T17:49:50+00:00,"Cessna Citation Ultra | University of Oklahoma Westheimer Airport → William P. Hobby Airport | $4,193",,Cessna Citation Ultra,KOUN - University of Oklahoma Westheimer Airport,KOUN,OUN,University Of Oklahoma Westheimer Airport,Norman,US,KHOU - William P. Hobby Airport,KHOU,HOU,William P Hobby Airport,Houston,US,18 September 2026,2026-09-18,12:00,13:15,1h 15m,"$4,193",4193,USD,$,7,https://villiers.ai/empty-legs/koun-khou-cessna-citation-ultra-2026-09-18-17e39759?id=ADHUHR,https://villiers.ai/empty-legs/koun-khou-cessna-citation-ultra-2026-09-18-17e39759?id=ADHUHR,https://villiers.ai/empty-legs/koun-khou-cessna-citation-ultra-2026-09-18-17e39759?id=ADHUHR,"Thu, 03 Sep 2026 17:43:59 GMT",2026-09-19T17:49:50+00:00
https://villiers.ai/empty-legs/egbb-loww-challenger-350-2026-09-19-1843a691?id=ADHUHR,active,reactivated,2026-09-05T00:17:02+00:00,2026-09-19T17:49:50+00:00,,"Challenger 350 | Birmingham Airport → Vienna International Airport | £15,910",,Challenger 350,EGBB - Birmingham Airport,EGBB,BHX,Birmingham International Airport,Birmingham,GB,LOWW - Vienna International Airport,LOWW,VIE,Vienna International Airport,Vienna,AT,19 September 2026,2026-09-19,12:00,14:05,2h 5m,"£15,910",15910,GBP,£,9,https://villiers.ai/empty-legs/egbb-loww-challenger-350-2026-09-19-1843a691?id=ADHUHR,https://villiers.ai/empty-legs/egbb-loww-challenger-350-2026-09-19-1843a691?id=ADHUHR,https://villiers.ai/empty-legs/egbb-loww-challenger-350-2026-09-19-1843a691?id=ADHUHR,"Sat, 05 Sep 2026 00:13:18 GMT",2026-09-19T17:49:50+00:00
https://villiers.ai/empty-legs/kapa-kdfw-cessna-citation-v-2026-09-19-9fede25a?id=ADHUHR,active,new,2026-09-19T17:49:50+00:00,2026-09-19T17:49:50+00:00,,"Cessna Citation V | Centennial Airport → Dallas Fort Worth International Airport | $5,913",,Cessna Citation V,KAPA - Centennial Airport,KAPA,APA,Centennial Airport,Denver,US,KDFW - Dallas Fort Worth International Airport,KDFW,DFW,Dallas-Fort Worth International Airport,Dallas-Fort Worth,US,19 September 2026,2026-09-19,12:00,13:40,1h 40m,"$5,913",5913,USD,$,7,https://villiers.ai/empty-legs/kapa-kdfw-cessna-citation-v-2026-09-19-9fede25a?id=ADHUHR,https://villiers.ai/empty-legs/kapa-kdfw-cessna-citation-v-2026-09-19-9fede25a?id=ADHUHR,https://villiers.ai/empty-legs/kapa-kdfw-cessna-citation-v-2026-09-19-9fede25a?id=ADHUHR,"Tue, 15 Sep 2026 15:36:11 GMT",2026-09-19T17:49:50+00:00
https://villiers.ai/empty-legs/kaus-kdfw-cessna-citation-v-2026-09-19-d377ccb6?id=ADHUHR,active,new,2026-09-19T17:49:50+00:00,2026-09-19T17:49:50+00:00,,"Cessna Citation V | Austin Bergstrom International Airport → Dallas Fort Worth International Airport | $2,473",,Cessna Citation V,KAUS - Austin Bergstrom International Airport,KAUS,AUS,Austin-Bergstrom International Airport,Austin,US,KDFW - Dallas Fort Worth International Airport,KDFW,DFW,Dallas-Fort Worth International Airport,Dallas-Fort Worth,US,19 September 2026,2026-09-19,12:00,12:51,51m,"$2,473",2473,USD,$,7,https://villiers.ai/empty-legs/kaus-kdfw-cessna-citation-v-2026-09-19-d377ccb6?id=ADHUHR,https://villiers.ai/empty-legs/kaus-kdfw-cessna-citation-v-2026-09-19-d377ccb6?id=ADHUHR,https://villiers.ai/empty-legs/kaus-kdfw-cessna-citation-v-2026-09-19-d377ccb6?id=ADHUHR,"Fri, 18 Sep 2026 19:25:31 GMT",2026-09-19T17:49:50+00:00
https://villiers.ai/empty-legs/kcrq-ksun-cessna-citation-cj3-2026-09-19-d011e7b2?id=ADHUHR,active,new,2026-09-19T17:49:50+00:00,2026-09-19T17:49:50+00:00,,"Cessna Citation CJ3 | McClellan-Palomar Airport → Friedman Memorial Airport | $8,063",,Cessna Citation CJ3,KCRQ - McClellan-Palomar Airport,KCRQ,CLD,Mc Clellan-Palomar Airport,Carlsbad,US,KSUN - Friedman Memorial Airport,KSUN,SUN,Friedman Memorial Airport,Hailey,US,19 September 2026,2026-09-19,12:00,13:51,1h 52m,"$8,063",8063,USD,$,6,https://villiers.ai/empty-legs/kcrq-ksun-cessna-citation-cj3-2026-09-19-d011e7b2?id=ADHUHR,https://villiers.ai/empty-legs/kcrq-ksun-cessna-citation-cj3-2026-09-19-d011e7b2?id=ADHUHR,https://villiers.ai/empty-legs/kcrq-ksun-cessna-citation-cj3-2026-09-19-d011e7b2?id=ADHUHR,"Wed, 09 Sep 2026 23:51:54 GMT",2026-09-19T17:49:50+00:00
https://villiers.ai/empty-legs/kdts-kdfw-cessna-citation-v-2026-09-19-805de764?id=ADHUHR,active,new,2026-09-19T17:49:50+00:00,2026-09-19T17:49:50+00:00,,"Cessna Citation V | Destin Executive Airport → Dallas Fort Worth International Airport | $7,310",,Cessna Citation V,KDTS - Destin Executive Airport,KDTS,DSI,Destin Executive Airport,Destin,US,KDFW - Dallas Fort Worth International Airport,KDFW,DFW,Dallas-Fort Worth International Airport,Dallas-Fort Worth,US,19 September 2026,2026-09-19,12:00,13:41,1h 42m,"$7,310",7310,USD,$,7,https://villiers.ai/empty-legs/kdts-kdfw-cessna-citation-v-2026-09-19-805de764?id=ADHUHR,https://villiers.ai/empty-legs/kdts-kdfw-cessna-citation-v-2026-09-19-805de764?id=ADHUHR,https://villiers.ai/empty-legs/kdts-kdfw-cessna-citation-v-2026-09-19-805de764?id=ADHUHR,"Wed, 16 Sep 2026 15:09:04 GMT",2026-09-19T17:49:50+00:00
https://villiers.ai/empty-legs/kelp-khou-cessna-citation-excel-2026-09-19-8e9bbdf5?id=ADHUHR,active,new,2026-09-19T17:49:50+00:00,2026-09-19T17:49:50+00:00,,"Cessna Citation Excel | El Paso International Airport → William P. Hobby Airport | $9,030",,Cessna Citation Excel,KELP - El Paso International Airport,KELP,ELP,El Paso International Airport,El Paso,US,KHOU - William P. Hobby Airport,KHOU,HOU,William P Hobby Airport,Houston,US,19 September 2026,2026-09-19,12:00,13:44,1h 45m,"$9,030",9030,USD,$,9,https://villiers.ai/empty-legs/kelp-khou-cessna-citation-excel-2026-09-19-8e9bbdf5?id=ADHUHR,https://villiers.ai/empty-legs/kelp-khou-cessna-citation-excel-2026-09-19-8e9bbdf5?id=ADHUHR,https://villiers.ai/empty-legs/kelp-khou-cessna-citation-excel-2026-09-19-8e9bbdf5?id=ADHUHR,"Fri, 11 Sep 2026 15:33:45 GMT",2026-09-19T17:49:50+00:00
https://villiers.ai/empty-legs/khdc-kdfw-cessna-citation-v-2026-09-19-aff5678d?id=ADHUHR,active,new,2026-09-19T17:49:50+00:00,2026-09-19T17:49:50+00:00,,"Cessna Citation V | Hammond Northshore Regional Airport → Dallas Fort Worth International Airport | $5,160",,Cessna Citation V,KHDC - Hammond Northshore Regional Airport,KHDC,,Hammond Northshore Regional Airport,Hammond,US,KDFW - Dallas Fort Worth International Airport,KDFW,DFW,Dallas-Fort Worth International Airport,Dallas-Fort Worth,US,19 September 2026,2026-09-19,12:00,13:16,1h 17m,"$5,160",5160,USD,$,7,https://villiers.ai/empty-legs/khdc-kdfw-cessna-citation-v-2026-09-19-aff5678d?id=ADHUHR,https://villiers.ai/empty-legs/khdc-kdfw-cessna-citation-v-2026-09-19-aff5678d?id=ADHUHR,https://villiers.ai/empty-legs/khdc-kdfw-cessna-citation-v-2026-09-19-aff5678d?id=ADHUHR,"Mon, 14 Sep 2026 15:36:39 GMT",2026-09-19T17:49:50+00:00
https://villiers.ai/empty-legs/khdc-kluv-cessna-citation-ultra-2026-09-19-6d9c7b69?id=ADHUHR,active,new,2026-09-19T17:49:50+00:00,2026-09-19T17:49:50+00:00,,"Cessna Citation Ultra | Hammond Northshore Regional Airport → KLUV | $7,310",,Cessna Citation Ultra,KHDC - Hammond Northshore Regional Airport,KHDC,,Hammond Northshore Regional Airport,Hammond,US,KLUV - KLUV,KLUV,,Lamesa Municipal Airport,Lamesa,US,19 September 2026,2026-09-19,12:00,,,"$7,310",7310,USD,$,7,https://villiers.ai/empty-legs/khdc-kluv-cessna-citation-ultra-2026-09-19-6d9c7b69?id=ADHUHR,https://villiers.ai/empty-legs/khdc-kluv-cessna-citation-ultra-2026-09-19-6d9c7b69?id=ADHUHR,https://villiers.ai/empty-legs/khdc-kluv-cessna-citation-ultra-2026-09-19-6d9c7b69?id=ADHUHR,"Tue, 15 Sep 2026 15:36:11 GMT",2026-09-19T17:49:50+00:00
https://villiers.ai/empty-legs/khdc-ktki-cessna-citation-ultra-2026-09-19-a4e08658?id=ADHUHR,active,new,2026-09-19T17:49:50+00:00,2026-09-19T17:49:50+00:00,,"Cessna Citation Ultra | Hammond Northshore Regional Airport → McKinney National Airport | $4,515",,Cessna Citation Ultra,KHDC - Hammond Northshore Regional Airport,KHDC,,Hammond Northshore Regional Airport,Hammond,US,KTKI - McKinney National Airport,KTKI,,Mckinney Ntl Airport,Dallas,US,19 September 2026,2026-09-19,12:00,13:15,1h 15m,"$4,515",4515,USD,$,7,https://villiers.ai/empty-legs/khdc-ktki-cessna-citation-ultra-2026-09-19-a4e08658?id=ADHUHR,https://villiers.ai/empty-legs/khdc-ktki-cessna-citation-ultra-2026-09-19-a4e08658?id=ADHUHR,https://villiers.ai/empty-legs/khdc-ktki-cessna-citation-ultra-2026-09-19-a4e08658?id=ADHUHR,"Sat, 19 Sep 2026 15:36:21 GMT",2026-09-19T17:49:50+00:00
https://villiers.ai/empty-legs/khou-kftw-cessna-citation-ultra-2026-09-19-a7fdc2b5?id=ADHUHR,active,reactivated,2026-09-04T14:47:02+00:00,2026-09-19T17:49:50+00:00,,"Cessna Citation Ultra | William P. Hobby Airport → Fort Worth Meacham International Airport | $3,118",,Cessna Citation Ultra,KHOU - William P. Hobby Airport,KHOU,HOU,William P Hobby Airport,Houston,US,KFTW - Fort Worth Meacham International Airport,KFTW,FTW,Fort Worth Meacham International Airport,Fort Worth,US,19 September 2026,2026-09-19,12:00,12:57,58m,"$3,118",3118,USD,$,7,https://villiers.ai/empty-legs/khou-kftw-cessna-citation-ultra-2026-09-19-a7fdc2b5?id=ADHUHR,https://villiers.ai/empty-legs/khou-kftw-cessna-citation-ultra-2026-09-19-a7fdc2b5?id=ADHUHR,https://villiers.ai/empty-legs/khou-kftw-cessna-citation-ultra-2026-09-19-a7fdc2b5?id=ADHUHR,"Fri, 04 Sep 2026 14:43:45 GMT",2026-09-19T17:49:50+00:00
https://villiers.ai/empty-legs/khou-klas-cessna-citation-v-2026-09-19-c1604968?id=ADHUHR,active,reactivated,2026-08-25T17:47:01+00:00,2026-09-19T17:49:50+00:00,,"Cessna Citation V | William P. Hobby Airport → Harry Reid International Airport | $13,115",,Cessna Citation V,KHOU - William P. Hobby Airport,KHOU,HOU,William P Hobby Airport,Houston,US,KLAS - Harry Reid International Airport,KLAS,LAS,Harry Reid International Airport,Las Vegas,US,19 September 2026,2026-09-19,12:00,14:46,2h 47m,"$13,115",13115,USD,$,7,https://villiers.ai/empty-legs/khou-klas-cessna-citation-v-2026-09-19-c1604968?id=ADHUHR,https://villiers.ai/empty-legs/khou-klas-cessna-citation-v-2026-09-19-c1604968?id=ADHUHR,https://villiers.ai/empty-legs/khou-klas-cessna-citation-v-2026-09-19-c1604968?id=ADHUHR,"Tue, 25 Aug 2026 17:17:17 GMT",2026-09-19T17:49:50+00:00
https://villiers.ai/empty-legs/khou-kmaf-cessna-citation-ultra-2026-09-19-dfe38b67?id=ADHUHR,active,reactivated,2026-09-02T15:47:02+00:00,2026-09-19T17:49:50+00:00,,"Cessna Citation Ultra | William P. Hobby Airport → Midland International Air and Space Port | $4,838",,Cessna Citation Ultra,KHOU - William P. Hobby Airport,KHOU,HOU,William P Hobby Airport,Houston,US,KMAF - Midland International Air and Space Port,KMAF,MAF,Midland International Air And Space Port Airport,Midland,US,19 September 2026,2026-09-19,12:00,13:18,1h 19m,"$4,838",4838,USD,$,7,https://villiers.ai/empty-legs/khou-kmaf-cessna-citation-ultra-2026-09-19-dfe38b67?id=ADHUHR,https://villiers.ai/empty-legs/khou-kmaf-cessna-citation-ultra-2026-09-19-dfe38b67?id=ADHUHR,https://villiers.ai/empty-legs/khou-kmaf-cessna-citation-ultra-2026-09-19-dfe38b67?id=ADHUHR,"Wed, 02 Sep 2026 15:34:27 GMT",2026-09-19T17:49:50+00:00
https://villiers.ai/empty-legs/kmei-khou-cessna-citation-ultra-2026-09-19-1f987af0?id=ADHUHR,active,reactivated,2026-09-04T14:47:02+00:00,2026-09-19T17:49:50+00:00,,"Cessna Citation Ultra | Key Field / Meridian Regional Airport → William P. Hobby Airport | $4,838",,Cessna Citation Ultra,KMEI - Key Field / Meridian Regional Airport,KMEI,MEI,Key Field,Meridian,US,KHOU - William P. Hobby Airport,KHOU,HOU,William P Hobby Airport,Houston,US,19 September 2026,2026-09-19,12:00,13:17,1h 18m,"$4,838",4838,USD,$,7,https://villiers.ai/empty-legs/kmei-khou-cessna-citation-ultra-2026-09-19-1f987af0?id=ADHUHR,https://villiers.ai/empty-legs/kmei-khou-cessna-citation-ultra-2026-09-19-1f987af0?id=ADHUHR,https://villiers.ai/empty-legs/kmei-khou-cessna-citation-ultra-2026-09-19-1f987af0?id=ADHUHR,"Fri, 04 Sep 2026 14:43:45 GMT",2026-09-19T17:49:50+00:00
https://villiers.ai/empty-legs/kmei-kokc-cessna-citation-ultra-2026-09-19-2027653e?id=ADHUHR,active,new,2026-09-19T17:49:50+00:00,2026-09-19T17:49:50+00:00,,"Cessna Citation Ultra | Key Field / Meridian Regional Airport → Will Rogers World Airport | $5,913",,Cessna Citation Ultra,KMEI - Key Field / Meridian Regional Airport,KMEI,MEI,Key Field,Meridian,US,KOKC - Will Rogers World Airport,KOKC,OKC,Okc Will Rogers International Airport,Oklahoma City,US,19 September 2026,2026-09-19,12:00,13:30,1h 31m,"$5,913",5913,USD,$,7,https://villiers.ai/empty-legs/kmei-kokc-cessna-citation-ultra-2026-09-19-2027653e?id=ADHUHR,https://villiers.ai/empty-legs/kmei-kokc-cessna-citation-ultra-2026-09-19-2027653e?id=ADHUHR,https://villiers.ai/empty-legs/kmei-kokc-cessna-citation-ultra-2026-09-19-2027653e?id=ADHUHR,"Thu, 17 Sep 2026 15:37:49 GMT",2026-09-19T17:49:50+00:00
https://villiers.ai/empty-legs/kmei-koun-cessna-citation-ultra-2026-09-19-a79652d4?id=ADHUHR,active,new,2026-09-19T17:49:50+00:00,2026-09-19T17:49:50+00:00,,"Cessna Citation Ultra | Key Field / Meridian Regional Airport → University of Oklahoma Westheimer Airport | $5,913",,Cessna Citation Ultra,KMEI - Key Field / Meridian Regional Airport,KMEI,MEI,Key Field,Meridian,US,KOUN - University of Oklahoma Westheimer Airport,KOUN,OUN,University Of Oklahoma Westheimer Airport,Norman,US,19 September 2026,2026-09-19,12:00,13:29,1h 30m,"$5,913",5913,USD,$,7,https://villiers.ai/empty-legs/kmei-koun-cessna-citation-ultra-2026-09-19-a79652d4?id=ADHUHR,https://villiers.ai/empty-legs/kmei-koun-cessna-citation-ultra-2026-09-19-a79652d4?id=ADHUHR,https://villiers.ai/empty-legs/kmei-koun-cessna-citation-ultra-2026-09-19-a79652d4?id=ADHUHR,"Wed, 16 Sep 2026 15:09:04 GMT",2026-09-19T17:49:50+00:00
https://villiers.ai/empty-legs/koun-kftw-cessna-citation-ultra-2026-09-19-cbfc13d2?id=ADHUHR,active,reactivated,2026-09-07T00:17:03+00:00,2026-09-19T17:49:50+00:00,,"Cessna Citation Ultra | University of Oklahoma Westheimer Airport → Fort Worth Meacham International Airport | $2,473",,Cessna Citation Ultra,KOUN - University of Oklahoma Westheimer Airport,KOUN,OUN,University Of Oklahoma Westheimer Airport,Norman,US,KFTW - Fort Worth Meacham International Airport,KFTW,FTW,Fort Worth Meacham International Airport,Fort Worth,US,19 September 2026,2026-09-19,12:00,12:48,49m,"$2,473",2473,USD,$,7,https://villiers.ai/empty-legs/koun-kftw-cessna-citation-ultra-2026-09-19-cbfc13d2?id=ADHUHR,https://villiers.ai/empty-legs/koun-kftw-cessna-citation-ultra-2026-09-19-cbfc13d2?id=ADHUHR,https://villiers.ai/empty-legs/koun-kftw-cessna-citation-ultra-2026-09-19-cbfc13d2?id=ADHUHR,"Sun, 06 Sep 2026 22:31:22 GMT",2026-09-19T17:49:50+00:00
https://villiers.ai/empty-legs/ksgr-kftw-cessna-citation-ultra-2026-09-19-d4c3e9fd?id=ADHUHR,active,new,2026-09-19T17:49:50+00:00,2026-09-19T17:49:50+00:00,,"Cessna Citation Ultra | Sugar Land Regional Airport → Fort Worth Meacham International Airport | $3,118",,Cessna Citation Ultra,KSGR - Sugar Land Regional Airport,KSGR,SGR,Sugar Land Regional Airport,Houston,US,KFTW - Fort Worth Meacham International Airport,KFTW,FTW,Fort Worth Meacham International Airport,Fort Worth,US,19 September 2026,2026-09-19,12:00,12:56,57m,"$3,118",3118,USD,$,7,https://villiers.ai/empty-legs/ksgr-kftw-cessna-citation-ultra-2026-09-19-d4c3e9fd?id=ADHUHR,https://villiers.ai/empty-legs/ksgr-kftw-cessna-citation-ultra-2026-09-19-d4c3e9fd?id=ADHUHR,https://villiers.ai/empty-legs/ksgr-kftw-cessna-citation-ultra-2026-09-19-d4c3e9fd?id=ADHUHR,"Tue, 15 Sep 2026 15:36:11 GMT",2026-09-19T17:49:50+00:00
https://villiers.ai/empty-legs/ksgr-kmaf-cessna-citation-ultra-2026-09-19-e571a48c?id=ADHUHR,active,new,2026-09-19T17:49:50+00:00,2026-09-19T17:49:50+00:00,,"Cessna Citation Ultra | Sugar Land Regional Airport → Midland International Air and Space Port | $4,838",,Cessna Citation Ultra,KSGR - Sugar Land Regional Airport,KSGR,SGR,Sugar Land Regional Airport,Houston,US,KMAF - Midland International Air and Space Port,KMAF,MAF,Midland International Air And Space Port Airport,Midland,US,19 September 2026,2026-09-19,12:00,13:16,1h 17m,"$4,838",4838,USD,$,7,https://villiers.ai/empty-legs/ksgr-kmaf-cessna-citation-ultra-2026-09-19-e571a48c?id=ADHUHR,https://villiers.ai/empty-legs/ksgr-kmaf-cessna-citation-ultra-2026-09-19-e571a48c?id=ADHUHR,https://villiers.ai/empty-legs/ksgr-kmaf-cessna-citation-ultra-2026-09-19-e571a48c?id=ADHUHR,"Tue, 08 Sep 2026 13:36:35 GMT",2026-09-19T17:49:50+00:00
https://villiers.ai/empty-legs/ktul-khou-cessna-citation-excel-2026-09-19-6bb105e0?id=ADHUHR,active,new,2026-09-19T17:49:50+00:00,2026-09-19T17:49:50+00:00,,"Cessna Citation Excel | Tulsa International Airport → William P. Hobby Airport | $6,880",,Cessna Citation Excel,KTUL - Tulsa International Airport,KTUL,TUL,Tulsa International Airport,Tulsa,US,KHOU - William P. Hobby Airport,KHOU,HOU,William P Hobby Airport,Houston,US,19 September 2026,2026-09-19,12:00,13:20,1h 20m,"$6,880",6880,USD,$,9,https://villiers.ai/empty-legs/ktul-khou-cessna-citation-excel-2026-09-19-6bb105e0?id=ADHUHR,https://villiers.ai/empty-legs/ktul-khou-cessna-citation-excel-2026-09-19-6bb105e0?id=ADHUHR,https://villiers.ai/empty-legs/ktul-khou-cessna-citation-excel-2026-09-19-6bb105e0?id=ADHUHR,"Sat, 19 Sep 2026 15:36:21 GMT",2026-09-19T17:49:50+00:00
https://villiers.ai/empty-legs/kuox-ktki-cessna-citation-ultra-2026-09-19-39f249d5?id=ADHUHR,active,new,2026-09-19T17:49:50+00:00,2026-09-19T17:49:50+00:00,,"Cessna Citation Ultra | University Oxford Airport → McKinney National Airport | $4,838",,Cessna Citation Ultra,KUOX - University Oxford Airport,KUOX,UOX,University-Oxford Airport,Oxford,US,KTKI - McKinney National Airport,KTKI,,Mckinney Ntl Airport,Dallas,US,19 September 2026,2026-09-19,12:00,13:15,1h 16m,"$4,838",4838,USD,$,7,https://villiers.ai/empty-legs/kuox-ktki-cessna-citation-ultra-2026-09-19-39f249d5?id=ADHUHR,https://villiers.ai/empty-legs/kuox-ktki-cessna-citation-ultra-2026-09-19-39f249d5?id=ADHUHR,https://villiers.ai/empty-legs/kuox-ktki-cessna-citation-ultra-2026-09-19-39f249d5?id=ADHUHR,"Tue, 15 Sep 2026 15:36:11 GMT",2026-09-19T17:49:50+00:00
https://villiers.ai/empty-legs/k6r6-kiws-pilatus-pc-12-ng-2026-09-20-605fd2df?id=ADHUHR,active,new,2026-09-19T17:49:50+00:00,2026-09-19T17:49:50+00:00,,"Pilatus PC 12 NG | Terrell County Airport → West Houston Airport | $3,655",,Pilatus PC 12 NG,K6R6 - Terrell County Airport,K6R6,,Terrell County Airport,Dryden,US,KIWS - West Houston Airport,KIWS,IWS,West Houston Airport,Houston,US,20 September 2026,2026-09-20,12:00,13:13,1h 13m,"$3,655",3655,USD,$,7,https://villiers.ai/empty-legs/k6r6-kiws-pilatus-pc-12-ng-2026-09-20-605fd2df?id=ADHUHR,https://villiers.ai/empty-legs/k6r6-kiws-pilatus-pc-12-ng-2026-09-20-605fd2df?id=ADHUHR,https://villiers.ai/empty-legs/k6r6-kiws-pilatus-pc-12-ng-2026-09-20-605fd2df?id=ADHUHR,"Fri, 18 Sep 2026 19:25:31 GMT",2026-09-19T17:49:50+00:00
https://villiers.ai/empty-legs/kads-ktys-cessna-citation-ultra-2026-09-20-94954373?id=ADHUHR,active,new,2026-09-19T17:49:50+00:00,2026-09-19T17:49:50+00:00,,"Cessna Citation Ultra | Addison Airport → McGhee Tyson Airport | $6,235",,Cessna Citation Ultra,KADS - Addison Airport,KADS,ADS,Addison Airport,Dallas,US,KTYS - McGhee Tyson Airport,KTYS,TYS,Mc Ghee Tyson Airport,Knoxville,US,20 September 2026,2026-09-20,12:00,13:54,1h 54m,"$6,235",6235,USD,$,7,https://villiers.ai/empty-legs/kads-ktys-cessna-citation-ultra-2026-09-20-94954373?id=ADHUHR,https://villiers.ai/empty-legs/kads-ktys-cessna-citation-ultra-2026-09-20-94954373?id=ADHUHR,https://villiers.ai/empty-legs/kads-ktys-cessna-citation-ultra-2026-09-20-94954373?id=ADHUHR,"Wed, 09 Sep 2026 15:22:21 GMT",2026-09-19T17:49:50+00:00
https://villiers.ai/empty-legs/kama-khdn-cessna-citation-ultra-2026-09-20-c5f39909?id=ADHUHR,active,new,2026-09-19T17:49:50+00:00,2026-09-19T17:49:50+00:00,,"Cessna Citation Ultra | Rick Husband Amarillo International Airport → Yampa Valley Airport | $5,590",,Cessna Citation Ultra,KAMA - Rick Husband Amarillo International Airport,KAMA,AMA,Rick Husband Amarillo International Airport,Amarillo,US,KHDN - Yampa Valley Airport,KHDN,HDN,Yampa Valley Airport,Hayden,US,20 September 2026,2026-09-20,12:00,13:22,1h 22m,"$5,590",5590,USD,$,7,https://villiers.ai/empty-legs/kama-khdn-cessna-citation-ultra-2026-09-20-c5f39909?id=ADHUHR,https://villiers.ai/empty-legs/kama-khdn-cessna-citation-ultra-2026-09-20-c5f39909?id=ADHUHR,https://villiers.ai/empty-legs/kama-khdn-cessna-citation-ultra-2026-09-20-c5f39909?id=ADHUHR,"Wed, 16 Sep 2026 15:09:04 GMT",2026-09-19T17:49:50+00:00
https://villiers.ai/empty-legs/kcrq-cyyc-citation-cj3-2026-09-20-96e2238e?id=ADHUHR,active,new,2026-09-19T17:49:50+00:00,2026-09-19T17:49:50+00:00,,"Citation CJ3 | McClellan-Palomar Airport → Calgary International Airport | $17,200",,Citation CJ3,KCRQ - McClellan-Palomar Airport,KCRQ,CLD,Mc Clellan-Palomar Airport,Carlsbad,US,CYYC - Calgary International Airport,CYYC,YYC,Calgary International Airport,Calgary,CA,20 September 2026,2026-09-20,12:00,14:49,2h 49m,"$17,200",17200,USD,$,8,https://villiers.ai/empty-legs/kcrq-cyyc-citation-cj3-2026-09-20-96e2238e?id=ADHUHR,https://villiers.ai/empty-legs/kcrq-cyyc-citation-cj3-2026-09-20-96e2238e?id=ADHUHR,https://villiers.ai/empty-legs/kcrq-cyyc-citation-cj3-2026-09-20-96e2238e?id=ADHUHR,"Wed, 16 Sep 2026 01:21:00 GMT",2026-09-19T17:49:50+00:00
https://villiers.ai/empty-legs/kdal-ktys-cessna-citation-ultra-2026-09-20-d039e21e?id=ADHUHR,active,reactivated,2026-09-04T14:47:02+00:00,2026-09-19T17:49:50+00:00,,"Cessna Citation Ultra | Dallas Love Field → McGhee Tyson Airport | $6,235",,Cessna Citation Ultra,KDAL - Dallas Love Field,KDAL,DAL,Dallas Love Field,Dallas,US,KTYS - McGhee Tyson Airport,KTYS,TYS,Mc Ghee Tyson Airport,Knoxville,US,20 September 2026,2026-09-20,12:00,13:54,1h 54m,"$6,235",6235,USD,$,7,https://villiers.ai/empty-legs/kdal-ktys-cessna-citation-ultra-2026-09-20-d039e21e?id=ADHUHR,https://villiers.ai/empty-legs/kdal-ktys-cessna-citation-ultra-2026-09-20-d039e21e?id=ADHUHR,https://villiers.ai/empty-legs/kdal-ktys-cessna-citation-ultra-2026-09-20-d039e21e?id=ADHUHR,"Fri, 04 Sep 2026 14:43:46 GMT",2026-09-19T17:49:50+00:00
https://villiers.ai/empty-legs/kftw-khou-bombardier-challenger-300-2026-09-20-2d9ed906?id=ADHUHR,active,new,2026-09-19T17:49:50+00:00,2026-09-19T17:49:50+00:00,,"Bombardier Challenger 300 | Fort Worth Meacham International Airport → William P. Hobby Airport | $5,590",,Bombardier Challenger 300,KFTW - Fort Worth Meacham International Airport,KFTW,FTW,Fort Worth Meacham International Airport,Fort Worth,US,KHOU - William P. Hobby Airport,KHOU,HOU,William P Hobby Airport,Houston,US,20 September 2026,2026-09-20,12:00,12:57,58m,"$5,590",5590,USD,$,9,https://villiers.ai/empty-legs/kftw-khou-bombardier-challenger-300-2026-09-20-2d9ed906?id=ADHUHR,https://villiers.ai/empty-legs/kftw-khou-bombardier-challenger-300-2026-09-20-2d9ed906?id=ADHUHR,https://villiers.ai/empty-legs/kftw-khou-bombardier-challenger-300-2026-09-20-2d9ed906?id=ADHUHR,"Fri, 11 Sep 2026 15:33:45 GMT",2026-09-19T17:49:50+00:00
https://villiers.ai/empty-legs/khdc-kuox-cessna-citation-v-2026-09-20-6f75b0eb?id=ADHUHR,active,reactivated,2026-09-07T00:17:03+00:00,2026-09-19T17:49:50+00:00,,"Cessna Citation V | Hammond Northshore Regional Airport → University Oxford Airport | $3,118",,Cessna Citation V,KHDC - Hammond Northshore Regional Airport,KHDC,,Hammond Northshore Regional Airport,Hammond,US,KUOX - University Oxford Airport,KUOX,UOX,University-Oxford Airport,Oxford,US,20 September 2026,2026-09-20,12:00,13:00,1h 0m,"$3,118",3118,USD,$,7,https://villiers.ai/empty-legs/khdc-kuox-cessna-citation-v-2026-09-20-6f75b0eb?id=ADHUHR,https://villiers.ai/empty-legs/khdc-kuox-cessna-citation-v-2026-09-20-6f75b0eb?id=ADHUHR,https://villiers.ai/empty-legs/khdc-kuox-cessna-citation-v-2026-09-20-6f75b0eb?id=ADHUHR,"Sun, 06 Sep 2026 22:31:22 GMT",2026-09-19T17:49:50+00:00
https://villiers.ai/empty-legs/khob-khou-pilatus-pc-12-ng-2026-09-20-12187e03?id=ADHUHR,active,new,2026-09-19T17:49:50+00:00,2026-09-19T17:49:50+00:00,,"Pilatus PC 12 NG | Lea County Regional Airport → William P. Hobby Airport | $4,515",,Pilatus PC 12 NG,KHOB - Lea County Regional Airport,KHOB,HOB,Lea County Regional Airport,Hobbs,US,KHOU - William P. Hobby Airport,KHOU,HOU,William P Hobby Airport,Houston,US,20 September 2026,2026-09-20,12:00,13:27,1h 27m,"$4,515",4515,USD,$,7,https://villiers.ai/empty-legs/khob-khou-pilatus-pc-12-ng-2026-09-20-12187e03?id=ADHUHR,https://villiers.ai/empty-legs/khob-khou-pilatus-pc-12-ng-2026-09-20-12187e03?id=ADHUHR,https://villiers.ai/empty-legs/khob-khou-pilatus-pc-12-ng-2026-09-20-12187e03?id=ADHUHR,"Wed, 16 Sep 2026 15:09:04 GMT",2026-09-19T17:49:50+00:00
https://villiers.ai/empty-legs/khob-ktme-pilatus-pc-12-ng-2026-09-20-77dc6f60?id=ADHUHR,active,new,2026-09-19T17:49:50+00:00,2026-09-19T17:49:50+00:00,,"Pilatus PC 12 NG | Lea County Regional Airport → Houston Executive Airport | $4,300",,Pilatus PC 12 NG,KHOB - Lea County Regional Airport,KHOB,HOB,Lea County Regional Airport,Hobbs,US,KTME - Houston Executive Airport,KTME,,Houston Executive Airport,Houston,US,20 September 2026,2026-09-20,12:00,13:22,1h 23m,"$4,300",4300,USD,$,7,https://villiers.ai/empty-legs/khob-ktme-pilatus-pc-12-ng-2026-09-20-77dc6f60?id=ADHUHR,https://villiers.ai/empty-legs/khob-ktme-pilatus-pc-12-ng-2026-09-20-77dc6f60?id=ADHUHR,https://villiers.ai/empty-legs/khob-ktme-pilatus-pc-12-ng-2026-09-20-77dc6f60?id=ADHUHR,"Fri, 18 Sep 2026 19:25:31 GMT",2026-09-19T17:49:50+00:00
https://villiers.ai/empty-legs/khou-koun-cessna-citation-ultra-2026-09-20-036901db?id=ADHUHR,active,reactivated,2026-09-04T00:17:02+00:00,2026-09-19T17:49:50+00:00,,"Cessna Citation Ultra | William P. Hobby Airport → University of Oklahoma Westheimer Airport | $4,515",,Cessna Citation Ultra,KHOU - William P. Hobby Airport,KHOU,HOU,William P Hobby Airport,Houston,US,KOUN - University of Oklahoma Westheimer Airport,KOUN,OUN,University Of Oklahoma Westheimer Airport,Norman,US,20 September 2026,2026-09-20,12:00,13:15,1h 15m,"$4,515",4515,USD,$,7,https://villiers.ai/empty-legs/khou-koun-cessna-citation-ultra-2026-09-20-036901db?id=ADHUHR,https://villiers.ai/empty-legs/khou-koun-cessna-citation-ultra-2026-09-20-036901db?id=ADHUHR,https://villiers.ai/empty-legs/khou-koun-cessna-citation-ultra-2026-09-20-036901db?id=ADHUHR,"Thu, 03 Sep 2026 17:43:59 GMT",2026-09-19T17:49:50+00:00
https://villiers.ai/empty-legs/khou-kuox-cessna-citation-v-2026-09-20-83757213?id=ADHUHR,active,reactivated,2026-08-27T16:47:01+00:00,2026-09-19T17:49:50+00:00,,"Cessna Citation V | William P. Hobby Airport → University Oxford Airport | $4,515",,Cessna Citation V,KHOU - William P. Hobby Airport,KHOU,HOU,William P Hobby Airport,Houston,US,KUOX - University Oxford Airport,KUOX,UOX,University-Oxford Airport,Oxford,US,20 September 2026,2026-09-20,12:00,13:22,1h 22m,"$4,515",4515,USD,$,7,https://villiers.ai/empty-legs/khou-kuox-cessna-citation-v-2026-09-20-83757213?id=ADHUHR,https://villiers.ai/empty-legs/khou-kuox-cessna-citation-v-2026-09-20-83757213?id=ADHUHR,https://villiers.ai/empty-legs/khou-kuox-cessna-citation-v-2026-09-20-83757213?id=ADHUHR,"Thu, 27 Aug 2026 16:34:24 GMT",2026-09-19T17:49:50+00:00
https://villiers.ai/empty-legs/kjac-kcrq-citation-cj3-2026-09-20-665c79e9?id=ADHUHR,active,new,2026-09-19T17:49:50+00:00,2026-09-19T17:49:50+00:00,,"Citation CJ3 | Jackson Hole Airport → McClellan-Palomar Airport | $11,771",,Citation CJ3,KJAC - Jackson Hole Airport,KJAC,JAC,Jackson Hole Airport,Jackson,US,KCRQ - McClellan-Palomar Airport,KCRQ,CLD,Mc Clellan-Palomar Airport,Carlsbad,US,20 September 2026,2026-09-20,12:00,13:59,1h 59m,"$11,771",11771,USD,$,8,https://villiers.ai/empty-legs/kjac-kcrq-citation-cj3-2026-09-20-665c79e9?id=ADHUHR,https://villiers.ai/empty-legs/kjac-kcrq-citation-cj3-2026-09-20-665c79e9?id=ADHUHR,https://villiers.ai/empty-legs/kjac-kcrq-citation-cj3-2026-09-20-665c79e9?id=ADHUHR,"Tue, 08 Sep 2026 23:12:23 GMT",2026-09-19T17:49:50+00:00
https://villiers.ai/empty-legs/kmei-koun-cessna-citation-ultra-2026-09-20-639cc577?id=ADHUHR,active,reactivated,2026-09-07T00:17:03+00:00,2026-09-19T17:49:50+00:00,,"Cessna Citation Ultra | Key Field / Meridian Regional Airport → University of Oklahoma Westheimer Airport | $5,913",,Cessna Citation Ultra,KMEI - Key Field / Meridian Regional Airport,KMEI,MEI,Key Field,Meridian,US,KOUN - University of Oklahoma Westheimer Airport,KOUN,OUN,University Of Oklahoma Westheimer Airport,Norman,US,20 September 2026,2026-09-20,12:00,13:29,1h 30m,"$5,913",5913,USD,$,7,https://villiers.ai/empty-legs/kmei-koun-cessna-citation-ultra-2026-09-20-639cc577?id=ADHUHR,https://villiers.ai/empty-legs/kmei-koun-cessna-citation-ultra-2026-09-20-639cc577?id=ADHUHR,https://villiers.ai/empty-legs/kmei-koun-cessna-citation-ultra-2026-09-20-639cc577?id=ADHUHR,"Sun, 06 Sep 2026 22:31:22 GMT",2026-09-19T17:49:50+00:00
https://villiers.ai/empty-legs/kric-kuox-cessna-citation-v-2026-09-20-a4ece295?id=ADHUHR,active,new,2026-09-19T17:49:50+00:00,2026-09-19T17:49:50+00:00,,"Cessna Citation V | Richmond International Airport → University Oxford Airport | $8,600",,Cessna Citation V,KRIC - Richmond International Airport,KRIC,RIC,Richmond International Airport,Richmond,US,KUOX - University Oxford Airport,KUOX,UOX,University-Oxford Airport,Oxford,US,20 September 2026,2026-09-20,12:00,13:49,1h 49m,"$8,600",8600,USD,$,7,https://villiers.ai/empty-legs/kric-kuox-cessna-citation-v-2026-09-20-a4ece295?id=ADHUHR,https://villiers.ai/empty-legs/kric-kuox-cessna-citation-v-2026-09-20-a4ece295?id=ADHUHR,https://villiers.ai/empty-legs/kric-kuox-cessna-citation-v-2026-09-20-a4ece295?id=ADHUHR,"Tue, 15 Sep 2026 15:36:11 GMT",2026-09-19T17:49:50+00:00
https://villiers.ai/empty-legs/ksbp-klas-cessna-citation-v-2026-09-20-f03af217?id=ADHUHR,active,reactivated,2026-08-26T17:17:02+00:00,2026-09-19T17:49:50+00:00,,"Cessna Citation V | San Luis County Regional Airport → Harry Reid International Airport | $3,440",,Cessna Citation V,KSBP - San Luis County Regional Airport,KSBP,SBP,San Luis Obispo County Regional Airport,San Luis Obispo,US,KLAS - Harry Reid International Airport,KLAS,LAS,Harry Reid International Airport,Las Vegas,US,20 September 2026,2026-09-20,12:00,13:04,1h 5m,"$3,440",3440,USD,$,7,https://villiers.ai/empty-legs/ksbp-klas-cessna-citation-v-2026-09-20-f03af217?id=ADHUHR,https://villiers.ai/empty-legs/ksbp-klas-cessna-citation-v-2026-09-20-f03af217?id=ADHUHR,https://villiers.ai/empty-legs/ksbp-klas-cessna-citation-v-2026-09-20-f03af217?id=ADHUHR,"Wed, 26 Aug 2026 16:50:01 GMT",2026-09-19T17:49:50+00:00
https://villiers.ai/empty-legs/ksgr-ktki-pilatus-pc-12-ng-2026-09-20-1f3cb02b?id=ADHUHR,active,new,2026-09-19T17:49:50+00:00,2026-09-19T17:49:50+00:00,,"Pilatus PC 12 NG | Sugar Land Regional Airport → McKinney National Airport | $2,795",,Pilatus PC 12 NG,KSGR - Sugar Land Regional Airport,KSGR,SGR,Sugar Land Regional Airport,Houston,US,KTKI - McKinney National Airport,KTKI,,Mckinney Ntl Airport,Dallas,US,20 September 2026,2026-09-20,12:00,12:57,58m,"$2,795",2795,USD,$,7,https://villiers.ai/empty-legs/ksgr-ktki-pilatus-pc-12-ng-2026-09-20-1f3cb02b?id=ADHUHR,https://villiers.ai/empty-legs/ksgr-ktki-pilatus-pc-12-ng-2026-09-20-1f3cb02b?id=ADHUHR,https://villiers.ai/empty-legs/ksgr-ktki-pilatus-pc-12-ng-2026-09-20-1f3cb02b?id=ADHUHR,"Wed, 16 Sep 2026 15:09:04 GMT",2026-09-19T17:49:50+00:00
https://villiers.ai/empty-legs/ksna-sf_all-challenger-605-2026-09-20-85de1bc8?id=ADHUHR,active,new,2026-09-19T17:49:50+00:00,2026-09-19T17:49:50+00:00,,"Challenger 605 | John Wayne Orange County International Airport → All San Francisco, United States Airports | $8,600",,Challenger 605,KSNA - John Wayne Orange County International Airport,KSNA,SNA,John Wayne/Orange County Airport,Santa Ana,US,"SF_ALL - All San Francisco, United States Airports",,,"All San Francisco, United States Airports",,,20 September 2026,2026-09-20,12:00,13:12,1h 12m,"$8,600",8600,USD,$,9,https://villiers.ai/empty-legs/ksna-sf_all-challenger-605-2026-09-20-85de1bc8?id=ADHUHR,https://villiers.ai/empty-legs/ksna-sf_all-challenger-605-2026-09-20-85de1bc8?id=ADHUHR,https://villiers.ai/empty-legs/ksna-sf_all-challenger-605-2026-09-20-85de1bc8?id=ADHUHR,"Thu, 17 Sep 2026 05:50:32 GMT",2026-09-19T17:49:50+00:00
https://villiers.ai/empty-legs/ktki-kuox-cessna-citation-ultra-2026-09-20-9fcc8177?id=ADHUHR,active,new,2026-09-19T17:49:50+00:00,2026-09-19T17:49:50+00:00,,"Cessna Citation Ultra | McKinney National Airport → University Oxford Airport | $3,870",,Cessna Citation Ultra,KTKI - McKinney National Airport,KTKI,,Mckinney Ntl Airport,Dallas,US,KUOX - University Oxford Airport,KUOX,UOX,University-Oxford Airport,Oxford,US,20 September 2026,2026-09-20,12:00,13:15,1h 16m,"$3,870",3870,USD,$,7,https://villiers.ai/empty-legs/ktki-kuox-cessna-citation-ultra-2026-09-20-9fcc8177?id=ADHUHR,https://villiers.ai/empty-legs/ktki-kuox-cessna-citation-ultra-2026-09-20-9fcc8177?id=ADHUHR,https://villiers.ai/empty-legs/ktki-kuox-cessna-citation-ultra-2026-09-20-9fcc8177?id=ADHUHR,"Tue, 15 Sep 2026 15:36:11 GMT",2026-09-19T17:49:50+00:00
https://villiers.ai/empty-legs/kama-khdn-cessna-citation-ultra-2026-09-21-bff8c52f?id=ADHUHR,active,reactivated,2026-09-07T15:47:01+00:00,2026-09-19T17:49:50+00:00,,"Cessna Citation Ultra | Rick Husband Amarillo International Airport → Yampa Valley Airport | $5,590",,Cessna Citation Ultra,KAMA - Rick Husband Amarillo International Airport,KAMA,AMA,Rick Husband Amarillo International Airport,Amarillo,US,KHDN - Yampa Valley Airport,KHDN,HDN,Yampa Valley Airport,Hayden,US,21 September 2026,2026-09-21,12:00,13:22,1h 22m,"$5,590",5590,USD,$,7,https://villiers.ai/empty-legs/kama-khdn-cessna-citation-ultra-2026-09-21-bff8c52f?id=ADHUHR,https://villiers.ai/empty-legs/kama-khdn-cessna-citation-ultra-2026-09-21-bff8c52f?id=ADHUHR,https://villiers.ai/empty-legs/kama-khdn-cessna-citation-ultra-2026-09-21-bff8c52f?id=ADHUHR,"Mon, 07 Sep 2026 15:22:46 GMT",2026-09-19T17:49:50+00:00
https://villiers.ai/empty-legs/kluv-khou-cessna-citation-ultra-2026-09-21-1cc7ca7c?id=ADHUHR,active,new,2026-09-19T17:49:50+00:00,2026-09-19T17:49:50+00:00,,"Cessna Citation Ultra | KLUV → William P. Hobby Airport | $4,193",,Cessna Citation Ultra,KLUV - KLUV,KLUV,,Lamesa Municipal Airport,Lamesa,US,KHOU - William P. Hobby Airport,KHOU,HOU,William P Hobby Airport,Houston,US,21 September 2026,2026-09-21,12:00,,,"$4,193",4193,USD,$,7,https://villiers.ai/empty-legs/kluv-khou-cessna-citation-ultra-2026-09-21-1cc7ca7c?id=ADHUHR,https://villiers.ai/empty-legs/kluv-khou-cessna-citation-ultra-2026-09-21-1cc7ca7c?id=ADHUHR,https://villiers.ai/empty-legs/kluv-khou-cessna-citation-ultra-2026-09-21-1cc7ca7c?id=ADHUHR,"Tue, 15 Sep 2026 15:36:11 GMT",2026-09-19T17:49:50+00:00
https://villiers.ai/empty-legs/kmaf-khou-cessna-citation-ultra-2026-09-21-c6c8787f?id=ADHUHR,active,reactivated,2026-09-02T15:47:02+00:00,2026-09-19T17:49:50+00:00,,"Cessna Citation Ultra | Midland International Air and Space Port → William P. Hobby Airport | $4,193",,Cessna Citation Ultra,KMAF - Midland International Air and Space Port,KMAF,MAF,Midland International Air And Space Port Airport,Midland,US,KHOU - William P. Hobby Airport,KHOU,HOU,William P Hobby Airport,Houston,US,21 September 2026,2026-09-21,12:00,13:18,1h 19m,"$4,193",4193,USD,$,7,https://villiers.ai/empty-legs/kmaf-khou-cessna-citation-ultra-2026-09-21-c6c8787f?id=ADHUHR,https://villiers.ai/empty-legs/kmaf-khou-cessna-citation-ultra-2026-09-21-c6c8787f?id=ADHUHR,https://villiers.ai/empty-legs/kmaf-khou-cessna-citation-ultra-2026-09-21-c6c8787f?id=ADHUHR,"Wed, 02 Sep 2026 15:34:27 GMT",2026-09-19T17:49:50+00:00
https://villiers.ai/empty-legs/kpdx-kcrq-cessna-citation-cj3-2026-09-21-68a7fe67?id=ADHUHR,active,new,2026-09-19T17:49:50+00:00,2026-09-19T17:49:50+00:00,,"Cessna Citation CJ3 | Portland International Airport → McClellan-Palomar Airport | $8,600",,Cessna Citation CJ3,KPDX - Portland International Airport,KPDX,PDX,Portland International Airport,Portland,US,KCRQ - McClellan-Palomar Airport,KCRQ,CLD,Mc Clellan-Palomar Airport,Carlsbad,US,21 September 2026,2026-09-21,12:00,14:10,2h 11m,"$8,600",8600,USD,$,7,https://villiers.ai/empty-legs/kpdx-kcrq-cessna-citation-cj3-2026-09-21-68a7fe67?id=ADHUHR,https://villiers.ai/empty-legs/kpdx-kcrq-cessna-citation-cj3-2026-09-21-68a7fe67?id=ADHUHR,https://villiers.ai/empty-legs/kpdx-kcrq-cessna-citation-cj3-2026-09-21-68a7fe67?id=ADHUHR,"Thu, 17 Sep 2026 05:50:32 GMT",2026-09-19T17:49:50+00:00
https://villiers.ai/empty-legs/eggw-lfpb-aircraft-2026-09-22-64acf40b?id=ADHUHR,active,reactivated,2026-08-14T18:47:02+00:00,2026-09-19T17:49:50+00:00,,"Private Jet | London Luton Airport → Paris Le Bourget Airport | £10,213",,Private Jet,EGGW - London Luton Airport,EGGW,LTN,London Luton Airport,London,GB,LFPB - Paris Le Bourget Airport,LFPB,LBG,Paris-Le Bourget Airport,Paris,FR,22 September 2026,2026-09-22,12:00,12:56,56m,"£10,213",10213,GBP,£,10,https://villiers.ai/empty-legs/eggw-lfpb-aircraft-2026-09-22-64acf40b?id=ADHUHR,https://villiers.ai/empty-legs/eggw-lfpb-aircraft-2026-09-22-64acf40b?id=ADHUHR,https://villiers.ai/empty-legs/eggw-lfpb-aircraft-2026-09-22-64acf40b?id=ADHUHR,"Fri, 14 Aug 2026 18:19:46 GMT",2026-09-19T17:49:50+00:00
https://villiers.ai/empty-legs/kama-kads-cessna-citation-ultra-2026-09-22-68ef4021?id=ADHUHR,active,reactivated,2026-09-04T00:17:02+00:00,2026-09-19T17:49:50+00:00,,"Cessna Citation Ultra | Rick Husband Amarillo International Airport → Addison Airport | $3,118",,Cessna Citation Ultra,KAMA - Rick Husband Amarillo International Airport,KAMA,AMA,Rick Husband Amarillo International Airport,Amarillo,US,KADS - Addison Airport,KADS,ADS,Addison Airport,Dallas,US,22 September 2026,2026-09-22,12:00,13:05,1h 5m,"$3,118",3118,USD,$,7,https://villiers.ai/empty-legs/kama-kads-cessna-citation-ultra-2026-09-22-68ef4021?id=ADHUHR,https://villiers.ai/empty-legs/kama-kads-cessna-citation-ultra-2026-09-22-68ef4021?id=ADHUHR,https://villiers.ai/empty-legs/kama-kads-cessna-citation-ultra-2026-09-22-68ef4021?id=ADHUHR,"Thu, 03 Sep 2026 17:43:59 GMT",2026-09-19T17:49:50+00:00
https://villiers.ai/empty-legs/kaus-khou-cessna-citation-v-2026-09-22-cfd44a58?id=ADHUHR,active,reactivated,2026-08-25T00:47:01+00:00,2026-09-19T17:49:50+00:00,,"Cessna Citation V | Austin Bergstrom International Airport → William P. Hobby Airport | $2,150",,Cessna Citation V,KAUS - Austin Bergstrom International Airport,KAUS,AUS,Austin-Bergstrom International Airport,Austin,US,KHOU - William P. Hobby Airport,KHOU,HOU,William P Hobby Airport,Houston,US,22 September 2026,2026-09-22,12:00,12:46,46m,"$2,150",2150,USD,$,7,https://villiers.ai/empty-legs/kaus-khou-cessna-citation-v-2026-09-22-cfd44a58?id=ADHUHR,https://villiers.ai/empty-legs/kaus-khou-cessna-citation-v-2026-09-22-cfd44a58?id=ADHUHR,https://villiers.ai/empty-legs/kaus-khou-cessna-citation-v-2026-09-22-cfd44a58?id=ADHUHR,"Tue, 25 Aug 2026 00:33:49 GMT",2026-09-19T17:49:50+00:00
https://villiers.ai/empty-legs/kdal-kiws-pilatus-pc-12-ng-2026-09-22-cc6441d3?id=ADHUHR,active,new,2026-09-19T17:49:50+00:00,2026-09-19T17:49:50+00:00,,"Pilatus PC 12 NG | Dallas Love Field → West Houston Airport | $2,580",,Pilatus PC 12 NG,KDAL - Dallas Love Field,KDAL,DAL,Dallas Love Field,Dallas,US,KIWS - West Houston Airport,KIWS,IWS,West Houston Airport,Houston,US,22 September 2026,2026-09-22,12:00,12:54,54m,"$2,580",2580,USD,$,7,https://villiers.ai/empty-legs/kdal-kiws-pilatus-pc-12-ng-2026-09-22-cc6441d3?id=ADHUHR,https://villiers.ai/empty-legs/kdal-kiws-pilatus-pc-12-ng-2026-09-22-cc6441d3?id=ADHUHR,https://villiers.ai/empty-legs/kdal-kiws-pilatus-pc-12-ng-2026-09-22-cc6441d3?id=ADHUHR,"Fri, 18 Sep 2026 19:25:31 GMT",2026-09-19T17:49:50+00:00
https://villiers.ai/empty-legs/khou-klas-cessna-citation-v-2026-09-22-72194246?id=ADHUHR,active,reactivated,2026-08-25T00:47:01+00:00,2026-09-19T17:49:50+00:00,,"Cessna Citation V | William P. Hobby Airport → Harry Reid International Airport | $13,115",,Cessna Citation V,KHOU - William P. Hobby Airport,KHOU,HOU,William P Hobby Airport,Houston,US,KLAS - Harry Reid International Airport,KLAS,LAS,Harry Reid International Airport,Las Vegas,US,22 September 2026,2026-09-22,12:00,14:46,2h 47m,"$13,115",13115,USD,$,7,https://villiers.ai/empty-legs/khou-klas-cessna-citation-v-2026-09-22-72194246?id=ADHUHR,https://villiers.ai/empty-legs/khou-klas-cessna-citation-v-2026-09-22-72194246?id=ADHUHR,https://villiers.ai/empty-legs/khou-klas-cessna-citation-v-2026-09-22-72194246?id=ADHUHR,"Tue, 25 Aug 2026 00:33:49 GMT",2026-09-19T17:49:50+00:00
https://villiers.ai/empty-legs/kiws-kguc-pilatus-pc-12-ng-2026-09-22-07c4349d?id=ADHUHR,active,new,2026-09-19T17:49:50+00:00,2026-09-19T17:49:50+00:00,,"Pilatus PC 12 NG | West Houston Airport → Gunnison Crested Butte Regional Airport | $9,890",,Pilatus PC 12 NG,KIWS - West Houston Airport,KIWS,IWS,West Houston Airport,Houston,US,KGUC - Gunnison Crested Butte Regional Airport,KGUC,GUC,Gunnison-Crested Butte Regional Airport,Gunnison,US,22 September 2026,2026-09-22,12:00,14:07,2h 8m,"$9,890",9890,USD,$,7,https://villiers.ai/empty-legs/kiws-kguc-pilatus-pc-12-ng-2026-09-22-07c4349d?id=ADHUHR,https://villiers.ai/empty-legs/kiws-kguc-pilatus-pc-12-ng-2026-09-22-07c4349d?id=ADHUHR,https://villiers.ai/empty-legs/kiws-kguc-pilatus-pc-12-ng-2026-09-22-07c4349d?id=ADHUHR,"Fri, 18 Sep 2026 19:25:31 GMT",2026-09-19T17:49:50+00:00
https://villiers.ai/empty-legs/ksbp-klas-cessna-citation-v-2026-09-22-282cf079?id=ADHUHR,active,reactivated,2026-08-27T16:47:01+00:00,2026-09-19T17:49:50+00:00,,"Cessna Citation V | San Luis County Regional Airport → Harry Reid International Airport | $3,440",,Cessna Citation V,KSBP - San Luis County Regional Airport,KSBP,SBP,San Luis Obispo County Regional Airport,San Luis Obispo,US,KLAS - Harry Reid International Airport,KLAS,LAS,Harry Reid International Airport,Las Vegas,US,22 September 2026,2026-09-22,12:00,13:04,1h 5m,"$3,440",3440,USD,$,7,https://villiers.ai/empty-legs/ksbp-klas-cessna-citation-v-2026-09-22-282cf079?id=ADHUHR,https://villiers.ai/empty-legs/ksbp-klas-cessna-citation-v-2026-09-22-282cf079?id=ADHUHR,https://villiers.ai/empty-legs/ksbp-klas-cessna-citation-v-2026-09-22-282cf079?id=ADHUHR,"Thu, 27 Aug 2026 16:34:25 GMT",2026-09-19T17:49:50+00:00
https://villiers.ai/empty-legs/sadf-sumu-learjet-60-2026-09-22-e1b99a6e?id=ADHUHR,active,reactivated,2026-08-31T17:47:01+00:00,2026-09-19T17:49:50+00:00,,"Learjet 60 | San Fernando Airport → Carrasco General Cesáreo L. Berisso International Airport | $3,225",,Learjet 60,SADF - San Fernando Airport,SADF,FDO,San Fernando Airport,San Fernando,AR,SUMU - Carrasco General Cesáreo L. Berisso International Airport,SUMU,MVD,Carrasco International /General C L Berisso Airport,Montevideo,UY,22 September 2026,2026-09-22,12:19,13:05,46m,"$3,225",3225,USD,$,8,https://villiers.ai/empty-legs/sadf-sumu-learjet-60-2026-09-22-e1b99a6e?id=ADHUHR,https://villiers.ai/empty-legs/sadf-sumu-learjet-60-2026-09-22-e1b99a6e?id=ADHUHR,https://villiers.ai/empty-legs/sadf-sumu-learjet-60-2026-09-22-e1b99a6e?id=ADHUHR,"Mon, 31 Aug 2026 17:26:45 GMT",2026-09-19T17:49:50+00:00
https://villiers.ai/empty-legs/eggw-lfmn-citation-xls-2026-09-23-7f872cc1?id=ADHUHR,active,new,2026-09-19T17:49:50+00:00,2026-09-19T17:49:50+00:00,,"Citation XLS | London Luton Airport → Nice-Côte d'Azur Airport | £4,945",,Citation XLS,EGGW - London Luton Airport,EGGW,LTN,London Luton Airport,London,GB,LFMN - Nice-Côte d'Azur Airport,LFMN,NCE,Nice-Cote d'Azur Airport,Nice,FR,23 September 2026,2026-09-23,12:00,13:44,1h 44m,"£4,945",4945,GBP,£,8,https://villiers.ai/empty-legs/eggw-lfmn-citation-xls-2026-09-23-7f872cc1?id=ADHUHR,https://villiers.ai/empty-legs/eggw-lfmn-citation-xls-2026-09-23-7f872cc1?id=ADHUHR,https://villiers.ai/empty-legs/eggw-lfmn-citation-xls-2026-09-23-7f872cc1?id=ADHUHR,"Fri, 11 Sep 2026 19:21:51 GMT",2026-09-19T17:49:50+00:00
https://villiers.ai/empty-legs/eglf-eham-citation-xls-2026-09-23-1700672d?id=ADHUHR,active,new,2026-09-19T17:49:50+00:00,2026-09-19T17:49:50+00:00,,"Citation XLS+ | Farnborough Airport → Amsterdam Airport Schiphol | £6,665",,Citation XLS+,EGLF - Farnborough Airport,EGLF,FAB,Farnborough Airport,Farnborough,GB,EHAM - Amsterdam Airport Schiphol,EHAM,AMS,Amsterdam Airport Schiphol,Amsterdam,NL,23 September 2026,2026-09-23,12:00,12:57,57m,"£6,665",6665,GBP,£,8,https://villiers.ai/empty-legs/eglf-eham-citation-xls-2026-09-23-1700672d?id=ADHUHR,https://villiers.ai/empty-legs/eglf-eham-citation-xls-2026-09-23-1700672d?id=ADHUHR,https://villiers.ai/empty-legs/eglf-eham-citation-xls-2026-09-23-1700672d?id=ADHUHR,"Fri, 11 Sep 2026 19:21:51 GMT",2026-09-19T17:49:50+00:00
https://villiers.ai/empty-legs/kads-khou-cessna-citation-ultra-2026-09-23-6178bc31?id=ADHUHR,active,reactivated,2026-09-05T00:17:02+00:00,2026-09-19T17:49:50+00:00,,"Cessna Citation Ultra | Addison Airport → William P. Hobby Airport | $2,795",,Cessna Citation Ultra,KADS - Addison Airport,KADS,ADS,Addison Airport,Dallas,US,KHOU - William P. Hobby Airport,KHOU,HOU,William P Hobby Airport,Houston,US,23 September 2026,2026-09-23,12:00,12:57,57m,"$2,795",2795,USD,$,7,https://villiers.ai/empty-legs/kads-khou-cessna-citation-ultra-2026-09-23-6178bc31?id=ADHUHR,https://villiers.ai/empty-legs/kads-khou-cessna-citation-ultra-2026-09-23-6178bc31?id=ADHUHR,https://villiers.ai/empty-legs/kads-khou-cessna-citation-ultra-2026-09-23-6178bc31?id=ADHUHR,"Thu, 03 Sep 2026 17:44:00 GMT",2026-09-19T17:49:50+00:00
https://villiers.ai/empty-legs/kaus-khou-cessna-citation-v-2026-09-23-5bb497d8?id=ADHUHR,active,new,2026-09-19T17:49:50+00:00,2026-09-19T17:49:50+00:00,,"Cessna Citation V | Austin Bergstrom International Airport → William P. Hobby Airport | $2,150",,Cessna Citation V,KAUS - Austin Bergstrom International Airport,KAUS,AUS,Austin-Bergstrom International Airport,Austin,US,KHOU - William P. Hobby Airport,KHOU,HOU,William P Hobby Airport,Houston,US,23 September 2026,2026-09-23,12:00,12:46,46m,"$2,150",2150,USD,$,7,https://villiers.ai/empty-legs/kaus-khou-cessna-citation-v-2026-09-23-5bb497d8?id=ADHUHR,https://villiers.ai/empty-legs/kaus-khou-cessna-citation-v-2026-09-23-5bb497d8?id=ADHUHR,https://villiers.ai/empty-legs/kaus-khou-cessna-citation-v-2026-09-23-5bb497d8?id=ADHUHR,"Sat, 19 Sep 2026 15:36:21 GMT",2026-09-19T17:49:50+00:00
https://villiers.ai/empty-legs/kads-klft-cessna-citation-ultra-2026-09-24-10f8ee5d?id=ADHUHR,active,new,2026-09-19T17:49:50+00:00,2026-09-19T17:49:50+00:00,,"Cessna Citation Ultra | Addison Airport → Lafayette Regional Airport | $3,440",,Cessna Citation Ultra,KADS - Addison Airport,KADS,ADS,Addison Airport,Dallas,US,KLFT - Lafayette Regional Airport,KLFT,LFT,Lafayette Regional/Paul Fournet Field,Lafayette,US,24 September 2026,2026-09-24,12:00,13:08,1h 8m,"$3,440",3440,USD,$,7,https://villiers.ai/empty-legs/kads-klft-cessna-citation-ultra-2026-09-24-10f8ee5d?id=ADHUHR,https://villiers.ai/empty-legs/kads-klft-cessna-citation-ultra-2026-09-24-10f8ee5d?id=ADHUHR,https://villiers.ai/empty-legs/kads-klft-cessna-citation-ultra-2026-09-24-10f8ee5d?id=ADHUHR,"Tue, 08 Sep 2026 13:36:35 GMT",2026-09-19T17:49:50+00:00
https://villiers.ai/empty-legs/kaus-ksgr-cessna-citation-v-2026-09-24-706c77b7?id=ADHUHR,active,reactivated,2026-08-25T17:47:01+00:00,2026-09-19T17:49:50+00:00,,"Cessna Citation V | Austin Bergstrom International Airport → Sugar Land Regional Airport | $1,720",,Cessna Citation V,KAUS - Austin Bergstrom International Airport,KAUS,AUS,Austin-Bergstrom International Airport,Austin,US,KSGR - Sugar Land Regional Airport,KSGR,SGR,Sugar Land Regional Airport,Houston,US,24 September 2026,2026-09-24,12:00,12:44,44m,"$1,720",1720,USD,$,7,https://villiers.ai/empty-legs/kaus-ksgr-cessna-citation-v-2026-09-24-706c77b7?id=ADHUHR,https://villiers.ai/empty-legs/kaus-ksgr-cessna-citation-v-2026-09-24-706c77b7?id=ADHUHR,https://villiers.ai/empty-legs/kaus-ksgr-cessna-citation-v-2026-09-24-706c77b7?id=ADHUHR,"Tue, 25 Aug 2026 17:17:18 GMT",2026-09-19T17:49:50+00:00
https://villiers.ai/empty-legs/kdal-kcxo-cessna-citation-ultra-2026-09-24-33f73ede?id=ADHUHR,active,new,2026-09-19T17:49:50+00:00,2026-09-19T17:49:50+00:00,,"Cessna Citation Ultra | Dallas Love Field → Conroe-North Houston Regional Airport | $2,473",,Cessna Citation Ultra,KDAL - Dallas Love Field,KDAL,DAL,Dallas Love Field,Dallas,US,KCXO - Conroe-North Houston Regional Airport,KCXO,CXO,Conroe/North Houston Regional Airport,Houston,US,24 September 2026,2026-09-24,12:00,12:51,51m,"$2,473",2473,USD,$,7,https://villiers.ai/empty-legs/kdal-kcxo-cessna-citation-ultra-2026-09-24-33f73ede?id=ADHUHR,https://villiers.ai/empty-legs/kdal-kcxo-cessna-citation-ultra-2026-09-24-33f73ede?id=ADHUHR,https://villiers.ai/empty-legs/kdal-kcxo-cessna-citation-ultra-2026-09-24-33f73ede?id=ADHUHR,"Sun, 06 Sep 2026 22:31:22 GMT",2026-09-19T17:49:50+00:00
https://villiers.ai/empty-legs/kiws-k6r6-pilatus-pc-12-ng-2026-09-24-fe63377e?id=ADHUHR,active,new,2026-09-19T17:49:50+00:00,2026-09-19T17:49:50+00:00,,"Pilatus PC 12 NG | West Houston Airport → Terrell County Airport | $4,730",,Pilatus PC 12 NG,KIWS - West Houston Airport,KIWS,IWS,West Houston Airport,Houston,US,K6R6 - Terrell County Airport,K6R6,,Terrell County Airport,Dryden,US,24 September 2026,2026-09-24,12:00,13:13,1h 13m,"$4,730",4730,USD,$,7,https://villiers.ai/empty-legs/kiws-k6r6-pilatus-pc-12-ng-2026-09-24-fe63377e?id=ADHUHR,https://villiers.ai/empty-legs/kiws-k6r6-pilatus-pc-12-ng-2026-09-24-fe63377e?id=ADHUHR,https://villiers.ai/empty-legs/kiws-k6r6-pilatus-pc-12-ng-2026-09-24-fe63377e?id=ADHUHR,"Fri, 18 Sep 2026 19:25:31 GMT",2026-09-19T17:49:50+00:00
https://villiers.ai/empty-legs/kteb-kalb-cessna-citation-excel-2026-09-24-80bcf94f?id=ADHUHR,active,new,2026-09-19T17:49:50+00:00,2026-09-19T17:49:50+00:00,,"Cessna Citation Excel | Teterboro Airport → Albany International Airport | $3,225",,Cessna Citation Excel,KTEB - Teterboro Airport,KTEB,TEB,Teterboro Airport,Teterboro,US,KALB - Albany International Airport,KALB,ALB,Albany International Airport,Albany,US,24 September 2026,2026-09-24,12:00,12:44,45m,"$3,225",3225,USD,$,9,https://villiers.ai/empty-legs/kteb-kalb-cessna-citation-excel-2026-09-24-80bcf94f?id=ADHUHR,https://villiers.ai/empty-legs/kteb-kalb-cessna-citation-excel-2026-09-24-80bcf94f?id=ADHUHR,https://villiers.ai/empty-legs/kteb-kalb-cessna-citation-excel-2026-09-24-80bcf94f?id=ADHUHR,"Thu, 17 Sep 2026 15:37:49 GMT",2026-09-19T17:49:50+00:00
https://villiers.ai/empty-legs/kteb-khou-cessna-citation-excel-2026-09-24-5327a543?id=ADHUHR,active,reactivated,2026-09-05T00:17:02+00:00,2026-09-19T17:49:50+00:00,,"Cessna Citation Excel | Teterboro Airport → William P. Hobby Airport | $20,318",,Cessna Citation Excel,KTEB - Teterboro Airport,KTEB,TEB,Teterboro Airport,Teterboro,US,KHOU - William P. Hobby Airport,KHOU,HOU,William P Hobby Airport,Houston,US,24 September 2026,2026-09-24,12:00,15:07,3h 8m,"$20,318",20318,USD,$,9,https://villiers.ai/empty-legs/kteb-khou-cessna-citation-excel-2026-09-24-5327a543?id=ADHUHR,https://villiers.ai/empty-legs/kteb-khou-cessna-citation-excel-2026-09-24-5327a543?id=ADHUHR,https://villiers.ai/empty-legs/kteb-khou-cessna-citation-excel-2026-09-24-5327a543?id=ADHUHR,"Thu, 03 Sep 2026 17:44:00 GMT",2026-09-19T17:49:50+00:00
https://villiers.ai/empty-legs/kteb-kopf-cessna-citation-excel-2026-09-24-0dc88045?id=ADHUHR,active,reactivated,2026-08-24T00:17:02+00:00,2026-09-19T17:49:50+00:00,,"Cessna Citation Excel | Teterboro Airport → Miami-Opa Locka Executive Airport | $15,050",,Cessna Citation Excel,KTEB - Teterboro Airport,KTEB,TEB,Teterboro Airport,Teterboro,US,KOPF - Miami-Opa Locka Executive Airport,KOPF,OPF,Miami-Opa Locka Executive Airport,Miami,US,24 September 2026,2026-09-24,12:00,14:31,2h 31m,"$15,050",15050,USD,$,9,https://villiers.ai/empty-legs/kteb-kopf-cessna-citation-excel-2026-09-24-0dc88045?id=ADHUHR,https://villiers.ai/empty-legs/kteb-kopf-cessna-citation-excel-2026-09-24-0dc88045?id=ADHUHR,https://villiers.ai/empty-legs/kteb-kopf-cessna-citation-excel-2026-09-24-0dc88045?id=ADHUHR,"Sun, 23 Aug 2026 18:23:24 GMT",2026-09-19T17:49:50+00:00
https://villiers.ai/empty-legs/ktys-khou-cessna-citation-v-2026-09-24-4fdeb19b?id=ADHUHR,active,new,2026-09-19T17:49:50+00:00,2026-09-19T17:49:50+00:00,,"Cessna Citation V | McGhee Tyson Airport → William P. Hobby Airport | $8,600",,Cessna Citation V,KTYS - McGhee Tyson Airport,KTYS,TYS,Mc Ghee Tyson Airport,Knoxville,US,KHOU - William P. Hobby Airport,KHOU,HOU,William P Hobby Airport,Houston,US,24 September 2026,2026-09-24,12:00,13:56,1h 57m,"$8,600",8600,USD,$,7,https://villiers.ai/empty-legs/ktys-khou-cessna-citation-v-2026-09-24-4fdeb19b?id=ADHUHR,https://villiers.ai/empty-legs/ktys-khou-cessna-citation-v-2026-09-24-4fdeb19b?id=ADHUHR,https://villiers.ai/empty-legs/ktys-khou-cessna-citation-v-2026-09-24-4fdeb19b?id=ADHUHR,"Fri, 18 Sep 2026 19:25:31 GMT",2026-09-19T17:49:50+00:00
https://villiers.ai/empty-legs/kfwa-khou-cessna-citation-ultra-2026-09-25-e87bee37?id=ADHUHR,active,reactivated,2026-08-20T00:17:02+00:00,2026-09-19T17:49:50+00:00,,"Cessna Citation Ultra | Fort Wayne International Airport → William P. Hobby Airport | $9,998",,Cessna Citation Ultra,KFWA - Fort Wayne International Airport,KFWA,FWA,Fort Wayne International Airport,Fort Wayne,US,KHOU - William P. Hobby Airport,KHOU,HOU,William P Hobby Airport,Houston,US,25 September 2026,2026-09-25,12:00,14:17,2h 17m,"$9,998",9998,USD,$,7,https://villiers.ai/empty-legs/kfwa-khou-cessna-citation-ultra-2026-09-25-e87bee37?id=ADHUHR,https://villiers.ai/empty-legs/kfwa-khou-cessna-citation-ultra-2026-09-25-e87bee37?id=ADHUHR,https://villiers.ai/empty-legs/kfwa-khou-cessna-citation-ultra-2026-09-25-e87bee37?id=ADHUHR,"Wed, 19 Aug 2026 22:51:09 GMT",2026-09-19T17:49:50+00:00
https://villiers.ai/empty-legs/kfwa-ktys-cessna-citation-v-2026-09-25-ea8c1f15?id=ADHUHR,active,reactivated,2026-08-22T00:17:02+00:00,2026-09-19T17:49:50+00:00,,"Cessna Citation V | Fort Wayne International Airport → McGhee Tyson Airport | $3,870",,Cessna Citation V,KFWA - Fort Wayne International Airport,KFWA,FWA,Fort Wayne International Airport,Fort Wayne,US,KTYS - McGhee Tyson Airport,KTYS,TYS,Mc Ghee Tyson Airport,Knoxville,US,25 September 2026,2026-09-25,12:00,13:10,1h 10m,"$3,870",3870,USD,$,7,https://villiers.ai/empty-legs/kfwa-ktys-cessna-citation-v-2026-09-25-ea8c1f15?id=ADHUHR,https://villiers.ai/empty-legs/kfwa-ktys-cessna-citation-v-2026-09-25-ea8c1f15?id=ADHUHR,https://villiers.ai/empty-legs/kfwa-ktys-cessna-citation-v-2026-09-25-ea8c1f15?id=ADHUHR,"Fri, 21 Aug 2026 18:42:16 GMT",2026-09-19T17:49:50+00:00
https://villiers.ai/empty-legs/kteb-kmvy-cessna-citation-excel-2026-09-25-d1f1996d?id=ADHUHR,active,new,2026-09-19T17:49:50+00:00,2026-09-19T17:49:50+00:00,,"Cessna Citation Excel | Teterboro Airport → Martha's Vineyard Airport | $3,225",,Cessna Citation Excel,KTEB - Teterboro Airport,KTEB,TEB,Teterboro Airport,Teterboro,US,KMVY - Martha's Vineyard Airport,KMVY,MVY,Martha's Vineyard Airport,Vineyard Haven,US,25 September 2026,2026-09-25,12:00,12:50,50m,"$3,225",3225,USD,$,9,https://villiers.ai/empty-legs/kteb-kmvy-cessna-citation-excel-2026-09-25-d1f1996d?id=ADHUHR,https://villiers.ai/empty-legs/kteb-kmvy-cessna-citation-excel-2026-09-25-d1f1996d?id=ADHUHR,https://villiers.ai/empty-legs/kteb-kmvy-cessna-citation-excel-2026-09-25-d1f1996d?id=ADHUHR,"Thu, 17 Sep 2026 15:37:49 GMT",2026-09-19T17:49:50+00:00
https://villiers.ai/empty-legs/ktys-khou-cessna-citation-v-2026-09-25-e64dae99?id=ADHUHR,active,reactivated,2026-08-22T00:17:02+00:00,2026-09-19T17:49:50+00:00,,"Cessna Citation V | McGhee Tyson Airport → William P. Hobby Airport | $8,600",,Cessna Citation V,KTYS - McGhee Tyson Airport,KTYS,TYS,Mc Ghee Tyson Airport,Knoxville,US,KHOU - William P. Hobby Airport,KHOU,HOU,William P Hobby Airport,Houston,US,25 September 2026,2026-09-25,12:00,13:56,1h 57m,"$8,600",8600,USD,$,7,https://villiers.ai/empty-legs/ktys-khou-cessna-citation-v-2026-09-25-e64dae99?id=ADHUHR,https://villiers.ai/empty-legs/ktys-khou-cessna-citation-v-2026-09-25-e64dae99?id=ADHUHR,https://villiers.ai/empty-legs/ktys-khou-cessna-citation-v-2026-09-25-e64dae99?id=ADHUHR,"Fri, 21 Aug 2026 18:42:16 GMT",2026-09-19T17:49:50+00:00
https://villiers.ai/empty-legs/kalb-kteb-cessna-citation-excel-2026-09-26-a7425bec?id=ADHUHR,active,new,2026-09-19T17:49:50+00:00,2026-09-19T17:49:50+00:00,,"Cessna Citation Excel | Albany International Airport → Teterboro Airport | $3,225",,Cessna Citation Excel,KALB - Albany International Airport,KALB,ALB,Albany International Airport,Albany,US,KTEB - Teterboro Airport,KTEB,TEB,Teterboro Airport,Teterboro,US,26 September 2026,2026-09-26,12:00,12:44,45m,"$3,225",3225,USD,$,9,https://villiers.ai/empty-legs/kalb-kteb-cessna-citation-excel-2026-09-26-a7425bec?id=ADHUHR,https://villiers.ai/empty-legs/kalb-kteb-cessna-citation-excel-2026-09-26-a7425bec?id=ADHUHR,https://villiers.ai/empty-legs/kalb-kteb-cessna-citation-excel-2026-09-26-a7425bec?id=ADHUHR,"Thu, 17 Sep 2026 15:37:49 GMT",2026-09-19T17:49:50+00:00
https://villiers.ai/empty-legs/kpdk-ktcl-pilatus-pc-12-ng-2026-09-26-e35e4a73?id=ADHUHR,active,new,2026-09-19T17:49:50+00:00,2026-09-19T17:49:50+00:00,,"Pilatus PC 12 NG | DeKalb Peachtree Airport → Tuscaloosa National Airport | $3,010",,Pilatus PC 12 NG,KPDK - DeKalb Peachtree Airport,KPDK,PDK,Dekalb-Peachtree Airport,Atlanta,US,KTCL - Tuscaloosa National Airport,KTCL,TCL,Tuscaloosa Ntl Airport,Tuscaloosa,US,26 September 2026,2026-09-26,12:00,12:51,52m,"$3,010",3010,USD,$,7,https://villiers.ai/empty-legs/kpdk-ktcl-pilatus-pc-12-ng-2026-09-26-e35e4a73?id=ADHUHR,https://villiers.ai/empty-legs/kpdk-ktcl-pilatus-pc-12-ng-2026-09-26-e35e4a73?id=ADHUHR,https://villiers.ai/empty-legs/kpdk-ktcl-pilatus-pc-12-ng-2026-09-26-e35e4a73?id=ADHUHR,"Wed, 16 Sep 2026 15:09:04 GMT",2026-09-19T17:49:50+00:00
https://villiers.ai/empty-legs/ktcl-kdan-pilatus-pc-12-ng-2026-09-26-34a71f6a?id=ADHUHR,active,new,2026-09-19T17:49:50+00:00,2026-09-19T17:49:50+00:00,,"Pilatus PC 12 NG | Tuscaloosa National Airport → Danville Regional Airport | $4,300",,Pilatus PC 12 NG,KTCL - Tuscaloosa National Airport,KTCL,TCL,Tuscaloosa Ntl Airport,Tuscaloosa,US,KDAN - Danville Regional Airport,KDAN,DAN,Danville Regional Airport,Danville,US,26 September 2026,2026-09-26,12:00,13:27,1h 28m,"$4,300",4300,USD,$,7,https://villiers.ai/empty-legs/ktcl-kdan-pilatus-pc-12-ng-2026-09-26-34a71f6a?id=ADHUHR,https://villiers.ai/empty-legs/ktcl-kdan-pilatus-pc-12-ng-2026-09-26-34a71f6a?id=ADHUHR,https://villiers.ai/empty-legs/ktcl-kdan-pilatus-pc-12-ng-2026-09-26-34a71f6a?id=ADHUHR,"Wed, 16 Sep 2026 15:09:04 GMT",2026-09-19T17:49:50+00:00
https://villiers.ai/empty-legs/kteb-kunv-cessna-citation-excel-2026-09-26-8d26dd25?id=ADHUHR,active,new,2026-09-19T17:49:50+00:00,2026-09-19T17:49:50+00:00,,"Cessna Citation Excel | Teterboro Airport → State College Regional Airport | $5,268",,Cessna Citation Excel,KTEB - Teterboro Airport,KTEB,TEB,Teterboro Airport,Teterboro,US,KUNV - State College Regional Airport,KUNV,SCE,State College Regional Airport,State College,US,26 September 2026,2026-09-26,12:00,12:51,52m,"$5,268",5268,USD,$,9,https://villiers.ai/empty-legs/kteb-kunv-cessna-citation-excel-2026-09-26-8d26dd25?id=ADHUHR,https://villiers.ai/empty-legs/kteb-kunv-cessna-citation-excel-2026-09-26-8d26dd25?id=ADHUHR,https://villiers.ai/empty-legs/kteb-kunv-cessna-citation-excel-2026-09-26-8d26dd25?id=ADHUHR,"Thu, 17 Sep 2026 15:37:49 GMT",2026-09-19T17:49:50+00:00
https://villiers.ai/empty-legs/saar-sadf-learjet-60-2026-09-26-fe135687?id=ADHUHR,active,new,2026-09-19T17:49:50+00:00,2026-09-19T17:49:50+00:00,,"Learjet 60 | Rosario Islas Malvinas International Airport → San Fernando Airport | $3,225",,Learjet 60,SAAR - Rosario Islas Malvinas International Airport,SAAR,ROS,Islas Malvinas Airport,Rosario,AR,SADF - San Fernando Airport,SADF,FDO,San Fernando Airport,San Fernando,AR,26 September 2026,2026-09-26,12:00,12:48,48m,"$3,225",3225,USD,$,8,https://villiers.ai/empty-legs/saar-sadf-learjet-60-2026-09-26-fe135687?id=ADHUHR,https://villiers.ai/empty-legs/saar-sadf-learjet-60-2026-09-26-fe135687?id=ADHUHR,https://villiers.ai/empty-legs/saar-sadf-learjet-60-2026-09-26-fe135687?id=ADHUHR,"Mon, 14 Sep 2026 17:24:00 GMT",2026-09-19T17:49:50+00:00
https://villiers.ai/empty-legs/sadf-saar-learjet-60-2026-09-26-c7107f1b?id=ADHUHR,active,new,2026-09-19T17:49:50+00:00,2026-09-19T17:49:50+00:00,,"Learjet 60 | San Fernando Airport → Rosario Islas Malvinas International Airport | $3,225",,Learjet 60,SADF - San Fernando Airport,SADF,FDO,San Fernando Airport,San Fernando,AR,SAAR - Rosario Islas Malvinas International Airport,SAAR,ROS,Islas Malvinas Airport,Rosario,AR,26 September 2026,2026-09-26,12:00,12:48,48m,"$3,225",3225,USD,$,8,https://villiers.ai/empty-legs/sadf-saar-learjet-60-2026-09-26-c7107f1b?id=ADHUHR,https://villiers.ai/empty-legs/sadf-saar-learjet-60-2026-09-26-c7107f1b?id=ADHUHR,https://villiers.ai/empty-legs/sadf-saar-learjet-60-2026-09-26-c7107f1b?id=ADHUHR,"Mon, 14 Sep 2026 17:24:00 GMT",2026-09-19T17:49:50+00:00
https://villiers.ai/empty-legs/eggw-edlw-citation-cj2-2026-09-27-88574ec8?id=ADHUHR,active,reactivated,2026-09-05T00:17:02+00:00,2026-09-19T17:49:50+00:00,,"Citation CJ2+ | London Luton Airport → Dortmund Airport | £5,536",,Citation CJ2+,EGGW - London Luton Airport,EGGW,LTN,London Luton Airport,London,GB,EDLW - Dortmund Airport,EDLW,DTM,Dortmund Airport,Dortmund,DE,27 September 2026,2026-09-27,12:00,13:07,1h 8m,"£5,536",5536,GBP,£,7,https://villiers.ai/empty-legs/eggw-edlw-citation-cj2-2026-09-27-88574ec8?id=ADHUHR,https://villiers.ai/empty-legs/eggw-edlw-citation-cj2-2026-09-27-88574ec8?id=ADHUHR,https://villiers.ai/empty-legs/eggw-edlw-citation-cj2-2026-09-27-88574ec8?id=ADHUHR,"Sat, 05 Sep 2026 00:13:19 GMT",2026-09-19T17:49:50+00:00
https://villiers.ai/empty-legs/kcrq-ksez-cessna-citation-cj3-2026-09-27-63074f6a?id=ADHUHR,active,new,2026-09-19T17:49:50+00:00,2026-09-19T17:49:50+00:00,,"Cessna Citation CJ3 | McClellan-Palomar Airport → Sedona Airport | $5,913",,Cessna Citation CJ3,KCRQ - McClellan-Palomar Airport,KCRQ,CLD,Mc Clellan-Palomar Airport,Carlsbad,US,KSEZ - Sedona Airport,KSEZ,SDX,Sedona Airport,Sedona,US,27 September 2026,2026-09-27,12:00,13:07,1h 7m,"$5,913",5913,USD,$,6,https://villiers.ai/empty-legs/kcrq-ksez-cessna-citation-cj3-2026-09-27-63074f6a?id=ADHUHR,https://villiers.ai/empty-legs/kcrq-ksez-cessna-citation-cj3-2026-09-27-63074f6a?id=ADHUHR,https://villiers.ai/empty-legs/kcrq-ksez-cessna-citation-cj3-2026-09-27-63074f6a?id=ADHUHR,"Thu, 17 Sep 2026 05:50:32 GMT",2026-09-19T17:49:50+00:00
https://villiers.ai/empty-legs/kfwa-ktys-cessna-citation-v-2026-09-27-fc469790?id=ADHUHR,active,new,2026-09-19T17:49:50+00:00,2026-09-19T17:49:50+00:00,,"Cessna Citation V | Fort Wayne International Airport → McGhee Tyson Airport | $3,870",,Cessna Citation V,KFWA - Fort Wayne International Airport,KFWA,FWA,Fort Wayne International Airport,Fort Wayne,US,KTYS - McGhee Tyson Airport,KTYS,TYS,Mc Ghee Tyson Airport,Knoxville,US,27 September 2026,2026-09-27,12:00,13:10,1h 10m,"$3,870",3870,USD,$,7,https://villiers.ai/empty-legs/kfwa-ktys-cessna-citation-v-2026-09-27-fc469790?id=ADHUHR,https://villiers.ai/empty-legs/kfwa-ktys-cessna-citation-v-2026-09-27-fc469790?id=ADHUHR,https://villiers.ai/empty-legs/kfwa-ktys-cessna-citation-v-2026-09-27-fc469790?id=ADHUHR,"Sun, 06 Sep 2026 22:31:22 GMT",2026-09-19T17:49:50+00:00
https://villiers.ai/empty-legs/klft-khou-cessna-citation-ultra-2026-09-27-8c481e26?id=ADHUHR,active,new,2026-09-19T17:49:50+00:00,2026-09-19T17:49:50+00:00,,"Cessna Citation Ultra | Lafayette Regional Airport → William P. Hobby Airport | $3,118",,Cessna Citation Ultra,KLFT - Lafayette Regional Airport,KLFT,LFT,Lafayette Regional/Paul Fournet Field,Lafayette,US,KHOU - William P. Hobby Airport,KHOU,HOU,William P Hobby Airport,Houston,US,27 September 2026,2026-09-27,12:00,12:52,52m,"$3,118",3118,USD,$,7,https://villiers.ai/empty-legs/klft-khou-cessna-citation-ultra-2026-09-27-8c481e26?id=ADHUHR,https://villiers.ai/empty-legs/klft-khou-cessna-citation-ultra-2026-09-27-8c481e26?id=ADHUHR,https://villiers.ai/empty-legs/klft-khou-cessna-citation-ultra-2026-09-27-8c481e26?id=ADHUHR,"Tue, 08 Sep 2026 13:36:35 GMT",2026-09-19T17:49:50+00:00
https://villiers.ai/empty-legs/mmsd-kcrq-challenger-350-2026-09-27-0bfbf24f?id=ADHUHR,active,new,2026-09-19T17:49:50+00:00,2026-09-19T17:49:50+00:00,,"Challenger 350 | Los Cabos International Airport → McClellan-Palomar Airport | $24,671",,Challenger 350,MMSD - Los Cabos International Airport,MMSD,SJD,Los Cabos International Airport,San Jose del Cabo,MX,KCRQ - McClellan-Palomar Airport,KCRQ,CLD,Mc Clellan-Palomar Airport,Carlsbad,US,27 September 2026,2026-09-27,12:00,14:01,2h 2m,"$24,671",24671,USD,$,10,https://villiers.ai/empty-legs/mmsd-kcrq-challenger-350-2026-09-27-0bfbf24f?id=ADHUHR,https://villiers.ai/empty-legs/mmsd-kcrq-challenger-350-2026-09-27-0bfbf24f?id=ADHUHR,https://villiers.ai/empty-legs/mmsd-kcrq-challenger-350-2026-09-27-0bfbf24f?id=ADHUHR,"Wed, 16 Sep 2026 01:21:09 GMT",2026-09-19T17:49:50+00:00
https://villiers.ai/empty-legs/kcxo-kerv-cessna-citation-ultra-2026-09-28-ee587ff4?id=ADHUHR,active,new,2026-09-19T17:49:50+00:00,2026-09-19T17:49:50+00:00,,"Cessna Citation Ultra | Conroe-North Houston Regional Airport → Kerrville / Kerr County Airport at Louis Schreiner Field | $3,118",,Cessna Citation Ultra,KCXO - Conroe-North Houston Regional Airport,KCXO,CXO,Conroe/North Houston Regional Airport,Houston,US,KERV - Kerrville / Kerr County Airport at Louis Schreiner Field,KERV,ERV,Kerrville Municipal/Louis Schreiner Field,Kerrville,US,28 September 2026,2026-09-28,12:00,12:54,54m,"$3,118",3118,USD,$,7,https://villiers.ai/empty-legs/kcxo-kerv-cessna-citation-ultra-2026-09-28-ee587ff4?id=ADHUHR,https://villiers.ai/empty-legs/kcxo-kerv-cessna-citation-ultra-2026-09-28-ee587ff4?id=ADHUHR,https://villiers.ai/empty-legs/kcxo-kerv-cessna-citation-ultra-2026-09-28-ee587ff4?id=ADHUHR,"Tue, 08 Sep 2026 13:36:35 GMT",2026-09-19T17:49:50+00:00
https://villiers.ai/empty-legs/kdal-kerv-cessna-citation-ultra-2026-09-28-5af38531?id=ADHUHR,active,new,2026-09-19T17:49:50+00:00,2026-09-19T17:49:50+00:00,,"Cessna Citation Ultra | Dallas Love Field → Kerrville / Kerr County Airport at Louis Schreiner Field | $3,118",,Cessna Citation Ultra,KDAL - Dallas Love Field,KDAL,DAL,Dallas Love Field,Dallas,US,KERV - Kerrville / Kerr County Airport at Louis Schreiner Field,KERV,ERV,Kerrville Municipal/Louis Schreiner Field,Kerrville,US,28 September 2026,2026-09-28,12:00,12:56,56m,"$3,118",3118,USD,$,7,https://villiers.ai/empty-legs/kdal-kerv-cessna-citation-ultra-2026-09-28-5af38531?id=ADHUHR,https://villiers.ai/empty-legs/kdal-kerv-cessna-citation-ultra-2026-09-28-5af38531?id=ADHUHR,https://villiers.ai/empty-legs/kdal-kerv-cessna-citation-ultra-2026-09-28-5af38531?id=ADHUHR,"Sat, 12 Sep 2026 19:23:18 GMT",2026-09-19T17:49:50+00:00
https://villiers.ai/empty-legs/khou-kerv-cessna-citation-ultra-2026-09-28-ad3f13b9?id=ADHUHR,active,new,2026-09-19T17:49:50+00:00,2026-09-19T17:49:50+00:00,,"Cessna Citation Ultra | William P. Hobby Airport → Kerrville / Kerr County Airport at Louis Schreiner Field | $3,118",,Cessna Citation Ultra,KHOU - William P. Hobby Airport,KHOU,HOU,William P Hobby Airport,Houston,US,KERV - Kerrville / Kerr County Airport at Louis Schreiner Field,KERV,ERV,Kerrville Municipal/Louis Schreiner Field,Kerrville,US,28 September 2026,2026-09-28,12:00,12:55,55m,"$3,118",3118,USD,$,7,https://villiers.ai/empty-legs/khou-kerv-cessna-citation-ultra-2026-09-28-ad3f13b9?id=ADHUHR,https://villiers.ai/empty-legs/khou-kerv-cessna-citation-ultra-2026-09-28-ad3f13b9?id=ADHUHR,https://villiers.ai/empty-legs/khou-kerv-cessna-citation-ultra-2026-09-28-ad3f13b9?id=ADHUHR,"Thu, 17 Sep 2026 15:37:49 GMT",2026-09-19T17:49:50+00:00
https://villiers.ai/empty-legs/khou-kteb-cessna-citation-excel-2026-09-28-3a7b2e91?id=ADHUHR,active,reactivated,2026-09-05T00:17:02+00:00,2026-09-19T17:49:50+00:00,,"Cessna Citation Excel | William P. Hobby Airport → Teterboro Airport | $15,480",,Cessna Citation Excel,KHOU - William P. Hobby Airport,KHOU,HOU,William P Hobby Airport,Houston,US,KTEB - Teterboro Airport,KTEB,TEB,Teterboro Airport,Teterboro,US,28 September 2026,2026-09-28,12:00,15:07,3h 8m,"$15,480",15480,USD,$,9,https://villiers.ai/empty-legs/khou-kteb-cessna-citation-excel-2026-09-28-3a7b2e91?id=ADHUHR,https://villiers.ai/empty-legs/khou-kteb-cessna-citation-excel-2026-09-28-3a7b2e91?id=ADHUHR,https://villiers.ai/empty-legs/khou-kteb-cessna-citation-excel-2026-09-28-3a7b2e91?id=ADHUHR,"Thu, 03 Sep 2026 17:44:00 GMT",2026-09-19T17:49:50+00:00
https://villiers.ai/empty-legs/kjac-kcrq-hawker-900xp-2026-09-28-fff4fbc4?id=ADHUHR,active,new,2026-09-19T17:49:50+00:00,2026-09-19T17:49:50+00:00,,"Hawker 900XP | Jackson Hole Airport → McClellan-Palomar Airport | $8,600",,Hawker 900XP,KJAC - Jackson Hole Airport,KJAC,JAC,Jackson Hole Airport,Jackson,US,KCRQ - McClellan-Palomar Airport,KCRQ,CLD,Mc Clellan-Palomar Airport,Carlsbad,US,28 September 2026,2026-09-28,12:00,13:59,1h 59m,"$8,600",8600,USD,$,9,https://villiers.ai/empty-legs/kjac-kcrq-hawker-900xp-2026-09-28-fff4fbc4?id=ADHUHR,https://villiers.ai/empty-legs/kjac-kcrq-hawker-900xp-2026-09-28-fff4fbc4?id=ADHUHR,https://villiers.ai/empty-legs/kjac-kcrq-hawker-900xp-2026-09-28-fff4fbc4?id=ADHUHR,"Wed, 16 Sep 2026 01:21:09 GMT",2026-09-19T17:49:50+00:00
https://villiers.ai/empty-legs/kopf-kteb-cessna-citation-excel-2026-09-28-e1dd89a8?id=ADHUHR,active,reactivated,2026-08-25T00:17:02+00:00,2026-09-19T17:49:50+00:00,,"Cessna Citation Excel | Miami-Opa Locka Executive Airport → Teterboro Airport | $12,578",,Cessna Citation Excel,KOPF - Miami-Opa Locka Executive Airport,KOPF,OPF,Miami-Opa Locka Executive Airport,Miami,US,KTEB - Teterboro Airport,KTEB,TEB,Teterboro Airport,Teterboro,US,28 September 2026,2026-09-28,12:00,14:31,2h 31m,"$12,578",12578,USD,$,9,https://villiers.ai/empty-legs/kopf-kteb-cessna-citation-excel-2026-09-28-e1dd89a8?id=ADHUHR,https://villiers.ai/empty-legs/kopf-kteb-cessna-citation-excel-2026-09-28-e1dd89a8?id=ADHUHR,https://villiers.ai/empty-legs/kopf-kteb-cessna-citation-excel-2026-09-28-e1dd89a8?id=ADHUHR,"Sun, 23 Aug 2026 18:23:24 GMT",2026-09-19T17:49:50+00:00
https://villiers.ai/empty-legs/ksgr-kaus-cessna-citation-v-2026-09-28-3eb7ea9f?id=ADHUHR,active,new,2026-09-19T17:49:50+00:00,2026-09-19T17:49:50+00:00,,"Cessna Citation V | Sugar Land Regional Airport → Austin Bergstrom International Airport | $2,473",,Cessna Citation V,KSGR - Sugar Land Regional Airport,KSGR,SGR,Sugar Land Regional Airport,Houston,US,KAUS - Austin Bergstrom International Airport,KAUS,AUS,Austin-Bergstrom International Airport,Austin,US,28 September 2026,2026-09-28,12:00,12:44,44m,"$2,473",2473,USD,$,7,https://villiers.ai/empty-legs/ksgr-kaus-cessna-citation-v-2026-09-28-3eb7ea9f?id=ADHUHR,https://villiers.ai/empty-legs/ksgr-kaus-cessna-citation-v-2026-09-28-3eb7ea9f?id=ADHUHR,https://villiers.ai/empty-legs/ksgr-kaus-cessna-citation-v-2026-09-28-3eb7ea9f?id=ADHUHR,"Thu, 10 Sep 2026 15:42:53 GMT",2026-09-19T17:49:50+00:00
https://villiers.ai/empty-legs/egwu-liri-citation-cj3-2026-09-29-16b2befb?id=ADHUHR,active,reactivated,2026-09-05T00:17:02+00:00,2026-09-19T17:49:50+00:00,,"Citation CJ3+ | RAF Northolt → Salerno Costa d'Amalfi Airport | £9,836",,Citation CJ3+,EGWU - RAF Northolt,EGWU,NHT,RAF Northolt,London,GB,LIRI - Salerno Costa d'Amalfi Airport,LIRI,QSR,Salerno / Pontecagnano Airport,Salerno,IT,29 September 2026,2026-09-29,12:00,14:26,2h 26m,"£9,836",9836,GBP,£,6,https://villiers.ai/empty-legs/egwu-liri-citation-cj3-2026-09-29-16b2befb?id=ADHUHR,https://villiers.ai/empty-legs/egwu-liri-citation-cj3-2026-09-29-16b2befb?id=ADHUHR,https://villiers.ai/empty-legs/egwu-liri-citation-cj3-2026-09-29-16b2befb?id=ADHUHR,"Sat, 05 Sep 2026 00:13:19 GMT",2026-09-19T17:49:50+00:00
https://villiers.ai/empty-legs/kaus-khou-cessna-citation-v-2026-09-29-f24238d7?id=ADHUHR,active,new,2026-09-19T17:49:50+00:00,2026-09-19T17:49:50+00:00,,"Cessna Citation V | Austin Bergstrom International Airport → William P. Hobby Airport | $2,150",,Cessna Citation V,KAUS - Austin Bergstrom International Airport,KAUS,AUS,Austin-Bergstrom International Airport,Austin,US,KHOU - William P. Hobby Airport,KHOU,HOU,William P Hobby Airport,Houston,US,29 September 2026,2026-09-29,12:00,12:46,46m,"$2,150",2150,USD,$,7,https://villiers.ai/empty-legs/kaus-khou-cessna-citation-v-2026-09-29-f24238d7?id=ADHUHR,https://villiers.ai/empty-legs/kaus-khou-cessna-citation-v-2026-09-29-f24238d7?id=ADHUHR,https://villiers.ai/empty-legs/kaus-khou-cessna-citation-v-2026-09-29-f24238d7?id=ADHUHR,"Thu, 10 Sep 2026 15:42:53 GMT",2026-09-19T17:49:50+00:00
https://villiers.ai/empty-legs/khou-kosu-pilatus-pc-12-ng-2026-09-29-f28d1d29?id=ADHUHR,active,reactivated,2026-08-22T00:17:02+00:00,2026-09-19T17:49:50+00:00,,"Pilatus PC 12 NG | William P. Hobby Airport → The Ohio State University Airport - Don Scott Field | $7,740",,Pilatus PC 12 NG,KHOU - William P. Hobby Airport,KHOU,HOU,William P Hobby Airport,Houston,US,KOSU - The Ohio State University Airport - Don Scott Field,KOSU,OSU,Ohio State University Airport,Columbus,US,29 September 2026,2026-09-29,12:00,14:20,2h 21m,"$7,740",7740,USD,$,7,https://villiers.ai/empty-legs/khou-kosu-pilatus-pc-12-ng-2026-09-29-f28d1d29?id=ADHUHR,https://villiers.ai/empty-legs/khou-kosu-pilatus-pc-12-ng-2026-09-29-f28d1d29?id=ADHUHR,https://villiers.ai/empty-legs/khou-kosu-pilatus-pc-12-ng-2026-09-29-f28d1d29?id=ADHUHR,"Fri, 21 Aug 2026 18:42:16 GMT",2026-09-19T17:49:50+00:00
https://villiers.ai/empty-legs/klft-kaus-cessna-citation-ultra-2026-09-29-9bbafdc7?id=ADHUHR,active,new,2026-09-19T17:49:50+00:00,2026-09-19T17:49:50+00:00,,"Cessna Citation Ultra | Lafayette Regional Airport → Austin Bergstrom International Airport | $4,193",,Cessna Citation Ultra,KLFT - Lafayette Regional Airport,KLFT,LFT,Lafayette Regional/Paul Fournet Field,Lafayette,US,KAUS - Austin Bergstrom International Airport,KAUS,AUS,Austin-Bergstrom International Airport,Austin,US,29 September 2026,2026-09-29,12:00,13:07,1h 8m,"$4,193",4193,USD,$,7,https://villiers.ai/empty-legs/klft-kaus-cessna-citation-ultra-2026-09-29-9bbafdc7?id=ADHUHR,https://villiers.ai/empty-legs/klft-kaus-cessna-citation-ultra-2026-09-29-9bbafdc7?id=ADHUHR,https://villiers.ai/empty-legs/klft-kaus-cessna-citation-ultra-2026-09-29-9bbafdc7?id=ADHUHR,"Sat, 19 Sep 2026 15:36:21 GMT",2026-09-19T17:49:50+00:00
https://villiers.ai/empty-legs/kcrq-mmsd-challenger-350-2026-10-01-4c0896ac?id=ADHUHR,active,new,2026-09-19T17:49:50+00:00,2026-09-19T17:49:50+00:00,,"Challenger 350 | McClellan-Palomar Airport → Los Cabos International Airport | $24,671",,Challenger 350,KCRQ - McClellan-Palomar Airport,KCRQ,CLD,Mc Clellan-Palomar Airport,Carlsbad,US,MMSD - Los Cabos International Airport,MMSD,SJD,Los Cabos International Airport,San Jose del Cabo,MX,01 October 2026,2026-10-01,12:00,14:01,2h 2m,"$24,671",24671,USD,$,10,https://villiers.ai/empty-legs/kcrq-mmsd-challenger-350-2026-10-01-4c0896ac?id=ADHUHR,https://villiers.ai/empty-legs/kcrq-mmsd-challenger-350-2026-10-01-4c0896ac?id=ADHUHR,https://villiers.ai/empty-legs/kcrq-mmsd-challenger-350-2026-10-01-4c0896ac?id=ADHUHR,"Wed, 16 Sep 2026 01:21:10 GMT",2026-09-19T17:49:50+00:00
https://villiers.ai/empty-legs/kpsp-kcrq-citation-m2-2026-10-01-3da6128c?id=ADHUHR,active,new,2026-09-19T17:49:50+00:00,2026-09-19T17:49:50+00:00,,"Citation M2 | Palm Springs International Airport → McClellan-Palomar Airport | $5,375",,Citation M2,KPSP - Palm Springs International Airport,KPSP,PSP,Palm Springs International Airport,Palm Springs,US,KCRQ - McClellan-Palomar Airport,KCRQ,CLD,Mc Clellan-Palomar Airport,Carlsbad,US,01 October 2026,2026-10-01,12:00,12:37,37m,"$5,375",5375,USD,$,7,https://villiers.ai/empty-legs/kpsp-kcrq-citation-m2-2026-10-01-3da6128c?id=ADHUHR,https://villiers.ai/empty-legs/kpsp-kcrq-citation-m2-2026-10-01-3da6128c?id=ADHUHR,https://villiers.ai/empty-legs/kpsp-kcrq-citation-m2-2026-10-01-3da6128c?id=ADHUHR,"Wed, 16 Sep 2026 01:21:09 GMT",2026-09-19T17:49:50+00:00
https://villiers.ai/empty-legs/kvgt-kcrq-citation-cj3-2026-10-01-3e44e1f3?id=ADHUHR,active,new,2026-09-19T17:49:50+00:00,2026-09-19T17:49:50+00:00,,"Citation CJ3 | North Las Vegas Metropolitan International Airport → McClellan-Palomar Airport | $6,396",,Citation CJ3,KVGT - North Las Vegas Metropolitan International Airport,KVGT,VGT,North Las Vegas Airport,Las Vegas,US,KCRQ - McClellan-Palomar Airport,KCRQ,CLD,Mc Clellan-Palomar Airport,Carlsbad,US,01 October 2026,2026-10-01,12:00,12:57,57m,"$6,396",6396,USD,$,8,https://villiers.ai/empty-legs/kvgt-kcrq-citation-cj3-2026-10-01-3e44e1f3?id=ADHUHR,https://villiers.ai/empty-legs/kvgt-kcrq-citation-cj3-2026-10-01-3e44e1f3?id=ADHUHR,https://villiers.ai/empty-legs/kvgt-kcrq-citation-cj3-2026-10-01-3e44e1f3?id=ADHUHR,"Wed, 16 Sep 2026 01:21:09 GMT",2026-09-19T17:49:50+00:00
https://villiers.ai/empty-legs/eglf-lfpb-piaggio-avanti-ii-2026-10-02-58c1156e?id=ADHUHR,active,new,2026-09-19T17:49:50+00:00,2026-09-19T17:49:50+00:00,,"Piaggio Avanti II | Farnborough Airport → Paris Le Bourget Airport | £7,633",,Piaggio Avanti II,EGLF - Farnborough Airport,EGLF,FAB,Farnborough Airport,Farnborough,GB,LFPB - Paris Le Bourget Airport,LFPB,LBG,Paris-Le Bourget Airport,Paris,FR,02 October 2026,2026-10-02,12:00,12:53,54m,"£7,633",7633,GBP,£,7,https://villiers.ai/empty-legs/eglf-lfpb-piaggio-avanti-ii-2026-10-02-58c1156e?id=ADHUHR,https://villiers.ai/empty-legs/eglf-lfpb-piaggio-avanti-ii-2026-10-02-58c1156e?id=ADHUHR,https://villiers.ai/empty-legs/eglf-lfpb-piaggio-avanti-ii-2026-10-02-58c1156e?id=ADHUHR,"Fri, 18 Sep 2026 23:50:16 GMT",2026-09-19T17:49:50+00:00
https://villiers.ai/empty-legs/egph-eglf-hondajet-2026-10-02-cfd1cf00?id=ADHUHR,active,new,2026-09-19T17:49:50+00:00,2026-09-19T17:49:50+00:00,,"HondaJet | Edinburgh Airport → Farnborough Airport | £5,160",,HondaJet,EGPH - Edinburgh Airport,EGPH,EDI,Edinburgh Airport,Edinburgh,GB,EGLF - Farnborough Airport,EGLF,FAB,Farnborough Airport,Farnborough,GB,02 October 2026,2026-10-02,12:00,13:07,1h 8m,"£5,160",5160,GBP,£,5,https://villiers.ai/empty-legs/egph-eglf-hondajet-2026-10-02-cfd1cf00?id=ADHUHR,https://villiers.ai/empty-legs/egph-eglf-hondajet-2026-10-02-cfd1cf00?id=ADHUHR,https://villiers.ai/empty-legs/egph-eglf-hondajet-2026-10-02-cfd1cf00?id=ADHUHR,"Fri, 18 Sep 2026 23:50:16 GMT",2026-09-19T17:49:50+00:00
https://villiers.ai/empty-legs/kerv-khou-cessna-citation-ultra-2026-10-02-aae60ceb?id=ADHUHR,active,new,2026-09-19T17:49:50+00:00,2026-09-19T17:49:50+00:00,,"Cessna Citation Ultra | Kerrville / Kerr County Airport at Louis Schreiner Field → William P. Hobby Airport | $2,795",,Cessna Citation Ultra,KERV - Kerrville / Kerr County Airport at Louis Schreiner Field,KERV,ERV,Kerrville Municipal/Louis Schreiner Field,Kerrville,US,KHOU - William P. Hobby Airport,KHOU,HOU,William P Hobby Airport,Houston,US,02 October 2026,2026-10-02,12:00,12:55,55m,"$2,795",2795,USD,$,7,https://villiers.ai/empty-legs/kerv-khou-cessna-citation-ultra-2026-10-02-aae60ceb?id=ADHUHR,https://villiers.ai/empty-legs/kerv-khou-cessna-citation-ultra-2026-10-02-aae60ceb?id=ADHUHR,https://villiers.ai/empty-legs/kerv-khou-cessna-citation-ultra-2026-10-02-aae60ceb?id=ADHUHR,"Tue, 08 Sep 2026 13:36:35 GMT",2026-09-19T17:49:50+00:00
https://villiers.ai/empty-legs/edja-egkb-phenom-300e-2026-10-03-22717cb5?id=ADHUHR,active,new,2026-09-19T17:49:50+00:00,2026-09-19T17:49:50+00:00,,"Phenom 300E | Memmingen Allgau Airport → Biggin Hill Airport | £7,095",,Phenom 300E,EDJA - Memmingen Allgau Airport,EDJA,FMM,Memmingen Allgau Airport,Memmingen,DE,EGKB - Biggin Hill Airport,EGKB,BQH,London Biggin Hill Airport,London,GB,03 October 2026,2026-10-03,12:00,13:26,1h 27m,"£7,095",7095,GBP,£,9,https://villiers.ai/empty-legs/edja-egkb-phenom-300e-2026-10-03-22717cb5?id=ADHUHR,https://villiers.ai/empty-legs/edja-egkb-phenom-300e-2026-10-03-22717cb5?id=ADHUHR,https://villiers.ai/empty-legs/edja-egkb-phenom-300e-2026-10-03-22717cb5?id=ADHUHR,"Fri, 18 Sep 2026 23:50:16 GMT",2026-09-19T17:49:50+00:00
https://villiers.ai/empty-legs/kcrq-ktrk-citation-m2-2026-10-03-34bbbf45?id=ADHUHR,active,new,2026-09-19T17:49:50+00:00,2026-09-19T17:49:50+00:00,,"Citation M2 | McClellan-Palomar Airport → Truckee Tahoe Airport | $7,525",,Citation M2,KCRQ - McClellan-Palomar Airport,KCRQ,CLD,Mc Clellan-Palomar Airport,Carlsbad,US,KTRK - Truckee Tahoe Airport,KTRK,TKF,Truckee-Tahoe Airport,Truckee,US,03 October 2026,2026-10-03,12:00,13:20,1h 21m,"$7,525",7525,USD,$,7,https://villiers.ai/empty-legs/kcrq-ktrk-citation-m2-2026-10-03-34bbbf45?id=ADHUHR,https://villiers.ai/empty-legs/kcrq-ktrk-citation-m2-2026-10-03-34bbbf45?id=ADHUHR,https://villiers.ai/empty-legs/kcrq-ktrk-citation-m2-2026-10-03-34bbbf45?id=ADHUHR,"Wed, 16 Sep 2026 01:21:10 GMT",2026-09-19T17:49:50+00:00
https://villiers.ai/empty-legs/khou-kchs-cessna-citation-ultra-2026-10-03-08b0cbcb?id=ADHUHR,active,new,2026-09-19T17:49:50+00:00,2026-09-19T17:49:50+00:00,,"Cessna Citation Ultra | William P. Hobby Airport → Charleston International Airport | $7,633",,Cessna Citation Ultra,KHOU - William P. Hobby Airport,KHOU,HOU,William P Hobby Airport,Houston,US,KCHS - Charleston International Airport,KCHS,CHS,Charleston Afb/International Airport,Charleston,US,03 October 2026,2026-10-03,12:00,14:12,2h 13m,"$7,633",7633,USD,$,7,https://villiers.ai/empty-legs/khou-kchs-cessna-citation-ultra-2026-10-03-08b0cbcb?id=ADHUHR,https://villiers.ai/empty-legs/khou-kchs-cessna-citation-ultra-2026-10-03-08b0cbcb?id=ADHUHR,https://villiers.ai/empty-legs/khou-kchs-cessna-citation-ultra-2026-10-03-08b0cbcb?id=ADHUHR,"Sat, 19 Sep 2026 15:36:21 GMT",2026-09-19T17:49:50+00:00
https://villiers.ai/empty-legs/kase-kgtu-cessna-citation-ultra-2026-10-04-0fcdaa72?id=ADHUHR,active,new,2026-09-19T17:49:50+00:00,2026-09-19T17:49:50+00:00,,"Cessna Citation Ultra | Aspen-Pitkin County Airport (Sardy Field) → Georgetown Executive Airport at Johnny Gantt Field | $6,558",,Cessna Citation Ultra,KASE - Aspen-Pitkin County Airport (Sardy Field),KASE,ASE,Aspen-Pitkin County/Sardy Field,Aspen,US,KGTU - Georgetown Executive Airport at Johnny Gantt Field,KGTU,,Georgetown Executive Airport,Georgetown,US,04 October 2026,2026-10-04,12:00,13:57,1h 57m,"$6,558",6558,USD,$,7,https://villiers.ai/empty-legs/kase-kgtu-cessna-citation-ultra-2026-10-04-0fcdaa72?id=ADHUHR,https://villiers.ai/empty-legs/kase-kgtu-cessna-citation-ultra-2026-10-04-0fcdaa72?id=ADHUHR,https://villiers.ai/empty-legs/kase-kgtu-cessna-citation-ultra-2026-10-04-0fcdaa72?id=ADHUHR,"Sat, 19 Sep 2026 15:36:21 GMT",2026-09-19T17:49:50+00:00
https://villiers.ai/empty-legs/khou-kfwa-cessna-citation-ultra-2026-10-04-cf212e44?id=ADHUHR,active,reactivated,2026-08-20T00:17:02+00:00,2026-09-19T17:49:50+00:00,,"Cessna Citation Ultra | William P. Hobby Airport → Fort Wayne International Airport | $7,955",,Cessna Citation Ultra,KHOU - William P. Hobby Airport,KHOU,HOU,William P Hobby Airport,Houston,US,KFWA - Fort Wayne International Airport,KFWA,FWA,Fort Wayne International Airport,Fort Wayne,US,04 October 2026,2026-10-04,12:00,14:17,2h 17m,"$7,955",7955,USD,$,7,https://villiers.ai/empty-legs/khou-kfwa-cessna-citation-ultra-2026-10-04-cf212e44?id=ADHUHR,https://villiers.ai/empty-legs/khou-kfwa-cessna-citation-ultra-2026-10-04-cf212e44?id=ADHUHR,https://villiers.ai/empty-legs/khou-kfwa-cessna-citation-ultra-2026-10-04-cf212e44?id=ADHUHR,"Wed, 19 Aug 2026 22:51:09 GMT",2026-09-19T17:49:50+00:00
https://villiers.ai/empty-legs/kosu-khou-pilatus-pc-12-ng-2026-10-05-1168b108?id=ADHUHR,active,reactivated,2026-09-05T00:17:02+00:00,2026-09-19T17:49:50+00:00,,"Pilatus PC-12 NG | The Ohio State University Airport - Don Scott Field → William P. Hobby Airport | $12,255",,Pilatus PC-12 NG,KOSU - The Ohio State University Airport - Don Scott Field,KOSU,OSU,Ohio State University Airport,Columbus,US,KHOU - William P. Hobby Airport,KHOU,HOU,William P Hobby Airport,Houston,US,05 October 2026,2026-10-05,12:00,14:20,2h 21m,"$12,255",12255,USD,$,7,https://villiers.ai/empty-legs/kosu-khou-pilatus-pc-12-ng-2026-10-05-1168b108?id=ADHUHR,https://villiers.ai/empty-legs/kosu-khou-pilatus-pc-12-ng-2026-10-05-1168b108?id=ADHUHR,https://villiers.ai/empty-legs/kosu-khou-pilatus-pc-12-ng-2026-10-05-1168b108?id=ADHUHR,"Thu, 03 Sep 2026 17:44:01 GMT",2026-09-19T17:49:50+00:00
