source_id,status,change_type,first_seen_at,last_seen_at,inactive_since,title,description,aircraft_type,origin_airport_raw,origin_icao,origin_iata,origin_airport_name,origin_city,origin_country,destination_airport_raw,destination_icao,destination_iata,destination_airport_name,destination_city,destination_country,departure_date_raw,departure_date_iso,departure_time,arrival_time,flight_duration,price_raw,price_amount,price_currency,price_currency_symbol,seats_available,tracking_link,rss_link,booking_link,published,fetched_at
https://villiers.ai/empty-legs/kacy-kteb-2026-08-05?id=ADHUHR,inactive,inactive,2026-08-05T22:38:36+00:00,2026-08-05T23:47:01+00:00,2026-08-06T00:17:01+00:00,"Cessna Citation X | Atlantic City International Airport → Teterboro Airport | $8,600",,Cessna Citation X,KACY - Atlantic City International Airport,KACY,ACY,Atlantic City International Airport,Atlantic City,US,KTEB - Teterboro Airport,KTEB,TEB,Teterboro Airport,Teterboro,US,05 August 2026,2026-08-05,12:00,12:41,41m,"$8,600",8600,USD,$,12,https://villiers.ai/empty-legs/kacy-kteb-2026-08-05?id=ADHUHR,https://villiers.ai/empty-legs/kacy-kteb-2026-08-05?id=ADHUHR,https://villiers.ai/empty-legs/kacy-kteb-2026-08-05?id=ADHUHR,"Mon, 03 Aug 2026 15:35:03 GMT",2026-08-06T00:17:01+00:00
https://villiers.ai/empty-legs/kcle-kteb-2026-08-05?id=ADHUHR,inactive,inactive,2026-08-05T22:38:36+00:00,2026-08-05T23:47:01+00:00,2026-08-06T00:17:01+00:00,"Cessna Citation X | Cleveland Hopkins International Airport → Teterboro Airport | $10,750",,Cessna Citation X,KCLE - Cleveland Hopkins International Airport,KCLE,CLE,Cleveland-Hopkins International Airport,Cleveland,US,KTEB - Teterboro Airport,KTEB,TEB,Teterboro Airport,Teterboro,US,05 August 2026,2026-08-05,12:00,13:15,1h 15m,"$10,750",10750,USD,$,12,https://villiers.ai/empty-legs/kcle-kteb-2026-08-05?id=ADHUHR,https://villiers.ai/empty-legs/kcle-kteb-2026-08-05?id=ADHUHR,https://villiers.ai/empty-legs/kcle-kteb-2026-08-05?id=ADHUHR,"Mon, 03 Aug 2026 15:35:03 GMT",2026-08-06T00:17:01+00:00
https://villiers.ai/empty-legs/kcrq-kjac-2026-08-05?id=ADHUHR,inactive,inactive,2026-08-05T22:38:36+00:00,2026-08-05T23:47:01+00:00,2026-08-06T00:17:01+00:00,"Cessna Citation CJ3 | McClellan-Palomar Airport → Jackson Hole Airport | $11,771",,Cessna Citation CJ3,KCRQ - McClellan-Palomar Airport,KCRQ,CLD,Mc Clellan-Palomar Airport,Carlsbad,US,KJAC - Jackson Hole Airport,KJAC,JAC,Jackson Hole Airport,Jackson,US,05 August 2026,2026-08-05,12:00,13:59,1h 59m,"$11,771",11771,USD,$,8,https://villiers.ai/empty-legs/kcrq-kjac-2026-08-05?id=ADHUHR,https://villiers.ai/empty-legs/kcrq-kjac-2026-08-05?id=ADHUHR,https://villiers.ai/empty-legs/kcrq-kjac-2026-08-05?id=ADHUHR,"Tue, 04 Aug 2026 18:21:34 GMT",2026-08-06T00:17:01+00:00
https://villiers.ai/empty-legs/kdal-khou-2026-08-05?id=ADHUHR,inactive,inactive,2026-08-05T22:38:36+00:00,2026-08-05T23:47:01+00:00,2026-08-06T00:17:01+00:00,"Cessna Citation Ultra | Dallas Love Field → William P. Hobby Airport | $2,795",,Cessna Citation Ultra,KDAL - Dallas Love Field,KDAL,DAL,Dallas Love Field,Dallas,US,KHOU - William P. Hobby Airport,KHOU,HOU,William P Hobby Airport,Houston,US,05 August 2026,2026-08-05,12:00,12:56,57m,"$2,795",2795,USD,$,7,https://villiers.ai/empty-legs/kdal-khou-2026-08-05?id=ADHUHR,https://villiers.ai/empty-legs/kdal-khou-2026-08-05?id=ADHUHR,https://villiers.ai/empty-legs/kdal-khou-2026-08-05?id=ADHUHR,"Fri, 31 Jul 2026 14:23:08 GMT",2026-08-06T00:17:01+00:00
https://villiers.ai/empty-legs/kfok-kmdw-2026-08-05?id=ADHUHR,inactive,inactive,2026-08-05T22:38:36+00:00,2026-08-05T23:47:01+00:00,2026-08-06T00:17:01+00:00,"Bombardier Challenger 300 | Francis S Gabreski Airport → Chicago Midway International Airport | $12,900",,Bombardier Challenger 300,KFOK - Francis S Gabreski Airport,KFOK,FOK,Francis S Gabreski Airport,Westhampton Beach,US,KMDW - Chicago Midway International Airport,KMDW,MDW,Chicago Midway International Airport,Chicago,US,05 August 2026,2026-08-05,12:00,13:57,1h 57m,"$12,900",12900,USD,$,10,https://villiers.ai/empty-legs/kfok-kmdw-2026-08-05?id=ADHUHR,https://villiers.ai/empty-legs/kfok-kmdw-2026-08-05?id=ADHUHR,https://villiers.ai/empty-legs/kfok-kmdw-2026-08-05?id=ADHUHR,"Mon, 03 Aug 2026 15:34:58 GMT",2026-08-06T00:17:01+00:00
https://villiers.ai/empty-legs/kfok-kteb-2026-08-05?id=ADHUHR,inactive,inactive,2026-08-05T22:38:36+00:00,2026-08-05T23:47:01+00:00,2026-08-06T00:17:01+00:00,"Bombardier Challenger 300 | Francis S Gabreski Airport → Teterboro Airport | $8,600",,Bombardier Challenger 300,KFOK - Francis S Gabreski Airport,KFOK,FOK,Francis S Gabreski Airport,Westhampton Beach,US,KTEB - Teterboro Airport,KTEB,TEB,Teterboro Airport,Teterboro,US,05 August 2026,2026-08-05,12:00,12:38,38m,"$8,600",8600,USD,$,10,https://villiers.ai/empty-legs/kfok-kteb-2026-08-05?id=ADHUHR,https://villiers.ai/empty-legs/kfok-kteb-2026-08-05?id=ADHUHR,https://villiers.ai/empty-legs/kfok-kteb-2026-08-05?id=ADHUHR,"Mon, 03 Aug 2026 15:34:58 GMT",2026-08-06T00:17:01+00:00
https://villiers.ai/empty-legs/kiad-kmdd-2026-08-05?id=ADHUHR,inactive,inactive,2026-08-05T22:38:36+00:00,2026-08-05T23:47:01+00:00,2026-08-06T00:17:01+00:00,"Cessna Citation X | Washington Dulles International Airport → Midland Airpark | $21,500",,Cessna Citation X,KIAD - Washington Dulles International Airport,KIAD,IAD,Washington Dulles International Airport,Washington,US,KMDD - Midland Airpark,KMDD,MDD,Midland Airpark,Midland,US,05 August 2026,2026-08-05,12:00,15:12,3h 12m,"$21,500",21500,USD,$,12,https://villiers.ai/empty-legs/kiad-kmdd-2026-08-05?id=ADHUHR,https://villiers.ai/empty-legs/kiad-kmdd-2026-08-05?id=ADHUHR,https://villiers.ai/empty-legs/kiad-kmdd-2026-08-05?id=ADHUHR,"Mon, 03 Aug 2026 15:35:03 GMT",2026-08-06T00:17:01+00:00
https://villiers.ai/empty-legs/kjac-kcos-2026-08-05?id=ADHUHR,inactive,inactive,2026-08-05T22:38:36+00:00,2026-08-05T23:47:01+00:00,2026-08-06T00:17:01+00:00,"Cessna Citation X | Jackson Hole Airport → City of Colorado Springs Municipal Airport | $9,675",,Cessna Citation X,KJAC - Jackson Hole Airport,KJAC,JAC,Jackson Hole Airport,Jackson,US,KCOS - City of Colorado Springs Municipal Airport,KCOS,COS,City Of Colorado Springs Municipal Airport,Colorado Springs,US,05 August 2026,2026-08-05,12:00,13:20,1h 21m,"$9,675",9675,USD,$,12,https://villiers.ai/empty-legs/kjac-kcos-2026-08-05?id=ADHUHR,https://villiers.ai/empty-legs/kjac-kcos-2026-08-05?id=ADHUHR,https://villiers.ai/empty-legs/kjac-kcos-2026-08-05?id=ADHUHR,"Mon, 03 Aug 2026 15:35:03 GMT",2026-08-06T00:17:01+00:00
https://villiers.ai/empty-legs/klbb-kaus-2026-08-05?id=ADHUHR,inactive,inactive,2026-08-05T22:38:36+00:00,2026-08-05T23:47:01+00:00,2026-08-06T00:17:01+00:00,"Cessna Citation V | Lubbock Preston Smith International Airport → Austin Bergstrom International Airport | $3,870",,Cessna Citation V,KLBB - Lubbock Preston Smith International Airport,KLBB,LBB,Lubbock Preston Smith International Airport,Lubbock,US,KAUS - Austin Bergstrom International Airport,KAUS,AUS,Austin-Bergstrom International Airport,Austin,US,05 August 2026,2026-08-05,12:00,13:07,1h 8m,"$3,870",3870,USD,$,7,https://villiers.ai/empty-legs/klbb-kaus-2026-08-05?id=ADHUHR,https://villiers.ai/empty-legs/klbb-kaus-2026-08-05?id=ADHUHR,https://villiers.ai/empty-legs/klbb-kaus-2026-08-05?id=ADHUHR,"Wed, 05 Aug 2026 15:25:58 GMT",2026-08-06T00:17:01+00:00
https://villiers.ai/empty-legs/klbb-khou-2026-08-05?id=ADHUHR,inactive,inactive,2026-08-05T22:38:36+00:00,2026-08-05T23:47:01+00:00,2026-08-06T00:17:01+00:00,"Cessna Citation Ultra | Lubbock Preston Smith International Airport → William P. Hobby Airport | $4,515",,Cessna Citation Ultra,KLBB - Lubbock Preston Smith International Airport,KLBB,LBB,Lubbock Preston Smith International Airport,Lubbock,US,KHOU - William P. Hobby Airport,KHOU,HOU,William P Hobby Airport,Houston,US,05 August 2026,2026-08-05,12:00,13:22,1h 23m,"$4,515",4515,USD,$,7,https://villiers.ai/empty-legs/klbb-khou-2026-08-05?id=ADHUHR,https://villiers.ai/empty-legs/klbb-khou-2026-08-05?id=ADHUHR,https://villiers.ai/empty-legs/klbb-khou-2026-08-05?id=ADHUHR,"Thu, 30 Jul 2026 14:21:37 GMT",2026-08-06T00:17:01+00:00
https://villiers.ai/empty-legs/kmry-kase-2026-08-05?id=ADHUHR,inactive,inactive,2026-08-05T22:38:36+00:00,2026-08-05T23:47:01+00:00,2026-08-06T00:17:01+00:00,"Bombardier Challenger 300 | Monterey Peninsula Airport → Aspen-Pitkin County Airport (Sardy Field) | $15,050",,Bombardier Challenger 300,KMRY - Monterey Peninsula Airport,KMRY,MRY,Monterey Regional Airport,Monterey,US,KASE - Aspen-Pitkin County Airport (Sardy Field),KASE,ASE,Aspen-Pitkin County/Sardy Field,Aspen,US,05 August 2026,2026-08-05,12:00,14:02,2h 3m,"$15,050",15050,USD,$,10,https://villiers.ai/empty-legs/kmry-kase-2026-08-05?id=ADHUHR,https://villiers.ai/empty-legs/kmry-kase-2026-08-05?id=ADHUHR,https://villiers.ai/empty-legs/kmry-kase-2026-08-05?id=ADHUHR,"Mon, 03 Aug 2026 15:34:59 GMT",2026-08-06T00:17:01+00:00
https://villiers.ai/empty-legs/kmry-ksna-2026-08-05?id=ADHUHR,inactive,inactive,2026-08-05T22:38:36+00:00,2026-08-05T23:47:01+00:00,2026-08-06T00:17:01+00:00,"Cessna Citation X | Monterey Peninsula Airport → John Wayne Orange County International Airport | $8,600",,Cessna Citation X,KMRY - Monterey Peninsula Airport,KMRY,MRY,Monterey Regional Airport,Monterey,US,KSNA - John Wayne Orange County International Airport,KSNA,SNA,John Wayne/Orange County Airport,Santa Ana,US,05 August 2026,2026-08-05,12:00,13:03,1h 3m,"$8,600",8600,USD,$,12,https://villiers.ai/empty-legs/kmry-ksna-2026-08-05?id=ADHUHR,https://villiers.ai/empty-legs/kmry-ksna-2026-08-05?id=ADHUHR,https://villiers.ai/empty-legs/kmry-ksna-2026-08-05?id=ADHUHR,"Mon, 03 Aug 2026 15:35:03 GMT",2026-08-06T00:17:01+00:00
https://villiers.ai/empty-legs/kmso-kpsc-2026-08-05?id=ADHUHR,inactive,inactive,2026-08-05T22:38:36+00:00,2026-08-05T23:47:01+00:00,2026-08-06T00:17:01+00:00,"Cessna Citation X | Missoula International Airport → Tri Cities Airport | $9,675",,Cessna Citation X,KMSO - Missoula International Airport,KMSO,MSO,Missoula Montana Airport,Missoula,US,KPSC - Tri Cities Airport,KPSC,PSC,Tri-Cities Airport,Pasco,US,05 August 2026,2026-08-05,12:00,12:56,57m,"$9,675",9675,USD,$,12,https://villiers.ai/empty-legs/kmso-kpsc-2026-08-05?id=ADHUHR,https://villiers.ai/empty-legs/kmso-kpsc-2026-08-05?id=ADHUHR,https://villiers.ai/empty-legs/kmso-kpsc-2026-08-05?id=ADHUHR,"Mon, 03 Aug 2026 15:35:04 GMT",2026-08-06T00:17:01+00:00
https://villiers.ai/empty-legs/kmvy-kfok-2026-08-05?id=ADHUHR,inactive,inactive,2026-08-05T22:38:36+00:00,2026-08-05T23:47:01+00:00,2026-08-06T00:17:01+00:00,"Cessna Citation X | Martha's Vineyard Airport → Francis S Gabreski Airport | $8,600",,Cessna Citation X,KMVY - Martha's Vineyard Airport,KMVY,MVY,Martha's Vineyard Airport,Vineyard Haven,US,KFOK - Francis S Gabreski Airport,KFOK,FOK,Francis S Gabreski Airport,Westhampton Beach,US,05 August 2026,2026-08-05,12:00,12:42,42m,"$8,600",8600,USD,$,12,https://villiers.ai/empty-legs/kmvy-kfok-2026-08-05?id=ADHUHR,https://villiers.ai/empty-legs/kmvy-kfok-2026-08-05?id=ADHUHR,https://villiers.ai/empty-legs/kmvy-kfok-2026-08-05?id=ADHUHR,"Mon, 03 Aug 2026 15:35:03 GMT",2026-08-06T00:17:01+00:00
https://villiers.ai/empty-legs/kopf-kteb-2026-08-05?id=ADHUHR,inactive,inactive,2026-08-05T22:38:36+00:00,2026-08-05T23:47:01+00:00,2026-08-06T00:17:01+00:00,"Bombardier Challenger 300 | Miami-Opa Locka Executive Airport → Teterboro Airport | $17,200",,Bombardier Challenger 300,KOPF - Miami-Opa Locka Executive Airport,KOPF,OPF,Miami-Opa Locka Executive Airport,Miami,US,KTEB - Teterboro Airport,KTEB,TEB,Teterboro Airport,Teterboro,US,05 August 2026,2026-08-05,12:00,14:31,2h 31m,"$17,200",17200,USD,$,10,https://villiers.ai/empty-legs/kopf-kteb-2026-08-05?id=ADHUHR,https://villiers.ai/empty-legs/kopf-kteb-2026-08-05?id=ADHUHR,https://villiers.ai/empty-legs/kopf-kteb-2026-08-05?id=ADHUHR,"Mon, 03 Aug 2026 15:34:59 GMT",2026-08-06T00:17:01+00:00
https://villiers.ai/empty-legs/kphx-kteb-2026-08-05?id=ADHUHR,inactive,inactive,2026-08-05T22:38:36+00:00,2026-08-05T23:47:01+00:00,2026-08-06T00:17:01+00:00,"Cessna Citation X | Phoenix Sky Harbor International Airport → Teterboro Airport | $23,650",,Cessna Citation X,KPHX - Phoenix Sky Harbor International Airport,KPHX,PHX,Phoenix Sky Harbor International Airport,Phoenix,US,KTEB - Teterboro Airport,KTEB,TEB,Teterboro Airport,Teterboro,US,05 August 2026,2026-08-05,12:00,16:26,4h 27m,"$23,650",23650,USD,$,12,https://villiers.ai/empty-legs/kphx-kteb-2026-08-05?id=ADHUHR,https://villiers.ai/empty-legs/kphx-kteb-2026-08-05?id=ADHUHR,https://villiers.ai/empty-legs/kphx-kteb-2026-08-05?id=ADHUHR,"Mon, 03 Aug 2026 15:35:04 GMT",2026-08-06T00:17:01+00:00
https://villiers.ai/empty-legs/kpln-kpit-2026-08-05?id=ADHUHR,inactive,inactive,2026-08-05T22:38:36+00:00,2026-08-05T23:47:01+00:00,2026-08-06T00:17:01+00:00,"Cessna Citation X | Pellston Regional Airport of Emmet County Airport → Pittsburgh International Airport | $8,600",,Cessna Citation X,KPLN - Pellston Regional Airport of Emmet County Airport,KPLN,PLN,Pellston Regional/Emmet County Airport,Pellston,US,KPIT - Pittsburgh International Airport,KPIT,PIT,Pittsburgh International Airport,Pittsburgh,US,05 August 2026,2026-08-05,12:00,13:16,1h 17m,"$8,600",8600,USD,$,12,https://villiers.ai/empty-legs/kpln-kpit-2026-08-05?id=ADHUHR,https://villiers.ai/empty-legs/kpln-kpit-2026-08-05?id=ADHUHR,https://villiers.ai/empty-legs/kpln-kpit-2026-08-05?id=ADHUHR,"Mon, 03 Aug 2026 15:35:04 GMT",2026-08-06T00:17:01+00:00
https://villiers.ai/empty-legs/ksbm-kiws-2026-08-05?id=ADHUHR,inactive,inactive,2026-08-05T22:38:36+00:00,2026-08-05T23:47:01+00:00,2026-08-06T00:17:01+00:00,"Pilatus PC 12 NG | Sheboygan County Memorial Airport → West Houston Airport | $12,255",,Pilatus PC 12 NG,KSBM - Sheboygan County Memorial Airport,KSBM,SBM,Sheboygan County Memorial International Airport,Sheboygan,US,KIWS - West Houston Airport,KIWS,IWS,West Houston Airport,Houston,US,05 August 2026,2026-08-05,12:00,14:27,2h 27m,"$12,255",12255,USD,$,7,https://villiers.ai/empty-legs/ksbm-kiws-2026-08-05?id=ADHUHR,https://villiers.ai/empty-legs/ksbm-kiws-2026-08-05?id=ADHUHR,https://villiers.ai/empty-legs/ksbm-kiws-2026-08-05?id=ADHUHR,"Tue, 04 Aug 2026 15:45:18 GMT",2026-08-06T00:17:01+00:00
https://villiers.ai/empty-legs/kslc-panc-2026-08-05?id=ADHUHR,inactive,inactive,2026-08-05T22:38:36+00:00,2026-08-05T23:47:01+00:00,2026-08-06T00:17:01+00:00,"Cessna Citation X | Salt Lake City International Airport → Ted Stevens Anchorage International Airport | $21,500",,Cessna Citation X,KSLC - Salt Lake City International Airport,KSLC,SLC,Salt Lake City International Airport,Salt Lake City,US,PANC - Ted Stevens Anchorage International Airport,PANC,ANC,Ted Stevens Anchorage International Airport,Anchorage,US,05 August 2026,2026-08-05,12:00,16:25,4h 25m,"$21,500",21500,USD,$,12,https://villiers.ai/empty-legs/kslc-panc-2026-08-05?id=ADHUHR,https://villiers.ai/empty-legs/kslc-panc-2026-08-05?id=ADHUHR,https://villiers.ai/empty-legs/kslc-panc-2026-08-05?id=ADHUHR,"Mon, 03 Aug 2026 15:35:04 GMT",2026-08-06T00:17:01+00:00
https://villiers.ai/empty-legs/kteb-kalb-2026-08-05?id=ADHUHR,inactive,inactive,2026-08-05T22:38:36+00:00,2026-08-05T23:47:01+00:00,2026-08-06T00:17:01+00:00,"Cessna Citation X | Teterboro Airport → Albany International Airport | $8,600",,Cessna Citation X,KTEB - Teterboro Airport,KTEB,TEB,Teterboro Airport,Teterboro,US,KALB - Albany International Airport,KALB,ALB,Albany International Airport,Albany,US,05 August 2026,2026-08-05,12:00,12:44,45m,"$8,600",8600,USD,$,12,https://villiers.ai/empty-legs/kteb-kalb-2026-08-05?id=ADHUHR,https://villiers.ai/empty-legs/kteb-kalb-2026-08-05?id=ADHUHR,https://villiers.ai/empty-legs/kteb-kalb-2026-08-05?id=ADHUHR,"Mon, 03 Aug 2026 15:35:02 GMT",2026-08-06T00:17:01+00:00
https://villiers.ai/empty-legs/ktpa-khou-2026-08-05?id=ADHUHR,inactive,inactive,2026-08-05T22:38:36+00:00,2026-08-05T23:47:01+00:00,2026-08-06T00:17:01+00:00,"Cessna Citation Ultra | Tampa International Airport → William P. Hobby Airport | $7,955",,Cessna Citation Ultra,KTPA - Tampa International Airport,KTPA,TPA,Tampa International Airport,Tampa,US,KHOU - William P. Hobby Airport,KHOU,HOU,William P Hobby Airport,Houston,US,05 August 2026,2026-08-05,12:00,13:56,1h 57m,"$7,955",7955,USD,$,7,https://villiers.ai/empty-legs/ktpa-khou-2026-08-05?id=ADHUHR,https://villiers.ai/empty-legs/ktpa-khou-2026-08-05?id=ADHUHR,https://villiers.ai/empty-legs/ktpa-khou-2026-08-05?id=ADHUHR,"Fri, 24 Jul 2026 14:24:02 GMT",2026-08-06T00:17:01+00:00
https://villiers.ai/empty-legs/ktpa-kjka-2026-08-05?id=ADHUHR,inactive,inactive,2026-08-05T22:38:36+00:00,2026-08-05T23:47:01+00:00,2026-08-06T00:17:01+00:00,"Cessna Citation Ultra | Tampa International Airport → Jack Edwards National Airport | $4,193",,Cessna Citation Ultra,KTPA - Tampa International Airport,KTPA,TPA,Tampa International Airport,Tampa,US,KJKA - Jack Edwards National Airport,KJKA,GUF,Gulf Shores International/Jack Edwards Field,Gulf Shores,US,05 August 2026,2026-08-05,12:00,13:08,1h 9m,"$4,193",4193,USD,$,7,https://villiers.ai/empty-legs/ktpa-kjka-2026-08-05?id=ADHUHR,https://villiers.ai/empty-legs/ktpa-kjka-2026-08-05?id=ADHUHR,https://villiers.ai/empty-legs/ktpa-kjka-2026-08-05?id=ADHUHR,"Thu, 30 Jul 2026 14:21:37 GMT",2026-08-06T00:17:01+00:00
https://villiers.ai/empty-legs/ktup-kdwh-2026-08-05?id=ADHUHR,inactive,inactive,2026-08-05T22:38:36+00:00,2026-08-05T23:47:01+00:00,2026-08-06T00:17:01+00:00,"Cessna Citation Ultra | Tupelo Regional Airport → David Wayne Hooks Memorial Airport | $5,590",,Cessna Citation Ultra,KTUP - Tupelo Regional Airport,KTUP,TUP,Tupelo Regional Airport,Tupelo,US,KDWH - David Wayne Hooks Memorial Airport,KDWH,DWH,David Wayne Hooks Memorial Airport,Houston,US,05 August 2026,2026-08-05,12:00,13:24,1h 25m,"$5,590",5590,USD,$,7,https://villiers.ai/empty-legs/ktup-kdwh-2026-08-05?id=ADHUHR,https://villiers.ai/empty-legs/ktup-kdwh-2026-08-05?id=ADHUHR,https://villiers.ai/empty-legs/ktup-kdwh-2026-08-05?id=ADHUHR,"Tue, 04 Aug 2026 15:45:18 GMT",2026-08-06T00:17:01+00:00
https://villiers.ai/empty-legs/ktup-khou-2026-08-05?id=ADHUHR,inactive,inactive,2026-08-05T22:38:36+00:00,2026-08-05T23:47:01+00:00,2026-08-06T00:17:01+00:00,"Cessna Citation Ultra | Tupelo Regional Airport → William P. Hobby Airport | $5,590",,Cessna Citation Ultra,KTUP - Tupelo Regional Airport,KTUP,TUP,Tupelo Regional Airport,Tupelo,US,KHOU - William P. Hobby Airport,KHOU,HOU,William P Hobby Airport,Houston,US,05 August 2026,2026-08-05,12:00,13:25,1h 25m,"$5,590",5590,USD,$,7,https://villiers.ai/empty-legs/ktup-khou-2026-08-05?id=ADHUHR,https://villiers.ai/empty-legs/ktup-khou-2026-08-05?id=ADHUHR,https://villiers.ai/empty-legs/ktup-khou-2026-08-05?id=ADHUHR,"Mon, 27 Jul 2026 17:11:47 GMT",2026-08-06T00:17:01+00:00
https://villiers.ai/empty-legs/kunv-kalb-2026-08-05?id=ADHUHR,inactive,inactive,2026-08-05T22:38:36+00:00,2026-08-05T23:47:01+00:00,2026-08-06T00:17:01+00:00,"Cessna Citation X | State College Regional Airport → Albany International Airport | $8,600",,Cessna Citation X,KUNV - State College Regional Airport,KUNV,SCE,State College Regional Airport,State College,US,KALB - Albany International Airport,KALB,ALB,Albany International Airport,Albany,US,05 August 2026,2026-08-05,12:00,12:57,57m,"$8,600",8600,USD,$,12,https://villiers.ai/empty-legs/kunv-kalb-2026-08-05?id=ADHUHR,https://villiers.ai/empty-legs/kunv-kalb-2026-08-05?id=ADHUHR,https://villiers.ai/empty-legs/kunv-kalb-2026-08-05?id=ADHUHR,"Mon, 03 Aug 2026 15:35:04 GMT",2026-08-06T00:17:01+00:00
https://villiers.ai/empty-legs/kvgt-kcrq-2026-08-05?id=ADHUHR,inactive,inactive,2026-08-05T22:38:36+00:00,2026-08-05T23:47:01+00:00,2026-08-06T00:17:01+00:00,"Beechjet 400XP | North Las Vegas Metropolitan International Airport → McClellan-Palomar Airport | $6,396",,Beechjet 400XP,KVGT - North Las Vegas Metropolitan International Airport,KVGT,VGT,North Las Vegas Airport,Las Vegas,US,KCRQ - McClellan-Palomar Airport,KCRQ,CLD,Mc Clellan-Palomar Airport,Carlsbad,US,05 August 2026,2026-08-05,12:00,12:57,57m,"$6,396",6396,USD,$,8,https://villiers.ai/empty-legs/kvgt-kcrq-2026-08-05?id=ADHUHR,https://villiers.ai/empty-legs/kvgt-kcrq-2026-08-05?id=ADHUHR,https://villiers.ai/empty-legs/kvgt-kcrq-2026-08-05?id=ADHUHR,"Wed, 29 Jul 2026 01:11:07 GMT",2026-08-06T00:17:01+00:00
https://villiers.ai/empty-legs/kvny-ksdm-2026-08-05?id=ADHUHR,inactive,inactive,2026-08-05T22:38:36+00:00,2026-08-05T23:47:01+00:00,2026-08-06T00:17:01+00:00,"Cessna Citation X | Van Nuys Airport → Brown Field Municipal Airport | $8,600",,Cessna Citation X,KVNY - Van Nuys Airport,KVNY,VNY,Van Nuys Airport,Van Nuys,US,KSDM - Brown Field Municipal Airport,KSDM,SDM,Brown Field Municipal Airport,San Diego,US,05 August 2026,2026-08-05,12:00,12:45,46m,"$8,600",8600,USD,$,12,https://villiers.ai/empty-legs/kvny-ksdm-2026-08-05?id=ADHUHR,https://villiers.ai/empty-legs/kvny-ksdm-2026-08-05?id=ADHUHR,https://villiers.ai/empty-legs/kvny-ksdm-2026-08-05?id=ADHUHR,"Mon, 03 Aug 2026 15:35:02 GMT",2026-08-06T00:17:01+00:00
https://villiers.ai/empty-legs/kvny-kslc-2026-08-05?id=ADHUHR,inactive,inactive,2026-08-05T22:38:36+00:00,2026-08-05T23:47:01+00:00,2026-08-06T00:17:01+00:00,"Bombardier Challenger 300 | Van Nuys Airport → Salt Lake City International Airport | $9,675",,Bombardier Challenger 300,KVNY - Van Nuys Airport,KVNY,VNY,Van Nuys Airport,Van Nuys,US,KSLC - Salt Lake City International Airport,KSLC,SLC,Salt Lake City International Airport,Salt Lake City,US,05 August 2026,2026-08-05,12:00,13:34,1h 34m,"$9,675",9675,USD,$,10,https://villiers.ai/empty-legs/kvny-kslc-2026-08-05?id=ADHUHR,https://villiers.ai/empty-legs/kvny-kslc-2026-08-05?id=ADHUHR,https://villiers.ai/empty-legs/kvny-kslc-2026-08-05?id=ADHUHR,"Mon, 03 Aug 2026 15:34:59 GMT",2026-08-06T00:17:01+00:00
https://villiers.ai/empty-legs/skgp-panc-2026-08-05?id=ADHUHR,inactive,inactive,2026-08-05T22:38:36+00:00,2026-08-05T23:47:01+00:00,2026-08-06T00:17:01+00:00,"Cessna Citation X | Juan Casiano Airport → Ted Stevens Anchorage International Airport | $21,500",,Cessna Citation X,SKGP - Juan Casiano Airport,SKGP,GPI,Juan Casiano Airport,Guapi,CO,PANC - Ted Stevens Anchorage International Airport,PANC,ANC,Ted Stevens Anchorage International Airport,Anchorage,US,05 August 2026,2026-08-05,12:00,22:37,10h 37m,"$21,500",21500,USD,$,12,https://villiers.ai/empty-legs/skgp-panc-2026-08-05?id=ADHUHR,https://villiers.ai/empty-legs/skgp-panc-2026-08-05?id=ADHUHR,https://villiers.ai/empty-legs/skgp-panc-2026-08-05?id=ADHUHR,"Mon, 03 Aug 2026 15:35:03 GMT",2026-08-06T00:17:01+00:00
https://villiers.ai/empty-legs/kbfi-kcrq-citation-cj3-2026-08-06-4044f78f?id=ADHUHR,inactive,inactive,2026-08-06T04:17:02+00:00,2026-08-06T23:47:02+00:00,2026-08-07T00:17:01+00:00,"Citation CJ3 | Boeing Field King County International Airport → McClellan-Palomar Airport | $10,213",,Citation CJ3,KBFI - Boeing Field King County International Airport,KBFI,BFI,Boeing Field/King County International Airport,Seattle,US,KCRQ - McClellan-Palomar Airport,KCRQ,CLD,Mc Clellan-Palomar Airport,Carlsbad,US,06 August 2026,2026-08-06,12:00,14:24,2h 24m,"$10,213",10213,USD,$,7,https://villiers.ai/empty-legs/kbfi-kcrq-citation-cj3-2026-08-06-4044f78f?id=ADHUHR,https://villiers.ai/empty-legs/kbfi-kcrq-citation-cj3-2026-08-06-4044f78f?id=ADHUHR,https://villiers.ai/empty-legs/kbfi-kcrq-citation-cj3-2026-08-06-4044f78f?id=ADHUHR,"Thu, 06 Aug 2026 04:11:22 GMT",2026-08-07T00:17:01+00:00
https://villiers.ai/empty-legs/kiws-ksbm-2026-08-06?id=ADHUHR,inactive,inactive,2026-08-05T22:38:36+00:00,2026-08-06T23:47:02+00:00,2026-08-07T00:17:01+00:00,"Pilatus PC 12 NG | West Houston Airport → Sheboygan County Memorial Airport | $8,385",,Pilatus PC 12 NG,KIWS - West Houston Airport,KIWS,IWS,West Houston Airport,Houston,US,KSBM - Sheboygan County Memorial Airport,KSBM,SBM,Sheboygan County Memorial International Airport,Sheboygan,US,06 August 2026,2026-08-06,12:00,14:27,2h 27m,"$8,385",8385,USD,$,7,https://villiers.ai/empty-legs/kiws-ksbm-2026-08-06?id=ADHUHR,https://villiers.ai/empty-legs/kiws-ksbm-2026-08-06?id=ADHUHR,https://villiers.ai/empty-legs/kiws-ksbm-2026-08-06?id=ADHUHR,"Tue, 04 Aug 2026 15:45:18 GMT",2026-08-07T00:17:01+00:00
https://villiers.ai/empty-legs/kpdk-kbna-2026-08-06?id=ADHUHR,inactive,inactive,2026-08-05T22:38:36+00:00,2026-08-06T23:47:02+00:00,2026-08-07T00:17:01+00:00,"Cessna Citation V | DeKalb Peachtree Airport → Nashville International Airport | $3,118",,Cessna Citation V,KPDK - DeKalb Peachtree Airport,KPDK,PDK,Dekalb-Peachtree Airport,Atlanta,US,KBNA - Nashville International Airport,KBNA,BNA,Nashville International Airport,Nashville,US,06 August 2026,2026-08-06,12:00,12:52,53m,"$3,118",3118,USD,$,7,https://villiers.ai/empty-legs/kpdk-kbna-2026-08-06?id=ADHUHR,https://villiers.ai/empty-legs/kpdk-kbna-2026-08-06?id=ADHUHR,https://villiers.ai/empty-legs/kpdk-kbna-2026-08-06?id=ADHUHR,"Sat, 18 Jul 2026 16:59:38 GMT",2026-08-07T00:17:01+00:00
https://villiers.ai/empty-legs/kpdk-khou-2026-08-06?id=ADHUHR,inactive,inactive,2026-08-05T22:38:36+00:00,2026-08-06T23:47:02+00:00,2026-08-07T00:17:01+00:00,"Cessna Citation V | DeKalb Peachtree Airport → William P. Hobby Airport | $7,955",,Cessna Citation V,KPDK - DeKalb Peachtree Airport,KPDK,PDK,Dekalb-Peachtree Airport,Atlanta,US,KHOU - William P. Hobby Airport,KHOU,HOU,William P Hobby Airport,Houston,US,06 August 2026,2026-08-06,12:00,13:48,1h 48m,"$7,955",7955,USD,$,7,https://villiers.ai/empty-legs/kpdk-khou-2026-08-06?id=ADHUHR,https://villiers.ai/empty-legs/kpdk-khou-2026-08-06?id=ADHUHR,https://villiers.ai/empty-legs/kpdk-khou-2026-08-06?id=ADHUHR,"Mon, 20 Jul 2026 13:55:03 GMT",2026-08-07T00:17:01+00:00
https://villiers.ai/empty-legs/ktrk-kcrq-2026-08-06?id=ADHUHR,inactive,inactive,2026-08-05T22:38:36+00:00,2026-08-06T23:47:02+00:00,2026-08-07T00:17:01+00:00,"Hawker 900XP | Truckee Tahoe Airport → McClellan-Palomar Airport | $10,750",,Hawker 900XP,KTRK - Truckee Tahoe Airport,KTRK,TKF,Truckee-Tahoe Airport,Truckee,US,KCRQ - McClellan-Palomar Airport,KCRQ,CLD,Mc Clellan-Palomar Airport,Carlsbad,US,06 August 2026,2026-08-06,12:00,13:20,1h 21m,"$10,750",10750,USD,$,9,https://villiers.ai/empty-legs/ktrk-kcrq-2026-08-06?id=ADHUHR,https://villiers.ai/empty-legs/ktrk-kcrq-2026-08-06?id=ADHUHR,https://villiers.ai/empty-legs/ktrk-kcrq-2026-08-06?id=ADHUHR,"Wed, 29 Jul 2026 01:11:07 GMT",2026-08-07T00:17:01+00:00
https://villiers.ai/empty-legs/kabe-kged-citation-x-2026-08-07-b53ab82c?id=ADHUHR,inactive,inactive,2026-08-07T14:47:01+00:00,2026-08-07T23:47:01+00:00,2026-08-08T00:17:02+00:00,"Citation X | Lehigh Valley International Airport → Delaware Coastal Airport | $8,600",,Citation X,KABE - Lehigh Valley International Airport,KABE,ABE,Lehigh Valley International Airport,Allentown,US,KGED - Delaware Coastal Airport,KGED,GED,Delaware Coastal Airport,Georgetown,US,07 August 2026,2026-08-07,12:00,12:45,45m,"$8,600",8600,USD,$,12,https://villiers.ai/empty-legs/kabe-kged-citation-x-2026-08-07-b53ab82c?id=ADHUHR,https://villiers.ai/empty-legs/kabe-kged-citation-x-2026-08-07-b53ab82c?id=ADHUHR,https://villiers.ai/empty-legs/kabe-kged-citation-x-2026-08-07-b53ab82c?id=ADHUHR,"Fri, 07 Aug 2026 14:22:59 GMT",2026-08-08T00:17:02+00:00
https://villiers.ai/empty-legs/kack-kpwm-citation-x-2026-08-07-eef27cd3?id=ADHUHR,inactive,inactive,2026-08-07T14:47:01+00:00,2026-08-07T23:47:01+00:00,2026-08-08T00:17:02+00:00,"Citation X | Nantucket Memorial Airport → Portland International Jetport | $8,600",,Citation X,KACK - Nantucket Memorial Airport,KACK,ACK,Nantucket Memorial Airport,Nantucket,US,KPWM - Portland International Jetport,KPWM,PWM,Portland International Jetport Airport,Portland,US,07 August 2026,2026-08-07,12:00,12:48,48m,"$8,600",8600,USD,$,12,https://villiers.ai/empty-legs/kack-kpwm-citation-x-2026-08-07-eef27cd3?id=ADHUHR,https://villiers.ai/empty-legs/kack-kpwm-citation-x-2026-08-07-eef27cd3?id=ADHUHR,https://villiers.ai/empty-legs/kack-kpwm-citation-x-2026-08-07-eef27cd3?id=ADHUHR,"Fri, 07 Aug 2026 14:22:59 GMT",2026-08-08T00:17:02+00:00
https://villiers.ai/empty-legs/kalb-kphl-citation-x-2026-08-07-d0dce147?id=ADHUHR,inactive,inactive,2026-08-07T14:47:01+00:00,2026-08-07T23:47:01+00:00,2026-08-08T00:17:02+00:00,"Citation X | Albany International Airport → Philadelphia International Airport | $8,600",,Citation X,KALB - Albany International Airport,KALB,ALB,Albany International Airport,Albany,US,KPHL - Philadelphia International Airport,KPHL,PHL,Philadelphia International Airport,Philadelphia,US,07 August 2026,2026-08-07,12:00,12:53,54m,"$8,600",8600,USD,$,12,https://villiers.ai/empty-legs/kalb-kphl-citation-x-2026-08-07-d0dce147?id=ADHUHR,https://villiers.ai/empty-legs/kalb-kphl-citation-x-2026-08-07-d0dce147?id=ADHUHR,https://villiers.ai/empty-legs/kalb-kphl-citation-x-2026-08-07-d0dce147?id=ADHUHR,"Fri, 07 Aug 2026 14:22:59 GMT",2026-08-08T00:17:02+00:00
https://villiers.ai/empty-legs/kapf-kopf-challenger-300-2026-08-07-9510f31c?id=ADHUHR,inactive,inactive,2026-08-07T14:47:01+00:00,2026-08-07T23:47:01+00:00,2026-08-08T00:17:02+00:00,"Challenger 300 | Naples Municipal Airport → Miami-Opa Locka Executive Airport | $8,600",,Challenger 300,KAPF - Naples Municipal Airport,KAPF,APF,Naples Municipal Airport,Naples,US,KOPF - Miami-Opa Locka Executive Airport,KOPF,OPF,Miami-Opa Locka Executive Airport,Miami,US,07 August 2026,2026-08-07,12:00,12:40,40m,"$8,600",8600,USD,$,10,https://villiers.ai/empty-legs/kapf-kopf-challenger-300-2026-08-07-9510f31c?id=ADHUHR,https://villiers.ai/empty-legs/kapf-kopf-challenger-300-2026-08-07-9510f31c?id=ADHUHR,https://villiers.ai/empty-legs/kapf-kopf-challenger-300-2026-08-07-9510f31c?id=ADHUHR,"Fri, 07 Aug 2026 14:22:53 GMT",2026-08-08T00:17:02+00:00
https://villiers.ai/empty-legs/kaus-khou-cessna-citation-v-2026-08-07-ff14f2b9?id=ADHUHR,inactive,inactive,2026-08-06T15:47:01+00:00,2026-08-07T23:47:01+00:00,2026-08-08T00:17:02+00:00,"Cessna Citation V | Austin Bergstrom International Airport → William P. Hobby Airport | $2,150",,Cessna Citation V,KAUS - Austin Bergstrom International Airport,KAUS,AUS,Austin-Bergstrom International Airport,Austin,US,KHOU - William P. Hobby Airport,KHOU,HOU,William P Hobby Airport,Houston,US,07 August 2026,2026-08-07,12:00,12:46,46m,"$2,150",2150,USD,$,7,https://villiers.ai/empty-legs/kaus-khou-cessna-citation-v-2026-08-07-ff14f2b9?id=ADHUHR,https://villiers.ai/empty-legs/kaus-khou-cessna-citation-v-2026-08-07-ff14f2b9?id=ADHUHR,https://villiers.ai/empty-legs/kaus-khou-cessna-citation-v-2026-08-07-ff14f2b9?id=ADHUHR,"Thu, 06 Aug 2026 15:26:13 GMT",2026-08-08T00:17:02+00:00
https://villiers.ai/empty-legs/kavl-kmvy-challenger-300-2026-08-07-9a52d15a?id=ADHUHR,inactive,inactive,2026-08-07T14:47:01+00:00,2026-08-07T23:47:01+00:00,2026-08-08T00:17:02+00:00,"Challenger 300 | Asheville Regional Airport → Martha's Vineyard Airport | $9,675",,Challenger 300,KAVL - Asheville Regional Airport,KAVL,AVL,Asheville Regional Airport,Asheville,US,KMVY - Martha's Vineyard Airport,KMVY,MVY,Martha's Vineyard Airport,Vineyard Haven,US,07 August 2026,2026-08-07,12:00,13:54,1h 55m,"$9,675",9675,USD,$,10,https://villiers.ai/empty-legs/kavl-kmvy-challenger-300-2026-08-07-9a52d15a?id=ADHUHR,https://villiers.ai/empty-legs/kavl-kmvy-challenger-300-2026-08-07-9a52d15a?id=ADHUHR,https://villiers.ai/empty-legs/kavl-kmvy-challenger-300-2026-08-07-9a52d15a?id=ADHUHR,"Fri, 07 Aug 2026 14:22:53 GMT",2026-08-08T00:17:02+00:00
https://villiers.ai/empty-legs/kcrq-kpsp-citation-cj3-2026-08-07-42f33ac9?id=ADHUHR,inactive,inactive,2026-08-06T04:17:02+00:00,2026-08-07T23:47:01+00:00,2026-08-08T00:17:02+00:00,"Citation CJ3 | McClellan-Palomar Airport → Palm Springs International Airport | $4,838",,Citation CJ3,KCRQ - McClellan-Palomar Airport,KCRQ,CLD,Mc Clellan-Palomar Airport,Carlsbad,US,KPSP - Palm Springs International Airport,KPSP,PSP,Palm Springs International Airport,Palm Springs,US,07 August 2026,2026-08-07,12:00,12:37,37m,"$4,838",4838,USD,$,7,https://villiers.ai/empty-legs/kcrq-kpsp-citation-cj3-2026-08-07-42f33ac9?id=ADHUHR,https://villiers.ai/empty-legs/kcrq-kpsp-citation-cj3-2026-08-07-42f33ac9?id=ADHUHR,https://villiers.ai/empty-legs/kcrq-kpsp-citation-cj3-2026-08-07-42f33ac9?id=ADHUHR,"Thu, 06 Aug 2026 04:11:23 GMT",2026-08-08T00:17:02+00:00
https://villiers.ai/empty-legs/kcrq-ktrk-2026-08-07?id=ADHUHR,inactive,inactive,2026-08-05T22:38:36+00:00,2026-08-07T23:47:01+00:00,2026-08-08T00:17:02+00:00,"Citation CJ3 | McClellan-Palomar Airport → Truckee Tahoe Airport | $8,600",,Citation CJ3,KCRQ - McClellan-Palomar Airport,KCRQ,CLD,Mc Clellan-Palomar Airport,Carlsbad,US,KTRK - Truckee Tahoe Airport,KTRK,TKF,Truckee-Tahoe Airport,Truckee,US,07 August 2026,2026-08-07,12:00,13:20,1h 21m,"$8,600",8600,USD,$,8,https://villiers.ai/empty-legs/kcrq-ktrk-2026-08-07?id=ADHUHR,https://villiers.ai/empty-legs/kcrq-ktrk-2026-08-07?id=ADHUHR,https://villiers.ai/empty-legs/kcrq-ktrk-2026-08-07?id=ADHUHR,"Wed, 29 Jul 2026 01:11:07 GMT",2026-08-08T00:17:02+00:00
https://villiers.ai/empty-legs/kdzb-khou-cessna-citation-ultra-2026-08-07-799cc8e1?id=ADHUHR,inactive,inactive,2026-08-06T15:47:01+00:00,2026-08-07T23:47:01+00:00,2026-08-08T00:17:02+00:00,"Cessna Citation Ultra | Horseshoe Bay Resort Airport → William P. Hobby Airport | $2,473",,Cessna Citation Ultra,KDZB - Horseshoe Bay Resort Airport,KDZB,,Horseshoe Bay Resort Airport,Horseshoe Bay,US,KHOU - William P. Hobby Airport,KHOU,HOU,William P Hobby Airport,Houston,US,07 August 2026,2026-08-07,12:00,12:51,51m,"$2,473",2473,USD,$,7,https://villiers.ai/empty-legs/kdzb-khou-cessna-citation-ultra-2026-08-07-799cc8e1?id=ADHUHR,https://villiers.ai/empty-legs/kdzb-khou-cessna-citation-ultra-2026-08-07-799cc8e1?id=ADHUHR,https://villiers.ai/empty-legs/kdzb-khou-cessna-citation-ultra-2026-08-07-799cc8e1?id=ADHUHR,"Thu, 06 Aug 2026 15:26:13 GMT",2026-08-08T00:17:02+00:00
https://villiers.ai/empty-legs/kdzb-ksat-citation-x-2026-08-07-ef6b259e?id=ADHUHR,inactive,inactive,2026-08-07T14:47:01+00:00,2026-08-07T23:47:01+00:00,2026-08-08T00:17:02+00:00,"Citation X | Horseshoe Bay Resort Airport → San Antonio International Airport | $8,600",,Citation X,KDZB - Horseshoe Bay Resort Airport,KDZB,,Horseshoe Bay Resort Airport,Horseshoe Bay,US,KSAT - San Antonio International Airport,KSAT,SAT,San Antonio International Airport,San Antonio,US,07 August 2026,2026-08-07,12:00,12:37,38m,"$8,600",8600,USD,$,12,https://villiers.ai/empty-legs/kdzb-ksat-citation-x-2026-08-07-ef6b259e?id=ADHUHR,https://villiers.ai/empty-legs/kdzb-ksat-citation-x-2026-08-07-ef6b259e?id=ADHUHR,https://villiers.ai/empty-legs/kdzb-ksat-citation-x-2026-08-07-ef6b259e?id=ADHUHR,"Fri, 07 Aug 2026 14:23:00 GMT",2026-08-08T00:17:02+00:00
https://villiers.ai/empty-legs/kfok-kcle-citation-x-2026-08-07-f8497a9b?id=ADHUHR,inactive,inactive,2026-08-07T14:47:01+00:00,2026-08-07T23:47:01+00:00,2026-08-08T00:17:02+00:00,"Citation X | Francis S Gabreski Airport → Cleveland Hopkins International Airport | $10,750",,Citation X,KFOK - Francis S Gabreski Airport,KFOK,FOK,Francis S Gabreski Airport,Westhampton Beach,US,KCLE - Cleveland Hopkins International Airport,KCLE,CLE,Cleveland-Hopkins International Airport,Cleveland,US,07 August 2026,2026-08-07,12:00,13:23,1h 23m,"$10,750",10750,USD,$,12,https://villiers.ai/empty-legs/kfok-kcle-citation-x-2026-08-07-f8497a9b?id=ADHUHR,https://villiers.ai/empty-legs/kfok-kcle-citation-x-2026-08-07-f8497a9b?id=ADHUHR,https://villiers.ai/empty-legs/kfok-kcle-citation-x-2026-08-07-f8497a9b?id=ADHUHR,"Fri, 07 Aug 2026 14:23:00 GMT",2026-08-08T00:17:02+00:00
https://villiers.ai/empty-legs/kfok-kteb-challenger-300-2026-08-07-15b46e24?id=ADHUHR,inactive,inactive,2026-08-07T14:47:01+00:00,2026-08-07T23:47:01+00:00,2026-08-08T00:17:02+00:00,"Challenger 300 | Francis S Gabreski Airport → Teterboro Airport | $8,600",,Challenger 300,KFOK - Francis S Gabreski Airport,KFOK,FOK,Francis S Gabreski Airport,Westhampton Beach,US,KTEB - Teterboro Airport,KTEB,TEB,Teterboro Airport,Teterboro,US,07 August 2026,2026-08-07,12:00,12:38,38m,"$8,600",8600,USD,$,10,https://villiers.ai/empty-legs/kfok-kteb-challenger-300-2026-08-07-15b46e24?id=ADHUHR,https://villiers.ai/empty-legs/kfok-kteb-challenger-300-2026-08-07-15b46e24?id=ADHUHR,https://villiers.ai/empty-legs/kfok-kteb-challenger-300-2026-08-07-15b46e24?id=ADHUHR,"Fri, 07 Aug 2026 14:22:53 GMT",2026-08-08T00:17:02+00:00
https://villiers.ai/empty-legs/kftw-kase-challenger-300-2026-08-07-8e7f49ca?id=ADHUHR,inactive,inactive,2026-08-07T14:47:01+00:00,2026-08-07T23:47:01+00:00,2026-08-08T00:17:02+00:00,"Challenger 300 | Fort Worth Meacham International Airport → Aspen-Pitkin County Airport (Sardy Field) | $15,050",,Challenger 300,KFTW - Fort Worth Meacham International Airport,KFTW,FTW,Fort Worth Meacham International Airport,Fort Worth,US,KASE - Aspen-Pitkin County Airport (Sardy Field),KASE,ASE,Aspen-Pitkin County/Sardy Field,Aspen,US,07 August 2026,2026-08-07,12:00,13:46,1h 47m,"$15,050",15050,USD,$,10,https://villiers.ai/empty-legs/kftw-kase-challenger-300-2026-08-07-8e7f49ca?id=ADHUHR,https://villiers.ai/empty-legs/kftw-kase-challenger-300-2026-08-07-8e7f49ca?id=ADHUHR,https://villiers.ai/empty-legs/kftw-kase-challenger-300-2026-08-07-8e7f49ca?id=ADHUHR,"Fri, 07 Aug 2026 14:22:53 GMT",2026-08-08T00:17:02+00:00
https://villiers.ai/empty-legs/khou-khdn-cessna-citation-ultra-2026-08-07-62b66db1?id=ADHUHR,inactive,inactive,2026-08-06T15:47:01+00:00,2026-08-07T23:47:01+00:00,2026-08-08T00:17:02+00:00,"Cessna Citation Ultra | William P. Hobby Airport → Yampa Valley Airport | $9,998",,Cessna Citation Ultra,KHOU - William P. Hobby Airport,KHOU,HOU,William P Hobby Airport,Houston,US,KHDN - Yampa Valley Airport,KHDN,HDN,Yampa Valley Airport,Hayden,US,07 August 2026,2026-08-07,12:00,14:21,2h 22m,"$9,998",9998,USD,$,7,https://villiers.ai/empty-legs/khou-khdn-cessna-citation-ultra-2026-08-07-62b66db1?id=ADHUHR,https://villiers.ai/empty-legs/khou-khdn-cessna-citation-ultra-2026-08-07-62b66db1?id=ADHUHR,https://villiers.ai/empty-legs/khou-khdn-cessna-citation-ultra-2026-08-07-62b66db1?id=ADHUHR,"Thu, 06 Aug 2026 15:26:13 GMT",2026-08-08T00:17:02+00:00
https://villiers.ai/empty-legs/khou-khum-cessna-citation-v-2026-08-07-a9c86c3d?id=ADHUHR,inactive,inactive,2026-08-07T14:47:01+00:00,2026-08-07T23:47:01+00:00,2026-08-08T00:17:02+00:00,"Cessna Citation V | William P. Hobby Airport → Houma Terrebonne Airport | $3,118",,Cessna Citation V,KHOU - William P. Hobby Airport,KHOU,HOU,William P Hobby Airport,Houston,US,KHUM - Houma Terrebonne Airport,KHUM,HUM,Houma-Terrebonne Airport,Houma,US,07 August 2026,2026-08-07,12:00,13:00,1h 1m,"$3,118",3118,USD,$,7,https://villiers.ai/empty-legs/khou-khum-cessna-citation-v-2026-08-07-a9c86c3d?id=ADHUHR,https://villiers.ai/empty-legs/khou-khum-cessna-citation-v-2026-08-07-a9c86c3d?id=ADHUHR,https://villiers.ai/empty-legs/khou-khum-cessna-citation-v-2026-08-07-a9c86c3d?id=ADHUHR,"Fri, 07 Aug 2026 14:24:20 GMT",2026-08-08T00:17:02+00:00
https://villiers.ai/empty-legs/khou-ksbm-2026-08-07?id=ADHUHR,inactive,inactive,2026-08-05T22:38:36+00:00,2026-08-07T23:47:01+00:00,2026-08-08T00:17:02+00:00,"Pilatus PC 12 NG | William P. Hobby Airport → Sheboygan County Memorial Airport | $8,385",,Pilatus PC 12 NG,KHOU - William P. Hobby Airport,KHOU,HOU,William P Hobby Airport,Houston,US,KSBM - Sheboygan County Memorial Airport,KSBM,SBM,Sheboygan County Memorial International Airport,Sheboygan,US,07 August 2026,2026-08-07,12:00,14:27,2h 27m,"$8,385",8385,USD,$,7,https://villiers.ai/empty-legs/khou-ksbm-2026-08-07?id=ADHUHR,https://villiers.ai/empty-legs/khou-ksbm-2026-08-07?id=ADHUHR,https://villiers.ai/empty-legs/khou-ksbm-2026-08-07?id=ADHUHR,"Sat, 11 Jul 2026 14:07:49 GMT",2026-08-08T00:17:02+00:00
https://villiers.ai/empty-legs/kjac-cyvr-challenger-300-2026-08-07-2f989701?id=ADHUHR,inactive,inactive,2026-08-07T14:47:01+00:00,2026-08-07T23:47:01+00:00,2026-08-08T00:17:02+00:00,"Challenger 300 | Jackson Hole Airport → Vancouver International Airport | $9,675",,Challenger 300,KJAC - Jackson Hole Airport,KJAC,JAC,Jackson Hole Airport,Jackson,US,CYVR - Vancouver International Airport,CYVR,YVR,Vancouver International Airport,Richmond,CA,07 August 2026,2026-08-07,12:00,13:48,1h 48m,"$9,675",9675,USD,$,10,https://villiers.ai/empty-legs/kjac-cyvr-challenger-300-2026-08-07-2f989701?id=ADHUHR,https://villiers.ai/empty-legs/kjac-cyvr-challenger-300-2026-08-07-2f989701?id=ADHUHR,https://villiers.ai/empty-legs/kjac-cyvr-challenger-300-2026-08-07-2f989701?id=ADHUHR,"Fri, 07 Aug 2026 14:22:54 GMT",2026-08-08T00:17:02+00:00
https://villiers.ai/empty-legs/kjac-ksna-citation-x-2026-08-07-6c069251?id=ADHUHR,inactive,inactive,2026-08-07T14:47:01+00:00,2026-08-07T23:47:01+00:00,2026-08-08T00:17:02+00:00,"Citation X | Jackson Hole Airport → John Wayne Orange County International Airport | $10,750",,Citation X,KJAC - Jackson Hole Airport,KJAC,JAC,Jackson Hole Airport,Jackson,US,KSNA - John Wayne Orange County International Airport,KSNA,SNA,John Wayne/Orange County Airport,Santa Ana,US,07 August 2026,2026-08-07,12:00,13:57,1h 57m,"$10,750",10750,USD,$,12,https://villiers.ai/empty-legs/kjac-ksna-citation-x-2026-08-07-6c069251?id=ADHUHR,https://villiers.ai/empty-legs/kjac-ksna-citation-x-2026-08-07-6c069251?id=ADHUHR,https://villiers.ai/empty-legs/kjac-ksna-citation-x-2026-08-07-6c069251?id=ADHUHR,"Fri, 07 Aug 2026 14:23:00 GMT",2026-08-08T00:17:02+00:00
https://villiers.ai/empty-legs/kmke-krst-citation-x-2026-08-07-9a822a4f?id=ADHUHR,inactive,inactive,2026-08-07T14:47:01+00:00,2026-08-07T23:47:01+00:00,2026-08-08T00:17:02+00:00,"Citation X | General Mitchell International Airport → Rochester International Airport | $8,600",,Citation X,KMKE - General Mitchell International Airport,KMKE,MKE,General Mitchell International Airport,Milwaukee,US,KRST - Rochester International Airport,KRST,RST,Rochester International Airport,Rochester,US,07 August 2026,2026-08-07,12:00,12:56,57m,"$8,600",8600,USD,$,12,https://villiers.ai/empty-legs/kmke-krst-citation-x-2026-08-07-9a822a4f?id=ADHUHR,https://villiers.ai/empty-legs/kmke-krst-citation-x-2026-08-07-9a822a4f?id=ADHUHR,https://villiers.ai/empty-legs/kmke-krst-citation-x-2026-08-07-9a822a4f?id=ADHUHR,"Fri, 07 Aug 2026 14:23:00 GMT",2026-08-08T00:17:02+00:00
https://villiers.ai/empty-legs/kmmu-kteb-challenger-300-2026-08-07-b2804f87?id=ADHUHR,inactive,inactive,2026-08-07T14:47:01+00:00,2026-08-07T23:47:01+00:00,2026-08-08T00:17:02+00:00,"Challenger 300 | Morristown Municipal Airport → Teterboro Airport | $8,600",,Challenger 300,KMMU - Morristown Municipal Airport,KMMU,MMU,Morristown Municipal Airport,Morristown,US,KTEB - Teterboro Airport,KTEB,TEB,Teterboro Airport,Teterboro,US,07 August 2026,2026-08-07,12:00,12:32,32m,"$8,600",8600,USD,$,10,https://villiers.ai/empty-legs/kmmu-kteb-challenger-300-2026-08-07-b2804f87?id=ADHUHR,https://villiers.ai/empty-legs/kmmu-kteb-challenger-300-2026-08-07-b2804f87?id=ADHUHR,https://villiers.ai/empty-legs/kmmu-kteb-challenger-300-2026-08-07-b2804f87?id=ADHUHR,"Fri, 07 Aug 2026 14:22:54 GMT",2026-08-08T00:17:02+00:00
https://villiers.ai/empty-legs/kmsy-kdal-challenger-300-2026-08-07-bb747189?id=ADHUHR,inactive,inactive,2026-08-07T14:47:01+00:00,2026-08-07T23:47:01+00:00,2026-08-08T00:17:02+00:00,"Challenger 300 | Louis Armstrong New Orleans International Airport → Dallas Love Field | $9,675",,Challenger 300,KMSY - Louis Armstrong New Orleans International Airport,KMSY,MSY,Louis Armstrong New Orleans International Airport,New Orleans,US,KDAL - Dallas Love Field,KDAL,DAL,Dallas Love Field,Dallas,US,07 August 2026,2026-08-07,12:00,13:18,1h 18m,"$9,675",9675,USD,$,10,https://villiers.ai/empty-legs/kmsy-kdal-challenger-300-2026-08-07-bb747189?id=ADHUHR,https://villiers.ai/empty-legs/kmsy-kdal-challenger-300-2026-08-07-bb747189?id=ADHUHR,https://villiers.ai/empty-legs/kmsy-kdal-challenger-300-2026-08-07-bb747189?id=ADHUHR,"Fri, 07 Aug 2026 14:22:54 GMT",2026-08-08T00:17:02+00:00
https://villiers.ai/empty-legs/knuq-ksan-challenger-300-2026-08-07-bb3ed468?id=ADHUHR,inactive,inactive,2026-08-07T14:47:01+00:00,2026-08-07T23:47:01+00:00,2026-08-08T00:17:02+00:00,"Challenger 300 | Moffett Federal Airfield → San Diego International Airport | $8,600",,Challenger 300,KNUQ - Moffett Federal Airfield,KNUQ,NUQ,Moffett Federal Airfield,Mountain View,US,KSAN - San Diego International Airport,KSAN,SAN,San Diego International Airport,San Diego,US,07 August 2026,2026-08-07,12:00,13:17,1h 17m,"$8,600",8600,USD,$,10,https://villiers.ai/empty-legs/knuq-ksan-challenger-300-2026-08-07-bb3ed468?id=ADHUHR,https://villiers.ai/empty-legs/knuq-ksan-challenger-300-2026-08-07-bb3ed468?id=ADHUHR,https://villiers.ai/empty-legs/knuq-ksan-challenger-300-2026-08-07-bb3ed468?id=ADHUHR,"Fri, 07 Aug 2026 14:22:54 GMT",2026-08-08T00:17:02+00:00
https://villiers.ai/empty-legs/kptk-kphl-citation-x-2026-08-07-d9949a56?id=ADHUHR,inactive,inactive,2026-08-07T14:47:01+00:00,2026-08-07T23:47:01+00:00,2026-08-08T00:17:02+00:00,"Citation X | Oakland County International Airport → Philadelphia International Airport | $8,600",,Citation X,KPTK - Oakland County International Airport,KPTK,PTK,Oakland County International Airport,Pontiac,US,KPHL - Philadelphia International Airport,KPHL,PHL,Philadelphia International Airport,Philadelphia,US,07 August 2026,2026-08-07,12:00,13:21,1h 22m,"$8,600",8600,USD,$,12,https://villiers.ai/empty-legs/kptk-kphl-citation-x-2026-08-07-d9949a56?id=ADHUHR,https://villiers.ai/empty-legs/kptk-kphl-citation-x-2026-08-07-d9949a56?id=ADHUHR,https://villiers.ai/empty-legs/kptk-kphl-citation-x-2026-08-07-d9949a56?id=ADHUHR,"Fri, 07 Aug 2026 14:23:01 GMT",2026-08-08T00:17:02+00:00
https://villiers.ai/empty-legs/krno-ksba-citation-x-2026-08-07-56de6e45?id=ADHUHR,inactive,inactive,2026-08-07T14:47:01+00:00,2026-08-07T23:47:01+00:00,2026-08-08T00:17:02+00:00,"Citation X | Reno Tahoe International Airport → Santa Barbara Municipal Airport | $8,600",,Citation X,KRNO - Reno Tahoe International Airport,KRNO,RNO,Reno/Tahoe International Airport,Reno,US,KSBA - Santa Barbara Municipal Airport,KSBA,SBA,Santa Barbara Municipal Airport,Santa Barbara,US,07 August 2026,2026-08-07,12:00,13:08,1h 9m,"$8,600",8600,USD,$,12,https://villiers.ai/empty-legs/krno-ksba-citation-x-2026-08-07-56de6e45?id=ADHUHR,https://villiers.ai/empty-legs/krno-ksba-citation-x-2026-08-07-56de6e45?id=ADHUHR,https://villiers.ai/empty-legs/krno-ksba-citation-x-2026-08-07-56de6e45?id=ADHUHR,"Fri, 07 Aug 2026 14:23:01 GMT",2026-08-08T00:17:02+00:00
https://villiers.ai/empty-legs/ksaa-kjac-citation-x-2026-08-07-650d4417?id=ADHUHR,inactive,inactive,2026-08-07T14:47:01+00:00,2026-08-07T23:47:01+00:00,2026-08-08T00:17:02+00:00,"Citation X | Shively Field → Jackson Hole Airport | $8,600",,Citation X,KSAA - Shively Field,KSAA,SAA,Shively Field,Saratoga,US,KJAC - Jackson Hole Airport,KJAC,JAC,Jackson Hole Airport,Jackson,US,07 August 2026,2026-08-07,12:00,12:57,58m,"$8,600",8600,USD,$,12,https://villiers.ai/empty-legs/ksaa-kjac-citation-x-2026-08-07-650d4417?id=ADHUHR,https://villiers.ai/empty-legs/ksaa-kjac-citation-x-2026-08-07-650d4417?id=ADHUHR,https://villiers.ai/empty-legs/ksaa-kjac-citation-x-2026-08-07-650d4417?id=ADHUHR,"Fri, 07 Aug 2026 14:23:01 GMT",2026-08-08T00:17:02+00:00
https://villiers.ai/empty-legs/ksan-kvny-citation-x-2026-08-07-4f56c14d?id=ADHUHR,inactive,inactive,2026-08-07T14:47:01+00:00,2026-08-07T23:47:01+00:00,2026-08-08T00:17:02+00:00,"Citation X | San Diego International Airport → Van Nuys Airport | $8,600",,Citation X,KSAN - San Diego International Airport,KSAN,SAN,San Diego International Airport,San Diego,US,KVNY - Van Nuys Airport,KVNY,VNY,Van Nuys Airport,Van Nuys,US,07 August 2026,2026-08-07,12:00,12:44,44m,"$8,600",8600,USD,$,12,https://villiers.ai/empty-legs/ksan-kvny-citation-x-2026-08-07-4f56c14d?id=ADHUHR,https://villiers.ai/empty-legs/ksan-kvny-citation-x-2026-08-07-4f56c14d?id=ADHUHR,https://villiers.ai/empty-legs/ksan-kvny-citation-x-2026-08-07-4f56c14d?id=ADHUHR,"Fri, 07 Aug 2026 14:23:01 GMT",2026-08-08T00:17:02+00:00
https://villiers.ai/empty-legs/ksps-klbb-challenger-300-2026-08-07-a8b832c8?id=ADHUHR,inactive,inactive,2026-08-07T14:47:01+00:00,2026-08-07T23:47:01+00:00,2026-08-08T00:17:02+00:00,"Challenger 300 | Wichita Falls Municipal Airport / Sheppard Air Force Base → Lubbock Preston Smith International Airport | $8,600",,Challenger 300,KSPS - Wichita Falls Municipal Airport / Sheppard Air Force Base,KSPS,SPS,Sheppard Afb/Wichita Falls Municipal Airport,Wichita Falls,US,KLBB - Lubbock Preston Smith International Airport,KLBB,LBB,Lubbock Preston Smith International Airport,Lubbock,US,07 August 2026,2026-08-07,12:00,12:51,51m,"$8,600",8600,USD,$,10,https://villiers.ai/empty-legs/ksps-klbb-challenger-300-2026-08-07-a8b832c8?id=ADHUHR,https://villiers.ai/empty-legs/ksps-klbb-challenger-300-2026-08-07-a8b832c8?id=ADHUHR,https://villiers.ai/empty-legs/ksps-klbb-challenger-300-2026-08-07-a8b832c8?id=ADHUHR,"Fri, 07 Aug 2026 14:22:55 GMT",2026-08-08T00:17:02+00:00
https://villiers.ai/empty-legs/ksus-kfcm-citation-x-2026-08-07-2dce571c?id=ADHUHR,inactive,inactive,2026-08-07T14:47:01+00:00,2026-08-07T23:47:01+00:00,2026-08-08T00:17:02+00:00,"Citation X | Spirit of St Louis Airport → Flying Cloud Airport | $8,600",,Citation X,KSUS - Spirit of St Louis Airport,KSUS,SUS,Spirit Of St Louis Airport,St Louis,US,KFCM - Flying Cloud Airport,KFCM,FCM,Flying Cloud Airport,Minneapolis,US,07 August 2026,2026-08-07,12:00,13:19,1h 20m,"$8,600",8600,USD,$,12,https://villiers.ai/empty-legs/ksus-kfcm-citation-x-2026-08-07-2dce571c?id=ADHUHR,https://villiers.ai/empty-legs/ksus-kfcm-citation-x-2026-08-07-2dce571c?id=ADHUHR,https://villiers.ai/empty-legs/ksus-kfcm-citation-x-2026-08-07-2dce571c?id=ADHUHR,"Fri, 07 Aug 2026 14:23:01 GMT",2026-08-08T00:17:02+00:00
https://villiers.ai/empty-legs/kteb-khvn-citation-x-2026-08-07-bd0b84c8?id=ADHUHR,inactive,inactive,2026-08-07T14:47:01+00:00,2026-08-07T23:47:01+00:00,2026-08-08T00:17:02+00:00,"Citation X | Teterboro Airport → Tweed New Haven Airport | $8,600",,Citation X,KTEB - Teterboro Airport,KTEB,TEB,Teterboro Airport,Teterboro,US,KHVN - Tweed New Haven Airport,KHVN,HVN,Tweed/New Haven Airport,New Haven,US,07 August 2026,2026-08-07,12:00,12:37,37m,"$8,600",8600,USD,$,12,https://villiers.ai/empty-legs/kteb-khvn-citation-x-2026-08-07-bd0b84c8?id=ADHUHR,https://villiers.ai/empty-legs/kteb-khvn-citation-x-2026-08-07-bd0b84c8?id=ADHUHR,https://villiers.ai/empty-legs/kteb-khvn-citation-x-2026-08-07-bd0b84c8?id=ADHUHR,"Fri, 07 Aug 2026 14:22:59 GMT",2026-08-08T00:17:02+00:00
https://villiers.ai/empty-legs/kteb-kmtn-challenger-300-2026-08-07-a103a74a?id=ADHUHR,inactive,inactive,2026-08-07T14:47:01+00:00,2026-08-07T23:47:01+00:00,2026-08-08T00:17:02+00:00,"Challenger 300 | Teterboro Airport → Martin State Airport | $8,600",,Challenger 300,KTEB - Teterboro Airport,KTEB,TEB,Teterboro Airport,Teterboro,US,KMTN - Martin State Airport,KMTN,MTN,Martin State Airport,Baltimore,US,07 August 2026,2026-08-07,12:00,12:48,48m,"$8,600",8600,USD,$,10,https://villiers.ai/empty-legs/kteb-kmtn-challenger-300-2026-08-07-a103a74a?id=ADHUHR,https://villiers.ai/empty-legs/kteb-kmtn-challenger-300-2026-08-07-a103a74a?id=ADHUHR,https://villiers.ai/empty-legs/kteb-kmtn-challenger-300-2026-08-07-a103a74a?id=ADHUHR,"Fri, 07 Aug 2026 14:22:53 GMT",2026-08-08T00:17:02+00:00
https://villiers.ai/empty-legs/kvny-klas-challenger-300-2026-08-07-a2543fa2?id=ADHUHR,inactive,inactive,2026-08-07T14:47:01+00:00,2026-08-07T23:47:01+00:00,2026-08-08T00:17:02+00:00,"Challenger 300 | Van Nuys Airport → Harry Reid International Airport | $8,600",,Challenger 300,KVNY - Van Nuys Airport,KVNY,VNY,Van Nuys Airport,Van Nuys,US,KLAS - Harry Reid International Airport,KLAS,LAS,Harry Reid International Airport,Las Vegas,US,07 August 2026,2026-08-07,12:00,12:55,55m,"$8,600",8600,USD,$,10,https://villiers.ai/empty-legs/kvny-klas-challenger-300-2026-08-07-a2543fa2?id=ADHUHR,https://villiers.ai/empty-legs/kvny-klas-challenger-300-2026-08-07-a2543fa2?id=ADHUHR,https://villiers.ai/empty-legs/kvny-klas-challenger-300-2026-08-07-a2543fa2?id=ADHUHR,"Fri, 07 Aug 2026 14:22:52 GMT",2026-08-08T00:17:02+00:00
https://villiers.ai/empty-legs/kvny-pahc-citation-x-2026-08-07-a4b8a512?id=ADHUHR,inactive,inactive,2026-08-07T14:47:01+00:00,2026-08-07T23:47:01+00:00,2026-08-08T00:17:02+00:00,"Citation X | Van Nuys Airport → Holy Cross Airport | $8,600",,Citation X,KVNY - Van Nuys Airport,KVNY,VNY,Van Nuys Airport,Van Nuys,US,PAHC - Holy Cross Airport,PAHC,HCR,Holy Cross Airport,Holy Cross,US,07 August 2026,2026-08-07,12:00,17:21,5h 22m,"$8,600",8600,USD,$,12,https://villiers.ai/empty-legs/kvny-pahc-citation-x-2026-08-07-a4b8a512?id=ADHUHR,https://villiers.ai/empty-legs/kvny-pahc-citation-x-2026-08-07-a4b8a512?id=ADHUHR,https://villiers.ai/empty-legs/kvny-pahc-citation-x-2026-08-07-a4b8a512?id=ADHUHR,"Fri, 07 Aug 2026 14:22:58 GMT",2026-08-08T00:17:02+00:00
https://villiers.ai/empty-legs/mhto-ksna-citation-x-2026-08-07-8fbf6937?id=ADHUHR,inactive,inactive,2026-08-07T14:47:01+00:00,2026-08-07T23:47:01+00:00,2026-08-08T00:17:02+00:00,"Citation X | Tocoa Airport → John Wayne Orange County International Airport | $8,600",,Citation X,MHTO - Tocoa Airport,MHTO,,Tocoa Airport,Tocoa,HN,KSNA - John Wayne Orange County International Airport,KSNA,SNA,John Wayne/Orange County Airport,Santa Ana,US,07 August 2026,2026-08-07,12:00,16:49,4h 50m,"$8,600",8600,USD,$,12,https://villiers.ai/empty-legs/mhto-ksna-citation-x-2026-08-07-8fbf6937?id=ADHUHR,https://villiers.ai/empty-legs/mhto-ksna-citation-x-2026-08-07-8fbf6937?id=ADHUHR,https://villiers.ai/empty-legs/mhto-ksna-citation-x-2026-08-07-8fbf6937?id=ADHUHR,"Fri, 07 Aug 2026 14:23:02 GMT",2026-08-08T00:17:02+00:00
https://villiers.ai/empty-legs/myam-mbpv-challenger-300-2026-08-07-711dfab7?id=ADHUHR,inactive,inactive,2026-08-07T14:47:01+00:00,2026-08-07T23:47:01+00:00,2026-08-08T00:17:02+00:00,"Challenger 300 | Leonard M Thompson International Airport → Providenciales International Airport | $10,750",,Challenger 300,MYAM - Leonard M Thompson International Airport,MYAM,MHH,Marsh Harbour International Airport,Marsh Harbour,BS,MBPV - Providenciales International Airport,MBPV,PLS,Providenciales Airport,Providenciales Island,TC,07 August 2026,2026-08-07,12:00,13:19,1h 20m,"$10,750",10750,USD,$,10,https://villiers.ai/empty-legs/myam-mbpv-challenger-300-2026-08-07-711dfab7?id=ADHUHR,https://villiers.ai/empty-legs/myam-mbpv-challenger-300-2026-08-07-711dfab7?id=ADHUHR,https://villiers.ai/empty-legs/myam-mbpv-challenger-300-2026-08-07-711dfab7?id=ADHUHR,"Fri, 07 Aug 2026 14:22:54 GMT",2026-08-08T00:17:02+00:00
https://villiers.ai/empty-legs/eggw-lfpb-phenom-300e-2026-08-08-75ee7657?id=ADHUHR,inactive,inactive,2026-08-07T18:17:02+00:00,2026-08-08T23:47:01+00:00,2026-08-09T00:17:02+00:00,"Phenom 300E | London Luton Airport → Paris Le Bourget Airport | £8,923",,Phenom 300E,EGGW - London Luton Airport,EGGW,LTN,London Luton Airport,London,GB,LFPB - Paris Le Bourget Airport,LFPB,LBG,Paris-Le Bourget Airport,Paris,FR,08 August 2026,2026-08-08,12:00,12:56,56m,"£8,923",8923,GBP,£,9,https://villiers.ai/empty-legs/eggw-lfpb-phenom-300e-2026-08-08-75ee7657?id=ADHUHR,https://villiers.ai/empty-legs/eggw-lfpb-phenom-300e-2026-08-08-75ee7657?id=ADHUHR,https://villiers.ai/empty-legs/eggw-lfpb-phenom-300e-2026-08-08-75ee7657?id=ADHUHR,"Fri, 07 Aug 2026 18:00:55 GMT",2026-08-09T00:17:02+00:00
https://villiers.ai/empty-legs/egkb-lfpb-2026-08-08?id=ADHUHR,inactive,inactive,2026-08-05T22:38:36+00:00,2026-08-08T23:47:01+00:00,2026-08-09T00:17:02+00:00,"Embraer Phenom 300E | Biggin Hill Airport → Paris Le Bourget Airport | £8,923",,Embraer Phenom 300E,EGKB - Biggin Hill Airport,EGKB,BQH,London Biggin Hill Airport,London,GB,LFPB - Paris Le Bourget Airport,LFPB,LBG,Paris-Le Bourget Airport,Paris,FR,08 August 2026,2026-08-08,12:00,12:51,52m,"£8,923",8923,GBP,£,9,https://villiers.ai/empty-legs/egkb-lfpb-2026-08-08?id=ADHUHR,https://villiers.ai/empty-legs/egkb-lfpb-2026-08-08?id=ADHUHR,https://villiers.ai/empty-legs/egkb-lfpb-2026-08-08?id=ADHUHR,"Fri, 31 Jul 2026 19:12:54 GMT",2026-08-09T00:17:02+00:00
https://villiers.ai/empty-legs/kapc-koak-citation-x-2026-08-08-79b15ff6?id=ADHUHR,inactive,inactive,2026-08-07T14:47:01+00:00,2026-08-08T23:47:01+00:00,2026-08-09T00:17:02+00:00,"Citation X | Napa County Airport → San Francisco Bay Oakland International Airport | $8,600",,Citation X,KAPC - Napa County Airport,KAPC,APC,Napa County Airport,Napa,US,KOAK - San Francisco Bay Oakland International Airport,KOAK,OAK,Oakland San Francisco Bay Airport,Oakland,US,08 August 2026,2026-08-08,12:00,12:33,34m,"$8,600",8600,USD,$,12,https://villiers.ai/empty-legs/kapc-koak-citation-x-2026-08-08-79b15ff6?id=ADHUHR,https://villiers.ai/empty-legs/kapc-koak-citation-x-2026-08-08-79b15ff6?id=ADHUHR,https://villiers.ai/empty-legs/kapc-koak-citation-x-2026-08-08-79b15ff6?id=ADHUHR,"Fri, 07 Aug 2026 14:23:02 GMT",2026-08-09T00:17:02+00:00
https://villiers.ai/empty-legs/kcgf-kosu-citation-x-2026-08-08-7916bb85?id=ADHUHR,inactive,inactive,2026-08-07T14:47:01+00:00,2026-08-08T23:47:01+00:00,2026-08-09T00:17:02+00:00,"Citation X | Cuyahoga County Airport → The Ohio State University Airport - Don Scott Field | $8,600",,Citation X,KCGF - Cuyahoga County Airport,KCGF,CGF,Cuyahoga County Airport,Cleveland,US,KOSU - The Ohio State University Airport - Don Scott Field,KOSU,OSU,Ohio State University Airport,Columbus,US,08 August 2026,2026-08-08,12:00,12:44,45m,"$8,600",8600,USD,$,12,https://villiers.ai/empty-legs/kcgf-kosu-citation-x-2026-08-08-7916bb85?id=ADHUHR,https://villiers.ai/empty-legs/kcgf-kosu-citation-x-2026-08-08-7916bb85?id=ADHUHR,https://villiers.ai/empty-legs/kcgf-kosu-citation-x-2026-08-08-7916bb85?id=ADHUHR,"Fri, 07 Aug 2026 14:23:02 GMT",2026-08-09T00:17:02+00:00
https://villiers.ai/empty-legs/kcrq-kcoe-2026-08-08?id=ADHUHR,inactive,inactive,2026-08-05T22:38:36+00:00,2026-08-08T23:47:01+00:00,2026-08-09T00:17:02+00:00,"Citation M2 | McClellan-Palomar Airport → Coeur D'Alene Airport - Pappy Boyington Field | $11,771",,Citation M2,KCRQ - McClellan-Palomar Airport,KCRQ,CLD,Mc Clellan-Palomar Airport,Carlsbad,US,KCOE - Coeur D'Alene Airport - Pappy Boyington Field,KCOE,COE,Coeur D'Alene Airport,Coeur D'Alene,US,08 August 2026,2026-08-08,12:00,14:22,2h 22m,"$11,771",11771,USD,$,7,https://villiers.ai/empty-legs/kcrq-kcoe-2026-08-08?id=ADHUHR,https://villiers.ai/empty-legs/kcrq-kcoe-2026-08-08?id=ADHUHR,https://villiers.ai/empty-legs/kcrq-kcoe-2026-08-08?id=ADHUHR,"Wed, 29 Jul 2026 01:11:08 GMT",2026-08-09T00:17:02+00:00
https://villiers.ai/empty-legs/kcrq-kvgt-2026-08-08?id=ADHUHR,inactive,inactive,2026-08-05T22:38:36+00:00,2026-08-08T23:47:01+00:00,2026-08-09T00:17:02+00:00,"Beechjet 400XP | McClellan-Palomar Airport → North Las Vegas Metropolitan International Airport | $6,396",,Beechjet 400XP,KCRQ - McClellan-Palomar Airport,KCRQ,CLD,Mc Clellan-Palomar Airport,Carlsbad,US,KVGT - North Las Vegas Metropolitan International Airport,KVGT,VGT,North Las Vegas Airport,Las Vegas,US,08 August 2026,2026-08-08,12:00,12:57,57m,"$6,396",6396,USD,$,8,https://villiers.ai/empty-legs/kcrq-kvgt-2026-08-08?id=ADHUHR,https://villiers.ai/empty-legs/kcrq-kvgt-2026-08-08?id=ADHUHR,https://villiers.ai/empty-legs/kcrq-kvgt-2026-08-08?id=ADHUHR,"Wed, 29 Jul 2026 01:11:08 GMT",2026-08-09T00:17:02+00:00
https://villiers.ai/empty-legs/kfll-kpln-challenger-300-2026-08-08-e69234d7?id=ADHUHR,inactive,inactive,2026-08-07T14:47:01+00:00,2026-08-08T23:47:01+00:00,2026-08-09T00:17:02+00:00,"Challenger 300 | Fort Lauderdale Hollywood International Airport → Pellston Regional Airport of Emmet County Airport | $12,900",,Challenger 300,KFLL - Fort Lauderdale Hollywood International Airport,KFLL,FLL,Fort Lauderdale/Hollywood International Airport,Fort Lauderdale,US,KPLN - Pellston Regional Airport of Emmet County Airport,KPLN,PLN,Pellston Regional/Emmet County Airport,Pellston,US,08 August 2026,2026-08-08,12:00,15:02,3h 2m,"$12,900",12900,USD,$,10,https://villiers.ai/empty-legs/kfll-kpln-challenger-300-2026-08-08-e69234d7?id=ADHUHR,https://villiers.ai/empty-legs/kfll-kpln-challenger-300-2026-08-08-e69234d7?id=ADHUHR,https://villiers.ai/empty-legs/kfll-kpln-challenger-300-2026-08-08-e69234d7?id=ADHUHR,"Fri, 07 Aug 2026 14:22:56 GMT",2026-08-09T00:17:02+00:00
https://villiers.ai/empty-legs/kftw-kmkc-challenger-300-2026-08-08-2fc77e7c?id=ADHUHR,inactive,inactive,2026-08-07T14:47:01+00:00,2026-08-08T23:47:01+00:00,2026-08-09T00:17:02+00:00,"Challenger 300 | Fort Worth Meacham International Airport → Charles B. Wheeler Downtown Airport | $9,675",,Challenger 300,KFTW - Fort Worth Meacham International Airport,KFTW,FTW,Fort Worth Meacham International Airport,Fort Worth,US,KMKC - Charles B. Wheeler Downtown Airport,KMKC,MKC,Kansas City Downtown/Wheeler Field,Kansas City,US,08 August 2026,2026-08-08,12:00,13:21,1h 21m,"$9,675",9675,USD,$,10,https://villiers.ai/empty-legs/kftw-kmkc-challenger-300-2026-08-08-2fc77e7c?id=ADHUHR,https://villiers.ai/empty-legs/kftw-kmkc-challenger-300-2026-08-08-2fc77e7c?id=ADHUHR,https://villiers.ai/empty-legs/kftw-kmkc-challenger-300-2026-08-08-2fc77e7c?id=ADHUHR,"Fri, 07 Aug 2026 14:22:56 GMT",2026-08-09T00:17:02+00:00
https://villiers.ai/empty-legs/kftw-sktm-citation-x-2026-08-08-108b1c5e?id=ADHUHR,inactive,inactive,2026-08-07T14:47:01+00:00,2026-08-08T23:47:01+00:00,2026-08-09T00:17:02+00:00,"Citation X | Fort Worth Meacham International Airport → Gustavo Vargas Airport | $8,600",,Citation X,KFTW - Fort Worth Meacham International Airport,KFTW,FTW,Fort Worth Meacham International Airport,Fort Worth,US,SKTM - Gustavo Vargas Airport,SKTM,TME,Gustavo Vargas Airport,Tame,CO,08 August 2026,2026-08-08,12:00,17:02,5h 2m,"$8,600",8600,USD,$,12,https://villiers.ai/empty-legs/kftw-sktm-citation-x-2026-08-08-108b1c5e?id=ADHUHR,https://villiers.ai/empty-legs/kftw-sktm-citation-x-2026-08-08-108b1c5e?id=ADHUHR,https://villiers.ai/empty-legs/kftw-sktm-citation-x-2026-08-08-108b1c5e?id=ADHUHR,"Fri, 07 Aug 2026 14:23:03 GMT",2026-08-09T00:17:02+00:00
https://villiers.ai/empty-legs/khou-kdal-cessna-citation-ultra-2026-08-08-5408b1f3?id=ADHUHR,inactive,inactive,2026-08-08T14:17:02+00:00,2026-08-08T23:47:01+00:00,2026-08-09T00:17:02+00:00,"Cessna Citation Ultra | William P. Hobby Airport → Dallas Love Field | $3,118",,Cessna Citation Ultra,KHOU - William P. Hobby Airport,KHOU,HOU,William P Hobby Airport,Houston,US,KDAL - Dallas Love Field,KDAL,DAL,Dallas Love Field,Dallas,US,08 August 2026,2026-08-08,12:00,12:56,57m,"$3,118",3118,USD,$,7,https://villiers.ai/empty-legs/khou-kdal-cessna-citation-ultra-2026-08-08-5408b1f3?id=ADHUHR,https://villiers.ai/empty-legs/khou-kdal-cessna-citation-ultra-2026-08-08-5408b1f3?id=ADHUHR,https://villiers.ai/empty-legs/khou-kdal-cessna-citation-ultra-2026-08-08-5408b1f3?id=ADHUHR,"Sat, 08 Aug 2026 14:08:44 GMT",2026-08-09T00:17:02+00:00
https://villiers.ai/empty-legs/khou-khum-2026-08-08?id=ADHUHR,inactive,inactive,2026-08-05T22:38:36+00:00,2026-08-08T23:47:01+00:00,2026-08-09T00:17:02+00:00,"Cessna Citation V | William P. Hobby Airport → Houma Terrebonne Airport | $3,118",,Cessna Citation V,KHOU - William P. Hobby Airport,KHOU,HOU,William P Hobby Airport,Houston,US,KHUM - Houma Terrebonne Airport,KHUM,HUM,Houma-Terrebonne Airport,Houma,US,08 August 2026,2026-08-08,12:00,13:00,1h 1m,"$3,118",3118,USD,$,7,https://villiers.ai/empty-legs/khou-khum-2026-08-08?id=ADHUHR,https://villiers.ai/empty-legs/khou-khum-2026-08-08?id=ADHUHR,https://villiers.ai/empty-legs/khou-khum-2026-08-08?id=ADHUHR,"Wed, 05 Aug 2026 15:25:58 GMT",2026-08-09T00:17:02+00:00
https://villiers.ai/empty-legs/kjac-kbzn-challenger-300-2026-08-08-50afa8b9?id=ADHUHR,inactive,inactive,2026-08-07T14:47:01+00:00,2026-08-08T23:47:01+00:00,2026-08-09T00:17:02+00:00,"Challenger 300 | Jackson Hole Airport → Bozeman Yellowstone International Airport | $8,600",,Challenger 300,KJAC - Jackson Hole Airport,KJAC,JAC,Jackson Hole Airport,Jackson,US,KBZN - Bozeman Yellowstone International Airport,KBZN,BZN,Bozeman Yellowstone International Airport,Bozeman,US,08 August 2026,2026-08-08,12:00,12:46,47m,"$8,600",8600,USD,$,10,https://villiers.ai/empty-legs/kjac-kbzn-challenger-300-2026-08-08-50afa8b9?id=ADHUHR,https://villiers.ai/empty-legs/kjac-kbzn-challenger-300-2026-08-08-50afa8b9?id=ADHUHR,https://villiers.ai/empty-legs/kjac-kbzn-challenger-300-2026-08-08-50afa8b9?id=ADHUHR,"Fri, 07 Aug 2026 14:22:56 GMT",2026-08-09T00:17:02+00:00
https://villiers.ai/empty-legs/kmco-kdts-cessna-citation-v-2026-08-08-8b99edd4?id=ADHUHR,inactive,inactive,2026-08-06T15:47:01+00:00,2026-08-08T23:47:01+00:00,2026-08-09T00:17:02+00:00,"Cessna Citation V | Orlando International Airport → Destin Executive Airport | $4,193",,Cessna Citation V,KMCO - Orlando International Airport,KMCO,MCO,Orlando International Airport,Orlando,US,KDTS - Destin Executive Airport,KDTS,DSI,Destin Executive Airport,Destin,US,08 August 2026,2026-08-08,12:00,13:07,1h 8m,"$4,193",4193,USD,$,7,https://villiers.ai/empty-legs/kmco-kdts-cessna-citation-v-2026-08-08-8b99edd4?id=ADHUHR,https://villiers.ai/empty-legs/kmco-kdts-cessna-citation-v-2026-08-08-8b99edd4?id=ADHUHR,https://villiers.ai/empty-legs/kmco-kdts-cessna-citation-v-2026-08-08-8b99edd4?id=ADHUHR,"Thu, 06 Aug 2026 15:26:13 GMT",2026-08-09T00:17:02+00:00
https://villiers.ai/empty-legs/kmvy-kack-citation-x-2026-08-08-ca85054d?id=ADHUHR,inactive,inactive,2026-08-07T14:47:01+00:00,2026-08-08T23:47:01+00:00,2026-08-09T00:17:02+00:00,"Citation X | Martha's Vineyard Airport → Nantucket Memorial Airport | $8,600",,Citation X,KMVY - Martha's Vineyard Airport,KMVY,MVY,Martha's Vineyard Airport,Vineyard Haven,US,KACK - Nantucket Memorial Airport,KACK,ACK,Nantucket Memorial Airport,Nantucket,US,08 August 2026,2026-08-08,12:00,12:33,33m,"$8,600",8600,USD,$,12,https://villiers.ai/empty-legs/kmvy-kack-citation-x-2026-08-08-ca85054d?id=ADHUHR,https://villiers.ai/empty-legs/kmvy-kack-citation-x-2026-08-08-ca85054d?id=ADHUHR,https://villiers.ai/empty-legs/kmvy-kack-citation-x-2026-08-08-ca85054d?id=ADHUHR,"Fri, 07 Aug 2026 14:23:03 GMT",2026-08-09T00:17:02+00:00
https://villiers.ai/empty-legs/kopf-kfok-challenger-300-2026-08-08-9054ba6c?id=ADHUHR,inactive,inactive,2026-08-07T14:47:01+00:00,2026-08-08T23:47:01+00:00,2026-08-09T00:17:02+00:00,"Challenger 300 | Miami-Opa Locka Executive Airport → Francis S Gabreski Airport | $8,600",,Challenger 300,KOPF - Miami-Opa Locka Executive Airport,KOPF,OPF,Miami-Opa Locka Executive Airport,Miami,US,KFOK - Francis S Gabreski Airport,KFOK,FOK,Francis S Gabreski Airport,Westhampton Beach,US,08 August 2026,2026-08-08,12:00,14:34,2h 34m,"$8,600",8600,USD,$,10,https://villiers.ai/empty-legs/kopf-kfok-challenger-300-2026-08-08-9054ba6c?id=ADHUHR,https://villiers.ai/empty-legs/kopf-kfok-challenger-300-2026-08-08-9054ba6c?id=ADHUHR,https://villiers.ai/empty-legs/kopf-kfok-challenger-300-2026-08-08-9054ba6c?id=ADHUHR,"Fri, 07 Aug 2026 14:22:55 GMT",2026-08-09T00:17:02+00:00
https://villiers.ai/empty-legs/kopf-kism-citation-x-2026-08-08-f2a805bd?id=ADHUHR,inactive,inactive,2026-08-07T14:47:01+00:00,2026-08-08T23:47:01+00:00,2026-08-09T00:17:02+00:00,"Citation X | Miami-Opa Locka Executive Airport → Kissimmee Gateway Airport | $8,600",,Citation X,KOPF - Miami-Opa Locka Executive Airport,KOPF,OPF,Miami-Opa Locka Executive Airport,Miami,US,KISM - Kissimmee Gateway Airport,KISM,ISM,Kissimmee Gateway Airport,Orlando,US,08 August 2026,2026-08-08,12:00,12:49,50m,"$8,600",8600,USD,$,12,https://villiers.ai/empty-legs/kopf-kism-citation-x-2026-08-08-f2a805bd?id=ADHUHR,https://villiers.ai/empty-legs/kopf-kism-citation-x-2026-08-08-f2a805bd?id=ADHUHR,https://villiers.ai/empty-legs/kopf-kism-citation-x-2026-08-08-f2a805bd?id=ADHUHR,"Fri, 07 Aug 2026 14:23:02 GMT",2026-08-09T00:17:02+00:00
https://villiers.ai/empty-legs/koxc-kteb-citation-x-2026-08-08-2cbc5dbb?id=ADHUHR,inactive,inactive,2026-08-07T14:47:01+00:00,2026-08-08T23:47:01+00:00,2026-08-09T00:17:02+00:00,"Citation X | Waterbury Oxford Airport → Teterboro Airport | $8,600",,Citation X,KOXC - Waterbury Oxford Airport,KOXC,OXC,Waterbury-Oxford Airport,Oxford,US,KTEB - Teterboro Airport,KTEB,TEB,Teterboro Airport,Teterboro,US,08 August 2026,2026-08-08,12:00,12:37,37m,"$8,600",8600,USD,$,12,https://villiers.ai/empty-legs/koxc-kteb-citation-x-2026-08-08-2cbc5dbb?id=ADHUHR,https://villiers.ai/empty-legs/koxc-kteb-citation-x-2026-08-08-2cbc5dbb?id=ADHUHR,https://villiers.ai/empty-legs/koxc-kteb-citation-x-2026-08-08-2cbc5dbb?id=ADHUHR,"Fri, 07 Aug 2026 14:23:03 GMT",2026-08-09T00:17:02+00:00
https://villiers.ai/empty-legs/kphl-kmjx-challenger-300-2026-08-08-249dbebf?id=ADHUHR,inactive,inactive,2026-08-07T14:47:01+00:00,2026-08-08T23:47:01+00:00,2026-08-09T00:17:02+00:00,"Challenger 300 | Philadelphia International Airport → Ocean County Airport | $8,600",,Challenger 300,KPHL - Philadelphia International Airport,KPHL,PHL,Philadelphia International Airport,Philadelphia,US,KMJX - Ocean County Airport,KMJX,MJX,Ocean County Airport,Toms River,US,08 August 2026,2026-08-08,12:00,12:35,36m,"$8,600",8600,USD,$,10,https://villiers.ai/empty-legs/kphl-kmjx-challenger-300-2026-08-08-249dbebf?id=ADHUHR,https://villiers.ai/empty-legs/kphl-kmjx-challenger-300-2026-08-08-249dbebf?id=ADHUHR,https://villiers.ai/empty-legs/kphl-kmjx-challenger-300-2026-08-08-249dbebf?id=ADHUHR,"Fri, 07 Aug 2026 14:22:57 GMT",2026-08-09T00:17:02+00:00
https://villiers.ai/empty-legs/kphl-kpwm-challenger-300-2026-08-08-006c64c3?id=ADHUHR,inactive,inactive,2026-08-07T14:47:01+00:00,2026-08-08T23:47:01+00:00,2026-08-09T00:17:02+00:00,"Challenger 300 | Philadelphia International Airport → Portland International Jetport | $8,600",,Challenger 300,KPHL - Philadelphia International Airport,KPHL,PHL,Philadelphia International Airport,Philadelphia,US,KPWM - Portland International Jetport,KPWM,PWM,Portland International Jetport Airport,Portland,US,08 August 2026,2026-08-08,12:00,13:10,1h 10m,"$8,600",8600,USD,$,10,https://villiers.ai/empty-legs/kphl-kpwm-challenger-300-2026-08-08-006c64c3?id=ADHUHR,https://villiers.ai/empty-legs/kphl-kpwm-challenger-300-2026-08-08-006c64c3?id=ADHUHR,https://villiers.ai/empty-legs/kphl-kpwm-challenger-300-2026-08-08-006c64c3?id=ADHUHR,"Fri, 07 Aug 2026 14:22:57 GMT",2026-08-09T00:17:02+00:00
https://villiers.ai/empty-legs/ksgr-khpn-citation-x-2026-08-08-61b6be9d?id=ADHUHR,inactive,inactive,2026-08-07T14:47:01+00:00,2026-08-08T23:47:01+00:00,2026-08-09T00:17:02+00:00,"Citation X | Sugar Land Regional Airport → Westchester County Airport | $15,050",,Citation X,KSGR - Sugar Land Regional Airport,KSGR,SGR,Sugar Land Regional Airport,Houston,US,KHPN - Westchester County Airport,KHPN,HPN,Westchester County Airport,White Plains,US,08 August 2026,2026-08-08,12:00,15:12,3h 12m,"$15,050",15050,USD,$,12,https://villiers.ai/empty-legs/ksgr-khpn-citation-x-2026-08-08-61b6be9d?id=ADHUHR,https://villiers.ai/empty-legs/ksgr-khpn-citation-x-2026-08-08-61b6be9d?id=ADHUHR,https://villiers.ai/empty-legs/ksgr-khpn-citation-x-2026-08-08-61b6be9d?id=ADHUHR,"Fri, 07 Aug 2026 14:23:03 GMT",2026-08-09T00:17:02+00:00
https://villiers.ai/empty-legs/kslc-khdn-citation-x-2026-08-08-07d1ddbd?id=ADHUHR,inactive,inactive,2026-08-07T14:47:01+00:00,2026-08-08T23:47:01+00:00,2026-08-09T00:17:02+00:00,"Citation X | Salt Lake City International Airport → Yampa Valley Airport | $9,675",,Citation X,KSLC - Salt Lake City International Airport,KSLC,SLC,Salt Lake City International Airport,Salt Lake City,US,KHDN - Yampa Valley Airport,KHDN,HDN,Yampa Valley Airport,Hayden,US,08 August 2026,2026-08-08,12:00,12:57,58m,"$9,675",9675,USD,$,12,https://villiers.ai/empty-legs/kslc-khdn-citation-x-2026-08-08-07d1ddbd?id=ADHUHR,https://villiers.ai/empty-legs/kslc-khdn-citation-x-2026-08-08-07d1ddbd?id=ADHUHR,https://villiers.ai/empty-legs/kslc-khdn-citation-x-2026-08-08-07d1ddbd?id=ADHUHR,"Fri, 07 Aug 2026 14:23:04 GMT",2026-08-09T00:17:02+00:00
https://villiers.ai/empty-legs/kslc-ksaa-citation-x-2026-08-08-c9fe0a91?id=ADHUHR,inactive,inactive,2026-08-07T14:47:01+00:00,2026-08-08T23:47:01+00:00,2026-08-09T00:17:02+00:00,"Citation X | Salt Lake City International Airport → Shively Field | $8,600",,Citation X,KSLC - Salt Lake City International Airport,KSLC,SLC,Salt Lake City International Airport,Salt Lake City,US,KSAA - Shively Field,KSAA,SAA,Shively Field,Saratoga,US,08 August 2026,2026-08-08,12:00,13:00,1h 0m,"$8,600",8600,USD,$,12,https://villiers.ai/empty-legs/kslc-ksaa-citation-x-2026-08-08-c9fe0a91?id=ADHUHR,https://villiers.ai/empty-legs/kslc-ksaa-citation-x-2026-08-08-c9fe0a91?id=ADHUHR,https://villiers.ai/empty-legs/kslc-ksaa-citation-x-2026-08-08-c9fe0a91?id=ADHUHR,"Fri, 07 Aug 2026 14:23:04 GMT",2026-08-09T00:17:02+00:00
https://villiers.ai/empty-legs/kteb-kfrg-challenger-300-2026-08-08-982105c0?id=ADHUHR,inactive,inactive,2026-08-07T14:47:01+00:00,2026-08-08T23:47:01+00:00,2026-08-09T00:17:02+00:00,"Challenger 300 | Teterboro Airport → Republic Airport | $8,600",,Challenger 300,KTEB - Teterboro Airport,KTEB,TEB,Teterboro Airport,Teterboro,US,KFRG - Republic Airport,KFRG,FRG,Republic Airport,Farmingdale,US,08 August 2026,2026-08-08,12:00,12:33,34m,"$8,600",8600,USD,$,10,https://villiers.ai/empty-legs/kteb-kfrg-challenger-300-2026-08-08-982105c0?id=ADHUHR,https://villiers.ai/empty-legs/kteb-kfrg-challenger-300-2026-08-08-982105c0?id=ADHUHR,https://villiers.ai/empty-legs/kteb-kfrg-challenger-300-2026-08-08-982105c0?id=ADHUHR,"Fri, 07 Aug 2026 14:22:55 GMT",2026-08-09T00:17:02+00:00
https://villiers.ai/empty-legs/kttn-kfok-citation-x-2026-08-08-e59712fa?id=ADHUHR,inactive,inactive,2026-08-07T14:47:01+00:00,2026-08-08T23:47:01+00:00,2026-08-09T00:17:02+00:00,"Citation X | Trenton Mercer Airport → Francis S Gabreski Airport | $8,600",,Citation X,KTTN - Trenton Mercer Airport,KTTN,TTN,Trenton Mercer Airport,Trenton,US,KFOK - Francis S Gabreski Airport,KFOK,FOK,Francis S Gabreski Airport,Westhampton Beach,US,08 August 2026,2026-08-08,12:00,12:43,43m,"$8,600",8600,USD,$,12,https://villiers.ai/empty-legs/kttn-kfok-citation-x-2026-08-08-e59712fa?id=ADHUHR,https://villiers.ai/empty-legs/kttn-kfok-citation-x-2026-08-08-e59712fa?id=ADHUHR,https://villiers.ai/empty-legs/kttn-kfok-citation-x-2026-08-08-e59712fa?id=ADHUHR,"Fri, 07 Aug 2026 14:23:04 GMT",2026-08-09T00:17:02+00:00
https://villiers.ai/empty-legs/kvny-kbed-citation-x-2026-08-08-1b795de7?id=ADHUHR,inactive,inactive,2026-08-07T14:47:01+00:00,2026-08-08T23:47:01+00:00,2026-08-09T00:17:02+00:00,"Citation X | Van Nuys Airport → Laurence G Hanscom Field | $23,650",,Citation X,KVNY - Van Nuys Airport,KVNY,VNY,Van Nuys Airport,Van Nuys,US,KBED - Laurence G Hanscom Field,KBED,BED,Laurence G Hanscom Field,Bedford,US,08 August 2026,2026-08-08,12:00,17:16,5h 17m,"$23,650",23650,USD,$,12,https://villiers.ai/empty-legs/kvny-kbed-citation-x-2026-08-08-1b795de7?id=ADHUHR,https://villiers.ai/empty-legs/kvny-kbed-citation-x-2026-08-08-1b795de7?id=ADHUHR,https://villiers.ai/empty-legs/kvny-kbed-citation-x-2026-08-08-1b795de7?id=ADHUHR,"Fri, 07 Aug 2026 14:23:02 GMT",2026-08-09T00:17:02+00:00
https://villiers.ai/empty-legs/sf_all-ksna-citation-x-2026-08-08-fe7b5bfc?id=ADHUHR,inactive,inactive,2026-08-07T14:47:01+00:00,2026-08-08T23:47:01+00:00,2026-08-09T00:17:02+00:00,"Citation X | All San Francisco, United States Airports → John Wayne Orange County International Airport | $8,600",,Citation X,"SF_ALL - All San Francisco, United States Airports",,,"All San Francisco, United States Airports",,,KSNA - John Wayne Orange County International Airport,KSNA,SNA,John Wayne/Orange County Airport,Santa Ana,US,08 August 2026,2026-08-08,12:00,13:12,1h 12m,"$8,600",8600,USD,$,12,https://villiers.ai/empty-legs/sf_all-ksna-citation-x-2026-08-08-fe7b5bfc?id=ADHUHR,https://villiers.ai/empty-legs/sf_all-ksna-citation-x-2026-08-08-fe7b5bfc?id=ADHUHR,https://villiers.ai/empty-legs/sf_all-ksna-citation-x-2026-08-08-fe7b5bfc?id=ADHUHR,"Fri, 07 Aug 2026 14:23:03 GMT",2026-08-09T00:17:02+00:00
https://villiers.ai/empty-legs/svan-kftw-challenger-300-2026-08-08-d5cc3b11?id=ADHUHR,inactive,inactive,2026-08-07T14:47:01+00:00,2026-08-08T23:47:01+00:00,2026-08-09T00:17:02+00:00,"Challenger 300 | Anaco Airport → Fort Worth Meacham International Airport | $9,675",,Challenger 300,SVAN - Anaco Airport,SVAN,AAO,Anaco Airport,Anaco,VE,KFTW - Fort Worth Meacham International Airport,KFTW,FTW,Fort Worth Meacham International Airport,Fort Worth,US,08 August 2026,2026-08-08,12:00,17:23,5h 23m,"$9,675",9675,USD,$,10,https://villiers.ai/empty-legs/svan-kftw-challenger-300-2026-08-08-d5cc3b11?id=ADHUHR,https://villiers.ai/empty-legs/svan-kftw-challenger-300-2026-08-08-d5cc3b11?id=ADHUHR,https://villiers.ai/empty-legs/svan-kftw-challenger-300-2026-08-08-d5cc3b11?id=ADHUHR,"Fri, 07 Aug 2026 14:22:55 GMT",2026-08-09T00:17:02+00:00
https://villiers.ai/empty-legs/cyfj-kteb-citation-x-2026-08-09-083ed5a9?id=ADHUHR,inactive,inactive,2026-08-07T14:47:01+00:00,2026-08-09T23:47:01+00:00,2026-08-10T00:17:01+00:00,"Citation X | Mont-Tremblant International Airport → Teterboro Airport | $10,750",,Citation X,CYFJ - Mont-Tremblant International Airport,CYFJ,YTM,La Macaza / Mont-Tremblant International Inc Airport,Riviere Rouge,CA,KTEB - Teterboro Airport,KTEB,TEB,Teterboro Airport,Teterboro,US,09 August 2026,2026-08-09,12:00,13:12,1h 13m,"$10,750",10750,USD,$,12,https://villiers.ai/empty-legs/cyfj-kteb-citation-x-2026-08-09-083ed5a9?id=ADHUHR,https://villiers.ai/empty-legs/cyfj-kteb-citation-x-2026-08-09-083ed5a9?id=ADHUHR,https://villiers.ai/empty-legs/cyfj-kteb-citation-x-2026-08-09-083ed5a9?id=ADHUHR,"Fri, 07 Aug 2026 14:23:06 GMT",2026-08-10T00:17:01+00:00
https://villiers.ai/empty-legs/kack-kttn-challenger-300-2026-08-09-495adb07?id=ADHUHR,inactive,inactive,2026-08-07T14:47:01+00:00,2026-08-09T23:47:01+00:00,2026-08-10T00:17:01+00:00,"Challenger 300 | Nantucket Memorial Airport → Trenton Mercer Airport | $8,600",,Challenger 300,KACK - Nantucket Memorial Airport,KACK,ACK,Nantucket Memorial Airport,Nantucket,US,KTTN - Trenton Mercer Airport,KTTN,TTN,Trenton Mercer Airport,Trenton,US,09 August 2026,2026-08-09,12:00,12:58,59m,"$8,600",8600,USD,$,10,https://villiers.ai/empty-legs/kack-kttn-challenger-300-2026-08-09-495adb07?id=ADHUHR,https://villiers.ai/empty-legs/kack-kttn-challenger-300-2026-08-09-495adb07?id=ADHUHR,https://villiers.ai/empty-legs/kack-kttn-challenger-300-2026-08-09-495adb07?id=ADHUHR,"Fri, 07 Aug 2026 14:22:57 GMT",2026-08-10T00:17:01+00:00
https://villiers.ai/empty-legs/kacv-krno-citation-x-2026-08-09-6c493f78?id=ADHUHR,inactive,inactive,2026-08-07T14:47:01+00:00,2026-08-09T23:47:01+00:00,2026-08-10T00:17:01+00:00,"Citation X | California Redwood Coast-Humboldt County Airport → Reno Tahoe International Airport | $8,600",,Citation X,KACV - California Redwood Coast-Humboldt County Airport,KACV,ACV,California Redwood Coast-Humboldt County Airport,Arcata/Eureka,US,KRNO - Reno Tahoe International Airport,KRNO,RNO,Reno/Tahoe International Airport,Reno,US,09 August 2026,2026-08-09,12:00,12:57,58m,"$8,600",8600,USD,$,12,https://villiers.ai/empty-legs/kacv-krno-citation-x-2026-08-09-6c493f78?id=ADHUHR,https://villiers.ai/empty-legs/kacv-krno-citation-x-2026-08-09-6c493f78?id=ADHUHR,https://villiers.ai/empty-legs/kacv-krno-citation-x-2026-08-09-6c493f78?id=ADHUHR,"Fri, 07 Aug 2026 14:23:04 GMT",2026-08-10T00:17:01+00:00
https://villiers.ai/empty-legs/kapf-mroc-citation-x-2026-08-09-d5bd2877?id=ADHUHR,inactive,inactive,2026-08-07T14:47:01+00:00,2026-08-09T23:47:01+00:00,2026-08-10T00:17:01+00:00,"Citation X | Naples Municipal Airport → Juan Santamaría International Airport | $16,125",,Citation X,KAPF - Naples Municipal Airport,KAPF,APF,Naples Municipal Airport,Naples,US,MROC - Juan Santamaría International Airport,MROC,SJO,Juan Santamaria International Airport,San Jose,CR,09 August 2026,2026-08-09,12:00,14:35,2h 35m,"$16,125",16125,USD,$,12,https://villiers.ai/empty-legs/kapf-mroc-citation-x-2026-08-09-d5bd2877?id=ADHUHR,https://villiers.ai/empty-legs/kapf-mroc-citation-x-2026-08-09-d5bd2877?id=ADHUHR,https://villiers.ai/empty-legs/kapf-mroc-citation-x-2026-08-09-d5bd2877?id=ADHUHR,"Fri, 07 Aug 2026 14:23:04 GMT",2026-08-10T00:17:01+00:00
https://villiers.ai/empty-legs/kase-ksdl-2026-08-09?id=ADHUHR,inactive,inactive,2026-08-05T22:38:36+00:00,2026-08-09T23:47:01+00:00,2026-08-10T00:17:01+00:00,"Gulfstream G200 | Aspen-Pitkin County Airport (Sardy Field) → Scottsdale Airport | $12,846",,Gulfstream G200,KASE - Aspen-Pitkin County Airport (Sardy Field),KASE,ASE,Aspen-Pitkin County/Sardy Field,Aspen,US,KSDL - Scottsdale Airport,KSDL,SCF,Scottsdale Airport,Scottsdale,US,09 August 2026,2026-08-09,12:00,13:22,1h 23m,"$12,846",12846,USD,$,10,https://villiers.ai/empty-legs/kase-ksdl-2026-08-09?id=ADHUHR,https://villiers.ai/empty-legs/kase-ksdl-2026-08-09?id=ADHUHR,https://villiers.ai/empty-legs/kase-ksdl-2026-08-09?id=ADHUHR,"Wed, 29 Jul 2026 01:11:08 GMT",2026-08-10T00:17:01+00:00
https://villiers.ai/empty-legs/kasx-kmdw-bombardier-challenger-300-2026-08-09-e79bd4e0?id=ADHUHR,inactive,inactive,2026-08-09T16:47:01+00:00,2026-08-09T23:47:01+00:00,2026-08-10T00:17:01+00:00,"Bombardier Challenger 300 | John F Kennedy Memorial Airport → Chicago Midway International Airport | $7,095",,Bombardier Challenger 300,KASX - John F Kennedy Memorial Airport,KASX,ASX,John F Kennedy Memorial Airport,Ashland,US,KMDW - Chicago Midway International Airport,KMDW,MDW,Chicago Midway International Airport,Chicago,US,09 August 2026,2026-08-09,12:00,13:10,1h 10m,"$7,095",7095,USD,$,9,https://villiers.ai/empty-legs/kasx-kmdw-bombardier-challenger-300-2026-08-09-e79bd4e0?id=ADHUHR,https://villiers.ai/empty-legs/kasx-kmdw-bombardier-challenger-300-2026-08-09-e79bd4e0?id=ADHUHR,https://villiers.ai/empty-legs/kasx-kmdw-bombardier-challenger-300-2026-08-09-e79bd4e0?id=ADHUHR,"Sun, 09 Aug 2026 16:29:20 GMT",2026-08-10T00:17:01+00:00
https://villiers.ai/empty-legs/kaus-kdal-challenger-300-2026-08-09-78693a0c?id=ADHUHR,inactive,inactive,2026-08-07T14:47:01+00:00,2026-08-09T23:47:01+00:00,2026-08-10T00:17:01+00:00,"Challenger 300 | Austin Bergstrom International Airport → Dallas Love Field | $8,600",,Challenger 300,KAUS - Austin Bergstrom International Airport,KAUS,AUS,Austin-Bergstrom International Airport,Austin,US,KDAL - Dallas Love Field,KDAL,DAL,Dallas Love Field,Dallas,US,09 August 2026,2026-08-09,12:00,12:50,51m,"$8,600",8600,USD,$,10,https://villiers.ai/empty-legs/kaus-kdal-challenger-300-2026-08-09-78693a0c?id=ADHUHR,https://villiers.ai/empty-legs/kaus-kdal-challenger-300-2026-08-09-78693a0c?id=ADHUHR,https://villiers.ai/empty-legs/kaus-kdal-challenger-300-2026-08-09-78693a0c?id=ADHUHR,"Fri, 07 Aug 2026 14:22:57 GMT",2026-08-10T00:17:01+00:00
https://villiers.ai/empty-legs/kcos-ksaa-citation-x-2026-08-09-15f6a01a?id=ADHUHR,inactive,inactive,2026-08-07T14:47:01+00:00,2026-08-09T23:47:01+00:00,2026-08-10T00:17:01+00:00,"Citation X | City of Colorado Springs Municipal Airport → Shively Field | $9,675",,Citation X,KCOS - City of Colorado Springs Municipal Airport,KCOS,COS,City Of Colorado Springs Municipal Airport,Colorado Springs,US,KSAA - Shively Field,KSAA,SAA,Shively Field,Saratoga,US,09 August 2026,2026-08-09,12:00,12:53,54m,"$9,675",9675,USD,$,12,https://villiers.ai/empty-legs/kcos-ksaa-citation-x-2026-08-09-15f6a01a?id=ADHUHR,https://villiers.ai/empty-legs/kcos-ksaa-citation-x-2026-08-09-15f6a01a?id=ADHUHR,https://villiers.ai/empty-legs/kcos-ksaa-citation-x-2026-08-09-15f6a01a?id=ADHUHR,"Fri, 07 Aug 2026 14:23:04 GMT",2026-08-10T00:17:01+00:00
https://villiers.ai/empty-legs/kcpr-khou-cessna-citation-ultra-2026-08-09-7d418262?id=ADHUHR,inactive,inactive,2026-08-07T14:47:01+00:00,2026-08-09T23:47:01+00:00,2026-08-10T00:17:01+00:00,"Cessna Citation Ultra | Casper-Natrona County International Airport → William P. Hobby Airport | $9,353",,Cessna Citation Ultra,KCPR - Casper-Natrona County International Airport,KCPR,CPR,Casper/Natrona County International Airport,Casper,US,KHOU - William P. Hobby Airport,KHOU,HOU,William P Hobby Airport,Houston,US,09 August 2026,2026-08-09,12:00,14:32,2h 33m,"$9,353",9353,USD,$,7,https://villiers.ai/empty-legs/kcpr-khou-cessna-citation-ultra-2026-08-09-7d418262?id=ADHUHR,https://villiers.ai/empty-legs/kcpr-khou-cessna-citation-ultra-2026-08-09-7d418262?id=ADHUHR,https://villiers.ai/empty-legs/kcpr-khou-cessna-citation-ultra-2026-08-09-7d418262?id=ADHUHR,"Fri, 07 Aug 2026 14:24:20 GMT",2026-08-10T00:17:01+00:00
https://villiers.ai/empty-legs/kcrq-ktrk-2026-08-09?id=ADHUHR,inactive,inactive,2026-08-05T22:38:36+00:00,2026-08-09T23:47:01+00:00,2026-08-10T00:17:01+00:00,"Hawker 900XP | McClellan-Palomar Airport → Truckee Tahoe Airport | $10,750",,Hawker 900XP,KCRQ - McClellan-Palomar Airport,KCRQ,CLD,Mc Clellan-Palomar Airport,Carlsbad,US,KTRK - Truckee Tahoe Airport,KTRK,TKF,Truckee-Tahoe Airport,Truckee,US,09 August 2026,2026-08-09,12:00,13:20,1h 21m,"$10,750",10750,USD,$,9,https://villiers.ai/empty-legs/kcrq-ktrk-2026-08-09?id=ADHUHR,https://villiers.ai/empty-legs/kcrq-ktrk-2026-08-09?id=ADHUHR,https://villiers.ai/empty-legs/kcrq-ktrk-2026-08-09?id=ADHUHR,"Wed, 29 Jul 2026 01:11:08 GMT",2026-08-10T00:17:01+00:00
https://villiers.ai/empty-legs/kdal-koqu-citation-x-2026-08-09-50e2ffcd?id=ADHUHR,inactive,inactive,2026-08-07T14:47:01+00:00,2026-08-09T23:47:01+00:00,2026-08-10T00:17:01+00:00,"Citation X | Dallas Love Field → Quonset State Airport | $15,050",,Citation X,KDAL - Dallas Love Field,KDAL,DAL,Dallas Love Field,Dallas,US,KOQU - Quonset State Airport,KOQU,NCO,Quonset State Airport,North Kingstown,US,09 August 2026,2026-08-09,12:00,15:18,3h 18m,"$15,050",15050,USD,$,12,https://villiers.ai/empty-legs/kdal-koqu-citation-x-2026-08-09-50e2ffcd?id=ADHUHR,https://villiers.ai/empty-legs/kdal-koqu-citation-x-2026-08-09-50e2ffcd?id=ADHUHR,https://villiers.ai/empty-legs/kdal-koqu-citation-x-2026-08-09-50e2ffcd?id=ADHUHR,"Fri, 07 Aug 2026 14:23:05 GMT",2026-08-10T00:17:01+00:00
https://villiers.ai/empty-legs/kdcu-kbbg-cessna-citation-v-2026-08-09-d98922fe?id=ADHUHR,inactive,inactive,2026-08-06T15:47:01+00:00,2026-08-09T23:47:01+00:00,2026-08-10T00:17:01+00:00,"Cessna Citation V | Pryor Field Regional Airport → Branson Airport | $4,838",,Cessna Citation V,KDCU - Pryor Field Regional Airport,KDCU,DCU,Pryor Field Regional Airport,Decatur,US,KBBG - Branson Airport,KBBG,BKG,Branson Airport,Branson,US,09 August 2026,2026-08-09,12:00,13:11,1h 12m,"$4,838",4838,USD,$,7,https://villiers.ai/empty-legs/kdcu-kbbg-cessna-citation-v-2026-08-09-d98922fe?id=ADHUHR,https://villiers.ai/empty-legs/kdcu-kbbg-cessna-citation-v-2026-08-09-d98922fe?id=ADHUHR,https://villiers.ai/empty-legs/kdcu-kbbg-cessna-citation-v-2026-08-09-d98922fe?id=ADHUHR,"Thu, 06 Aug 2026 15:26:13 GMT",2026-08-10T00:17:01+00:00
https://villiers.ai/empty-legs/kdpa-kfok-challenger-300-2026-08-09-5e4cac8b?id=ADHUHR,inactive,inactive,2026-08-07T14:47:01+00:00,2026-08-09T23:47:01+00:00,2026-08-10T00:17:01+00:00,"Challenger 300 | Dupage Airport → Francis S Gabreski Airport | $12,900",,Challenger 300,KDPA - Dupage Airport,KDPA,DPA,Dupage Airport,Chicago/West Chicago,US,KFOK - Francis S Gabreski Airport,KFOK,FOK,Francis S Gabreski Airport,Westhampton Beach,US,09 August 2026,2026-08-09,12:00,14:00,2h 0m,"$12,900",12900,USD,$,10,https://villiers.ai/empty-legs/kdpa-kfok-challenger-300-2026-08-09-5e4cac8b?id=ADHUHR,https://villiers.ai/empty-legs/kdpa-kfok-challenger-300-2026-08-09-5e4cac8b?id=ADHUHR,https://villiers.ai/empty-legs/kdpa-kfok-challenger-300-2026-08-09-5e4cac8b?id=ADHUHR,"Fri, 07 Aug 2026 14:22:58 GMT",2026-08-10T00:17:01+00:00
https://villiers.ai/empty-legs/kege-kbfi-challenger-300-2026-08-09-80d818bc?id=ADHUHR,inactive,inactive,2026-08-07T14:47:01+00:00,2026-08-09T23:47:01+00:00,2026-08-10T00:17:01+00:00,"Challenger 300 | Eagle County Regional Airport → Boeing Field King County International Airport | $15,050",,Challenger 300,KEGE - Eagle County Regional Airport,KEGE,EGE,Eagle County Regional Airport,Eagle,US,KBFI - Boeing Field King County International Airport,KBFI,BFI,Boeing Field/King County International Airport,Seattle,US,09 August 2026,2026-08-09,12:00,14:14,2h 14m,"$15,050",15050,USD,$,10,https://villiers.ai/empty-legs/kege-kbfi-challenger-300-2026-08-09-80d818bc?id=ADHUHR,https://villiers.ai/empty-legs/kege-kbfi-challenger-300-2026-08-09-80d818bc?id=ADHUHR,https://villiers.ai/empty-legs/kege-kbfi-challenger-300-2026-08-09-80d818bc?id=ADHUHR,"Fri, 07 Aug 2026 14:22:58 GMT",2026-08-10T00:17:01+00:00
https://villiers.ai/empty-legs/kfok-khpn-challenger-300-2026-08-09-4ab0ac92?id=ADHUHR,inactive,inactive,2026-08-07T14:47:01+00:00,2026-08-09T23:47:01+00:00,2026-08-10T00:17:01+00:00,"Challenger 300 | Francis S Gabreski Airport → Westchester County Airport | $8,600",,Challenger 300,KFOK - Francis S Gabreski Airport,KFOK,FOK,Francis S Gabreski Airport,Westhampton Beach,US,KHPN - Westchester County Airport,KHPN,HPN,Westchester County Airport,White Plains,US,09 August 2026,2026-08-09,12:00,12:36,36m,"$8,600",8600,USD,$,10,https://villiers.ai/empty-legs/kfok-khpn-challenger-300-2026-08-09-4ab0ac92?id=ADHUHR,https://villiers.ai/empty-legs/kfok-khpn-challenger-300-2026-08-09-4ab0ac92?id=ADHUHR,https://villiers.ai/empty-legs/kfok-khpn-challenger-300-2026-08-09-4ab0ac92?id=ADHUHR,"Fri, 07 Aug 2026 14:22:58 GMT",2026-08-10T00:17:01+00:00
https://villiers.ai/empty-legs/khou-kbbg-2026-08-09?id=ADHUHR,inactive,inactive,2026-08-05T22:38:36+00:00,2026-08-09T23:47:01+00:00,2026-08-10T00:17:01+00:00,"Cessna Citation Ultra | William P. Hobby Airport → Branson Airport | $4,515",,Cessna Citation Ultra,KHOU - William P. Hobby Airport,KHOU,HOU,William P Hobby Airport,Houston,US,KBBG - Branson Airport,KBBG,BKG,Branson Airport,Branson,US,09 August 2026,2026-08-09,12:00,13:24,1h 24m,"$4,515",4515,USD,$,7,https://villiers.ai/empty-legs/khou-kbbg-2026-08-09?id=ADHUHR,https://villiers.ai/empty-legs/khou-kbbg-2026-08-09?id=ADHUHR,https://villiers.ai/empty-legs/khou-kbbg-2026-08-09?id=ADHUHR,"Sat, 01 Aug 2026 14:40:08 GMT",2026-08-10T00:17:01+00:00
https://villiers.ai/empty-legs/khou-kdal-cessna-citation-ultra-2026-08-09-e79914b7?id=ADHUHR,inactive,inactive,2026-08-07T14:47:01+00:00,2026-08-09T23:47:01+00:00,2026-08-10T00:17:01+00:00,"Cessna Citation Ultra | William P. Hobby Airport → Dallas Love Field | $3,118",,Cessna Citation Ultra,KHOU - William P. Hobby Airport,KHOU,HOU,William P Hobby Airport,Houston,US,KDAL - Dallas Love Field,KDAL,DAL,Dallas Love Field,Dallas,US,09 August 2026,2026-08-09,12:00,12:56,57m,"$3,118",3118,USD,$,7,https://villiers.ai/empty-legs/khou-kdal-cessna-citation-ultra-2026-08-09-e79914b7?id=ADHUHR,https://villiers.ai/empty-legs/khou-kdal-cessna-citation-ultra-2026-08-09-e79914b7?id=ADHUHR,https://villiers.ai/empty-legs/khou-kdal-cessna-citation-ultra-2026-08-09-e79914b7?id=ADHUHR,"Fri, 07 Aug 2026 14:24:20 GMT",2026-08-10T00:17:01+00:00
https://villiers.ai/empty-legs/kjac-kcrq-2026-08-09?id=ADHUHR,inactive,inactive,2026-08-05T22:38:36+00:00,2026-08-09T23:47:01+00:00,2026-08-10T00:17:01+00:00,"Cessna Citation CJ3 | Jackson Hole Airport → McClellan-Palomar Airport | $11,771",,Cessna Citation CJ3,KJAC - Jackson Hole Airport,KJAC,JAC,Jackson Hole Airport,Jackson,US,KCRQ - McClellan-Palomar Airport,KCRQ,CLD,Mc Clellan-Palomar Airport,Carlsbad,US,09 August 2026,2026-08-09,12:00,13:59,1h 59m,"$11,771",11771,USD,$,8,https://villiers.ai/empty-legs/kjac-kcrq-2026-08-09?id=ADHUHR,https://villiers.ai/empty-legs/kjac-kcrq-2026-08-09?id=ADHUHR,https://villiers.ai/empty-legs/kjac-kcrq-2026-08-09?id=ADHUHR,"Tue, 04 Aug 2026 18:21:34 GMT",2026-08-10T00:17:01+00:00
https://villiers.ai/empty-legs/kluk-kpln-citation-x-2026-08-09-812302b4?id=ADHUHR,inactive,inactive,2026-08-07T14:47:01+00:00,2026-08-09T23:47:01+00:00,2026-08-10T00:17:01+00:00,"Citation X | Cincinnati Municipal Airport Lunken Field → Pellston Regional Airport of Emmet County Airport | $8,600",,Citation X,KLUK - Cincinnati Municipal Airport Lunken Field,KLUK,LUK,Cincinnati Municipal/Lunken Field,Cincinnati,US,KPLN - Pellston Regional Airport of Emmet County Airport,KPLN,PLN,Pellston Regional/Emmet County Airport,Pellston,US,09 August 2026,2026-08-09,12:00,13:19,1h 20m,"$8,600",8600,USD,$,12,https://villiers.ai/empty-legs/kluk-kpln-citation-x-2026-08-09-812302b4?id=ADHUHR,https://villiers.ai/empty-legs/kluk-kpln-citation-x-2026-08-09-812302b4?id=ADHUHR,https://villiers.ai/empty-legs/kluk-kpln-citation-x-2026-08-09-812302b4?id=ADHUHR,"Fri, 07 Aug 2026 14:23:05 GMT",2026-08-10T00:17:01+00:00
https://villiers.ai/empty-legs/kmco-kbbg-2026-08-09?id=ADHUHR,inactive,inactive,2026-08-05T22:38:36+00:00,2026-08-09T23:47:01+00:00,2026-08-10T00:17:01+00:00,"Cessna Citation V | Orlando International Airport → Branson Airport | $9,030",,Cessna Citation V,KMCO - Orlando International Airport,KMCO,MCO,Orlando International Airport,Orlando,US,KBBG - Branson Airport,KBBG,BKG,Branson Airport,Branson,US,09 August 2026,2026-08-09,12:00,14:08,2h 9m,"$9,030",9030,USD,$,7,https://villiers.ai/empty-legs/kmco-kbbg-2026-08-09?id=ADHUHR,https://villiers.ai/empty-legs/kmco-kbbg-2026-08-09?id=ADHUHR,https://villiers.ai/empty-legs/kmco-kbbg-2026-08-09?id=ADHUHR,"Wed, 05 Aug 2026 15:25:58 GMT",2026-08-10T00:17:01+00:00
https://villiers.ai/empty-legs/kmdd-kaus-citation-x-2026-08-09-2025da5f?id=ADHUHR,inactive,inactive,2026-08-07T14:47:01+00:00,2026-08-09T23:47:01+00:00,2026-08-10T00:17:01+00:00,"Citation X | Midland Airpark → Austin Bergstrom International Airport | $8,600",,Citation X,KMDD - Midland Airpark,KMDD,MDD,Midland Airpark,Midland,US,KAUS - Austin Bergstrom International Airport,KAUS,AUS,Austin-Bergstrom International Airport,Austin,US,09 August 2026,2026-08-09,12:00,13:02,1h 2m,"$8,600",8600,USD,$,12,https://villiers.ai/empty-legs/kmdd-kaus-citation-x-2026-08-09-2025da5f?id=ADHUHR,https://villiers.ai/empty-legs/kmdd-kaus-citation-x-2026-08-09-2025da5f?id=ADHUHR,https://villiers.ai/empty-legs/kmdd-kaus-citation-x-2026-08-09-2025da5f?id=ADHUHR,"Fri, 07 Aug 2026 14:23:05 GMT",2026-08-10T00:17:01+00:00
https://villiers.ai/empty-legs/kmdw-kege-cessna-citation-ultra-2026-08-09-c1a0690e?id=ADHUHR,inactive,inactive,2026-08-08T14:17:02+00:00,2026-08-09T23:47:01+00:00,2026-08-10T00:17:01+00:00,"Cessna Citation Ultra | Chicago Midway International Airport → Eagle County Regional Airport | $11,073",,Cessna Citation Ultra,KMDW - Chicago Midway International Airport,KMDW,MDW,Chicago Midway International Airport,Chicago,US,KEGE - Eagle County Regional Airport,KEGE,EGE,Eagle County Regional Airport,Eagle,US,09 August 2026,2026-08-09,12:00,14:22,2h 22m,"$11,073",11073,USD,$,7,https://villiers.ai/empty-legs/kmdw-kege-cessna-citation-ultra-2026-08-09-c1a0690e?id=ADHUHR,https://villiers.ai/empty-legs/kmdw-kege-cessna-citation-ultra-2026-08-09-c1a0690e?id=ADHUHR,https://villiers.ai/empty-legs/kmdw-kege-cessna-citation-ultra-2026-08-09-c1a0690e?id=ADHUHR,"Sat, 08 Aug 2026 14:08:44 GMT",2026-08-10T00:17:01+00:00
https://villiers.ai/empty-legs/kopf-kapf-challenger-300-2026-08-09-0a2a1b57?id=ADHUHR,inactive,inactive,2026-08-07T14:47:01+00:00,2026-08-09T23:47:01+00:00,2026-08-10T00:17:01+00:00,"Challenger 300 | Miami-Opa Locka Executive Airport → Naples Municipal Airport | $8,600",,Challenger 300,KOPF - Miami-Opa Locka Executive Airport,KOPF,OPF,Miami-Opa Locka Executive Airport,Miami,US,KAPF - Naples Municipal Airport,KAPF,APF,Naples Municipal Airport,Naples,US,09 August 2026,2026-08-09,12:00,12:40,40m,"$8,600",8600,USD,$,10,https://villiers.ai/empty-legs/kopf-kapf-challenger-300-2026-08-09-0a2a1b57?id=ADHUHR,https://villiers.ai/empty-legs/kopf-kapf-challenger-300-2026-08-09-0a2a1b57?id=ADHUHR,https://villiers.ai/empty-legs/kopf-kapf-challenger-300-2026-08-09-0a2a1b57?id=ADHUHR,"Fri, 07 Aug 2026 14:22:57 GMT",2026-08-10T00:17:01+00:00
https://villiers.ai/empty-legs/kptk-kpsm-citation-x-2026-08-09-6abba3bb?id=ADHUHR,inactive,inactive,2026-08-07T14:47:01+00:00,2026-08-09T23:47:01+00:00,2026-08-10T00:17:01+00:00,"Citation X | Oakland County International Airport → Portsmouth International at Pease Airport | $10,750",,Citation X,KPTK - Oakland County International Airport,KPTK,PTK,Oakland County International Airport,Pontiac,US,KPSM - Portsmouth International at Pease Airport,KPSM,PSM,Portsmouth International At Pease Airport,Portsmouth,US,09 August 2026,2026-08-09,12:00,13:40,1h 41m,"$10,750",10750,USD,$,12,https://villiers.ai/empty-legs/kptk-kpsm-citation-x-2026-08-09-6abba3bb?id=ADHUHR,https://villiers.ai/empty-legs/kptk-kpsm-citation-x-2026-08-09-6abba3bb?id=ADHUHR,https://villiers.ai/empty-legs/kptk-kpsm-citation-x-2026-08-09-6abba3bb?id=ADHUHR,"Fri, 07 Aug 2026 14:23:05 GMT",2026-08-10T00:17:01+00:00
https://villiers.ai/empty-legs/kpvd-kfok-citation-x-2026-08-09-ebdf18e9?id=ADHUHR,inactive,inactive,2026-08-07T14:47:01+00:00,2026-08-09T23:47:01+00:00,2026-08-10T00:17:01+00:00,"Citation X | Theodore Francis Green State Airport → Francis S Gabreski Airport | $8,600",,Citation X,KPVD - Theodore Francis Green State Airport,KPVD,PVD,Rhode Island Tf Green International Airport,Providence,US,KFOK - Francis S Gabreski Airport,KFOK,FOK,Francis S Gabreski Airport,Westhampton Beach,US,09 August 2026,2026-08-09,12:00,12:39,40m,"$8,600",8600,USD,$,12,https://villiers.ai/empty-legs/kpvd-kfok-citation-x-2026-08-09-ebdf18e9?id=ADHUHR,https://villiers.ai/empty-legs/kpvd-kfok-citation-x-2026-08-09-ebdf18e9?id=ADHUHR,https://villiers.ai/empty-legs/kpvd-kfok-citation-x-2026-08-09-ebdf18e9?id=ADHUHR,"Fri, 07 Aug 2026 14:23:05 GMT",2026-08-10T00:17:01+00:00
https://villiers.ai/empty-legs/krst-ksus-citation-x-2026-08-09-5e7a58e3?id=ADHUHR,inactive,inactive,2026-08-07T14:47:01+00:00,2026-08-09T23:47:01+00:00,2026-08-10T00:17:01+00:00,"Citation X | Rochester International Airport → Spirit of St Louis Airport | $8,600",,Citation X,KRST - Rochester International Airport,KRST,RST,Rochester International Airport,Rochester,US,KSUS - Spirit of St Louis Airport,KSUS,SUS,Spirit Of St Louis Airport,St Louis,US,09 August 2026,2026-08-09,12:00,13:11,1h 12m,"$8,600",8600,USD,$,12,https://villiers.ai/empty-legs/krst-ksus-citation-x-2026-08-09-5e7a58e3?id=ADHUHR,https://villiers.ai/empty-legs/krst-ksus-citation-x-2026-08-09-5e7a58e3?id=ADHUHR,https://villiers.ai/empty-legs/krst-ksus-citation-x-2026-08-09-5e7a58e3?id=ADHUHR,"Fri, 07 Aug 2026 14:23:05 GMT",2026-08-10T00:17:01+00:00
https://villiers.ai/empty-legs/ksba-krdm-challenger-300-2026-08-09-e8aa4a58?id=ADHUHR,inactive,inactive,2026-08-07T14:47:01+00:00,2026-08-09T23:47:01+00:00,2026-08-10T00:17:01+00:00,"Challenger 300 | Santa Barbara Municipal Airport → Roberts Field | $10,750",,Challenger 300,KSBA - Santa Barbara Municipal Airport,KSBA,SBA,Santa Barbara Municipal Airport,Santa Barbara,US,KRDM - Roberts Field,KRDM,RDM,Roberts Field/Redmond Municipal Airport,Redmond,US,09 August 2026,2026-08-09,12:00,13:45,1h 46m,"$10,750",10750,USD,$,10,https://villiers.ai/empty-legs/ksba-krdm-challenger-300-2026-08-09-e8aa4a58?id=ADHUHR,https://villiers.ai/empty-legs/ksba-krdm-challenger-300-2026-08-09-e8aa4a58?id=ADHUHR,https://villiers.ai/empty-legs/ksba-krdm-challenger-300-2026-08-09-e8aa4a58?id=ADHUHR,"Fri, 07 Aug 2026 14:22:58 GMT",2026-08-10T00:17:01+00:00
https://villiers.ai/empty-legs/ksdf-kbbg-cessna-citation-ultra-2026-08-09-f3e19742?id=ADHUHR,inactive,inactive,2026-08-08T14:17:02+00:00,2026-08-09T23:47:01+00:00,2026-08-10T00:17:01+00:00,"Cessna Citation Ultra | Louisville Muhammad Ali International Airport → Branson Airport | $5,160",,Cessna Citation Ultra,KSDF - Louisville Muhammad Ali International Airport,KSDF,SDF,Louisville Muhammad Ali International Airport,Louisville,US,KBBG - Branson Airport,KBBG,BKG,Branson Airport,Branson,US,09 August 2026,2026-08-09,12:00,13:17,1h 17m,"$5,160",5160,USD,$,7,https://villiers.ai/empty-legs/ksdf-kbbg-cessna-citation-ultra-2026-08-09-f3e19742?id=ADHUHR,https://villiers.ai/empty-legs/ksdf-kbbg-cessna-citation-ultra-2026-08-09-f3e19742?id=ADHUHR,https://villiers.ai/empty-legs/ksdf-kbbg-cessna-citation-ultra-2026-08-09-f3e19742?id=ADHUHR,"Sat, 08 Aug 2026 14:08:44 GMT",2026-08-10T00:17:01+00:00
https://villiers.ai/empty-legs/ksgr-ksww-cessna-citation-ultra-2026-08-09-47071a6e?id=ADHUHR,inactive,inactive,2026-08-08T14:17:02+00:00,2026-08-09T23:47:01+00:00,2026-08-10T00:17:01+00:00,"Cessna Citation Ultra | Sugar Land Regional Airport → Avenger Field | $4,193",,Cessna Citation Ultra,KSGR - Sugar Land Regional Airport,KSGR,SGR,Sugar Land Regional Airport,Houston,US,KSWW - Avenger Field,KSWW,SWW,Avenger Field,Sweetwater,US,09 August 2026,2026-08-09,12:00,13:08,1h 8m,"$4,193",4193,USD,$,7,https://villiers.ai/empty-legs/ksgr-ksww-cessna-citation-ultra-2026-08-09-47071a6e?id=ADHUHR,https://villiers.ai/empty-legs/ksgr-ksww-cessna-citation-ultra-2026-08-09-47071a6e?id=ADHUHR,https://villiers.ai/empty-legs/ksgr-ksww-cessna-citation-ultra-2026-08-09-47071a6e?id=ADHUHR,"Sat, 08 Aug 2026 14:08:44 GMT",2026-08-10T00:17:01+00:00
https://villiers.ai/empty-legs/ksna-koxr-citation-x-2026-08-09-4cfa9f4c?id=ADHUHR,inactive,inactive,2026-08-07T14:47:01+00:00,2026-08-09T23:47:01+00:00,2026-08-10T00:17:01+00:00,"Citation X | John Wayne Orange County International Airport → Oxnard Airport | $8,600",,Citation X,KSNA - John Wayne Orange County International Airport,KSNA,SNA,John Wayne/Orange County Airport,Santa Ana,US,KOXR - Oxnard Airport,KOXR,OXR,Oxnard Airport,Oxnard,US,09 August 2026,2026-08-09,12:00,12:39,39m,"$8,600",8600,USD,$,12,https://villiers.ai/empty-legs/ksna-koxr-citation-x-2026-08-09-4cfa9f4c?id=ADHUHR,https://villiers.ai/empty-legs/ksna-koxr-citation-x-2026-08-09-4cfa9f4c?id=ADHUHR,https://villiers.ai/empty-legs/ksna-koxr-citation-x-2026-08-09-4cfa9f4c?id=ADHUHR,"Fri, 07 Aug 2026 14:23:06 GMT",2026-08-10T00:17:01+00:00
https://villiers.ai/empty-legs/ksww-kdal-cessna-citation-ultra-2026-08-09-acc8accf?id=ADHUHR,inactive,inactive,2026-08-08T14:17:02+00:00,2026-08-09T23:47:01+00:00,2026-08-10T00:17:01+00:00,"Cessna Citation Ultra | Avenger Field → Dallas Love Field | $2,473",,Cessna Citation Ultra,KSWW - Avenger Field,KSWW,SWW,Avenger Field,Sweetwater,US,KDAL - Dallas Love Field,KDAL,DAL,Dallas Love Field,Dallas,US,09 August 2026,2026-08-09,12:00,12:53,54m,"$2,473",2473,USD,$,7,https://villiers.ai/empty-legs/ksww-kdal-cessna-citation-ultra-2026-08-09-acc8accf?id=ADHUHR,https://villiers.ai/empty-legs/ksww-kdal-cessna-citation-ultra-2026-08-09-acc8accf?id=ADHUHR,https://villiers.ai/empty-legs/ksww-kdal-cessna-citation-ultra-2026-08-09-acc8accf?id=ADHUHR,"Sat, 08 Aug 2026 14:08:44 GMT",2026-08-10T00:17:01+00:00
https://villiers.ai/empty-legs/kwwd-kphl-citation-x-2026-08-09-733227d4?id=ADHUHR,inactive,inactive,2026-08-07T14:47:01+00:00,2026-08-09T23:47:01+00:00,2026-08-10T00:17:01+00:00,"Citation X | Cape May County Airport → Philadelphia International Airport | $8,600",,Citation X,KWWD - Cape May County Airport,KWWD,WWD,Cape May County Airport,Wildwood,US,KPHL - Philadelphia International Airport,KPHL,PHL,Philadelphia International Airport,Philadelphia,US,09 August 2026,2026-08-09,12:00,12:36,37m,"$8,600",8600,USD,$,12,https://villiers.ai/empty-legs/kwwd-kphl-citation-x-2026-08-09-733227d4?id=ADHUHR,https://villiers.ai/empty-legs/kwwd-kphl-citation-x-2026-08-09-733227d4?id=ADHUHR,https://villiers.ai/empty-legs/kwwd-kphl-citation-x-2026-08-09-733227d4?id=ADHUHR,"Fri, 07 Aug 2026 14:23:06 GMT",2026-08-10T00:17:01+00:00
https://villiers.ai/empty-legs/myeh-kapf-citation-x-2026-08-09-5af13fda?id=ADHUHR,inactive,inactive,2026-08-07T14:47:01+00:00,2026-08-09T23:47:01+00:00,2026-08-10T00:17:01+00:00,"Citation X | North Eleuthera Airport → Naples Municipal Airport | $8,600",,Citation X,MYEH - North Eleuthera Airport,MYEH,ELH,North Eleuthera Airport,North Eleuthera,BS,KAPF - Naples Municipal Airport,KAPF,APF,Naples Municipal Airport,Naples,US,09 August 2026,2026-08-09,12:00,13:05,1h 6m,"$8,600",8600,USD,$,12,https://villiers.ai/empty-legs/myeh-kapf-citation-x-2026-08-09-5af13fda?id=ADHUHR,https://villiers.ai/empty-legs/myeh-kapf-citation-x-2026-08-09-5af13fda?id=ADHUHR,https://villiers.ai/empty-legs/myeh-kapf-citation-x-2026-08-09-5af13fda?id=ADHUHR,"Fri, 07 Aug 2026 14:23:05 GMT",2026-08-10T00:17:01+00:00
https://villiers.ai/empty-legs/kads-khou-cessna-citation-ultra-2026-08-10-e9c45dd2?id=ADHUHR,inactive,inactive,2026-08-09T16:47:01+00:00,2026-08-10T23:47:01+00:00,2026-08-11T00:17:01+00:00,"Cessna Citation Ultra | Addison Airport → William P. Hobby Airport | $2,795",,Cessna Citation Ultra,KADS - Addison Airport,KADS,ADS,Addison Airport,Dallas,US,KHOU - William P. Hobby Airport,KHOU,HOU,William P Hobby Airport,Houston,US,10 August 2026,2026-08-10,12:00,12:57,57m,"$2,795",2795,USD,$,7,https://villiers.ai/empty-legs/kads-khou-cessna-citation-ultra-2026-08-10-e9c45dd2?id=ADHUHR,https://villiers.ai/empty-legs/kads-khou-cessna-citation-ultra-2026-08-10-e9c45dd2?id=ADHUHR,https://villiers.ai/empty-legs/kads-khou-cessna-citation-ultra-2026-08-10-e9c45dd2?id=ADHUHR,"Sun, 09 Aug 2026 16:29:20 GMT",2026-08-11T00:17:01+00:00
https://villiers.ai/empty-legs/kase-khhr-citation-cj3-2026-08-10-580b67df?id=ADHUHR,inactive,inactive,2026-08-06T04:17:02+00:00,2026-08-10T23:47:01+00:00,2026-08-11T00:17:01+00:00,"Citation CJ3 | Aspen-Pitkin County Airport (Sardy Field) → Jack Northrop Field Hawthorne Municipal Airport | $8,063",,Citation CJ3,KASE - Aspen-Pitkin County Airport (Sardy Field),KASE,ASE,Aspen-Pitkin County/Sardy Field,Aspen,US,KHHR - Jack Northrop Field Hawthorne Municipal Airport,KHHR,HHR,Jack Northrop Field/Hawthorne Municipal Airport,Hawthorne,US,10 August 2026,2026-08-10,12:00,13:51,1h 51m,"$8,063",8063,USD,$,6,https://villiers.ai/empty-legs/kase-khhr-citation-cj3-2026-08-10-580b67df?id=ADHUHR,https://villiers.ai/empty-legs/kase-khhr-citation-cj3-2026-08-10-580b67df?id=ADHUHR,https://villiers.ai/empty-legs/kase-khhr-citation-cj3-2026-08-10-580b67df?id=ADHUHR,"Thu, 06 Aug 2026 04:11:23 GMT",2026-08-11T00:17:01+00:00
https://villiers.ai/empty-legs/kdal-khou-cessna-citation-ultra-2026-08-10-cc01f185?id=ADHUHR,inactive,inactive,2026-08-08T14:17:02+00:00,2026-08-10T23:47:01+00:00,2026-08-11T00:17:01+00:00,"Cessna Citation Ultra | Dallas Love Field → William P. Hobby Airport | $2,795",,Cessna Citation Ultra,KDAL - Dallas Love Field,KDAL,DAL,Dallas Love Field,Dallas,US,KHOU - William P. Hobby Airport,KHOU,HOU,William P Hobby Airport,Houston,US,10 August 2026,2026-08-10,12:00,12:56,57m,"$2,795",2795,USD,$,7,https://villiers.ai/empty-legs/kdal-khou-cessna-citation-ultra-2026-08-10-cc01f185?id=ADHUHR,https://villiers.ai/empty-legs/kdal-khou-cessna-citation-ultra-2026-08-10-cc01f185?id=ADHUHR,https://villiers.ai/empty-legs/kdal-khou-cessna-citation-ultra-2026-08-10-cc01f185?id=ADHUHR,"Sat, 08 Aug 2026 14:08:44 GMT",2026-08-11T00:17:01+00:00
https://villiers.ai/empty-legs/kdal-kswo-cessna-citation-ultra-2026-08-10-f3fd4fc7?id=ADHUHR,inactive,inactive,2026-08-09T16:47:01+00:00,2026-08-10T23:47:01+00:00,2026-08-11T00:17:01+00:00,"Cessna Citation Ultra | Dallas Love Field → Stillwater Regional Airport | $3,118",,Cessna Citation Ultra,KDAL - Dallas Love Field,KDAL,DAL,Dallas Love Field,Dallas,US,KSWO - Stillwater Regional Airport,KSWO,SWO,Stillwater Regional Airport,Stillwater,US,10 August 2026,2026-08-10,12:00,12:55,55m,"$3,118",3118,USD,$,7,https://villiers.ai/empty-legs/kdal-kswo-cessna-citation-ultra-2026-08-10-f3fd4fc7?id=ADHUHR,https://villiers.ai/empty-legs/kdal-kswo-cessna-citation-ultra-2026-08-10-f3fd4fc7?id=ADHUHR,https://villiers.ai/empty-legs/kdal-kswo-cessna-citation-ultra-2026-08-10-f3fd4fc7?id=ADHUHR,"Sun, 09 Aug 2026 16:29:20 GMT",2026-08-11T00:17:01+00:00
https://villiers.ai/empty-legs/khou-ksww-cessna-citation-v-2026-08-10-95a4b7c8?id=ADHUHR,inactive,inactive,2026-08-10T14:17:01+00:00,2026-08-10T23:47:01+00:00,2026-08-11T00:17:01+00:00,"Cessna Citation V | William P. Hobby Airport → Avenger Field | $4,515",,Cessna Citation V,KHOU - William P. Hobby Airport,KHOU,HOU,William P Hobby Airport,Houston,US,KSWW - Avenger Field,KSWW,SWW,Avenger Field,Sweetwater,US,10 August 2026,2026-08-10,12:00,13:10,1h 10m,"$4,515",4515,USD,$,7,https://villiers.ai/empty-legs/khou-ksww-cessna-citation-v-2026-08-10-95a4b7c8?id=ADHUHR,https://villiers.ai/empty-legs/khou-ksww-cessna-citation-v-2026-08-10-95a4b7c8?id=ADHUHR,https://villiers.ai/empty-legs/khou-ksww-cessna-citation-v-2026-08-10-95a4b7c8?id=ADHUHR,"Mon, 10 Aug 2026 14:06:57 GMT",2026-08-11T00:17:01+00:00
https://villiers.ai/empty-legs/ksgr-kswo-cessna-citation-ultra-2026-08-10-4ae320ea?id=ADHUHR,inactive,inactive,2026-08-10T14:17:01+00:00,2026-08-10T23:47:01+00:00,2026-08-11T00:17:01+00:00,"Cessna Citation Ultra | Sugar Land Regional Airport → Stillwater Regional Airport | $4,838",,Cessna Citation Ultra,KSGR - Sugar Land Regional Airport,KSGR,SGR,Sugar Land Regional Airport,Houston,US,KSWO - Stillwater Regional Airport,KSWO,SWO,Stillwater Regional Airport,Stillwater,US,10 August 2026,2026-08-10,12:00,13:20,1h 21m,"$4,838",4838,USD,$,7,https://villiers.ai/empty-legs/ksgr-kswo-cessna-citation-ultra-2026-08-10-4ae320ea?id=ADHUHR,https://villiers.ai/empty-legs/ksgr-kswo-cessna-citation-ultra-2026-08-10-4ae320ea?id=ADHUHR,https://villiers.ai/empty-legs/ksgr-kswo-cessna-citation-ultra-2026-08-10-4ae320ea?id=ADHUHR,"Mon, 10 Aug 2026 14:06:57 GMT",2026-08-11T00:17:01+00:00
https://villiers.ai/empty-legs/mrlb-kefd-bombardier-challenger-604-2026-08-10-2a04dba5?id=ADHUHR,inactive,inactive,2026-08-07T14:47:01+00:00,2026-08-10T23:47:01+00:00,2026-08-11T00:17:01+00:00,"Bombardier Challenger 604 | Guanacaste Airport → Ellington Airport | $26,768",,Bombardier Challenger 604,MRLB - Guanacaste Airport,MRLB,LIR,Daniel Oduber Quiros International Airport,Liberia,CR,KEFD - Ellington Airport,KEFD,EFD,Ellington Airport,Houston,US,10 August 2026,2026-08-10,12:00,15:11,3h 11m,"$26,768",26768,USD,$,10,https://villiers.ai/empty-legs/mrlb-kefd-bombardier-challenger-604-2026-08-10-2a04dba5?id=ADHUHR,https://villiers.ai/empty-legs/mrlb-kefd-bombardier-challenger-604-2026-08-10-2a04dba5?id=ADHUHR,https://villiers.ai/empty-legs/mrlb-kefd-bombardier-challenger-604-2026-08-10-2a04dba5?id=ADHUHR,"Fri, 07 Aug 2026 14:24:20 GMT",2026-08-11T00:17:01+00:00
https://villiers.ai/empty-legs/mrlb-khou-bombardier-challenger-604-2026-08-10-1834d781?id=ADHUHR,inactive,inactive,2026-08-08T14:17:02+00:00,2026-08-10T23:47:01+00:00,2026-08-11T00:17:01+00:00,"Bombardier Challenger 604 | Guanacaste Airport → William P. Hobby Airport | $26,768",,Bombardier Challenger 604,MRLB - Guanacaste Airport,MRLB,LIR,Daniel Oduber Quiros International Airport,Liberia,CR,KHOU - William P. Hobby Airport,KHOU,HOU,William P Hobby Airport,Houston,US,10 August 2026,2026-08-10,12:00,15:11,3h 12m,"$26,768",26768,USD,$,10,https://villiers.ai/empty-legs/mrlb-khou-bombardier-challenger-604-2026-08-10-1834d781?id=ADHUHR,https://villiers.ai/empty-legs/mrlb-khou-bombardier-challenger-604-2026-08-10-1834d781?id=ADHUHR,https://villiers.ai/empty-legs/mrlb-khou-bombardier-challenger-604-2026-08-10-1834d781?id=ADHUHR,"Sat, 08 Aug 2026 14:08:44 GMT",2026-08-11T00:17:01+00:00
https://villiers.ai/empty-legs/mrlb-kopf-2026-08-10?id=ADHUHR,inactive,inactive,2026-08-05T22:38:36+00:00,2026-08-10T23:47:01+00:00,2026-08-11T00:17:01+00:00,"Bombardier Challenger 604 | Guanacaste Airport → Miami-Opa Locka Executive Airport | $19,673",,Bombardier Challenger 604,MRLB - Guanacaste Airport,MRLB,LIR,Daniel Oduber Quiros International Airport,Liberia,CR,KOPF - Miami-Opa Locka Executive Airport,KOPF,OPF,Miami-Opa Locka Executive Airport,Miami,US,10 August 2026,2026-08-10,12:00,14:33,2h 33m,"$19,673",19673,USD,$,10,https://villiers.ai/empty-legs/mrlb-kopf-2026-08-10?id=ADHUHR,https://villiers.ai/empty-legs/mrlb-kopf-2026-08-10?id=ADHUHR,https://villiers.ai/empty-legs/mrlb-kopf-2026-08-10?id=ADHUHR,"Tue, 14 Jul 2026 14:09:12 GMT",2026-08-11T00:17:01+00:00
https://villiers.ai/empty-legs/kcpr-kase-cessna-citation-ultra-2026-08-11-81b7290a?id=ADHUHR,inactive,inactive,2026-08-08T14:17:02+00:00,2026-08-11T23:47:02+00:00,2026-08-12T00:17:02+00:00,"Cessna Citation Ultra | Casper-Natrona County International Airport → Aspen-Pitkin County Airport (Sardy Field) | $3,118",,Cessna Citation Ultra,KCPR - Casper-Natrona County International Airport,KCPR,CPR,Casper/Natrona County International Airport,Casper,US,KASE - Aspen-Pitkin County Airport (Sardy Field),KASE,ASE,Aspen-Pitkin County/Sardy Field,Aspen,US,11 August 2026,2026-08-11,12:00,12:58,58m,"$3,118",3118,USD,$,7,https://villiers.ai/empty-legs/kcpr-kase-cessna-citation-ultra-2026-08-11-81b7290a?id=ADHUHR,https://villiers.ai/empty-legs/kcpr-kase-cessna-citation-ultra-2026-08-11-81b7290a?id=ADHUHR,https://villiers.ai/empty-legs/kcpr-kase-cessna-citation-ultra-2026-08-11-81b7290a?id=ADHUHR,"Sat, 08 Aug 2026 14:08:44 GMT",2026-08-12T00:17:02+00:00
https://villiers.ai/empty-legs/kege-kcrq-2026-08-11?id=ADHUHR,inactive,inactive,2026-08-05T22:38:36+00:00,2026-08-11T23:47:02+00:00,2026-08-12T00:17:02+00:00,"Cessna Citation Excel/XLS | Eagle County Regional Airport → McClellan-Palomar Airport | $14,996",,Cessna Citation Excel/XLS,KEGE - Eagle County Regional Airport,KEGE,EGE,Eagle County Regional Airport,Eagle,US,KCRQ - McClellan-Palomar Airport,KCRQ,CLD,Mc Clellan-Palomar Airport,Carlsbad,US,11 August 2026,2026-08-11,12:00,13:51,1h 51m,"$14,996",14996,USD,$,,https://villiers.ai/empty-legs/kege-kcrq-2026-08-11?id=ADHUHR,https://villiers.ai/empty-legs/kege-kcrq-2026-08-11?id=ADHUHR,https://villiers.ai/empty-legs/kege-kcrq-2026-08-11?id=ADHUHR,"Tue, 04 Aug 2026 18:21:34 GMT",2026-08-12T00:17:02+00:00
https://villiers.ai/empty-legs/khou-kase-cessna-citation-ultra-2026-08-11-a99cecbe?id=ADHUHR,inactive,inactive,2026-08-09T16:47:01+00:00,2026-08-11T23:47:02+00:00,2026-08-12T00:17:02+00:00,"Cessna Citation Ultra | William P. Hobby Airport → Aspen-Pitkin County Airport (Sardy Field) | $9,353",,Cessna Citation Ultra,KHOU - William P. Hobby Airport,KHOU,HOU,William P Hobby Airport,Houston,US,KASE - Aspen-Pitkin County Airport (Sardy Field),KASE,ASE,Aspen-Pitkin County/Sardy Field,Aspen,US,11 August 2026,2026-08-11,12:00,14:13,2h 14m,"$9,353",9353,USD,$,7,https://villiers.ai/empty-legs/khou-kase-cessna-citation-ultra-2026-08-11-a99cecbe?id=ADHUHR,https://villiers.ai/empty-legs/khou-kase-cessna-citation-ultra-2026-08-11-a99cecbe?id=ADHUHR,https://villiers.ai/empty-legs/khou-kase-cessna-citation-ultra-2026-08-11-a99cecbe?id=ADHUHR,"Sun, 09 Aug 2026 16:29:20 GMT",2026-08-12T00:17:02+00:00
https://villiers.ai/empty-legs/khdn-ktex-2026-08-12?id=ADHUHR,inactive,inactive,2026-08-05T22:38:36+00:00,2026-08-12T23:47:01+00:00,2026-08-13T00:17:01+00:00,"Cessna Citation Ultra | Yampa Valley Airport → Telluride Regional Airport | $2,795",,Cessna Citation Ultra,KHDN - Yampa Valley Airport,KHDN,HDN,Yampa Valley Airport,Hayden,US,KTEX - Telluride Regional Airport,KTEX,TEX,Telluride Regional Airport,Telluride,US,12 August 2026,2026-08-12,12:00,12:49,50m,"$2,795",2795,USD,$,7,https://villiers.ai/empty-legs/khdn-ktex-2026-08-12?id=ADHUHR,https://villiers.ai/empty-legs/khdn-ktex-2026-08-12?id=ADHUHR,https://villiers.ai/empty-legs/khdn-ktex-2026-08-12?id=ADHUHR,"Sat, 18 Jul 2026 16:59:38 GMT",2026-08-13T00:17:01+00:00
https://villiers.ai/empty-legs/khou-ktex-2026-08-12?id=ADHUHR,inactive,inactive,2026-08-05T22:38:36+00:00,2026-08-12T23:47:01+00:00,2026-08-13T00:17:01+00:00,"Cessna Citation Ultra | William P. Hobby Airport → Telluride Regional Airport | $9,353",,Cessna Citation Ultra,KHOU - William P. Hobby Airport,KHOU,HOU,William P Hobby Airport,Houston,US,KTEX - Telluride Regional Airport,KTEX,TEX,Telluride Regional Airport,Telluride,US,12 August 2026,2026-08-12,12:00,14:12,2h 12m,"$9,353",9353,USD,$,7,https://villiers.ai/empty-legs/khou-ktex-2026-08-12?id=ADHUHR,https://villiers.ai/empty-legs/khou-ktex-2026-08-12?id=ADHUHR,https://villiers.ai/empty-legs/khou-ktex-2026-08-12?id=ADHUHR,"Tue, 14 Jul 2026 14:09:12 GMT",2026-08-13T00:17:01+00:00
https://villiers.ai/empty-legs/kssi-khou-2026-08-12?id=ADHUHR,inactive,inactive,2026-08-05T22:38:36+00:00,2026-08-12T23:47:01+00:00,2026-08-13T00:17:01+00:00,"Bombardier Challenger 300 | St Simons Island Airport → William P. Hobby Airport | $15,695",,Bombardier Challenger 300,KSSI - St Simons Island Airport,KSSI,SSI,St Simons Island Airport,St Simons Island,US,KHOU - William P. Hobby Airport,KHOU,HOU,William P Hobby Airport,Houston,US,12 August 2026,2026-08-12,12:00,14:02,2h 2m,"$15,695",15695,USD,$,9,https://villiers.ai/empty-legs/kssi-khou-2026-08-12?id=ADHUHR,https://villiers.ai/empty-legs/kssi-khou-2026-08-12?id=ADHUHR,https://villiers.ai/empty-legs/kssi-khou-2026-08-12?id=ADHUHR,"Mon, 27 Jul 2026 17:11:47 GMT",2026-08-13T00:17:01+00:00
https://villiers.ai/empty-legs/lkkb-leib-cessna-citation-sovereign-2026-08-13-29402b1d?id=ADHUHR,inactive,inactive,2026-08-12T10:17:02+00:00,2026-08-13T23:47:01+00:00,2026-08-14T00:17:01+00:00,"Cessna Citation Sovereign | Prague–Kbely Air Base → Ibiza Airport | €10,750",,Cessna Citation Sovereign,LKKB - Prague–Kbely Air Base,LKKB,,Kbely Air Base,Prague,CZ,LEIB - Ibiza Airport,LEIB,IBZ,Ibiza Airport,Ibiza,ES,13 August 2026,2026-08-13,07:30,09:51,2h 22m,"€10,750",10750,EUR,€,9,https://villiers.ai/empty-legs/lkkb-leib-cessna-citation-sovereign-2026-08-13-29402b1d?id=ADHUHR,https://villiers.ai/empty-legs/lkkb-leib-cessna-citation-sovereign-2026-08-13-29402b1d?id=ADHUHR,https://villiers.ai/empty-legs/lkkb-leib-cessna-citation-sovereign-2026-08-13-29402b1d?id=ADHUHR,"Wed, 12 Aug 2026 10:01:38 GMT",2026-08-14T00:17:01+00:00
https://villiers.ai/empty-legs/eglf-limj-learjet-75-2026-08-13-b86b453c?id=ADHUHR,inactive,inactive,2026-08-08T00:17:02+00:00,2026-08-13T23:47:01+00:00,2026-08-14T00:17:01+00:00,"Learjet 75 | Farnborough Airport → Genoa Cristoforo Colombo Airport | £10,535",,Learjet 75,EGLF - Farnborough Airport,EGLF,FAB,Farnborough Airport,Farnborough,GB,LIMJ - Genoa Cristoforo Colombo Airport,LIMJ,GOA,Genova / Sestri Cristoforo Colombo Airport,Genova,IT,13 August 2026,2026-08-13,12:00,13:42,1h 42m,"£10,535",10535,GBP,£,9,https://villiers.ai/empty-legs/eglf-limj-learjet-75-2026-08-13-b86b453c?id=ADHUHR,https://villiers.ai/empty-legs/eglf-limj-learjet-75-2026-08-13-b86b453c?id=ADHUHR,https://villiers.ai/empty-legs/eglf-limj-learjet-75-2026-08-13-b86b453c?id=ADHUHR,"Fri, 07 Aug 2026 18:00:55 GMT",2026-08-14T00:17:01+00:00
https://villiers.ai/empty-legs/kapc-kcrq-2026-08-13?id=ADHUHR,inactive,inactive,2026-08-05T22:38:36+00:00,2026-08-13T23:47:01+00:00,2026-08-14T00:17:01+00:00,"Cessna Citation M2 | Napa County Airport → McClellan-Palomar Airport | $6,450",,Cessna Citation M2,KAPC - Napa County Airport,KAPC,APC,Napa County Airport,Napa,US,KCRQ - McClellan-Palomar Airport,KCRQ,CLD,Mc Clellan-Palomar Airport,Carlsbad,US,13 August 2026,2026-08-13,12:00,13:19,1h 20m,"$6,450",6450,USD,$,7,https://villiers.ai/empty-legs/kapc-kcrq-2026-08-13?id=ADHUHR,https://villiers.ai/empty-legs/kapc-kcrq-2026-08-13?id=ADHUHR,https://villiers.ai/empty-legs/kapc-kcrq-2026-08-13?id=ADHUHR,"Tue, 04 Aug 2026 18:21:34 GMT",2026-08-14T00:17:01+00:00
https://villiers.ai/empty-legs/kase-kcrq-2026-08-13?id=ADHUHR,inactive,inactive,2026-08-05T22:38:36+00:00,2026-08-13T23:47:01+00:00,2026-08-14T00:17:01+00:00,"Cessna Citation CJ3 | Aspen-Pitkin County Airport (Sardy Field) → McClellan-Palomar Airport | $11,771",,Cessna Citation CJ3,KASE - Aspen-Pitkin County Airport (Sardy Field),KASE,ASE,Aspen-Pitkin County/Sardy Field,Aspen,US,KCRQ - McClellan-Palomar Airport,KCRQ,CLD,Mc Clellan-Palomar Airport,Carlsbad,US,13 August 2026,2026-08-13,12:00,13:49,1h 49m,"$11,771",11771,USD,$,8,https://villiers.ai/empty-legs/kase-kcrq-2026-08-13?id=ADHUHR,https://villiers.ai/empty-legs/kase-kcrq-2026-08-13?id=ADHUHR,https://villiers.ai/empty-legs/kase-kcrq-2026-08-13?id=ADHUHR,"Tue, 04 Aug 2026 18:21:34 GMT",2026-08-14T00:17:01+00:00
https://villiers.ai/empty-legs/kcrq-kmry-pilatus-pc-12-ngx-2026-08-13-99e9b0ec?id=ADHUHR,inactive,inactive,2026-08-12T22:17:01+00:00,2026-08-13T23:47:01+00:00,2026-08-14T00:17:01+00:00,"Pilatus PC-12 NGX | McClellan-Palomar Airport → Monterey Peninsula Airport | $5,375",,Pilatus PC-12 NGX,KCRQ - McClellan-Palomar Airport,KCRQ,CLD,Mc Clellan-Palomar Airport,Carlsbad,US,KMRY - Monterey Peninsula Airport,KMRY,MRY,Monterey Regional Airport,Monterey,US,13 August 2026,2026-08-13,12:00,13:09,1h 9m,"$5,375",5375,USD,$,8,https://villiers.ai/empty-legs/kcrq-kmry-pilatus-pc-12-ngx-2026-08-13-99e9b0ec?id=ADHUHR,https://villiers.ai/empty-legs/kcrq-kmry-pilatus-pc-12-ngx-2026-08-13-99e9b0ec?id=ADHUHR,https://villiers.ai/empty-legs/kcrq-kmry-pilatus-pc-12-ngx-2026-08-13-99e9b0ec?id=ADHUHR,"Wed, 12 Aug 2026 22:00:20 GMT",2026-08-14T00:17:01+00:00
https://villiers.ai/empty-legs/kefd-kssi-bombardier-challenger-604-2026-08-13-c8f9275d?id=ADHUHR,inactive,inactive,2026-08-07T14:47:01+00:00,2026-08-13T23:47:01+00:00,2026-08-14T00:17:01+00:00,"Bombardier Challenger 604 | Ellington Airport → St Simons Island Airport | $14,190",,Bombardier Challenger 604,KEFD - Ellington Airport,KEFD,EFD,Ellington Airport,Houston,US,KSSI - St Simons Island Airport,KSSI,SSI,St Simons Island Airport,St Simons Island,US,13 August 2026,2026-08-13,12:00,14:01,2h 2m,"$14,190",14190,USD,$,10,https://villiers.ai/empty-legs/kefd-kssi-bombardier-challenger-604-2026-08-13-c8f9275d?id=ADHUHR,https://villiers.ai/empty-legs/kefd-kssi-bombardier-challenger-604-2026-08-13-c8f9275d?id=ADHUHR,https://villiers.ai/empty-legs/kefd-kssi-bombardier-challenger-604-2026-08-13-c8f9275d?id=ADHUHR,"Fri, 07 Aug 2026 14:24:20 GMT",2026-08-14T00:17:01+00:00
https://villiers.ai/empty-legs/khdn-kcpr-cessna-citation-v-2026-08-13-59faa6cc?id=ADHUHR,inactive,inactive,2026-08-12T14:47:01+00:00,2026-08-13T23:47:01+00:00,2026-08-14T00:17:01+00:00,"Cessna Citation V | Yampa Valley Airport → Casper-Natrona County International Airport | $2,473",,Cessna Citation V,KHDN - Yampa Valley Airport,KHDN,HDN,Yampa Valley Airport,Hayden,US,KCPR - Casper-Natrona County International Airport,KCPR,CPR,Casper/Natrona County International Airport,Casper,US,13 August 2026,2026-08-13,12:00,12:49,49m,"$2,473",2473,USD,$,7,https://villiers.ai/empty-legs/khdn-kcpr-cessna-citation-v-2026-08-13-59faa6cc?id=ADHUHR,https://villiers.ai/empty-legs/khdn-kcpr-cessna-citation-v-2026-08-13-59faa6cc?id=ADHUHR,https://villiers.ai/empty-legs/khdn-kcpr-cessna-citation-v-2026-08-13-59faa6cc?id=ADHUHR,"Wed, 12 Aug 2026 14:28:13 GMT",2026-08-14T00:17:01+00:00
https://villiers.ai/empty-legs/khou-kftw-2026-08-13?id=ADHUHR,inactive,inactive,2026-08-05T22:38:36+00:00,2026-08-13T23:47:01+00:00,2026-08-14T00:17:01+00:00,"Bombardier Challenger 604 | William P. Hobby Airport → Fort Worth Meacham International Airport | $6,450",,Bombardier Challenger 604,KHOU - William P. Hobby Airport,KHOU,HOU,William P Hobby Airport,Houston,US,KFTW - Fort Worth Meacham International Airport,KFTW,FTW,Fort Worth Meacham International Airport,Fort Worth,US,13 August 2026,2026-08-13,12:00,12:57,58m,"$6,450",6450,USD,$,10,https://villiers.ai/empty-legs/khou-kftw-2026-08-13?id=ADHUHR,https://villiers.ai/empty-legs/khou-kftw-2026-08-13?id=ADHUHR,https://villiers.ai/empty-legs/khou-kftw-2026-08-13?id=ADHUHR,"Fri, 10 Jul 2026 14:07:10 GMT",2026-08-14T00:17:01+00:00
https://villiers.ai/empty-legs/khou-ktul-cessna-citation-ultra-2026-08-13-4812ba45?id=ADHUHR,inactive,inactive,2026-08-11T15:17:01+00:00,2026-08-13T23:47:01+00:00,2026-08-14T00:17:01+00:00,"Cessna Citation Ultra | William P. Hobby Airport → Tulsa International Airport | $4,838",,Cessna Citation Ultra,KHOU - William P. Hobby Airport,KHOU,HOU,William P Hobby Airport,Houston,US,KTUL - Tulsa International Airport,KTUL,TUL,Tulsa International Airport,Tulsa,US,13 August 2026,2026-08-13,12:00,13:20,1h 20m,"$4,838",4838,USD,$,7,https://villiers.ai/empty-legs/khou-ktul-cessna-citation-ultra-2026-08-13-4812ba45?id=ADHUHR,https://villiers.ai/empty-legs/khou-ktul-cessna-citation-ultra-2026-08-13-4812ba45?id=ADHUHR,https://villiers.ai/empty-legs/khou-ktul-cessna-citation-ultra-2026-08-13-4812ba45?id=ADHUHR,"Tue, 11 Aug 2026 14:47:20 GMT",2026-08-14T00:17:01+00:00
https://villiers.ai/empty-legs/ktcl-khou-2026-08-13?id=ADHUHR,inactive,inactive,2026-08-05T22:38:36+00:00,2026-08-13T23:47:01+00:00,2026-08-14T00:17:01+00:00,"Pilatus PC-12 NG | Tuscaloosa National Airport → William P. Hobby Airport | $6,235",,Pilatus PC-12 NG,KTCL - Tuscaloosa National Airport,KTCL,TCL,Tuscaloosa Ntl Airport,Tuscaloosa,US,KHOU - William P. Hobby Airport,KHOU,HOU,William P Hobby Airport,Houston,US,13 August 2026,2026-08-13,12:00,13:27,1h 27m,"$6,235",6235,USD,$,7,https://villiers.ai/empty-legs/ktcl-khou-2026-08-13?id=ADHUHR,https://villiers.ai/empty-legs/ktcl-khou-2026-08-13?id=ADHUHR,https://villiers.ai/empty-legs/ktcl-khou-2026-08-13?id=ADHUHR,"Tue, 28 Jul 2026 14:22:35 GMT",2026-08-14T00:17:01+00:00
https://villiers.ai/empty-legs/mrlb-kdal-2026-08-13?id=ADHUHR,inactive,inactive,2026-08-05T22:38:36+00:00,2026-08-13T23:47:01+00:00,2026-08-14T00:17:01+00:00,"Bombardier Challenger 604 | Guanacaste Airport → Dallas Love Field | $25,155",,Bombardier Challenger 604,MRLB - Guanacaste Airport,MRLB,LIR,Daniel Oduber Quiros International Airport,Liberia,CR,KDAL - Dallas Love Field,KDAL,DAL,Dallas Love Field,Dallas,US,13 August 2026,2026-08-13,12:00,15:38,3h 38m,"$25,155",25155,USD,$,10,https://villiers.ai/empty-legs/mrlb-kdal-2026-08-13?id=ADHUHR,https://villiers.ai/empty-legs/mrlb-kdal-2026-08-13?id=ADHUHR,https://villiers.ai/empty-legs/mrlb-kdal-2026-08-13?id=ADHUHR,"Tue, 07 Jul 2026 13:58:53 GMT",2026-08-14T00:17:01+00:00
https://villiers.ai/empty-legs/eghi-leib-2026-08-14?id=ADHUHR,inactive,inactive,2026-08-05T22:38:36+00:00,2026-08-14T23:47:02+00:00,2026-08-15T00:17:01+00:00,"Embraer Phenom 300E | Southampton Airport → Ibiza Airport | £7,203",,Embraer Phenom 300E,EGHI - Southampton Airport,EGHI,SOU,Southampton Airport,Southampton,GB,LEIB - Ibiza Airport,LEIB,IBZ,Ibiza Airport,Ibiza,ES,14 August 2026,2026-08-14,12:00,14:03,2h 4m,"£7,203",7203,GBP,£,9,https://villiers.ai/empty-legs/eghi-leib-2026-08-14?id=ADHUHR,https://villiers.ai/empty-legs/eghi-leib-2026-08-14?id=ADHUHR,https://villiers.ai/empty-legs/eghi-leib-2026-08-14?id=ADHUHR,"Fri, 31 Jul 2026 19:12:54 GMT",2026-08-15T00:17:01+00:00
https://villiers.ai/empty-legs/kcrq-kmry-pilatus-pc-12-ngx-2026-08-14-52b0e598?id=ADHUHR,inactive,inactive,2026-08-06T04:17:02+00:00,2026-08-14T23:47:02+00:00,2026-08-15T00:17:01+00:00,"Pilatus PC-12 NGX | McClellan-Palomar Airport → Monterey Peninsula Airport | $3,763",,Pilatus PC-12 NGX,KCRQ - McClellan-Palomar Airport,KCRQ,CLD,Mc Clellan-Palomar Airport,Carlsbad,US,KMRY - Monterey Peninsula Airport,KMRY,MRY,Monterey Regional Airport,Monterey,US,14 August 2026,2026-08-14,12:00,13:09,1h 9m,"$3,763",3763,USD,$,8,https://villiers.ai/empty-legs/kcrq-kmry-pilatus-pc-12-ngx-2026-08-14-52b0e598?id=ADHUHR,https://villiers.ai/empty-legs/kcrq-kmry-pilatus-pc-12-ngx-2026-08-14-52b0e598?id=ADHUHR,https://villiers.ai/empty-legs/kcrq-kmry-pilatus-pc-12-ngx-2026-08-14-52b0e598?id=ADHUHR,"Thu, 06 Aug 2026 04:11:23 GMT",2026-08-15T00:17:01+00:00
https://villiers.ai/empty-legs/kdal-kaus-aircraft-2026-08-14-5cee1ebf?id=ADHUHR,inactive,inactive,2026-08-14T14:17:02+00:00,2026-08-14T23:47:02+00:00,2026-08-15T00:17:01+00:00,"Private Jet | Dallas Love Field → Austin Bergstrom International Airport | $2,795",,Private Jet,KDAL - Dallas Love Field,KDAL,DAL,Dallas Love Field,Dallas,US,KAUS - Austin Bergstrom International Airport,KAUS,AUS,Austin-Bergstrom International Airport,Austin,US,14 August 2026,2026-08-14,12:00,12:50,51m,"$2,795",2795,USD,$,7,https://villiers.ai/empty-legs/kdal-kaus-aircraft-2026-08-14-5cee1ebf?id=ADHUHR,https://villiers.ai/empty-legs/kdal-kaus-aircraft-2026-08-14-5cee1ebf?id=ADHUHR,https://villiers.ai/empty-legs/kdal-kaus-aircraft-2026-08-14-5cee1ebf?id=ADHUHR,"Fri, 14 Aug 2026 14:01:13 GMT",2026-08-15T00:17:01+00:00
https://villiers.ai/empty-legs/kdal-khou-cessna-citation-ultra-2026-08-14-ed4c63ca?id=ADHUHR,inactive,inactive,2026-08-08T00:17:02+00:00,2026-08-14T23:47:02+00:00,2026-08-15T00:17:01+00:00,"Cessna Citation Ultra | Dallas Love Field → William P. Hobby Airport | $2,795",,Cessna Citation Ultra,KDAL - Dallas Love Field,KDAL,DAL,Dallas Love Field,Dallas,US,KHOU - William P. Hobby Airport,KHOU,HOU,William P Hobby Airport,Houston,US,14 August 2026,2026-08-14,12:00,12:56,57m,"$2,795",2795,USD,$,7,https://villiers.ai/empty-legs/kdal-khou-cessna-citation-ultra-2026-08-14-ed4c63ca?id=ADHUHR,https://villiers.ai/empty-legs/kdal-khou-cessna-citation-ultra-2026-08-14-ed4c63ca?id=ADHUHR,https://villiers.ai/empty-legs/kdal-khou-cessna-citation-ultra-2026-08-14-ed4c63ca?id=ADHUHR,"Fri, 07 Aug 2026 14:24:20 GMT",2026-08-15T00:17:01+00:00
https://villiers.ai/empty-legs/kefd-kssi-2026-08-14?id=ADHUHR,inactive,inactive,2026-08-05T22:38:36+00:00,2026-08-14T23:47:02+00:00,2026-08-15T00:17:01+00:00,"Gulfstream G280 | Ellington Airport → St Simons Island Airport | $13,438",,Gulfstream G280,KEFD - Ellington Airport,KEFD,EFD,Ellington Airport,Houston,US,KSSI - St Simons Island Airport,KSSI,SSI,St Simons Island Airport,St Simons Island,US,14 August 2026,2026-08-14,12:00,14:01,2h 2m,"$13,438",13438,USD,$,10,https://villiers.ai/empty-legs/kefd-kssi-2026-08-14?id=ADHUHR,https://villiers.ai/empty-legs/kefd-kssi-2026-08-14?id=ADHUHR,https://villiers.ai/empty-legs/kefd-kssi-2026-08-14?id=ADHUHR,"Wed, 05 Aug 2026 15:25:58 GMT",2026-08-15T00:17:01+00:00
https://villiers.ai/empty-legs/khou-kcpr-cessna-citation-ultra-2026-08-14-2fd62f65?id=ADHUHR,inactive,inactive,2026-08-08T00:17:02+00:00,2026-08-14T23:47:02+00:00,2026-08-15T00:17:01+00:00,"Cessna Citation Ultra | William P. Hobby Airport → Casper-Natrona County International Airport | $10,750",,Cessna Citation Ultra,KHOU - William P. Hobby Airport,KHOU,HOU,William P Hobby Airport,Houston,US,KCPR - Casper-Natrona County International Airport,KCPR,CPR,Casper/Natrona County International Airport,Casper,US,14 August 2026,2026-08-14,12:00,14:32,2h 33m,"$10,750",10750,USD,$,7,https://villiers.ai/empty-legs/khou-kcpr-cessna-citation-ultra-2026-08-14-2fd62f65?id=ADHUHR,https://villiers.ai/empty-legs/khou-kcpr-cessna-citation-ultra-2026-08-14-2fd62f65?id=ADHUHR,https://villiers.ai/empty-legs/khou-kcpr-cessna-citation-ultra-2026-08-14-2fd62f65?id=ADHUHR,"Fri, 07 Aug 2026 14:24:20 GMT",2026-08-15T00:17:01+00:00
https://villiers.ai/empty-legs/khou-kssi-2026-08-14?id=ADHUHR,inactive,inactive,2026-08-05T22:38:36+00:00,2026-08-14T23:47:02+00:00,2026-08-15T00:17:01+00:00,"Gulfstream G280 | William P. Hobby Airport → St Simons Island Airport | $13,438",,Gulfstream G280,KHOU - William P. Hobby Airport,KHOU,HOU,William P Hobby Airport,Houston,US,KSSI - St Simons Island Airport,KSSI,SSI,St Simons Island Airport,St Simons Island,US,14 August 2026,2026-08-14,12:00,14:02,2h 2m,"$13,438",13438,USD,$,10,https://villiers.ai/empty-legs/khou-kssi-2026-08-14?id=ADHUHR,https://villiers.ai/empty-legs/khou-kssi-2026-08-14?id=ADHUHR,https://villiers.ai/empty-legs/khou-kssi-2026-08-14?id=ADHUHR,"Mon, 27 Jul 2026 17:11:47 GMT",2026-08-15T00:17:01+00:00
https://villiers.ai/empty-legs/klas-kslc-aircraft-2026-08-14-7db5fecf?id=ADHUHR,inactive,inactive,2026-08-14T14:17:02+00:00,2026-08-14T23:47:02+00:00,2026-08-15T00:17:01+00:00,"Private Jet | Harry Reid International Airport → Salt Lake City International Airport | $3,870",,Private Jet,KLAS - Harry Reid International Airport,KLAS,LAS,Harry Reid International Airport,Las Vegas,US,KSLC - Salt Lake City International Airport,KSLC,SLC,Salt Lake City International Airport,Salt Lake City,US,14 August 2026,2026-08-14,12:00,13:10,1h 11m,"$3,870",3870,USD,$,7,https://villiers.ai/empty-legs/klas-kslc-aircraft-2026-08-14-7db5fecf?id=ADHUHR,https://villiers.ai/empty-legs/klas-kslc-aircraft-2026-08-14-7db5fecf?id=ADHUHR,https://villiers.ai/empty-legs/klas-kslc-aircraft-2026-08-14-7db5fecf?id=ADHUHR,"Fri, 14 Aug 2026 14:01:13 GMT",2026-08-15T00:17:01+00:00
https://villiers.ai/empty-legs/krno-klas-bombardier-challenger-604-20260814-26e4791d?id=ADHUHR,inactive,inactive,2026-08-05T22:38:36+00:00,2026-08-14T23:47:02+00:00,2026-08-15T00:17:01+00:00,"Bombardier Challenger 604 | Reno Tahoe International Airport → Harry Reid International Airport | $7,260",,Bombardier Challenger 604,KRNO - Reno Tahoe International Airport,KRNO,RNO,Reno/Tahoe International Airport,Reno,US,KLAS - Harry Reid International Airport,KLAS,LAS,Harry Reid International Airport,Las Vegas,US,14 August 2026,2026-08-14,12:00,13:08,1h 8m,"$7,260",7260,USD,$,10,https://villiers.ai/empty-legs/krno-klas-bombardier-challenger-604-20260814-26e4791d?id=ADHUHR,https://villiers.ai/empty-legs/krno-klas-bombardier-challenger-604-20260814-26e4791d?id=ADHUHR,https://villiers.ai/empty-legs/krno-klas-bombardier-challenger-604-20260814-26e4791d?id=ADHUHR,"Fri, 10 Apr 2026 04:04:40 GMT",2026-08-15T00:17:01+00:00
https://villiers.ai/empty-legs/eggw-levc-challenger-650-2026-08-15-8962031b?id=ADHUHR,inactive,inactive,2026-08-08T00:17:02+00:00,2026-08-15T23:47:01+00:00,2026-08-16T00:17:01+00:00,"Challenger 650 | London Luton Airport → Valencia Airport | £12,900",,Challenger 650,EGGW - London Luton Airport,EGGW,LTN,London Luton Airport,London,GB,LEVC - Valencia Airport,LEVC,VLC,Valencia Airport,Valencia,ES,15 August 2026,2026-08-15,12:00,14:04,2h 5m,"£12,900",12900,GBP,£,11,https://villiers.ai/empty-legs/eggw-levc-challenger-650-2026-08-15-8962031b?id=ADHUHR,https://villiers.ai/empty-legs/eggw-levc-challenger-650-2026-08-15-8962031b?id=ADHUHR,https://villiers.ai/empty-legs/eggw-levc-challenger-650-2026-08-15-8962031b?id=ADHUHR,"Fri, 07 Aug 2026 18:00:56 GMT",2026-08-16T00:17:01+00:00
https://villiers.ai/empty-legs/eglf-edry-2026-08-15?id=ADHUHR,inactive,inactive,2026-08-05T22:38:36+00:00,2026-08-15T23:47:01+00:00,2026-08-16T00:17:01+00:00,"Citation XLS+ | Farnborough Airport → Speyer Airfield | £10,890",,Citation XLS+,EGLF - Farnborough Airport,EGLF,FAB,Farnborough Airport,Farnborough,GB,EDRY - Speyer Airfield,EDRY,,Speyer Airport,Speyer,DE,15 August 2026,2026-08-15,12:00,13:17,1h 18m,"£10,890",10890,GBP,£,7,https://villiers.ai/empty-legs/eglf-edry-2026-08-15?id=ADHUHR,https://villiers.ai/empty-legs/eglf-edry-2026-08-15?id=ADHUHR,https://villiers.ai/empty-legs/eglf-edry-2026-08-15?id=ADHUHR,"Fri, 26 Jun 2026 18:54:16 GMT",2026-08-16T00:17:01+00:00
https://villiers.ai/empty-legs/eglf-lege-2026-08-15?id=ADHUHR,inactive,inactive,2026-08-05T22:38:36+00:00,2026-08-15T23:47:01+00:00,2026-08-16T00:17:01+00:00,"Phenom 300 | Farnborough Airport → Girona-Costa Brava Airport | £10,450",,Phenom 300,EGLF - Farnborough Airport,EGLF,FAB,Farnborough Airport,Farnborough,GB,LEGE - Girona-Costa Brava Airport,LEGE,GRO,Girona Airport,Girona,ES,15 August 2026,2026-08-15,12:00,13:44,1h 44m,"£10,450",10450,GBP,£,9,https://villiers.ai/empty-legs/eglf-lege-2026-08-15?id=ADHUHR,https://villiers.ai/empty-legs/eglf-lege-2026-08-15?id=ADHUHR,https://villiers.ai/empty-legs/eglf-lege-2026-08-15?id=ADHUHR,"Fri, 26 Jun 2026 18:54:16 GMT",2026-08-16T00:17:01+00:00
https://villiers.ai/empty-legs/eick-egll-pilatus-pc-12-2026-08-15-db7565cb?id=ADHUHR,inactive,inactive,2026-08-08T00:17:02+00:00,2026-08-15T23:47:01+00:00,2026-08-16T00:17:01+00:00,"Pilatus PC-12 | Cork Airport → London Heathrow Airport | £3,225",,Pilatus PC-12,EICK - Cork Airport,EICK,ORK,Cork Airport,Cork,IE,EGLL - London Heathrow Airport,EGLL,LHR,London Heathrow Airport,London,GB,15 August 2026,2026-08-15,12:00,13:08,1h 8m,"£3,225",3225,GBP,£,6,https://villiers.ai/empty-legs/eick-egll-pilatus-pc-12-2026-08-15-db7565cb?id=ADHUHR,https://villiers.ai/empty-legs/eick-egll-pilatus-pc-12-2026-08-15-db7565cb?id=ADHUHR,https://villiers.ai/empty-legs/eick-egll-pilatus-pc-12-2026-08-15-db7565cb?id=ADHUHR,"Fri, 07 Aug 2026 18:00:56 GMT",2026-08-16T00:17:01+00:00
https://villiers.ai/empty-legs/kbfi-kapa-challenger-350-2026-08-15-cae1a3ba?id=ADHUHR,inactive,inactive,2026-08-12T22:17:01+00:00,2026-08-15T23:47:01+00:00,2026-08-16T00:17:01+00:00,"Challenger 350 | Boeing Field King County International Airport → Centennial Airport | $18,275",,Challenger 350,KBFI - Boeing Field King County International Airport,KBFI,BFI,Boeing Field/King County International Airport,Seattle,US,KAPA - Centennial Airport,KAPA,APA,Centennial Airport,Denver,US,15 August 2026,2026-08-15,12:00,14:24,2h 24m,"$18,275",18275,USD,$,9,https://villiers.ai/empty-legs/kbfi-kapa-challenger-350-2026-08-15-cae1a3ba?id=ADHUHR,https://villiers.ai/empty-legs/kbfi-kapa-challenger-350-2026-08-15-cae1a3ba?id=ADHUHR,https://villiers.ai/empty-legs/kbfi-kapa-challenger-350-2026-08-15-cae1a3ba?id=ADHUHR,"Wed, 12 Aug 2026 22:00:20 GMT",2026-08-16T00:17:01+00:00
https://villiers.ai/empty-legs/khou-kdal-2026-08-15?id=ADHUHR,inactive,inactive,2026-08-05T22:38:36+00:00,2026-08-15T23:47:01+00:00,2026-08-16T00:17:01+00:00,"Cessna Citation V | William P. Hobby Airport → Dallas Love Field | $3,118",,Cessna Citation V,KHOU - William P. Hobby Airport,KHOU,HOU,William P Hobby Airport,Houston,US,KDAL - Dallas Love Field,KDAL,DAL,Dallas Love Field,Dallas,US,15 August 2026,2026-08-15,12:00,12:56,57m,"$3,118",3118,USD,$,7,https://villiers.ai/empty-legs/khou-kdal-2026-08-15?id=ADHUHR,https://villiers.ai/empty-legs/khou-kdal-2026-08-15?id=ADHUHR,https://villiers.ai/empty-legs/khou-kdal-2026-08-15?id=ADHUHR,"Wed, 05 Aug 2026 15:25:58 GMT",2026-08-16T00:17:01+00:00
https://villiers.ai/empty-legs/kvny-kgjt-challenger-350-2026-08-15-80865eac?id=ADHUHR,inactive,inactive,2026-08-12T22:17:01+00:00,2026-08-15T23:47:01+00:00,2026-08-16T00:17:01+00:00,"Challenger 350 | Van Nuys Airport → Grand Junction Regional Airport | $18,275",,Challenger 350,KVNY - Van Nuys Airport,KVNY,VNY,Van Nuys Airport,Van Nuys,US,KGJT - Grand Junction Regional Airport,KGJT,GJT,Grand Junction Regional Airport,Grand Junction,US,15 August 2026,2026-08-15,12:00,13:41,1h 42m,"$18,275",18275,USD,$,9,https://villiers.ai/empty-legs/kvny-kgjt-challenger-350-2026-08-15-80865eac?id=ADHUHR,https://villiers.ai/empty-legs/kvny-kgjt-challenger-350-2026-08-15-80865eac?id=ADHUHR,https://villiers.ai/empty-legs/kvny-kgjt-challenger-350-2026-08-15-80865eac?id=ADHUHR,"Wed, 12 Aug 2026 22:00:20 GMT",2026-08-16T00:17:01+00:00
https://villiers.ai/empty-legs/kaus-kdal-aircraft-2026-08-16-7c9d6984?id=ADHUHR,active,unchanged,2026-08-14T14:17:02+00:00,2026-08-16T08:17:01+00:00,,"Private Jet | Austin Bergstrom International Airport → Dallas Love Field | $2,473",,Private Jet,KAUS - Austin Bergstrom International Airport,KAUS,AUS,Austin-Bergstrom International Airport,Austin,US,KDAL - Dallas Love Field,KDAL,DAL,Dallas Love Field,Dallas,US,16 August 2026,2026-08-16,12:00,12:50,51m,"$2,473",2473,USD,$,7,https://villiers.ai/empty-legs/kaus-kdal-aircraft-2026-08-16-7c9d6984?id=ADHUHR,https://villiers.ai/empty-legs/kaus-kdal-aircraft-2026-08-16-7c9d6984?id=ADHUHR,https://villiers.ai/empty-legs/kaus-kdal-aircraft-2026-08-16-7c9d6984?id=ADHUHR,"Fri, 14 Aug 2026 14:01:13 GMT",2026-08-16T08:17:01+00:00
https://villiers.ai/empty-legs/kcrq-ksaf-citation-cj3-2026-08-16-736838d2?id=ADHUHR,active,unchanged,2026-08-12T22:17:01+00:00,2026-08-16T08:17:01+00:00,,"Citation CJ3 | McClellan-Palomar Airport → Santa Fe Municipal Airport | $6,988",,Citation CJ3,KCRQ - McClellan-Palomar Airport,KCRQ,CLD,Mc Clellan-Palomar Airport,Carlsbad,US,KSAF - Santa Fe Municipal Airport,KSAF,SAF,Santa Fe Regional Airport,Santa Fe,US,16 August 2026,2026-08-16,12:00,13:43,1h 43m,"$6,988",6988,USD,$,6,https://villiers.ai/empty-legs/kcrq-ksaf-citation-cj3-2026-08-16-736838d2?id=ADHUHR,https://villiers.ai/empty-legs/kcrq-ksaf-citation-cj3-2026-08-16-736838d2?id=ADHUHR,https://villiers.ai/empty-legs/kcrq-ksaf-citation-cj3-2026-08-16-736838d2?id=ADHUHR,"Wed, 12 Aug 2026 22:00:20 GMT",2026-08-16T08:17:01+00:00
https://villiers.ai/empty-legs/kerv-kril-cessna-citation-ultra-2026-08-16-f86b80c4?id=ADHUHR,active,unchanged,2026-08-15T14:17:02+00:00,2026-08-16T08:17:01+00:00,,"Cessna Citation Ultra | Kerrville / Kerr County Airport at Louis Schreiner Field → Garfield County Regional Airport | $8,600",,Cessna Citation Ultra,KERV - Kerrville / Kerr County Airport at Louis Schreiner Field,KERV,ERV,Kerrville Municipal/Louis Schreiner Field,Kerrville,US,KRIL - Garfield County Regional Airport,KRIL,RIL,Rifle Garfield County Airport,Rifle,US,16 August 2026,2026-08-16,12:00,14:01,2h 1m,"$8,600",8600,USD,$,7,https://villiers.ai/empty-legs/kerv-kril-cessna-citation-ultra-2026-08-16-f86b80c4?id=ADHUHR,https://villiers.ai/empty-legs/kerv-kril-cessna-citation-ultra-2026-08-16-f86b80c4?id=ADHUHR,https://villiers.ai/empty-legs/kerv-kril-cessna-citation-ultra-2026-08-16-f86b80c4?id=ADHUHR,"Sat, 15 Aug 2026 14:13:13 GMT",2026-08-16T08:17:01+00:00
https://villiers.ai/empty-legs/khou-kase-2026-08-16?id=ADHUHR,active,unchanged,2026-08-05T22:38:36+00:00,2026-08-16T08:17:01+00:00,,"Cessna Citation Excel | William P. Hobby Airport → Aspen-Pitkin County Airport (Sardy Field) | $13,115",,Cessna Citation Excel,KHOU - William P. Hobby Airport,KHOU,HOU,William P Hobby Airport,Houston,US,KASE - Aspen-Pitkin County Airport (Sardy Field),KASE,ASE,Aspen-Pitkin County/Sardy Field,Aspen,US,16 August 2026,2026-08-16,12:00,14:13,2h 14m,"$13,115",13115,USD,$,9,https://villiers.ai/empty-legs/khou-kase-2026-08-16?id=ADHUHR,https://villiers.ai/empty-legs/khou-kase-2026-08-16?id=ADHUHR,https://villiers.ai/empty-legs/khou-kase-2026-08-16?id=ADHUHR,"Mon, 27 Jul 2026 17:11:47 GMT",2026-08-16T08:17:01+00:00
https://villiers.ai/empty-legs/khou-kdzb-cessna-citation-ultra-2026-08-16-145af712?id=ADHUHR,active,unchanged,2026-08-15T14:17:02+00:00,2026-08-16T08:17:01+00:00,,"Cessna Citation Ultra | William P. Hobby Airport → Horseshoe Bay Resort Airport | $2,795",,Cessna Citation Ultra,KHOU - William P. Hobby Airport,KHOU,HOU,William P Hobby Airport,Houston,US,KDZB - Horseshoe Bay Resort Airport,KDZB,,Horseshoe Bay Resort Airport,Horseshoe Bay,US,16 August 2026,2026-08-16,12:00,12:51,51m,"$2,795",2795,USD,$,7,https://villiers.ai/empty-legs/khou-kdzb-cessna-citation-ultra-2026-08-16-145af712?id=ADHUHR,https://villiers.ai/empty-legs/khou-kdzb-cessna-citation-ultra-2026-08-16-145af712?id=ADHUHR,https://villiers.ai/empty-legs/khou-kdzb-cessna-citation-ultra-2026-08-16-145af712?id=ADHUHR,"Sat, 15 Aug 2026 14:13:13 GMT",2026-08-16T08:17:01+00:00
https://villiers.ai/empty-legs/khou-klas-aircraft-2026-08-16-6b249f11?id=ADHUHR,active,unchanged,2026-08-14T14:17:02+00:00,2026-08-16T08:17:01+00:00,,"Private Jet | William P. Hobby Airport → Harry Reid International Airport | $12,470",,Private Jet,KHOU - William P. Hobby Airport,KHOU,HOU,William P Hobby Airport,Houston,US,KLAS - Harry Reid International Airport,KLAS,LAS,Harry Reid International Airport,Las Vegas,US,16 August 2026,2026-08-16,12:00,14:46,2h 47m,"$12,470",12470,USD,$,7,https://villiers.ai/empty-legs/khou-klas-aircraft-2026-08-16-6b249f11?id=ADHUHR,https://villiers.ai/empty-legs/khou-klas-aircraft-2026-08-16-6b249f11?id=ADHUHR,https://villiers.ai/empty-legs/khou-klas-aircraft-2026-08-16-6b249f11?id=ADHUHR,"Fri, 14 Aug 2026 14:01:13 GMT",2026-08-16T08:17:01+00:00
https://villiers.ai/empty-legs/khou-kril-aircraft-2026-08-16-0c63f68d?id=ADHUHR,active,unchanged,2026-08-14T14:17:02+00:00,2026-08-16T08:17:01+00:00,,"Private Jet | William P. Hobby Airport → Garfield County Regional Airport | $9,998",,Private Jet,KHOU - William P. Hobby Airport,KHOU,HOU,William P Hobby Airport,Houston,US,KRIL - Garfield County Regional Airport,KRIL,RIL,Rifle Garfield County Airport,Rifle,US,16 August 2026,2026-08-16,12:00,14:18,2h 19m,"$9,998",9998,USD,$,7,https://villiers.ai/empty-legs/khou-kril-aircraft-2026-08-16-0c63f68d?id=ADHUHR,https://villiers.ai/empty-legs/khou-kril-aircraft-2026-08-16-0c63f68d?id=ADHUHR,https://villiers.ai/empty-legs/khou-kril-aircraft-2026-08-16-0c63f68d?id=ADHUHR,"Fri, 14 Aug 2026 14:01:13 GMT",2026-08-16T08:17:01+00:00
https://villiers.ai/empty-legs/khou-mrlb-bombardier-challenger-604-2026-08-16-2e5f09dd?id=ADHUHR,active,unchanged,2026-08-08T00:17:02+00:00,2026-08-16T08:17:01+00:00,,"Bombardier Challenger 604 | William P. Hobby Airport → Guanacaste Airport | $24,403",,Bombardier Challenger 604,KHOU - William P. Hobby Airport,KHOU,HOU,William P Hobby Airport,Houston,US,MRLB - Guanacaste Airport,MRLB,LIR,Daniel Oduber Quiros International Airport,Liberia,CR,16 August 2026,2026-08-16,12:00,15:11,3h 12m,"$24,403",24403,USD,$,10,https://villiers.ai/empty-legs/khou-mrlb-bombardier-challenger-604-2026-08-16-2e5f09dd?id=ADHUHR,https://villiers.ai/empty-legs/khou-mrlb-bombardier-challenger-604-2026-08-16-2e5f09dd?id=ADHUHR,https://villiers.ai/empty-legs/khou-mrlb-bombardier-challenger-604-2026-08-16-2e5f09dd?id=ADHUHR,"Fri, 07 Aug 2026 14:24:20 GMT",2026-08-16T08:17:01+00:00
https://villiers.ai/empty-legs/khpn-khou-aircraft-2026-08-16-e4ad63b8?id=ADHUHR,active,unchanged,2026-08-14T14:17:02+00:00,2026-08-16T08:17:01+00:00,,"Private Jet | Westchester County Airport → William P. Hobby Airport | $14,835",,Private Jet,KHPN - Westchester County Airport,KHPN,HPN,Westchester County Airport,White Plains,US,KHOU - William P. Hobby Airport,KHOU,HOU,William P Hobby Airport,Houston,US,16 August 2026,2026-08-16,12:00,15:10,3h 10m,"$14,835",14835,USD,$,7,https://villiers.ai/empty-legs/khpn-khou-aircraft-2026-08-16-e4ad63b8?id=ADHUHR,https://villiers.ai/empty-legs/khpn-khou-aircraft-2026-08-16-e4ad63b8?id=ADHUHR,https://villiers.ai/empty-legs/khpn-khou-aircraft-2026-08-16-e4ad63b8?id=ADHUHR,"Fri, 14 Aug 2026 14:01:13 GMT",2026-08-16T08:17:01+00:00
https://villiers.ai/empty-legs/kiwa-klas-cessna-citation-ultra-2026-08-16-a06678b0?id=ADHUHR,active,unchanged,2026-08-15T14:17:02+00:00,2026-08-16T08:17:01+00:00,,"Cessna Citation Ultra | Mesa Gateway Airport → Harry Reid International Airport | $3,870",,Cessna Citation Ultra,KIWA - Mesa Gateway Airport,KIWA,AZA,Mesa Gateway Airport,Phoenix,US,KLAS - Harry Reid International Airport,KLAS,LAS,Harry Reid International Airport,Las Vegas,US,16 August 2026,2026-08-16,12:00,13:00,1h 1m,"$3,870",3870,USD,$,7,https://villiers.ai/empty-legs/kiwa-klas-cessna-citation-ultra-2026-08-16-a06678b0?id=ADHUHR,https://villiers.ai/empty-legs/kiwa-klas-cessna-citation-ultra-2026-08-16-a06678b0?id=ADHUHR,https://villiers.ai/empty-legs/kiwa-klas-cessna-citation-ultra-2026-08-16-a06678b0?id=ADHUHR,"Sat, 15 Aug 2026 14:13:13 GMT",2026-08-16T08:17:01+00:00
https://villiers.ai/empty-legs/kopf-mrlb-2026-08-16?id=ADHUHR,active,unchanged,2026-08-05T22:38:36+00:00,2026-08-16T08:17:01+00:00,,"Bombardier Challenger 604 | Miami-Opa Locka Executive Airport → Guanacaste Airport | $20,425",,Bombardier Challenger 604,KOPF - Miami-Opa Locka Executive Airport,KOPF,OPF,Miami-Opa Locka Executive Airport,Miami,US,MRLB - Guanacaste Airport,MRLB,LIR,Daniel Oduber Quiros International Airport,Liberia,CR,16 August 2026,2026-08-16,12:00,14:33,2h 33m,"$20,425",20425,USD,$,10,https://villiers.ai/empty-legs/kopf-mrlb-2026-08-16?id=ADHUHR,https://villiers.ai/empty-legs/kopf-mrlb-2026-08-16?id=ADHUHR,https://villiers.ai/empty-legs/kopf-mrlb-2026-08-16?id=ADHUHR,"Tue, 14 Jul 2026 14:09:12 GMT",2026-08-16T08:17:01+00:00
https://villiers.ai/empty-legs/kdal-khou-cessna-citation-v-2026-08-17-9858d958?id=ADHUHR,active,unchanged,2026-08-10T14:17:01+00:00,2026-08-16T08:17:01+00:00,,"Cessna Citation V | Dallas Love Field → William P. Hobby Airport | $2,795",,Cessna Citation V,KDAL - Dallas Love Field,KDAL,DAL,Dallas Love Field,Dallas,US,KHOU - William P. Hobby Airport,KHOU,HOU,William P Hobby Airport,Houston,US,17 August 2026,2026-08-17,12:00,12:56,57m,"$2,795",2795,USD,$,7,https://villiers.ai/empty-legs/kdal-khou-cessna-citation-v-2026-08-17-9858d958?id=ADHUHR,https://villiers.ai/empty-legs/kdal-khou-cessna-citation-v-2026-08-17-9858d958?id=ADHUHR,https://villiers.ai/empty-legs/kdal-khou-cessna-citation-v-2026-08-17-9858d958?id=ADHUHR,"Mon, 10 Aug 2026 14:06:58 GMT",2026-08-16T08:17:01+00:00
https://villiers.ai/empty-legs/kege-khou-pilatus-pc-12-ng-2026-08-17-ddc85f70?id=ADHUHR,active,unchanged,2026-08-15T14:17:02+00:00,2026-08-16T08:17:01+00:00,,"Pilatus PC 12 NG | Eagle County Regional Airport → William P. Hobby Airport | $7,740",,Pilatus PC 12 NG,KEGE - Eagle County Regional Airport,KEGE,EGE,Eagle County Regional Airport,Eagle,US,KHOU - William P. Hobby Airport,KHOU,HOU,William P Hobby Airport,Houston,US,17 August 2026,2026-08-17,12:00,14:15,2h 16m,"$7,740",7740,USD,$,7,https://villiers.ai/empty-legs/kege-khou-pilatus-pc-12-ng-2026-08-17-ddc85f70?id=ADHUHR,https://villiers.ai/empty-legs/kege-khou-pilatus-pc-12-ng-2026-08-17-ddc85f70?id=ADHUHR,https://villiers.ai/empty-legs/kege-khou-pilatus-pc-12-ng-2026-08-17-ddc85f70?id=ADHUHR,"Sat, 15 Aug 2026 14:13:14 GMT",2026-08-16T08:17:01+00:00
https://villiers.ai/empty-legs/kggg-kcha-gulfstream-g280-2026-08-17-59ee49f7?id=ADHUHR,active,unchanged,2026-08-08T00:17:02+00:00,2026-08-16T08:17:01+00:00,,"Gulfstream G280 | East Texas Regional Airport → Chattanooga Metropolitan Airport (Lovell Field) | $10,213",,Gulfstream G280,KGGG - East Texas Regional Airport,KGGG,GGG,East Texas Regional Airport,Longview,US,KCHA - Chattanooga Metropolitan Airport (Lovell Field),KCHA,CHA,Lovell Field,Chattanooga,US,17 August 2026,2026-08-17,12:00,13:33,1h 34m,"$10,213",10213,USD,$,10,https://villiers.ai/empty-legs/kggg-kcha-gulfstream-g280-2026-08-17-59ee49f7?id=ADHUHR,https://villiers.ai/empty-legs/kggg-kcha-gulfstream-g280-2026-08-17-59ee49f7?id=ADHUHR,https://villiers.ai/empty-legs/kggg-kcha-gulfstream-g280-2026-08-17-59ee49f7?id=ADHUHR,"Fri, 07 Aug 2026 14:24:20 GMT",2026-08-16T08:17:01+00:00
https://villiers.ai/empty-legs/khou-kggg-gulfstream-g280-2026-08-17-11f4e05d?id=ADHUHR,active,unchanged,2026-08-08T00:17:02+00:00,2026-08-16T08:17:01+00:00,,"Gulfstream G280 | William P. Hobby Airport → East Texas Regional Airport | $4,730",,Gulfstream G280,KHOU - William P. Hobby Airport,KHOU,HOU,William P Hobby Airport,Houston,US,KGGG - East Texas Regional Airport,KGGG,GGG,East Texas Regional Airport,Longview,US,17 August 2026,2026-08-17,12:00,12:51,51m,"$4,730",4730,USD,$,10,https://villiers.ai/empty-legs/khou-kggg-gulfstream-g280-2026-08-17-11f4e05d?id=ADHUHR,https://villiers.ai/empty-legs/khou-kggg-gulfstream-g280-2026-08-17-11f4e05d?id=ADHUHR,https://villiers.ai/empty-legs/khou-kggg-gulfstream-g280-2026-08-17-11f4e05d?id=ADHUHR,"Fri, 07 Aug 2026 14:24:20 GMT",2026-08-16T08:17:01+00:00
https://villiers.ai/empty-legs/khou-klwb-cessna-citation-ultra-2026-08-17-77278b4c?id=ADHUHR,active,unchanged,2026-08-11T15:17:01+00:00,2026-08-16T08:17:01+00:00,,"Cessna Citation Ultra | William P. Hobby Airport → Greenbrier Valley Airport | $8,278",,Cessna Citation Ultra,KHOU - William P. Hobby Airport,KHOU,HOU,William P Hobby Airport,Houston,US,KLWB - Greenbrier Valley Airport,KLWB,LWB,Greenbrier Valley Airport,Lewisburg,US,17 August 2026,2026-08-17,12:00,14:23,2h 24m,"$8,278",8278,USD,$,7,https://villiers.ai/empty-legs/khou-klwb-cessna-citation-ultra-2026-08-17-77278b4c?id=ADHUHR,https://villiers.ai/empty-legs/khou-klwb-cessna-citation-ultra-2026-08-17-77278b4c?id=ADHUHR,https://villiers.ai/empty-legs/khou-klwb-cessna-citation-ultra-2026-08-17-77278b4c?id=ADHUHR,"Tue, 11 Aug 2026 14:47:20 GMT",2026-08-16T08:17:01+00:00
https://villiers.ai/empty-legs/ksus-khou-cessna-citation-v-2026-08-17-c6702922?id=ADHUHR,active,unchanged,2026-08-12T14:47:01+00:00,2026-08-16T08:17:01+00:00,,"Cessna Citation V | Spirit of St Louis Airport → William P. Hobby Airport | $7,633",,Cessna Citation V,KSUS - Spirit of St Louis Airport,KSUS,SUS,Spirit Of St Louis Airport,St Louis,US,KHOU - William P. Hobby Airport,KHOU,HOU,William P Hobby Airport,Houston,US,17 August 2026,2026-08-17,12:00,13:45,1h 45m,"$7,633",7633,USD,$,7,https://villiers.ai/empty-legs/ksus-khou-cessna-citation-v-2026-08-17-c6702922?id=ADHUHR,https://villiers.ai/empty-legs/ksus-khou-cessna-citation-v-2026-08-17-c6702922?id=ADHUHR,https://villiers.ai/empty-legs/ksus-khou-cessna-citation-v-2026-08-17-c6702922?id=ADHUHR,"Wed, 12 Aug 2026 14:28:14 GMT",2026-08-16T08:17:01+00:00
https://villiers.ai/empty-legs/ktul-khou-cessna-citation-ultra-2026-08-17-f9e212a5?id=ADHUHR,active,unchanged,2026-08-11T15:17:01+00:00,2026-08-16T08:17:01+00:00,,"Cessna Citation Ultra | Tulsa International Airport → William P. Hobby Airport | $4,515",,Cessna Citation Ultra,KTUL - Tulsa International Airport,KTUL,TUL,Tulsa International Airport,Tulsa,US,KHOU - William P. Hobby Airport,KHOU,HOU,William P Hobby Airport,Houston,US,17 August 2026,2026-08-17,12:00,13:20,1h 20m,"$4,515",4515,USD,$,7,https://villiers.ai/empty-legs/ktul-khou-cessna-citation-ultra-2026-08-17-f9e212a5?id=ADHUHR,https://villiers.ai/empty-legs/ktul-khou-cessna-citation-ultra-2026-08-17-f9e212a5?id=ADHUHR,https://villiers.ai/empty-legs/ktul-khou-cessna-citation-ultra-2026-08-17-f9e212a5?id=ADHUHR,"Tue, 11 Aug 2026 14:47:20 GMT",2026-08-16T08:17:01+00:00
https://villiers.ai/empty-legs/ktul-klwb-aircraft-2026-08-17-af360b2f?id=ADHUHR,active,unchanged,2026-08-14T14:17:02+00:00,2026-08-16T08:17:01+00:00,,"Private Jet | Tulsa International Airport → Greenbrier Valley Airport | $6,880",,Private Jet,KTUL - Tulsa International Airport,KTUL,TUL,Tulsa International Airport,Tulsa,US,KLWB - Greenbrier Valley Airport,KLWB,LWB,Greenbrier Valley Airport,Lewisburg,US,17 August 2026,2026-08-17,12:00,14:05,2h 6m,"$6,880",6880,USD,$,7,https://villiers.ai/empty-legs/ktul-klwb-aircraft-2026-08-17-af360b2f?id=ADHUHR,https://villiers.ai/empty-legs/ktul-klwb-aircraft-2026-08-17-af360b2f?id=ADHUHR,https://villiers.ai/empty-legs/ktul-klwb-aircraft-2026-08-17-af360b2f?id=ADHUHR,"Fri, 14 Aug 2026 14:01:13 GMT",2026-08-16T08:17:01+00:00
https://villiers.ai/empty-legs/kdal-ksgr-cessna-citation-ultra-2026-08-18-b7477327?id=ADHUHR,active,unchanged,2026-08-11T15:17:01+00:00,2026-08-16T08:17:01+00:00,,"Cessna Citation Ultra | Dallas Love Field → Sugar Land Regional Airport | $2,795",,Cessna Citation Ultra,KDAL - Dallas Love Field,KDAL,DAL,Dallas Love Field,Dallas,US,KSGR - Sugar Land Regional Airport,KSGR,SGR,Sugar Land Regional Airport,Houston,US,18 August 2026,2026-08-18,12:00,12:55,56m,"$2,795",2795,USD,$,7,https://villiers.ai/empty-legs/kdal-ksgr-cessna-citation-ultra-2026-08-18-b7477327?id=ADHUHR,https://villiers.ai/empty-legs/kdal-ksgr-cessna-citation-ultra-2026-08-18-b7477327?id=ADHUHR,https://villiers.ai/empty-legs/kdal-ksgr-cessna-citation-ultra-2026-08-18-b7477327?id=ADHUHR,"Tue, 11 Aug 2026 14:47:20 GMT",2026-08-16T08:17:01+00:00
https://villiers.ai/empty-legs/kege-khou-2026-08-18?id=ADHUHR,active,unchanged,2026-08-05T22:38:36+00:00,2026-08-16T08:17:01+00:00,,"Pilatus PC 12 NG | Eagle County Regional Airport → William P. Hobby Airport | $7,740",,Pilatus PC 12 NG,KEGE - Eagle County Regional Airport,KEGE,EGE,Eagle County Regional Airport,Eagle,US,KHOU - William P. Hobby Airport,KHOU,HOU,William P Hobby Airport,Houston,US,18 August 2026,2026-08-18,12:00,14:15,2h 16m,"$7,740",7740,USD,$,7,https://villiers.ai/empty-legs/kege-khou-2026-08-18?id=ADHUHR,https://villiers.ai/empty-legs/kege-khou-2026-08-18?id=ADHUHR,https://villiers.ai/empty-legs/kege-khou-2026-08-18?id=ADHUHR,"Thu, 30 Jul 2026 02:41:56 GMT",2026-08-16T08:17:01+00:00
https://villiers.ai/empty-legs/eggw-lowk-citation-cj2-2026-08-20-921b97ad?id=ADHUHR,active,unchanged,2026-08-08T00:17:02+00:00,2026-08-16T08:17:01+00:00,,"Citation CJ2 | London Luton Airport → Klagenfurt Airport | £7,418",,Citation CJ2,EGGW - London Luton Airport,EGGW,LTN,London Luton Airport,London,GB,LOWK - Klagenfurt Airport,LOWK,KLU,Klagenfurt Airport,Klagenfurt am Worthersee,AT,20 August 2026,2026-08-20,12:00,13:53,1h 54m,"£7,418",7418,GBP,£,6,https://villiers.ai/empty-legs/eggw-lowk-citation-cj2-2026-08-20-921b97ad?id=ADHUHR,https://villiers.ai/empty-legs/eggw-lowk-citation-cj2-2026-08-20-921b97ad?id=ADHUHR,https://villiers.ai/empty-legs/eggw-lowk-citation-cj2-2026-08-20-921b97ad?id=ADHUHR,"Fri, 07 Aug 2026 18:00:57 GMT",2026-08-16T08:17:01+00:00
https://villiers.ai/empty-legs/egkb-lowk-2026-08-20?id=ADHUHR,active,unchanged,2026-08-05T22:38:36+00:00,2026-08-16T08:17:01+00:00,,"Citation CJ2 | Biggin Hill Airport → Klagenfurt Airport | £7,418",,Citation CJ2,EGKB - Biggin Hill Airport,EGKB,BQH,London Biggin Hill Airport,London,GB,LOWK - Klagenfurt Airport,LOWK,KLU,Klagenfurt Airport,Klagenfurt am Worthersee,AT,20 August 2026,2026-08-20,12:00,13:50,1h 50m,"£7,418",7418,GBP,£,6,https://villiers.ai/empty-legs/egkb-lowk-2026-08-20?id=ADHUHR,https://villiers.ai/empty-legs/egkb-lowk-2026-08-20?id=ADHUHR,https://villiers.ai/empty-legs/egkb-lowk-2026-08-20?id=ADHUHR,"Fri, 10 Jul 2026 18:21:55 GMT",2026-08-16T08:17:01+00:00
https://villiers.ai/empty-legs/kdal-kege-cessna-citation-ultra-2026-08-20-7e335bca?id=ADHUHR,active,unchanged,2026-08-15T14:17:02+00:00,2026-08-16T08:17:01+00:00,,"Cessna Citation Ultra | Dallas Love Field → Eagle County Regional Airport | $9,568",,Cessna Citation Ultra,KDAL - Dallas Love Field,KDAL,DAL,Dallas Love Field,Dallas,US,KEGE - Eagle County Regional Airport,KEGE,EGE,Eagle County Regional Airport,Eagle,US,20 August 2026,2026-08-20,12:00,13:51,1h 51m,"$9,568",9568,USD,$,7,https://villiers.ai/empty-legs/kdal-kege-cessna-citation-ultra-2026-08-20-7e335bca?id=ADHUHR,https://villiers.ai/empty-legs/kdal-kege-cessna-citation-ultra-2026-08-20-7e335bca?id=ADHUHR,https://villiers.ai/empty-legs/kdal-kege-cessna-citation-ultra-2026-08-20-7e335bca?id=ADHUHR,"Sat, 15 Aug 2026 14:13:14 GMT",2026-08-16T08:17:01+00:00
https://villiers.ai/empty-legs/khou-kaus-aircraft-2026-08-20-50c0e2aa?id=ADHUHR,active,unchanged,2026-08-14T14:17:02+00:00,2026-08-16T08:17:01+00:00,,"Private Jet | William P. Hobby Airport → Austin Bergstrom International Airport | $2,473",,Private Jet,KHOU - William P. Hobby Airport,KHOU,HOU,William P Hobby Airport,Houston,US,KAUS - Austin Bergstrom International Airport,KAUS,AUS,Austin-Bergstrom International Airport,Austin,US,20 August 2026,2026-08-20,12:00,12:46,46m,"$2,473",2473,USD,$,7,https://villiers.ai/empty-legs/khou-kaus-aircraft-2026-08-20-50c0e2aa?id=ADHUHR,https://villiers.ai/empty-legs/khou-kaus-aircraft-2026-08-20-50c0e2aa?id=ADHUHR,https://villiers.ai/empty-legs/khou-kaus-aircraft-2026-08-20-50c0e2aa?id=ADHUHR,"Fri, 14 Aug 2026 14:01:13 GMT",2026-08-16T08:17:01+00:00
https://villiers.ai/empty-legs/kdal-khou-cessna-citation-ultra-2026-08-21-3f1f50de?id=ADHUHR,active,unchanged,2026-08-08T14:17:02+00:00,2026-08-16T08:17:01+00:00,,"Cessna Citation Ultra | Dallas Love Field → William P. Hobby Airport | $2,795",,Cessna Citation Ultra,KDAL - Dallas Love Field,KDAL,DAL,Dallas Love Field,Dallas,US,KHOU - William P. Hobby Airport,KHOU,HOU,William P Hobby Airport,Houston,US,21 August 2026,2026-08-21,12:00,12:56,57m,"$2,795",2795,USD,$,7,https://villiers.ai/empty-legs/kdal-khou-cessna-citation-ultra-2026-08-21-3f1f50de?id=ADHUHR,https://villiers.ai/empty-legs/kdal-khou-cessna-citation-ultra-2026-08-21-3f1f50de?id=ADHUHR,https://villiers.ai/empty-legs/kdal-khou-cessna-citation-ultra-2026-08-21-3f1f50de?id=ADHUHR,"Sat, 08 Aug 2026 14:08:44 GMT",2026-08-16T08:17:01+00:00
https://villiers.ai/empty-legs/khou-kaus-2026-08-21?id=ADHUHR,active,unchanged,2026-08-05T22:38:36+00:00,2026-08-16T08:17:01+00:00,,"Bombardier Challenger 300 | William P. Hobby Airport → Austin Bergstrom International Airport | $6,450",,Bombardier Challenger 300,KHOU - William P. Hobby Airport,KHOU,HOU,William P Hobby Airport,Houston,US,KAUS - Austin Bergstrom International Airport,KAUS,AUS,Austin-Bergstrom International Airport,Austin,US,21 August 2026,2026-08-21,12:00,12:46,46m,"$6,450",6450,USD,$,9,https://villiers.ai/empty-legs/khou-kaus-2026-08-21?id=ADHUHR,https://villiers.ai/empty-legs/khou-kaus-2026-08-21?id=ADHUHR,https://villiers.ai/empty-legs/khou-kaus-2026-08-21?id=ADHUHR,"Wed, 05 Aug 2026 15:25:58 GMT",2026-08-16T08:17:01+00:00
https://villiers.ai/empty-legs/kaus-khou-aircraft-2026-08-22-047bb634?id=ADHUHR,active,unchanged,2026-08-14T14:17:02+00:00,2026-08-16T08:17:01+00:00,,"Private Jet | Austin Bergstrom International Airport → William P. Hobby Airport | $2,150",,Private Jet,KAUS - Austin Bergstrom International Airport,KAUS,AUS,Austin-Bergstrom International Airport,Austin,US,KHOU - William P. Hobby Airport,KHOU,HOU,William P Hobby Airport,Houston,US,22 August 2026,2026-08-22,12:00,12:46,46m,"$2,150",2150,USD,$,7,https://villiers.ai/empty-legs/kaus-khou-aircraft-2026-08-22-047bb634?id=ADHUHR,https://villiers.ai/empty-legs/kaus-khou-aircraft-2026-08-22-047bb634?id=ADHUHR,https://villiers.ai/empty-legs/kaus-khou-aircraft-2026-08-22-047bb634?id=ADHUHR,"Fri, 14 Aug 2026 14:01:13 GMT",2026-08-16T08:17:01+00:00
https://villiers.ai/empty-legs/kftw-khou-pilatus-pc-12-ng-2026-08-23-b4c2b97e?id=ADHUHR,active,unchanged,2026-08-15T14:17:02+00:00,2026-08-16T08:17:01+00:00,,"Pilatus PC 12 NG | Fort Worth Meacham International Airport → William P. Hobby Airport | $2,795",,Pilatus PC 12 NG,KFTW - Fort Worth Meacham International Airport,KFTW,FTW,Fort Worth Meacham International Airport,Fort Worth,US,KHOU - William P. Hobby Airport,KHOU,HOU,William P Hobby Airport,Houston,US,23 August 2026,2026-08-23,12:00,12:57,58m,"$2,795",2795,USD,$,7,https://villiers.ai/empty-legs/kftw-khou-pilatus-pc-12-ng-2026-08-23-b4c2b97e?id=ADHUHR,https://villiers.ai/empty-legs/kftw-khou-pilatus-pc-12-ng-2026-08-23-b4c2b97e?id=ADHUHR,https://villiers.ai/empty-legs/kftw-khou-pilatus-pc-12-ng-2026-08-23-b4c2b97e?id=ADHUHR,"Sat, 15 Aug 2026 14:13:14 GMT",2026-08-16T08:17:01+00:00
https://villiers.ai/empty-legs/khou-kege-2026-08-23?id=ADHUHR,active,unchanged,2026-08-05T22:38:36+00:00,2026-08-16T08:17:01+00:00,,"Pilatus PC 12 NG | William P. Hobby Airport → Eagle County Regional Airport | $10,535",,Pilatus PC 12 NG,KHOU - William P. Hobby Airport,KHOU,HOU,William P Hobby Airport,Houston,US,KEGE - Eagle County Regional Airport,KEGE,EGE,Eagle County Regional Airport,Eagle,US,23 August 2026,2026-08-23,12:00,14:15,2h 16m,"$10,535",10535,USD,$,7,https://villiers.ai/empty-legs/khou-kege-2026-08-23?id=ADHUHR,https://villiers.ai/empty-legs/khou-kege-2026-08-23?id=ADHUHR,https://villiers.ai/empty-legs/khou-kege-2026-08-23?id=ADHUHR,"Thu, 30 Jul 2026 02:41:56 GMT",2026-08-16T08:17:01+00:00
https://villiers.ai/empty-legs/kaus-kbna-bombardier-challenger-300-2026-08-24-e860e8a3?id=ADHUHR,active,unchanged,2026-08-08T00:17:02+00:00,2026-08-16T08:17:01+00:00,,"Bombardier Challenger 300 | Austin Bergstrom International Airport → Nashville International Airport | $11,825",,Bombardier Challenger 300,KAUS - Austin Bergstrom International Airport,KAUS,AUS,Austin-Bergstrom International Airport,Austin,US,KBNA - Nashville International Airport,KBNA,BNA,Nashville International Airport,Nashville,US,24 August 2026,2026-08-24,12:00,13:53,1h 54m,"$11,825",11825,USD,$,9,https://villiers.ai/empty-legs/kaus-kbna-bombardier-challenger-300-2026-08-24-e860e8a3?id=ADHUHR,https://villiers.ai/empty-legs/kaus-kbna-bombardier-challenger-300-2026-08-24-e860e8a3?id=ADHUHR,https://villiers.ai/empty-legs/kaus-kbna-bombardier-challenger-300-2026-08-24-e860e8a3?id=ADHUHR,"Fri, 07 Aug 2026 14:24:20 GMT",2026-08-16T08:17:01+00:00
https://villiers.ai/empty-legs/kaus-khou-2026-08-24?id=ADHUHR,active,unchanged,2026-08-05T22:38:36+00:00,2026-08-16T08:17:01+00:00,,"Bombardier Challenger 300 | Austin Bergstrom International Airport → William P. Hobby Airport | $6,450",,Bombardier Challenger 300,KAUS - Austin Bergstrom International Airport,KAUS,AUS,Austin-Bergstrom International Airport,Austin,US,KHOU - William P. Hobby Airport,KHOU,HOU,William P Hobby Airport,Houston,US,24 August 2026,2026-08-24,12:00,12:46,46m,"$6,450",6450,USD,$,9,https://villiers.ai/empty-legs/kaus-khou-2026-08-24?id=ADHUHR,https://villiers.ai/empty-legs/kaus-khou-2026-08-24?id=ADHUHR,https://villiers.ai/empty-legs/kaus-khou-2026-08-24?id=ADHUHR,"Wed, 05 Aug 2026 15:25:58 GMT",2026-08-16T08:17:01+00:00
https://villiers.ai/empty-legs/khou-kbna-2026-08-24?id=ADHUHR,active,unchanged,2026-08-05T22:38:36+00:00,2026-08-16T08:17:01+00:00,,"Gulfstream G280 | William P. Hobby Airport → Nashville International Airport | $11,073",,Gulfstream G280,KHOU - William P. Hobby Airport,KHOU,HOU,William P Hobby Airport,Houston,US,KBNA - Nashville International Airport,KBNA,BNA,Nashville International Airport,Nashville,US,24 August 2026,2026-08-24,12:00,13:44,1h 44m,"$11,073",11073,USD,$,10,https://villiers.ai/empty-legs/khou-kbna-2026-08-24?id=ADHUHR,https://villiers.ai/empty-legs/khou-kbna-2026-08-24?id=ADHUHR,https://villiers.ai/empty-legs/khou-kbna-2026-08-24?id=ADHUHR,"Thu, 30 Jul 2026 02:41:56 GMT",2026-08-16T08:17:01+00:00
https://villiers.ai/empty-legs/khou-kege-pilatus-pc-12-ng-2026-08-24-f79c43de?id=ADHUHR,active,unchanged,2026-08-11T15:17:01+00:00,2026-08-16T08:17:01+00:00,,"Pilatus PC-12 NG | William P. Hobby Airport → Eagle County Regional Airport | $10,535",,Pilatus PC-12 NG,KHOU - William P. Hobby Airport,KHOU,HOU,William P Hobby Airport,Houston,US,KEGE - Eagle County Regional Airport,KEGE,EGE,Eagle County Regional Airport,Eagle,US,24 August 2026,2026-08-24,12:00,14:15,2h 16m,"$10,535",10535,USD,$,7,https://villiers.ai/empty-legs/khou-kege-pilatus-pc-12-ng-2026-08-24-f79c43de?id=ADHUHR,https://villiers.ai/empty-legs/khou-kege-pilatus-pc-12-ng-2026-08-24-f79c43de?id=ADHUHR,https://villiers.ai/empty-legs/khou-kege-pilatus-pc-12-ng-2026-08-24-f79c43de?id=ADHUHR,"Tue, 11 Aug 2026 14:47:21 GMT",2026-08-16T08:17:01+00:00
https://villiers.ai/empty-legs/kdal-khou-aircraft-2026-08-25-e1796a85?id=ADHUHR,active,unchanged,2026-08-14T14:17:02+00:00,2026-08-16T08:17:01+00:00,,"Private Jet | Dallas Love Field → William P. Hobby Airport | $2,795",,Private Jet,KDAL - Dallas Love Field,KDAL,DAL,Dallas Love Field,Dallas,US,KHOU - William P. Hobby Airport,KHOU,HOU,William P Hobby Airport,Houston,US,25 August 2026,2026-08-25,12:00,12:56,57m,"$2,795",2795,USD,$,7,https://villiers.ai/empty-legs/kdal-khou-aircraft-2026-08-25-e1796a85?id=ADHUHR,https://villiers.ai/empty-legs/kdal-khou-aircraft-2026-08-25-e1796a85?id=ADHUHR,https://villiers.ai/empty-legs/kdal-khou-aircraft-2026-08-25-e1796a85?id=ADHUHR,"Fri, 14 Aug 2026 14:01:13 GMT",2026-08-16T08:17:01+00:00
https://villiers.ai/empty-legs/kdal-mrlb-2026-08-25?id=ADHUHR,active,unchanged,2026-08-05T22:38:36+00:00,2026-08-16T08:17:01+00:00,,"Bombardier Challenger 604 | Dallas Love Field → Guanacaste Airport | $23,220",,Bombardier Challenger 604,KDAL - Dallas Love Field,KDAL,DAL,Dallas Love Field,Dallas,US,MRLB - Guanacaste Airport,MRLB,LIR,Daniel Oduber Quiros International Airport,Liberia,CR,25 August 2026,2026-08-25,12:00,15:38,3h 38m,"$23,220",23220,USD,$,10,https://villiers.ai/empty-legs/kdal-mrlb-2026-08-25?id=ADHUHR,https://villiers.ai/empty-legs/kdal-mrlb-2026-08-25?id=ADHUHR,https://villiers.ai/empty-legs/kdal-mrlb-2026-08-25?id=ADHUHR,"Tue, 07 Jul 2026 13:58:53 GMT",2026-08-16T08:17:01+00:00
https://villiers.ai/empty-legs/khou-kftw-2026-08-27?id=ADHUHR,active,unchanged,2026-08-05T22:38:36+00:00,2026-08-16T08:17:01+00:00,,"Bombardier Challenger 604 | William P. Hobby Airport → Fort Worth Meacham International Airport | $7,095",,Bombardier Challenger 604,KHOU - William P. Hobby Airport,KHOU,HOU,William P Hobby Airport,Houston,US,KFTW - Fort Worth Meacham International Airport,KFTW,FTW,Fort Worth Meacham International Airport,Fort Worth,US,27 August 2026,2026-08-27,12:00,12:57,58m,"$7,095",7095,USD,$,10,https://villiers.ai/empty-legs/khou-kftw-2026-08-27?id=ADHUHR,https://villiers.ai/empty-legs/khou-kftw-2026-08-27?id=ADHUHR,https://villiers.ai/empty-legs/khou-kftw-2026-08-27?id=ADHUHR,"Wed, 15 Jul 2026 14:20:14 GMT",2026-08-16T08:17:01+00:00
https://villiers.ai/empty-legs/kftw-khou-2026-08-28?id=ADHUHR,active,unchanged,2026-08-05T22:38:36+00:00,2026-08-16T08:17:01+00:00,,"Bombardier Challenger 604 | Fort Worth Meacham International Airport → William P. Hobby Airport | $6,343",,Bombardier Challenger 604,KFTW - Fort Worth Meacham International Airport,KFTW,FTW,Fort Worth Meacham International Airport,Fort Worth,US,KHOU - William P. Hobby Airport,KHOU,HOU,William P Hobby Airport,Houston,US,28 August 2026,2026-08-28,12:00,12:57,58m,"$6,343",6343,USD,$,10,https://villiers.ai/empty-legs/kftw-khou-2026-08-28?id=ADHUHR,https://villiers.ai/empty-legs/kftw-khou-2026-08-28?id=ADHUHR,https://villiers.ai/empty-legs/kftw-khou-2026-08-28?id=ADHUHR,"Thu, 30 Jul 2026 14:21:38 GMT",2026-08-16T08:17:01+00:00
https://villiers.ai/empty-legs/kpne-kfok-cessna-citation-ultra-2026-08-28-257926c1?id=ADHUHR,active,unchanged,2026-08-08T00:17:02+00:00,2026-08-16T08:17:01+00:00,,"Cessna Citation Ultra | Northeast Philadelphia Airport → Francis S Gabreski Airport | $1,720",,Cessna Citation Ultra,KPNE - Northeast Philadelphia Airport,KPNE,PNE,Northeast Philadelphia Airport,Philadelphia,US,KFOK - Francis S Gabreski Airport,KFOK,FOK,Francis S Gabreski Airport,Westhampton Beach,US,28 August 2026,2026-08-28,12:00,12:45,45m,"$1,720",1720,USD,$,7,https://villiers.ai/empty-legs/kpne-kfok-cessna-citation-ultra-2026-08-28-257926c1?id=ADHUHR,https://villiers.ai/empty-legs/kpne-kfok-cessna-citation-ultra-2026-08-28-257926c1?id=ADHUHR,https://villiers.ai/empty-legs/kpne-kfok-cessna-citation-ultra-2026-08-28-257926c1?id=ADHUHR,"Fri, 07 Aug 2026 14:24:20 GMT",2026-08-16T08:17:01+00:00
https://villiers.ai/empty-legs/eggw-lepa-aircraft-2026-08-29-ae88811f?id=ADHUHR,active,unchanged,2026-08-14T18:47:02+00:00,2026-08-16T08:17:01+00:00,,"Private Jet | London Luton Airport → Palma de Mallorca Airport | £10,213",,Private Jet,EGGW - London Luton Airport,EGGW,LTN,London Luton Airport,London,GB,LEPA - Palma de Mallorca Airport,LEPA,PMI,Palma De Mallorca Airport,Palma De Mallorca,ES,29 August 2026,2026-08-29,12:00,14:05,2h 6m,"£10,213",10213,GBP,£,6,https://villiers.ai/empty-legs/eggw-lepa-aircraft-2026-08-29-ae88811f?id=ADHUHR,https://villiers.ai/empty-legs/eggw-lepa-aircraft-2026-08-29-ae88811f?id=ADHUHR,https://villiers.ai/empty-legs/eggw-lepa-aircraft-2026-08-29-ae88811f?id=ADHUHR,"Fri, 14 Aug 2026 18:19:45 GMT",2026-08-16T08:17:01+00:00
https://villiers.ai/empty-legs/eglf-leib-aircraft-2026-08-29-1f2e01e6?id=ADHUHR,active,unchanged,2026-08-14T18:47:02+00:00,2026-08-16T08:17:01+00:00,,"Private Jet | Farnborough Airport → Ibiza Airport | £15,910",,Private Jet,EGLF - Farnborough Airport,EGLF,FAB,Farnborough Airport,Farnborough,GB,LEIB - Ibiza Airport,LEIB,IBZ,Ibiza Airport,Ibiza,ES,29 August 2026,2026-08-29,12:00,14:05,2h 6m,"£15,910",15910,GBP,£,9,https://villiers.ai/empty-legs/eglf-leib-aircraft-2026-08-29-1f2e01e6?id=ADHUHR,https://villiers.ai/empty-legs/eglf-leib-aircraft-2026-08-29-1f2e01e6?id=ADHUHR,https://villiers.ai/empty-legs/eglf-leib-aircraft-2026-08-29-1f2e01e6?id=ADHUHR,"Fri, 14 Aug 2026 18:19:45 GMT",2026-08-16T08:17:01+00:00
https://villiers.ai/empty-legs/eglf-lfpb-2026-08-30?id=ADHUHR,active,unchanged,2026-08-05T22:38:36+00:00,2026-08-16T08:17:01+00:00,,"Citation XLS+ | Farnborough Airport → Paris Le Bourget Airport | £10,213",,Citation XLS+,EGLF - Farnborough Airport,EGLF,FAB,Farnborough Airport,Farnborough,GB,LFPB - Paris Le Bourget Airport,LFPB,LBG,Paris-Le Bourget Airport,Paris,FR,30 August 2026,2026-08-30,12:00,12:53,54m,"£10,213",10213,GBP,£,7,https://villiers.ai/empty-legs/eglf-lfpb-2026-08-30?id=ADHUHR,https://villiers.ai/empty-legs/eglf-lfpb-2026-08-30?id=ADHUHR,https://villiers.ai/empty-legs/eglf-lfpb-2026-08-30?id=ADHUHR,"Fri, 17 Jul 2026 22:25:16 GMT",2026-08-16T08:17:01+00:00
https://villiers.ai/empty-legs/kfok-kpne-cessna-citation-ultra-2026-08-30-c0176eaf?id=ADHUHR,active,unchanged,2026-08-08T00:17:02+00:00,2026-08-16T08:17:01+00:00,,"Cessna Citation Ultra | Francis S Gabreski Airport → Northeast Philadelphia Airport | $2,473",,Cessna Citation Ultra,KFOK - Francis S Gabreski Airport,KFOK,FOK,Francis S Gabreski Airport,Westhampton Beach,US,KPNE - Northeast Philadelphia Airport,KPNE,PNE,Northeast Philadelphia Airport,Philadelphia,US,30 August 2026,2026-08-30,12:00,12:45,45m,"$2,473",2473,USD,$,7,https://villiers.ai/empty-legs/kfok-kpne-cessna-citation-ultra-2026-08-30-c0176eaf?id=ADHUHR,https://villiers.ai/empty-legs/kfok-kpne-cessna-citation-ultra-2026-08-30-c0176eaf?id=ADHUHR,https://villiers.ai/empty-legs/kfok-kpne-cessna-citation-ultra-2026-08-30-c0176eaf?id=ADHUHR,"Fri, 07 Aug 2026 14:24:21 GMT",2026-08-16T08:17:01+00:00
https://villiers.ai/empty-legs/ksbm-kmyj-pilatus-pc-12-ng-2026-08-30-d6ddd487?id=ADHUHR,active,unchanged,2026-08-15T14:17:02+00:00,2026-08-16T08:17:01+00:00,,"Pilatus PC 12 NG | Sheboygan County Memorial Airport → Mexico Memorial Airport | $5,375",,Pilatus PC 12 NG,KSBM - Sheboygan County Memorial Airport,KSBM,SBM,Sheboygan County Memorial International Airport,Sheboygan,US,KMYJ - Mexico Memorial Airport,KMYJ,,Mexico Memorial Airport,Mexico,US,30 August 2026,2026-08-30,12:00,13:12,1h 12m,"$5,375",5375,USD,$,7,https://villiers.ai/empty-legs/ksbm-kmyj-pilatus-pc-12-ng-2026-08-30-d6ddd487?id=ADHUHR,https://villiers.ai/empty-legs/ksbm-kmyj-pilatus-pc-12-ng-2026-08-30-d6ddd487?id=ADHUHR,https://villiers.ai/empty-legs/ksbm-kmyj-pilatus-pc-12-ng-2026-08-30-d6ddd487?id=ADHUHR,"Sat, 15 Aug 2026 14:13:15 GMT",2026-08-16T08:17:01+00:00
https://villiers.ai/empty-legs/ktvc-ksbm-pilatus-pc-12-ng-2026-08-30-d21f52ff?id=ADHUHR,active,unchanged,2026-08-15T14:17:02+00:00,2026-08-16T08:17:01+00:00,,"Pilatus PC 12 NG | Cherry Capital Airport → Sheboygan County Memorial Airport | $3,010",,Pilatus PC 12 NG,KTVC - Cherry Capital Airport,KTVC,TVC,Cherry Capital Airport,Traverse City,US,KSBM - Sheboygan County Memorial Airport,KSBM,SBM,Sheboygan County Memorial International Airport,Sheboygan,US,30 August 2026,2026-08-30,12:00,12:44,45m,"$3,010",3010,USD,$,7,https://villiers.ai/empty-legs/ktvc-ksbm-pilatus-pc-12-ng-2026-08-30-d21f52ff?id=ADHUHR,https://villiers.ai/empty-legs/ktvc-ksbm-pilatus-pc-12-ng-2026-08-30-d21f52ff?id=ADHUHR,https://villiers.ai/empty-legs/ktvc-ksbm-pilatus-pc-12-ng-2026-08-30-d21f52ff?id=ADHUHR,"Sat, 15 Aug 2026 14:13:15 GMT",2026-08-16T08:17:01+00:00
https://villiers.ai/empty-legs/eggw-lszh-aircraft-2026-09-02-a3efb61d?id=ADHUHR,active,unchanged,2026-08-14T18:47:02+00:00,2026-08-16T08:17:01+00:00,,"Private Jet | London Luton Airport → Zürich Airport | £7,418",,Private Jet,EGGW - London Luton Airport,EGGW,LTN,London Luton Airport,London,GB,LSZH - Zürich Airport,LSZH,ZRH,Zurich Airport,Zurich,CH,02 September 2026,2026-09-02,12:00,13:25,1h 26m,"£7,418",7418,GBP,£,6,https://villiers.ai/empty-legs/eggw-lszh-aircraft-2026-09-02-a3efb61d?id=ADHUHR,https://villiers.ai/empty-legs/eggw-lszh-aircraft-2026-09-02-a3efb61d?id=ADHUHR,https://villiers.ai/empty-legs/eggw-lszh-aircraft-2026-09-02-a3efb61d?id=ADHUHR,"Fri, 14 Aug 2026 18:19:45 GMT",2026-08-16T08:17:01+00:00
https://villiers.ai/empty-legs/kaus-khou-pilatus-pc-12-ng-2026-09-02-441f07d4?id=ADHUHR,active,unchanged,2026-08-08T00:17:02+00:00,2026-08-16T08:17:01+00:00,,"Pilatus PC-12 NG | Austin Bergstrom International Airport → William P. Hobby Airport | $1,720",,Pilatus PC-12 NG,KAUS - Austin Bergstrom International Airport,KAUS,AUS,Austin-Bergstrom International Airport,Austin,US,KHOU - William P. Hobby Airport,KHOU,HOU,William P Hobby Airport,Houston,US,02 September 2026,2026-09-02,12:00,12:46,46m,"$1,720",1720,USD,$,7,https://villiers.ai/empty-legs/kaus-khou-pilatus-pc-12-ng-2026-09-02-441f07d4?id=ADHUHR,https://villiers.ai/empty-legs/kaus-khou-pilatus-pc-12-ng-2026-09-02-441f07d4?id=ADHUHR,https://villiers.ai/empty-legs/kaus-khou-pilatus-pc-12-ng-2026-09-02-441f07d4?id=ADHUHR,"Fri, 07 Aug 2026 14:24:21 GMT",2026-08-16T08:17:01+00:00
https://villiers.ai/empty-legs/eggw-lfbo-aircraft-2026-09-03-41ddde01?id=ADHUHR,active,unchanged,2026-08-14T18:47:02+00:00,2026-08-16T08:17:01+00:00,,"Private Jet | London Luton Airport → Toulouse-Blagnac Airport | £12,578",,Private Jet,EGGW - London Luton Airport,EGGW,LTN,London Luton Airport,London,GB,LFBO - Toulouse-Blagnac Airport,LFBO,TLS,Toulouse-Blagnac Airport,Toulouse/Blagnac,FR,03 September 2026,2026-09-03,12:00,13:33,1h 34m,"£12,578",12578,GBP,£,6,https://villiers.ai/empty-legs/eggw-lfbo-aircraft-2026-09-03-41ddde01?id=ADHUHR,https://villiers.ai/empty-legs/eggw-lfbo-aircraft-2026-09-03-41ddde01?id=ADHUHR,https://villiers.ai/empty-legs/eggw-lfbo-aircraft-2026-09-03-41ddde01?id=ADHUHR,"Fri, 14 Aug 2026 18:19:45 GMT",2026-08-16T08:17:01+00:00
https://villiers.ai/empty-legs/khou-kgtu-aircraft-2026-09-04-8b9a3416?id=ADHUHR,active,unchanged,2026-08-14T14:17:02+00:00,2026-08-16T08:17:01+00:00,,"Private Jet | William P. Hobby Airport → Georgetown Executive Airport at Johnny Gantt Field | $2,795",,Private Jet,KHOU - William P. Hobby Airport,KHOU,HOU,William P Hobby Airport,Houston,US,KGTU - Georgetown Executive Airport at Johnny Gantt Field,KGTU,,Georgetown Executive Airport,Georgetown,US,04 September 2026,2026-09-04,12:00,12:47,48m,"$2,795",2795,USD,$,7,https://villiers.ai/empty-legs/khou-kgtu-aircraft-2026-09-04-8b9a3416?id=ADHUHR,https://villiers.ai/empty-legs/khou-kgtu-aircraft-2026-09-04-8b9a3416?id=ADHUHR,https://villiers.ai/empty-legs/khou-kgtu-aircraft-2026-09-04-8b9a3416?id=ADHUHR,"Fri, 14 Aug 2026 14:01:13 GMT",2026-08-16T08:17:01+00:00
https://villiers.ai/empty-legs/kmdw-kopf-2026-09-04?id=ADHUHR,active,unchanged,2026-08-05T22:38:36+00:00,2026-08-16T08:17:01+00:00,,"Bombardier Challenger 300 | Chicago Midway International Airport → Miami-Opa Locka Executive Airport | $15,840",,Bombardier Challenger 300,KMDW - Chicago Midway International Airport,KMDW,MDW,Chicago Midway International Airport,Chicago,US,KOPF - Miami-Opa Locka Executive Airport,KOPF,OPF,Miami-Opa Locka Executive Airport,Miami,US,04 September 2026,2026-09-04,12:00,14:40,2h 41m,"$15,840",15840,USD,$,9,https://villiers.ai/empty-legs/kmdw-kopf-2026-09-04?id=ADHUHR,https://villiers.ai/empty-legs/kmdw-kopf-2026-09-04?id=ADHUHR,https://villiers.ai/empty-legs/kmdw-kopf-2026-09-04?id=ADHUHR,"Sat, 06 Jun 2026 23:56:41 GMT",2026-08-16T08:17:01+00:00
https://villiers.ai/empty-legs/kpil-khou-2026-09-04?id=ADHUHR,active,unchanged,2026-08-05T22:38:36+00:00,2026-08-16T08:17:01+00:00,,"Pilatus PC-12 NG | Port Isabel Cameron County Airport → William P. Hobby Airport | $2,860",,Pilatus PC-12 NG,KPIL - Port Isabel Cameron County Airport,KPIL,,Cameron County Airport,Port Isabel,US,KHOU - William P. Hobby Airport,KHOU,HOU,William P Hobby Airport,Houston,US,04 September 2026,2026-09-04,12:00,13:00,1h 0m,"$2,860",2860,USD,$,7,https://villiers.ai/empty-legs/kpil-khou-2026-09-04?id=ADHUHR,https://villiers.ai/empty-legs/kpil-khou-2026-09-04?id=ADHUHR,https://villiers.ai/empty-legs/kpil-khou-2026-09-04?id=ADHUHR,"Tue, 09 Jun 2026 06:25:29 GMT",2026-08-16T08:17:01+00:00
https://villiers.ai/empty-legs/kpil-kiws-2026-09-04?id=ADHUHR,active,unchanged,2026-08-05T22:38:36+00:00,2026-08-16T08:17:01+00:00,,"Pilatus PC 12 NG | Port Isabel Cameron County Airport → West Houston Airport | $2,860",,Pilatus PC 12 NG,KPIL - Port Isabel Cameron County Airport,KPIL,,Cameron County Airport,Port Isabel,US,KIWS - West Houston Airport,KIWS,IWS,West Houston Airport,Houston,US,04 September 2026,2026-09-04,12:00,13:00,1h 0m,"$2,860",2860,USD,$,7,https://villiers.ai/empty-legs/kpil-kiws-2026-09-04?id=ADHUHR,https://villiers.ai/empty-legs/kpil-kiws-2026-09-04?id=ADHUHR,https://villiers.ai/empty-legs/kpil-kiws-2026-09-04?id=ADHUHR,"Tue, 24 Mar 2026 12:35:16 GMT",2026-08-16T08:17:01+00:00
https://villiers.ai/empty-legs/kxna-khou-aircraft-2026-09-05-21018cde?id=ADHUHR,active,unchanged,2026-08-14T14:17:02+00:00,2026-08-16T08:17:01+00:00,,"Private Jet | Northwest Arkansas National Airport → William P. Hobby Airport | $5,590",,Private Jet,KXNA - Northwest Arkansas National Airport,KXNA,XNA,Northwest Arkansas Ntl Airport,Fayetteville/Springdale/Rogers,US,KHOU - William P. Hobby Airport,KHOU,HOU,William P Hobby Airport,Houston,US,05 September 2026,2026-09-05,12:00,13:21,1h 21m,"$5,590",5590,USD,$,7,https://villiers.ai/empty-legs/kxna-khou-aircraft-2026-09-05-21018cde?id=ADHUHR,https://villiers.ai/empty-legs/kxna-khou-aircraft-2026-09-05-21018cde?id=ADHUHR,https://villiers.ai/empty-legs/kxna-khou-aircraft-2026-09-05-21018cde?id=ADHUHR,"Fri, 14 Aug 2026 14:01:13 GMT",2026-08-16T08:17:01+00:00
https://villiers.ai/empty-legs/khou-kftw-2026-09-08?id=ADHUHR,active,unchanged,2026-08-05T22:38:36+00:00,2026-08-16T08:17:01+00:00,,"Cessna Citation V | William P. Hobby Airport → Fort Worth Meacham International Airport | $3,440",,Cessna Citation V,KHOU - William P. Hobby Airport,KHOU,HOU,William P Hobby Airport,Houston,US,KFTW - Fort Worth Meacham International Airport,KFTW,FTW,Fort Worth Meacham International Airport,Fort Worth,US,08 September 2026,2026-09-08,12:00,12:57,58m,"$3,440",3440,USD,$,7,https://villiers.ai/empty-legs/khou-kftw-2026-09-08?id=ADHUHR,https://villiers.ai/empty-legs/khou-kftw-2026-09-08?id=ADHUHR,https://villiers.ai/empty-legs/khou-kftw-2026-09-08?id=ADHUHR,"Thu, 30 Jul 2026 02:41:57 GMT",2026-08-16T08:17:01+00:00
https://villiers.ai/empty-legs/kopf-kmdw-2026-09-08?id=ADHUHR,active,unchanged,2026-08-05T22:38:36+00:00,2026-08-16T08:17:01+00:00,,"Bombardier Challenger 300 | Miami-Opa Locka Executive Airport → Chicago Midway International Airport | $16,500",,Bombardier Challenger 300,KOPF - Miami-Opa Locka Executive Airport,KOPF,OPF,Miami-Opa Locka Executive Airport,Miami,US,KMDW - Chicago Midway International Airport,KMDW,MDW,Chicago Midway International Airport,Chicago,US,08 September 2026,2026-09-08,12:00,14:40,2h 41m,"$16,500",16500,USD,$,9,https://villiers.ai/empty-legs/kopf-kmdw-2026-09-08?id=ADHUHR,https://villiers.ai/empty-legs/kopf-kmdw-2026-09-08?id=ADHUHR,https://villiers.ai/empty-legs/kopf-kmdw-2026-09-08?id=ADHUHR,"Sat, 06 Jun 2026 23:56:41 GMT",2026-08-16T08:17:01+00:00
https://villiers.ai/empty-legs/kiws-kpil-2026-09-10?id=ADHUHR,active,unchanged,2026-08-05T22:38:36+00:00,2026-08-16T08:17:01+00:00,,"Pilatus PC 12 NG | West Houston Airport → Port Isabel Cameron County Airport | $3,520",,Pilatus PC 12 NG,KIWS - West Houston Airport,KIWS,IWS,West Houston Airport,Houston,US,KPIL - Port Isabel Cameron County Airport,KPIL,,Cameron County Airport,Port Isabel,US,10 September 2026,2026-09-10,12:00,13:00,1h 0m,"$3,520",3520,USD,$,7,https://villiers.ai/empty-legs/kiws-kpil-2026-09-10?id=ADHUHR,https://villiers.ai/empty-legs/kiws-kpil-2026-09-10?id=ADHUHR,https://villiers.ai/empty-legs/kiws-kpil-2026-09-10?id=ADHUHR,"Tue, 24 Mar 2026 12:35:16 GMT",2026-08-16T08:17:01+00:00
https://villiers.ai/empty-legs/kftw-khou-2026-09-11?id=ADHUHR,active,unchanged,2026-08-05T22:38:36+00:00,2026-08-16T08:17:01+00:00,,"Cessna Citation V | Fort Worth Meacham International Airport → William P. Hobby Airport | $3,118",,Cessna Citation V,KFTW - Fort Worth Meacham International Airport,KFTW,FTW,Fort Worth Meacham International Airport,Fort Worth,US,KHOU - William P. Hobby Airport,KHOU,HOU,William P Hobby Airport,Houston,US,11 September 2026,2026-09-11,12:00,12:57,58m,"$3,118",3118,USD,$,7,https://villiers.ai/empty-legs/kftw-khou-2026-09-11?id=ADHUHR,https://villiers.ai/empty-legs/kftw-khou-2026-09-11?id=ADHUHR,https://villiers.ai/empty-legs/kftw-khou-2026-09-11?id=ADHUHR,"Thu, 30 Jul 2026 02:41:57 GMT",2026-08-16T08:17:01+00:00
https://villiers.ai/empty-legs/kaus-khou-cessna-citation-v-2026-09-12-112f0f48?id=ADHUHR,active,unchanged,2026-08-10T14:17:01+00:00,2026-08-16T08:17:01+00:00,,"Cessna Citation V | Austin Bergstrom International Airport → William P. Hobby Airport | $2,150",,Cessna Citation V,KAUS - Austin Bergstrom International Airport,KAUS,AUS,Austin-Bergstrom International Airport,Austin,US,KHOU - William P. Hobby Airport,KHOU,HOU,William P Hobby Airport,Houston,US,12 September 2026,2026-09-12,12:00,12:46,46m,"$2,150",2150,USD,$,7,https://villiers.ai/empty-legs/kaus-khou-cessna-citation-v-2026-09-12-112f0f48?id=ADHUHR,https://villiers.ai/empty-legs/kaus-khou-cessna-citation-v-2026-09-12-112f0f48?id=ADHUHR,https://villiers.ai/empty-legs/kaus-khou-cessna-citation-v-2026-09-12-112f0f48?id=ADHUHR,"Mon, 10 Aug 2026 14:06:59 GMT",2026-08-16T08:17:01+00:00
https://villiers.ai/empty-legs/eglf-lsgs-aircraft-2026-09-13-cbdbce82?id=ADHUHR,active,unchanged,2026-08-14T18:47:02+00:00,2026-08-16T08:17:01+00:00,,"Private Jet | Farnborough Airport → Sion Airport | £8,493",,Private Jet,EGLF - Farnborough Airport,EGLF,FAB,Farnborough Airport,Farnborough,GB,LSGS - Sion Airport,LSGS,SIR,Sion Airport,Sion,CH,13 September 2026,2026-09-13,12:00,13:26,1h 26m,"£8,493",8493,GBP,£,7,https://villiers.ai/empty-legs/eglf-lsgs-aircraft-2026-09-13-cbdbce82?id=ADHUHR,https://villiers.ai/empty-legs/eglf-lsgs-aircraft-2026-09-13-cbdbce82?id=ADHUHR,https://villiers.ai/empty-legs/eglf-lsgs-aircraft-2026-09-13-cbdbce82?id=ADHUHR,"Fri, 14 Aug 2026 18:19:46 GMT",2026-08-16T08:17:01+00:00
https://villiers.ai/empty-legs/eggw-lepa-aircraft-2026-09-14-47a7f05f?id=ADHUHR,active,unchanged,2026-08-14T18:47:02+00:00,2026-08-16T08:17:01+00:00,,"Private Jet | London Luton Airport → Palma de Mallorca Airport | £10,965",,Private Jet,EGGW - London Luton Airport,EGGW,LTN,London Luton Airport,London,GB,LEPA - Palma de Mallorca Airport,LEPA,PMI,Palma De Mallorca Airport,Palma De Mallorca,ES,14 September 2026,2026-09-14,12:00,14:05,2h 6m,"£10,965",10965,GBP,£,7,https://villiers.ai/empty-legs/eggw-lepa-aircraft-2026-09-14-47a7f05f?id=ADHUHR,https://villiers.ai/empty-legs/eggw-lepa-aircraft-2026-09-14-47a7f05f?id=ADHUHR,https://villiers.ai/empty-legs/eggw-lepa-aircraft-2026-09-14-47a7f05f?id=ADHUHR,"Fri, 14 Aug 2026 18:19:46 GMT",2026-08-16T08:17:01+00:00
https://villiers.ai/empty-legs/egkb-lepa-hawker-400xp-2026-09-14-924d9f46?id=ADHUHR,active,unchanged,2026-08-09T00:17:02+00:00,2026-08-16T08:17:01+00:00,,"Hawker 400XP | Biggin Hill Airport → Palma de Mallorca Airport | £10,965",,Hawker 400XP,EGKB - Biggin Hill Airport,EGKB,BQH,London Biggin Hill Airport,London,GB,LEPA - Palma de Mallorca Airport,LEPA,PMI,Palma De Mallorca Airport,Palma De Mallorca,ES,14 September 2026,2026-09-14,12:00,14:01,2h 1m,"£10,965",10965,GBP,£,7,https://villiers.ai/empty-legs/egkb-lepa-hawker-400xp-2026-09-14-924d9f46?id=ADHUHR,https://villiers.ai/empty-legs/egkb-lepa-hawker-400xp-2026-09-14-924d9f46?id=ADHUHR,https://villiers.ai/empty-legs/egkb-lepa-hawker-400xp-2026-09-14-924d9f46?id=ADHUHR,"Fri, 07 Aug 2026 18:00:57 GMT",2026-08-16T08:17:01+00:00
https://villiers.ai/empty-legs/eggw-lfpb-aircraft-2026-09-22-64acf40b?id=ADHUHR,active,unchanged,2026-08-14T18:47:02+00:00,2026-08-16T08:17:01+00:00,,"Private Jet | London Luton Airport → Paris Le Bourget Airport | £10,213",,Private Jet,EGGW - London Luton Airport,EGGW,LTN,London Luton Airport,London,GB,LFPB - Paris Le Bourget Airport,LFPB,LBG,Paris-Le Bourget Airport,Paris,FR,22 September 2026,2026-09-22,12:00,12:56,56m,"£10,213",10213,GBP,£,10,https://villiers.ai/empty-legs/eggw-lfpb-aircraft-2026-09-22-64acf40b?id=ADHUHR,https://villiers.ai/empty-legs/eggw-lfpb-aircraft-2026-09-22-64acf40b?id=ADHUHR,https://villiers.ai/empty-legs/eggw-lfpb-aircraft-2026-09-22-64acf40b?id=ADHUHR,"Fri, 14 Aug 2026 18:19:46 GMT",2026-08-16T08:17:01+00:00
https://villiers.ai/empty-legs/khou-kdal-bombardier-challenger-604-2026-10-11-30ae8b95?id=ADHUHR,active,unchanged,2026-08-09T00:17:02+00:00,2026-08-16T08:17:01+00:00,,"Bombardier Challenger 604 | William P. Hobby Airport → Dallas Love Field | $6,343",,Bombardier Challenger 604,KHOU - William P. Hobby Airport,KHOU,HOU,William P Hobby Airport,Houston,US,KDAL - Dallas Love Field,KDAL,DAL,Dallas Love Field,Dallas,US,11 October 2026,2026-10-11,12:00,12:56,57m,"$6,343",6343,USD,$,10,https://villiers.ai/empty-legs/khou-kdal-bombardier-challenger-604-2026-10-11-30ae8b95?id=ADHUHR,https://villiers.ai/empty-legs/khou-kdal-bombardier-challenger-604-2026-10-11-30ae8b95?id=ADHUHR,https://villiers.ai/empty-legs/khou-kdal-bombardier-challenger-604-2026-10-11-30ae8b95?id=ADHUHR,"Fri, 07 Aug 2026 14:24:21 GMT",2026-08-16T08:17:01+00:00
https://villiers.ai/empty-legs/kuox-khou-2026-10-15?id=ADHUHR,active,unchanged,2026-08-05T22:38:36+00:00,2026-08-16T08:17:01+00:00,,"Cessna Citation V | University Oxford Airport → William P. Hobby Airport | $5,590",,Cessna Citation V,KUOX - University Oxford Airport,KUOX,UOX,University-Oxford Airport,Oxford,US,KHOU - William P. Hobby Airport,KHOU,HOU,William P Hobby Airport,Houston,US,15 October 2026,2026-10-15,12:00,13:22,1h 22m,"$5,590",5590,USD,$,7,https://villiers.ai/empty-legs/kuox-khou-2026-10-15?id=ADHUHR,https://villiers.ai/empty-legs/kuox-khou-2026-10-15?id=ADHUHR,https://villiers.ai/empty-legs/kuox-khou-2026-10-15?id=ADHUHR,"Mon, 27 Jul 2026 17:11:47 GMT",2026-08-16T08:17:01+00:00
https://villiers.ai/empty-legs/khou-kuox-2026-10-18?id=ADHUHR,active,unchanged,2026-08-05T22:38:36+00:00,2026-08-16T08:17:01+00:00,,"Cessna Citation V | William P. Hobby Airport → University Oxford Airport | $4,515",,Cessna Citation V,KHOU - William P. Hobby Airport,KHOU,HOU,William P Hobby Airport,Houston,US,KUOX - University Oxford Airport,KUOX,UOX,University-Oxford Airport,Oxford,US,18 October 2026,2026-10-18,12:00,13:22,1h 22m,"$4,515",4515,USD,$,7,https://villiers.ai/empty-legs/khou-kuox-2026-10-18?id=ADHUHR,https://villiers.ai/empty-legs/khou-kuox-2026-10-18?id=ADHUHR,https://villiers.ai/empty-legs/khou-kuox-2026-10-18?id=ADHUHR,"Mon, 27 Jul 2026 17:11:47 GMT",2026-08-16T08:17:01+00:00
https://villiers.ai/empty-legs/khpn-kesn-2026-10-18?id=ADHUHR,active,unchanged,2026-08-05T22:38:36+00:00,2026-08-16T08:17:01+00:00,,"Cessna Citation Excel | Westchester County Airport → Easton Airport / Newnam Field | $4,408",,Cessna Citation Excel,KHPN - Westchester County Airport,KHPN,HPN,Westchester County Airport,White Plains,US,KESN - Easton Airport / Newnam Field,KESN,ESN,Easton/Newnam Field,Easton,US,18 October 2026,2026-10-18,12:00,12:52,52m,"$4,408",4408,USD,$,9,https://villiers.ai/empty-legs/khpn-kesn-2026-10-18?id=ADHUHR,https://villiers.ai/empty-legs/khpn-kesn-2026-10-18?id=ADHUHR,https://villiers.ai/empty-legs/khpn-kesn-2026-10-18?id=ADHUHR,"Thu, 16 Jul 2026 14:21:55 GMT",2026-08-16T08:17:01+00:00
https://villiers.ai/empty-legs/kuox-khou-2026-10-29?id=ADHUHR,active,unchanged,2026-08-05T22:38:36+00:00,2026-08-16T08:17:01+00:00,,"Cessna Citation V | University Oxford Airport → William P. Hobby Airport | $5,590",,Cessna Citation V,KUOX - University Oxford Airport,KUOX,UOX,University-Oxford Airport,Oxford,US,KHOU - William P. Hobby Airport,KHOU,HOU,William P Hobby Airport,Houston,US,29 October 2026,2026-10-29,12:00,13:22,1h 22m,"$5,590",5590,USD,$,7,https://villiers.ai/empty-legs/kuox-khou-2026-10-29?id=ADHUHR,https://villiers.ai/empty-legs/kuox-khou-2026-10-29?id=ADHUHR,https://villiers.ai/empty-legs/kuox-khou-2026-10-29?id=ADHUHR,"Mon, 27 Jul 2026 17:11:47 GMT",2026-08-16T08:17:01+00:00
https://villiers.ai/empty-legs/khou-kuox-2026-11-01?id=ADHUHR,active,unchanged,2026-08-05T22:38:36+00:00,2026-08-16T08:17:01+00:00,,"Cessna Citation V | William P. Hobby Airport → University Oxford Airport | $4,515",,Cessna Citation V,KHOU - William P. Hobby Airport,KHOU,HOU,William P Hobby Airport,Houston,US,KUOX - University Oxford Airport,KUOX,UOX,University-Oxford Airport,Oxford,US,01 November 2026,2026-11-01,12:00,13:22,1h 22m,"$4,515",4515,USD,$,7,https://villiers.ai/empty-legs/khou-kuox-2026-11-01?id=ADHUHR,https://villiers.ai/empty-legs/khou-kuox-2026-11-01?id=ADHUHR,https://villiers.ai/empty-legs/khou-kuox-2026-11-01?id=ADHUHR,"Tue, 28 Jul 2026 14:22:35 GMT",2026-08-16T08:17:01+00:00
https://villiers.ai/empty-legs/kuox-khou-2026-11-05?id=ADHUHR,active,unchanged,2026-08-05T22:38:36+00:00,2026-08-16T08:17:01+00:00,,"Cessna Citation Ultra | University Oxford Airport → William P. Hobby Airport | $5,160",,Cessna Citation Ultra,KUOX - University Oxford Airport,KUOX,UOX,University-Oxford Airport,Oxford,US,KHOU - William P. Hobby Airport,KHOU,HOU,William P Hobby Airport,Houston,US,05 November 2026,2026-11-05,12:00,13:22,1h 22m,"$5,160",5160,USD,$,7,https://villiers.ai/empty-legs/kuox-khou-2026-11-05?id=ADHUHR,https://villiers.ai/empty-legs/kuox-khou-2026-11-05?id=ADHUHR,https://villiers.ai/empty-legs/kuox-khou-2026-11-05?id=ADHUHR,"Sat, 01 Aug 2026 14:40:08 GMT",2026-08-16T08:17:01+00:00
https://villiers.ai/empty-legs/kiws-kdal-2026-11-07?id=ADHUHR,active,unchanged,2026-08-05T22:38:36+00:00,2026-08-16T08:17:01+00:00,,"Pilatus PC 12 NG | West Houston Airport → Dallas Love Field | $2,580",,Pilatus PC 12 NG,KIWS - West Houston Airport,KIWS,IWS,West Houston Airport,Houston,US,KDAL - Dallas Love Field,KDAL,DAL,Dallas Love Field,Dallas,US,07 November 2026,2026-11-07,12:00,12:54,54m,"$2,580",2580,USD,$,7,https://villiers.ai/empty-legs/kiws-kdal-2026-11-07?id=ADHUHR,https://villiers.ai/empty-legs/kiws-kdal-2026-11-07?id=ADHUHR,https://villiers.ai/empty-legs/kiws-kdal-2026-11-07?id=ADHUHR,"Tue, 14 Jul 2026 14:09:12 GMT",2026-08-16T08:17:01+00:00
https://villiers.ai/empty-legs/kdal-kiws-2026-11-08?id=ADHUHR,active,unchanged,2026-08-05T22:38:36+00:00,2026-08-16T08:17:01+00:00,,"Pilatus PC 12 NG | Dallas Love Field → West Houston Airport | $2,580",,Pilatus PC 12 NG,KDAL - Dallas Love Field,KDAL,DAL,Dallas Love Field,Dallas,US,KIWS - West Houston Airport,KIWS,IWS,West Houston Airport,Houston,US,08 November 2026,2026-11-08,12:00,12:54,54m,"$2,580",2580,USD,$,7,https://villiers.ai/empty-legs/kdal-kiws-2026-11-08?id=ADHUHR,https://villiers.ai/empty-legs/kdal-kiws-2026-11-08?id=ADHUHR,https://villiers.ai/empty-legs/kdal-kiws-2026-11-08?id=ADHUHR,"Tue, 14 Jul 2026 14:09:12 GMT",2026-08-16T08:17:01+00:00
https://villiers.ai/empty-legs/khou-kuox-2026-11-08?id=ADHUHR,active,unchanged,2026-08-05T22:38:36+00:00,2026-08-16T08:17:01+00:00,,"Cessna Citation Ultra | William P. Hobby Airport → University Oxford Airport | $4,515",,Cessna Citation Ultra,KHOU - William P. Hobby Airport,KHOU,HOU,William P Hobby Airport,Houston,US,KUOX - University Oxford Airport,KUOX,UOX,University-Oxford Airport,Oxford,US,08 November 2026,2026-11-08,12:00,13:22,1h 22m,"$4,515",4515,USD,$,7,https://villiers.ai/empty-legs/khou-kuox-2026-11-08?id=ADHUHR,https://villiers.ai/empty-legs/khou-kuox-2026-11-08?id=ADHUHR,https://villiers.ai/empty-legs/khou-kuox-2026-11-08?id=ADHUHR,"Mon, 27 Jul 2026 17:11:47 GMT",2026-08-16T08:17:01+00:00
https://villiers.ai/empty-legs/kdal-khou-2026-11-13?id=ADHUHR,active,unchanged,2026-08-05T22:38:36+00:00,2026-08-16T08:17:01+00:00,,"Cessna Citation Ultra | Dallas Love Field → William P. Hobby Airport | $2,860",,Cessna Citation Ultra,KDAL - Dallas Love Field,KDAL,DAL,Dallas Love Field,Dallas,US,KHOU - William P. Hobby Airport,KHOU,HOU,William P Hobby Airport,Houston,US,13 November 2026,2026-11-13,12:00,12:56,57m,"$2,860",2860,USD,$,7,https://villiers.ai/empty-legs/kdal-khou-2026-11-13?id=ADHUHR,https://villiers.ai/empty-legs/kdal-khou-2026-11-13?id=ADHUHR,https://villiers.ai/empty-legs/kdal-khou-2026-11-13?id=ADHUHR,"Mon, 01 Jun 2026 18:31:08 GMT",2026-08-16T08:17:01+00:00
https://villiers.ai/empty-legs/kiws-kaus-2026-11-13?id=ADHUHR,active,unchanged,2026-08-05T22:38:36+00:00,2026-08-16T08:17:01+00:00,,"Pilatus PC-12 NG | West Houston Airport → Austin Bergstrom International Airport | $1,980",,Pilatus PC-12 NG,KIWS - West Houston Airport,KIWS,IWS,West Houston Airport,Houston,US,KAUS - Austin Bergstrom International Airport,KAUS,AUS,Austin-Bergstrom International Airport,Austin,US,13 November 2026,2026-11-13,12:00,12:43,44m,"$1,980",1980,USD,$,7,https://villiers.ai/empty-legs/kiws-kaus-2026-11-13?id=ADHUHR,https://villiers.ai/empty-legs/kiws-kaus-2026-11-13?id=ADHUHR,https://villiers.ai/empty-legs/kiws-kaus-2026-11-13?id=ADHUHR,"Tue, 09 Jun 2026 06:25:30 GMT",2026-08-16T08:17:01+00:00
https://villiers.ai/empty-legs/kiws-kdal-2026-11-13?id=ADHUHR,active,unchanged,2026-08-05T22:38:36+00:00,2026-08-16T08:17:01+00:00,,"Pilatus PC-12 NG | West Houston Airport → Dallas Love Field | $2,640",,Pilatus PC-12 NG,KIWS - West Houston Airport,KIWS,IWS,West Houston Airport,Houston,US,KDAL - Dallas Love Field,KDAL,DAL,Dallas Love Field,Dallas,US,13 November 2026,2026-11-13,12:00,12:54,54m,"$2,640",2640,USD,$,7,https://villiers.ai/empty-legs/kiws-kdal-2026-11-13?id=ADHUHR,https://villiers.ai/empty-legs/kiws-kdal-2026-11-13?id=ADHUHR,https://villiers.ai/empty-legs/kiws-kdal-2026-11-13?id=ADHUHR,"Tue, 19 May 2026 09:06:09 GMT",2026-08-16T08:17:01+00:00
https://villiers.ai/empty-legs/kaus-kiws-2026-11-15?id=ADHUHR,active,unchanged,2026-08-05T22:38:36+00:00,2026-08-16T08:17:01+00:00,,"Pilatus PC-12 NG | Austin Bergstrom International Airport → West Houston Airport | $1,540",,Pilatus PC-12 NG,KAUS - Austin Bergstrom International Airport,KAUS,AUS,Austin-Bergstrom International Airport,Austin,US,KIWS - West Houston Airport,KIWS,IWS,West Houston Airport,Houston,US,15 November 2026,2026-11-15,12:00,12:43,44m,"$1,540",1540,USD,$,7,https://villiers.ai/empty-legs/kaus-kiws-2026-11-15?id=ADHUHR,https://villiers.ai/empty-legs/kaus-kiws-2026-11-15?id=ADHUHR,https://villiers.ai/empty-legs/kaus-kiws-2026-11-15?id=ADHUHR,"Tue, 09 Jun 2026 06:25:30 GMT",2026-08-16T08:17:01+00:00
https://villiers.ai/empty-legs/kdal-kiws-2026-11-15?id=ADHUHR,active,unchanged,2026-08-05T22:38:36+00:00,2026-08-16T08:17:01+00:00,,"Pilatus PC-12 NG | Dallas Love Field → West Houston Airport | $2,640",,Pilatus PC-12 NG,KDAL - Dallas Love Field,KDAL,DAL,Dallas Love Field,Dallas,US,KIWS - West Houston Airport,KIWS,IWS,West Houston Airport,Houston,US,15 November 2026,2026-11-15,12:00,12:54,54m,"$2,640",2640,USD,$,7,https://villiers.ai/empty-legs/kdal-kiws-2026-11-15?id=ADHUHR,https://villiers.ai/empty-legs/kdal-kiws-2026-11-15?id=ADHUHR,https://villiers.ai/empty-legs/kdal-kiws-2026-11-15?id=ADHUHR,"Tue, 19 May 2026 09:06:10 GMT",2026-08-16T08:17:01+00:00
https://villiers.ai/empty-legs/khou-kdal-2026-11-16?id=ADHUHR,active,unchanged,2026-08-05T22:38:36+00:00,2026-08-16T08:17:01+00:00,,"Cessna Citation Ultra | William P. Hobby Airport → Dallas Love Field | $3,190",,Cessna Citation Ultra,KHOU - William P. Hobby Airport,KHOU,HOU,William P Hobby Airport,Houston,US,KDAL - Dallas Love Field,KDAL,DAL,Dallas Love Field,Dallas,US,16 November 2026,2026-11-16,12:00,12:56,57m,"$3,190",3190,USD,$,7,https://villiers.ai/empty-legs/khou-kdal-2026-11-16?id=ADHUHR,https://villiers.ai/empty-legs/khou-kdal-2026-11-16?id=ADHUHR,https://villiers.ai/empty-legs/khou-kdal-2026-11-16?id=ADHUHR,"Mon, 01 Jun 2026 18:31:08 GMT",2026-08-16T08:17:01+00:00
https://villiers.ai/empty-legs/kdal-khou-2026-11-18?id=ADHUHR,active,unchanged,2026-08-05T22:38:36+00:00,2026-08-16T08:17:01+00:00,,"Bombardier Challenger 300 | Dallas Love Field → William P. Hobby Airport | $4,620",,Bombardier Challenger 300,KDAL - Dallas Love Field,KDAL,DAL,Dallas Love Field,Dallas,US,KHOU - William P. Hobby Airport,KHOU,HOU,William P Hobby Airport,Houston,US,18 November 2026,2026-11-18,12:00,12:56,57m,"$4,620",4620,USD,$,9,https://villiers.ai/empty-legs/kdal-khou-2026-11-18?id=ADHUHR,https://villiers.ai/empty-legs/kdal-khou-2026-11-18?id=ADHUHR,https://villiers.ai/empty-legs/kdal-khou-2026-11-18?id=ADHUHR,"Mon, 23 Mar 2026 12:11:29 GMT",2026-08-16T08:17:01+00:00
https://villiers.ai/empty-legs/ksba-klas-2026-11-18?id=ADHUHR,active,unchanged,2026-08-05T22:38:36+00:00,2026-08-16T08:17:01+00:00,,"Bombardier Challenger 300 | Santa Barbara Municipal Airport → Harry Reid International Airport | $5,280",,Bombardier Challenger 300,KSBA - Santa Barbara Municipal Airport,KSBA,SBA,Santa Barbara Municipal Airport,Santa Barbara,US,KLAS - Harry Reid International Airport,KLAS,LAS,Harry Reid International Airport,Las Vegas,US,18 November 2026,2026-11-18,12:00,13:01,1h 2m,"$5,280",5280,USD,$,9,https://villiers.ai/empty-legs/ksba-klas-2026-11-18?id=ADHUHR,https://villiers.ai/empty-legs/ksba-klas-2026-11-18?id=ADHUHR,https://villiers.ai/empty-legs/ksba-klas-2026-11-18?id=ADHUHR,"Wed, 25 Mar 2026 13:10:39 GMT",2026-08-16T08:17:01+00:00
https://villiers.ai/empty-legs/klas-ksba-2026-11-27?id=ADHUHR,active,unchanged,2026-08-05T22:38:36+00:00,2026-08-16T08:17:01+00:00,,"Bombardier Challenger 300 | Harry Reid International Airport → Santa Barbara Municipal Airport | $5,940",,Bombardier Challenger 300,KLAS - Harry Reid International Airport,KLAS,LAS,Harry Reid International Airport,Las Vegas,US,KSBA - Santa Barbara Municipal Airport,KSBA,SBA,Santa Barbara Municipal Airport,Santa Barbara,US,27 November 2026,2026-11-27,12:00,13:01,1h 2m,"$5,940",5940,USD,$,9,https://villiers.ai/empty-legs/klas-ksba-2026-11-27?id=ADHUHR,https://villiers.ai/empty-legs/klas-ksba-2026-11-27?id=ADHUHR,https://villiers.ai/empty-legs/klas-ksba-2026-11-27?id=ADHUHR,"Wed, 25 Mar 2026 13:10:39 GMT",2026-08-16T08:17:01+00:00
